solid Visualization Toolkit generated SLA File
 facet normal 0 0 -1
  outer loop
   vertex 35.083328247070312 17.875999450683594 13.649999618530273
   vertex 33.583328247070312 17.799999237060547 13.649999618530273
   vertex 33.583328247070312 17.875999450683594 13.649999618530273
  endloop
 endfacet
 facet normal 0 0 -1
  outer loop
   vertex 35.083328247070312 17.875999450683594 13.649999618530273
   vertex 35.083328247070312 17.799999237060547 13.649999618530273
   vertex 33.583328247070312 17.799999237060547 13.649999618530273
  endloop
 endfacet
 facet normal -1 0 0
  outer loop
   vertex 35.083328247070312 17.799999237060547 13.649999618530273
   vertex 35.083328247070312 17.875999450683594 12.449999809265137
   vertex 35.083328247070312 17.799999237060547 12.449999809265137
  endloop
 endfacet
 facet normal -1 -0 -0
  outer loop
   vertex 35.083328247070312 17.799999237060547 13.649999618530273
   vertex 35.083328247070312 17.875999450683594 13.649999618530273
   vertex 35.083328247070312 17.875999450683594 12.449999809265137
  endloop
 endfacet
 facet normal 1 0 0
  outer loop
   vertex 33.583328247070312 17.799999237060547 13.649999618530273
   vertex 33.583328247070312 17.799999237060547 12.449999809265137
   vertex 33.583328247070312 17.875999450683594 12.449999809265137
  endloop
 endfacet
 facet normal 1 0 -0
  outer loop
   vertex 33.583328247070312 17.799999237060547 13.649999618530273
   vertex 33.583328247070312 17.875999450683594 12.449999809265137
   vertex 33.583328247070312 17.875999450683594 13.649999618530273
  endloop
 endfacet
 facet normal -0 0 1
  outer loop
   vertex 35.083328247070312 17.875999450683594 12.449999809265137
   vertex 33.583328247070312 17.875999450683594 12.449999809265137
   vertex 33.583328247070312 17.799999237060547 12.449999809265137
  endloop
 endfacet
 facet normal 0 0 1
  outer loop
   vertex 35.083328247070312 17.875999450683594 12.449999809265137
   vertex 33.583328247070312 17.799999237060547 12.449999809265137
   vertex 35.083328247070312 17.799999237060547 12.449999809265137
  endloop
 endfacet
 facet normal 0 0 -1
  outer loop
   vertex 41.75 17.875999450683594 13.649999618530273
   vertex 40.25 17.799999237060547 13.649999618530273
   vertex 40.25 17.875999450683594 13.649999618530273
  endloop
 endfacet
 facet normal 0 0 -1
  outer loop
   vertex 41.75 17.875999450683594 13.649999618530273
   vertex 41.75 17.799999237060547 13.649999618530273
   vertex 40.25 17.799999237060547 13.649999618530273
  endloop
 endfacet
 facet normal -1 0 0
  outer loop
   vertex 41.75 17.799999237060547 13.649999618530273
   vertex 41.75 17.875999450683594 12.449999809265137
   vertex 41.75 17.799999237060547 12.449999809265137
  endloop
 endfacet
 facet normal -1 -0 -0
  outer loop
   vertex 41.75 17.799999237060547 13.649999618530273
   vertex 41.75 17.875999450683594 13.649999618530273
   vertex 41.75 17.875999450683594 12.449999809265137
  endloop
 endfacet
 facet normal 1 0 0
  outer loop
   vertex 40.25 17.799999237060547 13.649999618530273
   vertex 40.25 17.799999237060547 12.449999809265137
   vertex 40.25 17.875999450683594 12.449999809265137
  endloop
 endfacet
 facet normal 1 0 -0
  outer loop
   vertex 40.25 17.799999237060547 13.649999618530273
   vertex 40.25 17.875999450683594 12.449999809265137
   vertex 40.25 17.875999450683594 13.649999618530273
  endloop
 endfacet
 facet normal -0 0 1
  outer loop
   vertex 41.75 17.875999450683594 12.449999809265137
   vertex 40.25 17.875999450683594 12.449999809265137
   vertex 40.25 17.799999237060547 12.449999809265137
  endloop
 endfacet
 facet normal 0 0 1
  outer loop
   vertex 41.75 17.875999450683594 12.449999809265137
   vertex 40.25 17.799999237060547 12.449999809265137
   vertex 41.75 17.799999237060547 12.449999809265137
  endloop
 endfacet
 facet normal -0 0 1
  outer loop
   vertex 48.416671752929688 17.875999450683594 12.449999809265137
   vertex 46.916671752929688 17.875999450683594 12.449999809265137
   vertex 46.916671752929688 17.799999237060547 12.449999809265137
  endloop
 endfacet
 facet normal 0 0 1
  outer loop
   vertex 48.416671752929688 17.875999450683594 12.449999809265137
   vertex 46.916671752929688 17.799999237060547 12.449999809265137
   vertex 48.416671752929688 17.799999237060547 12.449999809265137
  endloop
 endfacet
 facet normal -1 0 0
  outer loop
   vertex 48.416671752929688 17.799999237060547 13.649999618530273
   vertex 48.416671752929688 17.875999450683594 12.449999809265137
   vertex 48.416671752929688 17.799999237060547 12.449999809265137
  endloop
 endfacet
 facet normal -1 -0 -0
  outer loop
   vertex 48.416671752929688 17.799999237060547 13.649999618530273
   vertex 48.416671752929688 17.875999450683594 13.649999618530273
   vertex 48.416671752929688 17.875999450683594 12.449999809265137
  endloop
 endfacet
 facet normal 1 0 0
  outer loop
   vertex 46.916671752929688 17.799999237060547 13.649999618530273
   vertex 46.916671752929688 17.799999237060547 12.449999809265137
   vertex 46.916671752929688 17.875999450683594 12.449999809265137
  endloop
 endfacet
 facet normal 1 0 -0
  outer loop
   vertex 46.916671752929688 17.799999237060547 13.649999618530273
   vertex 46.916671752929688 17.875999450683594 12.449999809265137
   vertex 46.916671752929688 17.875999450683594 13.649999618530273
  endloop
 endfacet
 facet normal 0 0 -1
  outer loop
   vertex 48.416671752929688 17.875999450683594 13.649999618530273
   vertex 46.916671752929688 17.799999237060547 13.649999618530273
   vertex 46.916671752929688 17.875999450683594 13.649999618530273
  endloop
 endfacet
 facet normal 0 0 -1
  outer loop
   vertex 48.416671752929688 17.875999450683594 13.649999618530273
   vertex 48.416671752929688 17.799999237060547 13.649999618530273
   vertex 46.916671752929688 17.799999237060547 13.649999618530273
  endloop
 endfacet
 facet normal 0 0 -1
  outer loop
   vertex 35.083328247070312 17.875999450683594 10.949999809265137
   vertex 33.583328247070312 17.799999237060547 10.949999809265137
   vertex 33.583328247070312 17.875999450683594 10.949999809265137
  endloop
 endfacet
 facet normal 0 0 -1
  outer loop
   vertex 35.083328247070312 17.875999450683594 10.949999809265137
   vertex 35.083328247070312 17.799999237060547 10.949999809265137
   vertex 33.583328247070312 17.799999237060547 10.949999809265137
  endloop
 endfacet
 facet normal -1 0 0
  outer loop
   vertex 35.083328247070312 17.799999237060547 10.949999809265137
   vertex 35.083328247070312 17.875999450683594 9.75
   vertex 35.083328247070312 17.799999237060547 9.75
  endloop
 endfacet
 facet normal -1 -0 -0
  outer loop
   vertex 35.083328247070312 17.799999237060547 10.949999809265137
   vertex 35.083328247070312 17.875999450683594 10.949999809265137
   vertex 35.083328247070312 17.875999450683594 9.75
  endloop
 endfacet
 facet normal 1 0 0
  outer loop
   vertex 33.583328247070312 17.799999237060547 10.949999809265137
   vertex 33.583328247070312 17.799999237060547 9.75
   vertex 33.583328247070312 17.875999450683594 9.75
  endloop
 endfacet
 facet normal 1 0 -0
  outer loop
   vertex 33.583328247070312 17.799999237060547 10.949999809265137
   vertex 33.583328247070312 17.875999450683594 9.75
   vertex 33.583328247070312 17.875999450683594 10.949999809265137
  endloop
 endfacet
 facet normal -0 0 1
  outer loop
   vertex 35.083328247070312 17.875999450683594 9.75
   vertex 33.583328247070312 17.875999450683594 9.75
   vertex 33.583328247070312 17.799999237060547 9.75
  endloop
 endfacet
 facet normal 0 0 1
  outer loop
   vertex 35.083328247070312 17.875999450683594 9.75
   vertex 33.583328247070312 17.799999237060547 9.75
   vertex 35.083328247070312 17.799999237060547 9.75
  endloop
 endfacet
 facet normal 0 0 -1
  outer loop
   vertex 41.75 17.875999450683594 10.949999809265137
   vertex 40.25 17.799999237060547 10.949999809265137
   vertex 40.25 17.875999450683594 10.949999809265137
  endloop
 endfacet
 facet normal 0 0 -1
  outer loop
   vertex 41.75 17.875999450683594 10.949999809265137
   vertex 41.75 17.799999237060547 10.949999809265137
   vertex 40.25 17.799999237060547 10.949999809265137
  endloop
 endfacet
 facet normal -1 0 0
  outer loop
   vertex 41.75 17.799999237060547 10.949999809265137
   vertex 41.75 17.875999450683594 9.75
   vertex 41.75 17.799999237060547 9.75
  endloop
 endfacet
 facet normal -1 -0 -0
  outer loop
   vertex 41.75 17.799999237060547 10.949999809265137
   vertex 41.75 17.875999450683594 10.949999809265137
   vertex 41.75 17.875999450683594 9.75
  endloop
 endfacet
 facet normal 1 0 0
  outer loop
   vertex 40.25 17.799999237060547 10.949999809265137
   vertex 40.25 17.799999237060547 9.75
   vertex 40.25 17.875999450683594 9.75
  endloop
 endfacet
 facet normal 1 0 -0
  outer loop
   vertex 40.25 17.799999237060547 10.949999809265137
   vertex 40.25 17.875999450683594 9.75
   vertex 40.25 17.875999450683594 10.949999809265137
  endloop
 endfacet
 facet normal -0 0 1
  outer loop
   vertex 41.75 17.875999450683594 9.75
   vertex 40.25 17.875999450683594 9.75
   vertex 40.25 17.799999237060547 9.75
  endloop
 endfacet
 facet normal 0 0 1
  outer loop
   vertex 41.75 17.875999450683594 9.75
   vertex 40.25 17.799999237060547 9.75
   vertex 41.75 17.799999237060547 9.75
  endloop
 endfacet
 facet normal -0 0 1
  outer loop
   vertex 48.416671752929688 17.875999450683594 9.75
   vertex 46.916671752929688 17.875999450683594 9.75
   vertex 46.916671752929688 17.799999237060547 9.75
  endloop
 endfacet
 facet normal 0 0 1
  outer loop
   vertex 48.416671752929688 17.875999450683594 9.75
   vertex 46.916671752929688 17.799999237060547 9.75
   vertex 48.416671752929688 17.799999237060547 9.75
  endloop
 endfacet
 facet normal -1 0 0
  outer loop
   vertex 48.416671752929688 17.799999237060547 10.949999809265137
   vertex 48.416671752929688 17.875999450683594 9.75
   vertex 48.416671752929688 17.799999237060547 9.75
  endloop
 endfacet
 facet normal -1 -0 -0
  outer loop
   vertex 48.416671752929688 17.799999237060547 10.949999809265137
   vertex 48.416671752929688 17.875999450683594 10.949999809265137
   vertex 48.416671752929688 17.875999450683594 9.75
  endloop
 endfacet
 facet normal 1 0 0
  outer loop
   vertex 46.916671752929688 17.799999237060547 10.949999809265137
   vertex 46.916671752929688 17.799999237060547 9.75
   vertex 46.916671752929688 17.875999450683594 9.75
  endloop
 endfacet
 facet normal 1 0 -0
  outer loop
   vertex 46.916671752929688 17.799999237060547 10.949999809265137
   vertex 46.916671752929688 17.875999450683594 9.75
   vertex 46.916671752929688 17.875999450683594 10.949999809265137
  endloop
 endfacet
 facet normal 0 0 -1
  outer loop
   vertex 48.416671752929688 17.875999450683594 10.949999809265137
   vertex 46.916671752929688 17.799999237060547 10.949999809265137
   vertex 46.916671752929688 17.875999450683594 10.949999809265137
  endloop
 endfacet
 facet normal 0 0 -1
  outer loop
   vertex 48.416671752929688 17.875999450683594 10.949999809265137
   vertex 48.416671752929688 17.799999237060547 10.949999809265137
   vertex 46.916671752929688 17.799999237060547 10.949999809265137
  endloop
 endfacet
 facet normal 0 0 -1
  outer loop
   vertex 35.083328247070312 17.875999450683594 8.25
   vertex 33.583328247070312 17.799999237060547 8.25
   vertex 33.583328247070312 17.875999450683594 8.25
  endloop
 endfacet
 facet normal 0 0 -1
  outer loop
   vertex 35.083328247070312 17.875999450683594 8.25
   vertex 35.083328247070312 17.799999237060547 8.25
   vertex 33.583328247070312 17.799999237060547 8.25
  endloop
 endfacet
 facet normal -1 0 0
  outer loop
   vertex 35.083328247070312 17.799999237060547 8.25
   vertex 35.083328247070312 17.875999450683594 7.0500001907348633
   vertex 35.083328247070312 17.799999237060547 7.0500001907348633
  endloop
 endfacet
 facet normal -1 -0 -0
  outer loop
   vertex 35.083328247070312 17.799999237060547 8.25
   vertex 35.083328247070312 17.875999450683594 8.25
   vertex 35.083328247070312 17.875999450683594 7.0500001907348633
  endloop
 endfacet
 facet normal 1 0 0
  outer loop
   vertex 33.583328247070312 17.799999237060547 8.25
   vertex 33.583328247070312 17.799999237060547 7.0500001907348633
   vertex 33.583328247070312 17.875999450683594 7.0500001907348633
  endloop
 endfacet
 facet normal 1 0 -0
  outer loop
   vertex 33.583328247070312 17.799999237060547 8.25
   vertex 33.583328247070312 17.875999450683594 7.0500001907348633
   vertex 33.583328247070312 17.875999450683594 8.25
  endloop
 endfacet
 facet normal -0 0 1
  outer loop
   vertex 35.083328247070312 17.875999450683594 7.0500001907348633
   vertex 33.583328247070312 17.875999450683594 7.0500001907348633
   vertex 33.583328247070312 17.799999237060547 7.0500001907348633
  endloop
 endfacet
 facet normal 0 0 1
  outer loop
   vertex 35.083328247070312 17.875999450683594 7.0500001907348633
   vertex 33.583328247070312 17.799999237060547 7.0500001907348633
   vertex 35.083328247070312 17.799999237060547 7.0500001907348633
  endloop
 endfacet
 facet normal 0 0 -1
  outer loop
   vertex 41.75 17.875999450683594 8.25
   vertex 40.25 17.799999237060547 8.25
   vertex 40.25 17.875999450683594 8.25
  endloop
 endfacet
 facet normal 0 0 -1
  outer loop
   vertex 41.75 17.875999450683594 8.25
   vertex 41.75 17.799999237060547 8.25
   vertex 40.25 17.799999237060547 8.25
  endloop
 endfacet
 facet normal -1 0 0
  outer loop
   vertex 41.75 17.799999237060547 8.25
   vertex 41.75 17.875999450683594 7.0500001907348633
   vertex 41.75 17.799999237060547 7.0500001907348633
  endloop
 endfacet
 facet normal -1 -0 -0
  outer loop
   vertex 41.75 17.799999237060547 8.25
   vertex 41.75 17.875999450683594 8.25
   vertex 41.75 17.875999450683594 7.0500001907348633
  endloop
 endfacet
 facet normal 1 0 0
  outer loop
   vertex 40.25 17.799999237060547 8.25
   vertex 40.25 17.799999237060547 7.0500001907348633
   vertex 40.25 17.875999450683594 7.0500001907348633
  endloop
 endfacet
 facet normal 1 0 -0
  outer loop
   vertex 40.25 17.799999237060547 8.25
   vertex 40.25 17.875999450683594 7.0500001907348633
   vertex 40.25 17.875999450683594 8.25
  endloop
 endfacet
 facet normal -0 0 1
  outer loop
   vertex 41.75 17.875999450683594 7.0500001907348633
   vertex 40.25 17.875999450683594 7.0500001907348633
   vertex 40.25 17.799999237060547 7.0500001907348633
  endloop
 endfacet
 facet normal 0 0 1
  outer loop
   vertex 41.75 17.875999450683594 7.0500001907348633
   vertex 40.25 17.799999237060547 7.0500001907348633
   vertex 41.75 17.799999237060547 7.0500001907348633
  endloop
 endfacet
 facet normal -0 0 1
  outer loop
   vertex 48.416671752929688 17.875999450683594 7.0500001907348633
   vertex 46.916671752929688 17.875999450683594 7.0500001907348633
   vertex 46.916671752929688 17.799999237060547 7.0500001907348633
  endloop
 endfacet
 facet normal 0 0 1
  outer loop
   vertex 48.416671752929688 17.875999450683594 7.0500001907348633
   vertex 46.916671752929688 17.799999237060547 7.0500001907348633
   vertex 48.416671752929688 17.799999237060547 7.0500001907348633
  endloop
 endfacet
 facet normal -1 0 0
  outer loop
   vertex 48.416671752929688 17.799999237060547 8.25
   vertex 48.416671752929688 17.875999450683594 7.0500001907348633
   vertex 48.416671752929688 17.799999237060547 7.0500001907348633
  endloop
 endfacet
 facet normal -1 -0 -0
  outer loop
   vertex 48.416671752929688 17.799999237060547 8.25
   vertex 48.416671752929688 17.875999450683594 8.25
   vertex 48.416671752929688 17.875999450683594 7.0500001907348633
  endloop
 endfacet
 facet normal 1 0 0
  outer loop
   vertex 46.916671752929688 17.799999237060547 8.25
   vertex 46.916671752929688 17.799999237060547 7.0500001907348633
   vertex 46.916671752929688 17.875999450683594 7.0500001907348633
  endloop
 endfacet
 facet normal 1 0 -0
  outer loop
   vertex 46.916671752929688 17.799999237060547 8.25
   vertex 46.916671752929688 17.875999450683594 7.0500001907348633
   vertex 46.916671752929688 17.875999450683594 8.25
  endloop
 endfacet
 facet normal 0 0 -1
  outer loop
   vertex 48.416671752929688 17.875999450683594 8.25
   vertex 46.916671752929688 17.799999237060547 8.25
   vertex 46.916671752929688 17.875999450683594 8.25
  endloop
 endfacet
 facet normal 0 0 -1
  outer loop
   vertex 48.416671752929688 17.875999450683594 8.25
   vertex 48.416671752929688 17.799999237060547 8.25
   vertex 46.916671752929688 17.799999237060547 8.25
  endloop
 endfacet
 facet normal 0 0 -1
  outer loop
   vertex 35.083328247070312 17.875999450683594 5.5500001907348633
   vertex 33.583328247070312 17.799999237060547 5.5500001907348633
   vertex 33.583328247070312 17.875999450683594 5.5500001907348633
  endloop
 endfacet
 facet normal 0 0 -1
  outer loop
   vertex 35.083328247070312 17.875999450683594 5.5500001907348633
   vertex 35.083328247070312 17.799999237060547 5.5500001907348633
   vertex 33.583328247070312 17.799999237060547 5.5500001907348633
  endloop
 endfacet
 facet normal -1 0 0
  outer loop
   vertex 35.083328247070312 17.799999237060547 5.5500001907348633
   vertex 35.083328247070312 17.875999450683594 4.3499999046325684
   vertex 35.083328247070312 17.799999237060547 4.3499999046325684
  endloop
 endfacet
 facet normal -1 -0 -0
  outer loop
   vertex 35.083328247070312 17.799999237060547 5.5500001907348633
   vertex 35.083328247070312 17.875999450683594 5.5500001907348633
   vertex 35.083328247070312 17.875999450683594 4.3499999046325684
  endloop
 endfacet
 facet normal 1 0 0
  outer loop
   vertex 33.583328247070312 17.799999237060547 5.5500001907348633
   vertex 33.583328247070312 17.799999237060547 4.3499999046325684
   vertex 33.583328247070312 17.875999450683594 4.3499999046325684
  endloop
 endfacet
 facet normal 1 0 -0
  outer loop
   vertex 33.583328247070312 17.799999237060547 5.5500001907348633
   vertex 33.583328247070312 17.875999450683594 4.3499999046325684
   vertex 33.583328247070312 17.875999450683594 5.5500001907348633
  endloop
 endfacet
 facet normal -0 0 1
  outer loop
   vertex 35.083328247070312 17.875999450683594 4.3499999046325684
   vertex 33.583328247070312 17.875999450683594 4.3499999046325684
   vertex 33.583328247070312 17.799999237060547 4.3499999046325684
  endloop
 endfacet
 facet normal 0 0 1
  outer loop
   vertex 35.083328247070312 17.875999450683594 4.3499999046325684
   vertex 33.583328247070312 17.799999237060547 4.3499999046325684
   vertex 35.083328247070312 17.799999237060547 4.3499999046325684
  endloop
 endfacet
 facet normal 0 0 -1
  outer loop
   vertex 41.75 17.875999450683594 5.5500001907348633
   vertex 40.25 17.799999237060547 5.5500001907348633
   vertex 40.25 17.875999450683594 5.5500001907348633
  endloop
 endfacet
 facet normal 0 0 -1
  outer loop
   vertex 41.75 17.875999450683594 5.5500001907348633
   vertex 41.75 17.799999237060547 5.5500001907348633
   vertex 40.25 17.799999237060547 5.5500001907348633
  endloop
 endfacet
 facet normal -1 0 0
  outer loop
   vertex 41.75 17.799999237060547 5.5500001907348633
   vertex 41.75 17.875999450683594 4.3499999046325684
   vertex 41.75 17.799999237060547 4.3499999046325684
  endloop
 endfacet
 facet normal -1 -0 -0
  outer loop
   vertex 41.75 17.799999237060547 5.5500001907348633
   vertex 41.75 17.875999450683594 5.5500001907348633
   vertex 41.75 17.875999450683594 4.3499999046325684
  endloop
 endfacet
 facet normal 1 0 0
  outer loop
   vertex 40.25 17.799999237060547 5.5500001907348633
   vertex 40.25 17.799999237060547 4.3499999046325684
   vertex 40.25 17.875999450683594 4.3499999046325684
  endloop
 endfacet
 facet normal 1 0 -0
  outer loop
   vertex 40.25 17.799999237060547 5.5500001907348633
   vertex 40.25 17.875999450683594 4.3499999046325684
   vertex 40.25 17.875999450683594 5.5500001907348633
  endloop
 endfacet
 facet normal -0 0 1
  outer loop
   vertex 41.75 17.875999450683594 4.3499999046325684
   vertex 40.25 17.875999450683594 4.3499999046325684
   vertex 40.25 17.799999237060547 4.3499999046325684
  endloop
 endfacet
 facet normal 0 0 1
  outer loop
   vertex 41.75 17.875999450683594 4.3499999046325684
   vertex 40.25 17.799999237060547 4.3499999046325684
   vertex 41.75 17.799999237060547 4.3499999046325684
  endloop
 endfacet
 facet normal -0 0 1
  outer loop
   vertex 48.416671752929688 17.875999450683594 4.3499999046325684
   vertex 46.916671752929688 17.875999450683594 4.3499999046325684
   vertex 46.916671752929688 17.799999237060547 4.3499999046325684
  endloop
 endfacet
 facet normal 0 0 1
  outer loop
   vertex 48.416671752929688 17.875999450683594 4.3499999046325684
   vertex 46.916671752929688 17.799999237060547 4.3499999046325684
   vertex 48.416671752929688 17.799999237060547 4.3499999046325684
  endloop
 endfacet
 facet normal -1 0 0
  outer loop
   vertex 48.416671752929688 17.799999237060547 5.5500001907348633
   vertex 48.416671752929688 17.875999450683594 4.3499999046325684
   vertex 48.416671752929688 17.799999237060547 4.3499999046325684
  endloop
 endfacet
 facet normal -1 -0 -0
  outer loop
   vertex 48.416671752929688 17.799999237060547 5.5500001907348633
   vertex 48.416671752929688 17.875999450683594 5.5500001907348633
   vertex 48.416671752929688 17.875999450683594 4.3499999046325684
  endloop
 endfacet
 facet normal 1 0 0
  outer loop
   vertex 46.916671752929688 17.799999237060547 5.5500001907348633
   vertex 46.916671752929688 17.799999237060547 4.3499999046325684
   vertex 46.916671752929688 17.875999450683594 4.3499999046325684
  endloop
 endfacet
 facet normal 1 0 -0
  outer loop
   vertex 46.916671752929688 17.799999237060547 5.5500001907348633
   vertex 46.916671752929688 17.875999450683594 4.3499999046325684
   vertex 46.916671752929688 17.875999450683594 5.5500001907348633
  endloop
 endfacet
 facet normal 0 0 -1
  outer loop
   vertex 48.416671752929688 17.875999450683594 5.5500001907348633
   vertex 46.916671752929688 17.799999237060547 5.5500001907348633
   vertex 46.916671752929688 17.875999450683594 5.5500001907348633
  endloop
 endfacet
 facet normal 0 0 -1
  outer loop
   vertex 48.416671752929688 17.875999450683594 5.5500001907348633
   vertex 48.416671752929688 17.799999237060547 5.5500001907348633
   vertex 46.916671752929688 17.799999237060547 5.5500001907348633
  endloop
 endfacet
 facet normal 0 0 -1
  outer loop
   vertex 35.083328247070312 17.875999450683594 2.8499999046325684
   vertex 33.583328247070312 17.799999237060547 2.8499999046325684
   vertex 33.583328247070312 17.875999450683594 2.8499999046325684
  endloop
 endfacet
 facet normal 0 0 -1
  outer loop
   vertex 35.083328247070312 17.875999450683594 2.8499999046325684
   vertex 35.083328247070312 17.799999237060547 2.8499999046325684
   vertex 33.583328247070312 17.799999237060547 2.8499999046325684
  endloop
 endfacet
 facet normal -1 0 0
  outer loop
   vertex 35.083328247070312 17.799999237060547 2.8499999046325684
   vertex 35.083328247070312 17.875999450683594 1.6499999761581421
   vertex 35.083328247070312 17.799999237060547 1.6499999761581421
  endloop
 endfacet
 facet normal -1 -0 -0
  outer loop
   vertex 35.083328247070312 17.799999237060547 2.8499999046325684
   vertex 35.083328247070312 17.875999450683594 2.8499999046325684
   vertex 35.083328247070312 17.875999450683594 1.6499999761581421
  endloop
 endfacet
 facet normal 1 0 0
  outer loop
   vertex 33.583328247070312 17.799999237060547 2.8499999046325684
   vertex 33.583328247070312 17.799999237060547 1.6499999761581421
   vertex 33.583328247070312 17.875999450683594 1.6499999761581421
  endloop
 endfacet
 facet normal 1 0 -0
  outer loop
   vertex 33.583328247070312 17.799999237060547 2.8499999046325684
   vertex 33.583328247070312 17.875999450683594 1.6499999761581421
   vertex 33.583328247070312 17.875999450683594 2.8499999046325684
  endloop
 endfacet
 facet normal -0 0 1
  outer loop
   vertex 35.083328247070312 17.875999450683594 1.6499999761581421
   vertex 33.583328247070312 17.875999450683594 1.6499999761581421
   vertex 33.583328247070312 17.799999237060547 1.6499999761581421
  endloop
 endfacet
 facet normal 0 0 1
  outer loop
   vertex 35.083328247070312 17.875999450683594 1.6499999761581421
   vertex 33.583328247070312 17.799999237060547 1.6499999761581421
   vertex 35.083328247070312 17.799999237060547 1.6499999761581421
  endloop
 endfacet
 facet normal 0 0 -1
  outer loop
   vertex 41.75 17.875999450683594 2.8499999046325684
   vertex 40.25 17.799999237060547 2.8499999046325684
   vertex 40.25 17.875999450683594 2.8499999046325684
  endloop
 endfacet
 facet normal 0 0 -1
  outer loop
   vertex 41.75 17.875999450683594 2.8499999046325684
   vertex 41.75 17.799999237060547 2.8499999046325684
   vertex 40.25 17.799999237060547 2.8499999046325684
  endloop
 endfacet
 facet normal -1 0 0
  outer loop
   vertex 41.75 17.799999237060547 2.8499999046325684
   vertex 41.75 17.875999450683594 1.6499999761581421
   vertex 41.75 17.799999237060547 1.6499999761581421
  endloop
 endfacet
 facet normal -1 -0 -0
  outer loop
   vertex 41.75 17.799999237060547 2.8499999046325684
   vertex 41.75 17.875999450683594 2.8499999046325684
   vertex 41.75 17.875999450683594 1.6499999761581421
  endloop
 endfacet
 facet normal 1 0 0
  outer loop
   vertex 40.25 17.799999237060547 2.8499999046325684
   vertex 40.25 17.799999237060547 1.6499999761581421
   vertex 40.25 17.875999450683594 1.6499999761581421
  endloop
 endfacet
 facet normal 1 0 -0
  outer loop
   vertex 40.25 17.799999237060547 2.8499999046325684
   vertex 40.25 17.875999450683594 1.6499999761581421
   vertex 40.25 17.875999450683594 2.8499999046325684
  endloop
 endfacet
 facet normal -0 0 1
  outer loop
   vertex 41.75 17.875999450683594 1.6499999761581421
   vertex 40.25 17.875999450683594 1.6499999761581421
   vertex 40.25 17.799999237060547 1.6499999761581421
  endloop
 endfacet
 facet normal 0 0 1
  outer loop
   vertex 41.75 17.875999450683594 1.6499999761581421
   vertex 40.25 17.799999237060547 1.6499999761581421
   vertex 41.75 17.799999237060547 1.6499999761581421
  endloop
 endfacet
 facet normal -0 0 1
  outer loop
   vertex 48.416671752929688 17.875999450683594 1.6499999761581421
   vertex 46.916671752929688 17.875999450683594 1.6499999761581421
   vertex 46.916671752929688 17.799999237060547 1.6499999761581421
  endloop
 endfacet
 facet normal 0 0 1
  outer loop
   vertex 48.416671752929688 17.875999450683594 1.6499999761581421
   vertex 46.916671752929688 17.799999237060547 1.6499999761581421
   vertex 48.416671752929688 17.799999237060547 1.6499999761581421
  endloop
 endfacet
 facet normal -1 0 0
  outer loop
   vertex 48.416671752929688 17.799999237060547 2.8499999046325684
   vertex 48.416671752929688 17.875999450683594 1.6499999761581421
   vertex 48.416671752929688 17.799999237060547 1.6499999761581421
  endloop
 endfacet
 facet normal -1 -0 -0
  outer loop
   vertex 48.416671752929688 17.799999237060547 2.8499999046325684
   vertex 48.416671752929688 17.875999450683594 2.8499999046325684
   vertex 48.416671752929688 17.875999450683594 1.6499999761581421
  endloop
 endfacet
 facet normal 1 0 0
  outer loop
   vertex 46.916671752929688 17.799999237060547 2.8499999046325684
   vertex 46.916671752929688 17.799999237060547 1.6499999761581421
   vertex 46.916671752929688 17.875999450683594 1.6499999761581421
  endloop
 endfacet
 facet normal 1 0 -0
  outer loop
   vertex 46.916671752929688 17.799999237060547 2.8499999046325684
   vertex 46.916671752929688 17.875999450683594 1.6499999761581421
   vertex 46.916671752929688 17.875999450683594 2.8499999046325684
  endloop
 endfacet
 facet normal 0 0 -1
  outer loop
   vertex 48.416671752929688 17.875999450683594 2.8499999046325684
   vertex 46.916671752929688 17.799999237060547 2.8499999046325684
   vertex 46.916671752929688 17.875999450683594 2.8499999046325684
  endloop
 endfacet
 facet normal 0 0 -1
  outer loop
   vertex 48.416671752929688 17.875999450683594 2.8499999046325684
   vertex 48.416671752929688 17.799999237060547 2.8499999046325684
   vertex 46.916671752929688 17.799999237060547 2.8499999046325684
  endloop
 endfacet
 facet normal 0 0 -1
  outer loop
   vertex 35.083328247070312 3.2000000476837158 2.8499999046325684
   vertex 33.583328247070312 3.124000072479248 2.8499999046325684
   vertex 33.583328247070312 3.2000000476837158 2.8499999046325684
  endloop
 endfacet
 facet normal 0 0 -1
  outer loop
   vertex 35.083328247070312 3.2000000476837158 2.8499999046325684
   vertex 35.083328247070312 3.124000072479248 2.8499999046325684
   vertex 33.583328247070312 3.124000072479248 2.8499999046325684
  endloop
 endfacet
 facet normal -1 0 0
  outer loop
   vertex 35.083328247070312 3.124000072479248 2.8499999046325684
   vertex 35.083328247070312 3.2000000476837158 1.6499999761581421
   vertex 35.083328247070312 3.124000072479248 1.6499999761581421
  endloop
 endfacet
 facet normal -1 -0 -0
  outer loop
   vertex 35.083328247070312 3.124000072479248 2.8499999046325684
   vertex 35.083328247070312 3.2000000476837158 2.8499999046325684
   vertex 35.083328247070312 3.2000000476837158 1.6499999761581421
  endloop
 endfacet
 facet normal 1 0 0
  outer loop
   vertex 33.583328247070312 3.124000072479248 2.8499999046325684
   vertex 33.583328247070312 3.124000072479248 1.6499999761581421
   vertex 33.583328247070312 3.2000000476837158 1.6499999761581421
  endloop
 endfacet
 facet normal 1 0 -0
  outer loop
   vertex 33.583328247070312 3.124000072479248 2.8499999046325684
   vertex 33.583328247070312 3.2000000476837158 1.6499999761581421
   vertex 33.583328247070312 3.2000000476837158 2.8499999046325684
  endloop
 endfacet
 facet normal -0 0 1
  outer loop
   vertex 35.083328247070312 3.2000000476837158 1.6499999761581421
   vertex 33.583328247070312 3.2000000476837158 1.6499999761581421
   vertex 33.583328247070312 3.124000072479248 1.6499999761581421
  endloop
 endfacet
 facet normal 0 0 1
  outer loop
   vertex 35.083328247070312 3.2000000476837158 1.6499999761581421
   vertex 33.583328247070312 3.124000072479248 1.6499999761581421
   vertex 35.083328247070312 3.124000072479248 1.6499999761581421
  endloop
 endfacet
 facet normal 0 0 -1
  outer loop
   vertex 41.75 3.2000000476837158 2.8499999046325684
   vertex 40.25 3.124000072479248 2.8499999046325684
   vertex 40.25 3.2000000476837158 2.8499999046325684
  endloop
 endfacet
 facet normal 0 0 -1
  outer loop
   vertex 41.75 3.2000000476837158 2.8499999046325684
   vertex 41.75 3.124000072479248 2.8499999046325684
   vertex 40.25 3.124000072479248 2.8499999046325684
  endloop
 endfacet
 facet normal -1 0 0
  outer loop
   vertex 41.75 3.124000072479248 2.8499999046325684
   vertex 41.75 3.2000000476837158 1.6499999761581421
   vertex 41.75 3.124000072479248 1.6499999761581421
  endloop
 endfacet
 facet normal -1 -0 -0
  outer loop
   vertex 41.75 3.124000072479248 2.8499999046325684
   vertex 41.75 3.2000000476837158 2.8499999046325684
   vertex 41.75 3.2000000476837158 1.6499999761581421
  endloop
 endfacet
 facet normal 1 0 0
  outer loop
   vertex 40.25 3.124000072479248 2.8499999046325684
   vertex 40.25 3.124000072479248 1.6499999761581421
   vertex 40.25 3.2000000476837158 1.6499999761581421
  endloop
 endfacet
 facet normal 1 0 -0
  outer loop
   vertex 40.25 3.124000072479248 2.8499999046325684
   vertex 40.25 3.2000000476837158 1.6499999761581421
   vertex 40.25 3.2000000476837158 2.8499999046325684
  endloop
 endfacet
 facet normal -0 0 1
  outer loop
   vertex 41.75 3.2000000476837158 1.6499999761581421
   vertex 40.25 3.2000000476837158 1.6499999761581421
   vertex 40.25 3.124000072479248 1.6499999761581421
  endloop
 endfacet
 facet normal 0 0 1
  outer loop
   vertex 41.75 3.2000000476837158 1.6499999761581421
   vertex 40.25 3.124000072479248 1.6499999761581421
   vertex 41.75 3.124000072479248 1.6499999761581421
  endloop
 endfacet
 facet normal -0 0 1
  outer loop
   vertex 48.416671752929688 3.2000000476837158 1.6499999761581421
   vertex 46.916671752929688 3.2000000476837158 1.6499999761581421
   vertex 46.916671752929688 3.124000072479248 1.6499999761581421
  endloop
 endfacet
 facet normal 0 0 1
  outer loop
   vertex 48.416671752929688 3.2000000476837158 1.6499999761581421
   vertex 46.916671752929688 3.124000072479248 1.6499999761581421
   vertex 48.416671752929688 3.124000072479248 1.6499999761581421
  endloop
 endfacet
 facet normal -1 0 0
  outer loop
   vertex 48.416671752929688 3.124000072479248 2.8499999046325684
   vertex 48.416671752929688 3.2000000476837158 1.6499999761581421
   vertex 48.416671752929688 3.124000072479248 1.6499999761581421
  endloop
 endfacet
 facet normal -1 -0 -0
  outer loop
   vertex 48.416671752929688 3.124000072479248 2.8499999046325684
   vertex 48.416671752929688 3.2000000476837158 2.8499999046325684
   vertex 48.416671752929688 3.2000000476837158 1.6499999761581421
  endloop
 endfacet
 facet normal 1 0 0
  outer loop
   vertex 46.916671752929688 3.124000072479248 2.8499999046325684
   vertex 46.916671752929688 3.124000072479248 1.6499999761581421
   vertex 46.916671752929688 3.2000000476837158 1.6499999761581421
  endloop
 endfacet
 facet normal 1 0 -0
  outer loop
   vertex 46.916671752929688 3.124000072479248 2.8499999046325684
   vertex 46.916671752929688 3.2000000476837158 1.6499999761581421
   vertex 46.916671752929688 3.2000000476837158 2.8499999046325684
  endloop
 endfacet
 facet normal 0 0 -1
  outer loop
   vertex 48.416671752929688 3.2000000476837158 2.8499999046325684
   vertex 46.916671752929688 3.124000072479248 2.8499999046325684
   vertex 46.916671752929688 3.2000000476837158 2.8499999046325684
  endloop
 endfacet
 facet normal 0 0 -1
  outer loop
   vertex 48.416671752929688 3.2000000476837158 2.8499999046325684
   vertex 48.416671752929688 3.124000072479248 2.8499999046325684
   vertex 46.916671752929688 3.124000072479248 2.8499999046325684
  endloop
 endfacet
 facet normal 0 0 -1
  outer loop
   vertex 35.083328247070312 3.2000000476837158 5.5500001907348633
   vertex 33.583328247070312 3.124000072479248 5.5500001907348633
   vertex 33.583328247070312 3.2000000476837158 5.5500001907348633
  endloop
 endfacet
 facet normal 0 0 -1
  outer loop
   vertex 35.083328247070312 3.2000000476837158 5.5500001907348633
   vertex 35.083328247070312 3.124000072479248 5.5500001907348633
   vertex 33.583328247070312 3.124000072479248 5.5500001907348633
  endloop
 endfacet
 facet normal -1 0 0
  outer loop
   vertex 35.083328247070312 3.124000072479248 5.5500001907348633
   vertex 35.083328247070312 3.2000000476837158 4.3499999046325684
   vertex 35.083328247070312 3.124000072479248 4.3499999046325684
  endloop
 endfacet
 facet normal -1 -0 -0
  outer loop
   vertex 35.083328247070312 3.124000072479248 5.5500001907348633
   vertex 35.083328247070312 3.2000000476837158 5.5500001907348633
   vertex 35.083328247070312 3.2000000476837158 4.3499999046325684
  endloop
 endfacet
 facet normal 1 0 0
  outer loop
   vertex 33.583328247070312 3.124000072479248 5.5500001907348633
   vertex 33.583328247070312 3.124000072479248 4.3499999046325684
   vertex 33.583328247070312 3.2000000476837158 4.3499999046325684
  endloop
 endfacet
 facet normal 1 0 -0
  outer loop
   vertex 33.583328247070312 3.124000072479248 5.5500001907348633
   vertex 33.583328247070312 3.2000000476837158 4.3499999046325684
   vertex 33.583328247070312 3.2000000476837158 5.5500001907348633
  endloop
 endfacet
 facet normal -0 0 1
  outer loop
   vertex 35.083328247070312 3.2000000476837158 4.3499999046325684
   vertex 33.583328247070312 3.2000000476837158 4.3499999046325684
   vertex 33.583328247070312 3.124000072479248 4.3499999046325684
  endloop
 endfacet
 facet normal 0 0 1
  outer loop
   vertex 35.083328247070312 3.2000000476837158 4.3499999046325684
   vertex 33.583328247070312 3.124000072479248 4.3499999046325684
   vertex 35.083328247070312 3.124000072479248 4.3499999046325684
  endloop
 endfacet
 facet normal 0 0 -1
  outer loop
   vertex 41.75 3.2000000476837158 5.5500001907348633
   vertex 40.25 3.124000072479248 5.5500001907348633
   vertex 40.25 3.2000000476837158 5.5500001907348633
  endloop
 endfacet
 facet normal 0 0 -1
  outer loop
   vertex 41.75 3.2000000476837158 5.5500001907348633
   vertex 41.75 3.124000072479248 5.5500001907348633
   vertex 40.25 3.124000072479248 5.5500001907348633
  endloop
 endfacet
 facet normal -1 0 0
  outer loop
   vertex 41.75 3.124000072479248 5.5500001907348633
   vertex 41.75 3.2000000476837158 4.3499999046325684
   vertex 41.75 3.124000072479248 4.3499999046325684
  endloop
 endfacet
 facet normal -1 -0 -0
  outer loop
   vertex 41.75 3.124000072479248 5.5500001907348633
   vertex 41.75 3.2000000476837158 5.5500001907348633
   vertex 41.75 3.2000000476837158 4.3499999046325684
  endloop
 endfacet
 facet normal 1 0 0
  outer loop
   vertex 40.25 3.124000072479248 5.5500001907348633
   vertex 40.25 3.124000072479248 4.3499999046325684
   vertex 40.25 3.2000000476837158 4.3499999046325684
  endloop
 endfacet
 facet normal 1 0 -0
  outer loop
   vertex 40.25 3.124000072479248 5.5500001907348633
   vertex 40.25 3.2000000476837158 4.3499999046325684
   vertex 40.25 3.2000000476837158 5.5500001907348633
  endloop
 endfacet
 facet normal -0 0 1
  outer loop
   vertex 41.75 3.2000000476837158 4.3499999046325684
   vertex 40.25 3.2000000476837158 4.3499999046325684
   vertex 40.25 3.124000072479248 4.3499999046325684
  endloop
 endfacet
 facet normal 0 0 1
  outer loop
   vertex 41.75 3.2000000476837158 4.3499999046325684
   vertex 40.25 3.124000072479248 4.3499999046325684
   vertex 41.75 3.124000072479248 4.3499999046325684
  endloop
 endfacet
 facet normal -0 0 1
  outer loop
   vertex 48.416671752929688 3.2000000476837158 4.3499999046325684
   vertex 46.916671752929688 3.2000000476837158 4.3499999046325684
   vertex 46.916671752929688 3.124000072479248 4.3499999046325684
  endloop
 endfacet
 facet normal 0 0 1
  outer loop
   vertex 48.416671752929688 3.2000000476837158 4.3499999046325684
   vertex 46.916671752929688 3.124000072479248 4.3499999046325684
   vertex 48.416671752929688 3.124000072479248 4.3499999046325684
  endloop
 endfacet
 facet normal -1 0 0
  outer loop
   vertex 48.416671752929688 3.124000072479248 5.5500001907348633
   vertex 48.416671752929688 3.2000000476837158 4.3499999046325684
   vertex 48.416671752929688 3.124000072479248 4.3499999046325684
  endloop
 endfacet
 facet normal -1 -0 -0
  outer loop
   vertex 48.416671752929688 3.124000072479248 5.5500001907348633
   vertex 48.416671752929688 3.2000000476837158 5.5500001907348633
   vertex 48.416671752929688 3.2000000476837158 4.3499999046325684
  endloop
 endfacet
 facet normal 1 0 0
  outer loop
   vertex 46.916671752929688 3.124000072479248 5.5500001907348633
   vertex 46.916671752929688 3.124000072479248 4.3499999046325684
   vertex 46.916671752929688 3.2000000476837158 4.3499999046325684
  endloop
 endfacet
 facet normal 1 0 -0
  outer loop
   vertex 46.916671752929688 3.124000072479248 5.5500001907348633
   vertex 46.916671752929688 3.2000000476837158 4.3499999046325684
   vertex 46.916671752929688 3.2000000476837158 5.5500001907348633
  endloop
 endfacet
 facet normal 0 0 -1
  outer loop
   vertex 48.416671752929688 3.2000000476837158 5.5500001907348633
   vertex 46.916671752929688 3.124000072479248 5.5500001907348633
   vertex 46.916671752929688 3.2000000476837158 5.5500001907348633
  endloop
 endfacet
 facet normal 0 0 -1
  outer loop
   vertex 48.416671752929688 3.2000000476837158 5.5500001907348633
   vertex 48.416671752929688 3.124000072479248 5.5500001907348633
   vertex 46.916671752929688 3.124000072479248 5.5500001907348633
  endloop
 endfacet
 facet normal 0 0 -1
  outer loop
   vertex 35.083328247070312 3.2000000476837158 8.25
   vertex 33.583328247070312 3.124000072479248 8.25
   vertex 33.583328247070312 3.2000000476837158 8.25
  endloop
 endfacet
 facet normal 0 0 -1
  outer loop
   vertex 35.083328247070312 3.2000000476837158 8.25
   vertex 35.083328247070312 3.124000072479248 8.25
   vertex 33.583328247070312 3.124000072479248 8.25
  endloop
 endfacet
 facet normal -1 0 0
  outer loop
   vertex 35.083328247070312 3.124000072479248 8.25
   vertex 35.083328247070312 3.2000000476837158 7.0500001907348633
   vertex 35.083328247070312 3.124000072479248 7.0500001907348633
  endloop
 endfacet
 facet normal -1 -0 -0
  outer loop
   vertex 35.083328247070312 3.124000072479248 8.25
   vertex 35.083328247070312 3.2000000476837158 8.25
   vertex 35.083328247070312 3.2000000476837158 7.0500001907348633
  endloop
 endfacet
 facet normal 1 0 0
  outer loop
   vertex 33.583328247070312 3.124000072479248 8.25
   vertex 33.583328247070312 3.124000072479248 7.0500001907348633
   vertex 33.583328247070312 3.2000000476837158 7.0500001907348633
  endloop
 endfacet
 facet normal 1 0 -0
  outer loop
   vertex 33.583328247070312 3.124000072479248 8.25
   vertex 33.583328247070312 3.2000000476837158 7.0500001907348633
   vertex 33.583328247070312 3.2000000476837158 8.25
  endloop
 endfacet
 facet normal -0 0 1
  outer loop
   vertex 35.083328247070312 3.2000000476837158 7.0500001907348633
   vertex 33.583328247070312 3.2000000476837158 7.0500001907348633
   vertex 33.583328247070312 3.124000072479248 7.0500001907348633
  endloop
 endfacet
 facet normal 0 0 1
  outer loop
   vertex 35.083328247070312 3.2000000476837158 7.0500001907348633
   vertex 33.583328247070312 3.124000072479248 7.0500001907348633
   vertex 35.083328247070312 3.124000072479248 7.0500001907348633
  endloop
 endfacet
 facet normal 0 0 -1
  outer loop
   vertex 41.75 3.2000000476837158 8.25
   vertex 40.25 3.124000072479248 8.25
   vertex 40.25 3.2000000476837158 8.25
  endloop
 endfacet
 facet normal 0 0 -1
  outer loop
   vertex 41.75 3.2000000476837158 8.25
   vertex 41.75 3.124000072479248 8.25
   vertex 40.25 3.124000072479248 8.25
  endloop
 endfacet
 facet normal -1 0 0
  outer loop
   vertex 41.75 3.124000072479248 8.25
   vertex 41.75 3.2000000476837158 7.0500001907348633
   vertex 41.75 3.124000072479248 7.0500001907348633
  endloop
 endfacet
 facet normal -1 -0 -0
  outer loop
   vertex 41.75 3.124000072479248 8.25
   vertex 41.75 3.2000000476837158 8.25
   vertex 41.75 3.2000000476837158 7.0500001907348633
  endloop
 endfacet
 facet normal 1 0 0
  outer loop
   vertex 40.25 3.124000072479248 8.25
   vertex 40.25 3.124000072479248 7.0500001907348633
   vertex 40.25 3.2000000476837158 7.0500001907348633
  endloop
 endfacet
 facet normal 1 0 -0
  outer loop
   vertex 40.25 3.124000072479248 8.25
   vertex 40.25 3.2000000476837158 7.0500001907348633
   vertex 40.25 3.2000000476837158 8.25
  endloop
 endfacet
 facet normal -0 0 1
  outer loop
   vertex 41.75 3.2000000476837158 7.0500001907348633
   vertex 40.25 3.2000000476837158 7.0500001907348633
   vertex 40.25 3.124000072479248 7.0500001907348633
  endloop
 endfacet
 facet normal 0 0 1
  outer loop
   vertex 41.75 3.2000000476837158 7.0500001907348633
   vertex 40.25 3.124000072479248 7.0500001907348633
   vertex 41.75 3.124000072479248 7.0500001907348633
  endloop
 endfacet
 facet normal -0 0 1
  outer loop
   vertex 48.416671752929688 3.2000000476837158 7.0500001907348633
   vertex 46.916671752929688 3.2000000476837158 7.0500001907348633
   vertex 46.916671752929688 3.124000072479248 7.0500001907348633
  endloop
 endfacet
 facet normal 0 0 1
  outer loop
   vertex 48.416671752929688 3.2000000476837158 7.0500001907348633
   vertex 46.916671752929688 3.124000072479248 7.0500001907348633
   vertex 48.416671752929688 3.124000072479248 7.0500001907348633
  endloop
 endfacet
 facet normal -1 0 0
  outer loop
   vertex 48.416671752929688 3.124000072479248 8.25
   vertex 48.416671752929688 3.2000000476837158 7.0500001907348633
   vertex 48.416671752929688 3.124000072479248 7.0500001907348633
  endloop
 endfacet
 facet normal -1 -0 -0
  outer loop
   vertex 48.416671752929688 3.124000072479248 8.25
   vertex 48.416671752929688 3.2000000476837158 8.25
   vertex 48.416671752929688 3.2000000476837158 7.0500001907348633
  endloop
 endfacet
 facet normal 1 0 0
  outer loop
   vertex 46.916671752929688 3.124000072479248 8.25
   vertex 46.916671752929688 3.124000072479248 7.0500001907348633
   vertex 46.916671752929688 3.2000000476837158 7.0500001907348633
  endloop
 endfacet
 facet normal 1 0 -0
  outer loop
   vertex 46.916671752929688 3.124000072479248 8.25
   vertex 46.916671752929688 3.2000000476837158 7.0500001907348633
   vertex 46.916671752929688 3.2000000476837158 8.25
  endloop
 endfacet
 facet normal 0 0 -1
  outer loop
   vertex 48.416671752929688 3.2000000476837158 8.25
   vertex 46.916671752929688 3.124000072479248 8.25
   vertex 46.916671752929688 3.2000000476837158 8.25
  endloop
 endfacet
 facet normal 0 0 -1
  outer loop
   vertex 48.416671752929688 3.2000000476837158 8.25
   vertex 48.416671752929688 3.124000072479248 8.25
   vertex 46.916671752929688 3.124000072479248 8.25
  endloop
 endfacet
 facet normal 0 0 -1
  outer loop
   vertex 35.083328247070312 3.2000000476837158 10.949999809265137
   vertex 33.583328247070312 3.124000072479248 10.949999809265137
   vertex 33.583328247070312 3.2000000476837158 10.949999809265137
  endloop
 endfacet
 facet normal 0 0 -1
  outer loop
   vertex 35.083328247070312 3.2000000476837158 10.949999809265137
   vertex 35.083328247070312 3.124000072479248 10.949999809265137
   vertex 33.583328247070312 3.124000072479248 10.949999809265137
  endloop
 endfacet
 facet normal -1 0 0
  outer loop
   vertex 35.083328247070312 3.124000072479248 10.949999809265137
   vertex 35.083328247070312 3.2000000476837158 9.75
   vertex 35.083328247070312 3.124000072479248 9.75
  endloop
 endfacet
 facet normal -1 -0 -0
  outer loop
   vertex 35.083328247070312 3.124000072479248 10.949999809265137
   vertex 35.083328247070312 3.2000000476837158 10.949999809265137
   vertex 35.083328247070312 3.2000000476837158 9.75
  endloop
 endfacet
 facet normal 1 0 0
  outer loop
   vertex 33.583328247070312 3.124000072479248 10.949999809265137
   vertex 33.583328247070312 3.124000072479248 9.75
   vertex 33.583328247070312 3.2000000476837158 9.75
  endloop
 endfacet
 facet normal 1 0 -0
  outer loop
   vertex 33.583328247070312 3.124000072479248 10.949999809265137
   vertex 33.583328247070312 3.2000000476837158 9.75
   vertex 33.583328247070312 3.2000000476837158 10.949999809265137
  endloop
 endfacet
 facet normal -0 0 1
  outer loop
   vertex 35.083328247070312 3.2000000476837158 9.75
   vertex 33.583328247070312 3.2000000476837158 9.75
   vertex 33.583328247070312 3.124000072479248 9.75
  endloop
 endfacet
 facet normal 0 0 1
  outer loop
   vertex 35.083328247070312 3.2000000476837158 9.75
   vertex 33.583328247070312 3.124000072479248 9.75
   vertex 35.083328247070312 3.124000072479248 9.75
  endloop
 endfacet
 facet normal 0 0 -1
  outer loop
   vertex 41.75 3.2000000476837158 10.949999809265137
   vertex 40.25 3.124000072479248 10.949999809265137
   vertex 40.25 3.2000000476837158 10.949999809265137
  endloop
 endfacet
 facet normal 0 0 -1
  outer loop
   vertex 41.75 3.2000000476837158 10.949999809265137
   vertex 41.75 3.124000072479248 10.949999809265137
   vertex 40.25 3.124000072479248 10.949999809265137
  endloop
 endfacet
 facet normal -1 0 0
  outer loop
   vertex 41.75 3.124000072479248 10.949999809265137
   vertex 41.75 3.2000000476837158 9.75
   vertex 41.75 3.124000072479248 9.75
  endloop
 endfacet
 facet normal -1 -0 -0
  outer loop
   vertex 41.75 3.124000072479248 10.949999809265137
   vertex 41.75 3.2000000476837158 10.949999809265137
   vertex 41.75 3.2000000476837158 9.75
  endloop
 endfacet
 facet normal 1 0 0
  outer loop
   vertex 40.25 3.124000072479248 10.949999809265137
   vertex 40.25 3.124000072479248 9.75
   vertex 40.25 3.2000000476837158 9.75
  endloop
 endfacet
 facet normal 1 0 -0
  outer loop
   vertex 40.25 3.124000072479248 10.949999809265137
   vertex 40.25 3.2000000476837158 9.75
   vertex 40.25 3.2000000476837158 10.949999809265137
  endloop
 endfacet
 facet normal -0 0 1
  outer loop
   vertex 41.75 3.2000000476837158 9.75
   vertex 40.25 3.2000000476837158 9.75
   vertex 40.25 3.124000072479248 9.75
  endloop
 endfacet
 facet normal 0 0 1
  outer loop
   vertex 41.75 3.2000000476837158 9.75
   vertex 40.25 3.124000072479248 9.75
   vertex 41.75 3.124000072479248 9.75
  endloop
 endfacet
 facet normal -0 0 1
  outer loop
   vertex 48.416671752929688 3.2000000476837158 9.75
   vertex 46.916671752929688 3.2000000476837158 9.75
   vertex 46.916671752929688 3.124000072479248 9.75
  endloop
 endfacet
 facet normal 0 0 1
  outer loop
   vertex 48.416671752929688 3.2000000476837158 9.75
   vertex 46.916671752929688 3.124000072479248 9.75
   vertex 48.416671752929688 3.124000072479248 9.75
  endloop
 endfacet
 facet normal -1 0 0
  outer loop
   vertex 48.416671752929688 3.124000072479248 10.949999809265137
   vertex 48.416671752929688 3.2000000476837158 9.75
   vertex 48.416671752929688 3.124000072479248 9.75
  endloop
 endfacet
 facet normal -1 -0 -0
  outer loop
   vertex 48.416671752929688 3.124000072479248 10.949999809265137
   vertex 48.416671752929688 3.2000000476837158 10.949999809265137
   vertex 48.416671752929688 3.2000000476837158 9.75
  endloop
 endfacet
 facet normal 1 0 0
  outer loop
   vertex 46.916671752929688 3.124000072479248 10.949999809265137
   vertex 46.916671752929688 3.124000072479248 9.75
   vertex 46.916671752929688 3.2000000476837158 9.75
  endloop
 endfacet
 facet normal 1 0 -0
  outer loop
   vertex 46.916671752929688 3.124000072479248 10.949999809265137
   vertex 46.916671752929688 3.2000000476837158 9.75
   vertex 46.916671752929688 3.2000000476837158 10.949999809265137
  endloop
 endfacet
 facet normal 0 0 -1
  outer loop
   vertex 48.416671752929688 3.2000000476837158 10.949999809265137
   vertex 46.916671752929688 3.124000072479248 10.949999809265137
   vertex 46.916671752929688 3.2000000476837158 10.949999809265137
  endloop
 endfacet
 facet normal 0 0 -1
  outer loop
   vertex 48.416671752929688 3.2000000476837158 10.949999809265137
   vertex 48.416671752929688 3.124000072479248 10.949999809265137
   vertex 46.916671752929688 3.124000072479248 10.949999809265137
  endloop
 endfacet
 facet normal 0 0 -1
  outer loop
   vertex 35.083328247070312 3.2000000476837158 13.649999618530273
   vertex 33.583328247070312 3.124000072479248 13.649999618530273
   vertex 33.583328247070312 3.2000000476837158 13.649999618530273
  endloop
 endfacet
 facet normal 0 0 -1
  outer loop
   vertex 35.083328247070312 3.2000000476837158 13.649999618530273
   vertex 35.083328247070312 3.124000072479248 13.649999618530273
   vertex 33.583328247070312 3.124000072479248 13.649999618530273
  endloop
 endfacet
 facet normal -1 0 0
  outer loop
   vertex 35.083328247070312 3.124000072479248 13.649999618530273
   vertex 35.083328247070312 3.2000000476837158 12.449999809265137
   vertex 35.083328247070312 3.124000072479248 12.449999809265137
  endloop
 endfacet
 facet normal -1 -0 -0
  outer loop
   vertex 35.083328247070312 3.124000072479248 13.649999618530273
   vertex 35.083328247070312 3.2000000476837158 13.649999618530273
   vertex 35.083328247070312 3.2000000476837158 12.449999809265137
  endloop
 endfacet
 facet normal 1 0 0
  outer loop
   vertex 33.583328247070312 3.124000072479248 13.649999618530273
   vertex 33.583328247070312 3.124000072479248 12.449999809265137
   vertex 33.583328247070312 3.2000000476837158 12.449999809265137
  endloop
 endfacet
 facet normal 1 0 -0
  outer loop
   vertex 33.583328247070312 3.124000072479248 13.649999618530273
   vertex 33.583328247070312 3.2000000476837158 12.449999809265137
   vertex 33.583328247070312 3.2000000476837158 13.649999618530273
  endloop
 endfacet
 facet normal -0 0 1
  outer loop
   vertex 35.083328247070312 3.2000000476837158 12.449999809265137
   vertex 33.583328247070312 3.2000000476837158 12.449999809265137
   vertex 33.583328247070312 3.124000072479248 12.449999809265137
  endloop
 endfacet
 facet normal 0 0 1
  outer loop
   vertex 35.083328247070312 3.2000000476837158 12.449999809265137
   vertex 33.583328247070312 3.124000072479248 12.449999809265137
   vertex 35.083328247070312 3.124000072479248 12.449999809265137
  endloop
 endfacet
 facet normal 0 0 -1
  outer loop
   vertex 41.75 3.2000000476837158 13.649999618530273
   vertex 40.25 3.124000072479248 13.649999618530273
   vertex 40.25 3.2000000476837158 13.649999618530273
  endloop
 endfacet
 facet normal 0 0 -1
  outer loop
   vertex 41.75 3.2000000476837158 13.649999618530273
   vertex 41.75 3.124000072479248 13.649999618530273
   vertex 40.25 3.124000072479248 13.649999618530273
  endloop
 endfacet
 facet normal -1 0 0
  outer loop
   vertex 41.75 3.124000072479248 13.649999618530273
   vertex 41.75 3.2000000476837158 12.449999809265137
   vertex 41.75 3.124000072479248 12.449999809265137
  endloop
 endfacet
 facet normal -1 -0 -0
  outer loop
   vertex 41.75 3.124000072479248 13.649999618530273
   vertex 41.75 3.2000000476837158 13.649999618530273
   vertex 41.75 3.2000000476837158 12.449999809265137
  endloop
 endfacet
 facet normal 1 0 0
  outer loop
   vertex 40.25 3.124000072479248 13.649999618530273
   vertex 40.25 3.124000072479248 12.449999809265137
   vertex 40.25 3.2000000476837158 12.449999809265137
  endloop
 endfacet
 facet normal 1 0 -0
  outer loop
   vertex 40.25 3.124000072479248 13.649999618530273
   vertex 40.25 3.2000000476837158 12.449999809265137
   vertex 40.25 3.2000000476837158 13.649999618530273
  endloop
 endfacet
 facet normal -0 0 1
  outer loop
   vertex 41.75 3.2000000476837158 12.449999809265137
   vertex 40.25 3.2000000476837158 12.449999809265137
   vertex 40.25 3.124000072479248 12.449999809265137
  endloop
 endfacet
 facet normal 0 0 1
  outer loop
   vertex 41.75 3.2000000476837158 12.449999809265137
   vertex 40.25 3.124000072479248 12.449999809265137
   vertex 41.75 3.124000072479248 12.449999809265137
  endloop
 endfacet
 facet normal -0 0 1
  outer loop
   vertex 48.416671752929688 3.2000000476837158 12.449999809265137
   vertex 46.916671752929688 3.2000000476837158 12.449999809265137
   vertex 46.916671752929688 3.124000072479248 12.449999809265137
  endloop
 endfacet
 facet normal 0 0 1
  outer loop
   vertex 48.416671752929688 3.2000000476837158 12.449999809265137
   vertex 46.916671752929688 3.124000072479248 12.449999809265137
   vertex 48.416671752929688 3.124000072479248 12.449999809265137
  endloop
 endfacet
 facet normal -1 0 0
  outer loop
   vertex 48.416671752929688 3.124000072479248 13.649999618530273
   vertex 48.416671752929688 3.2000000476837158 12.449999809265137
   vertex 48.416671752929688 3.124000072479248 12.449999809265137
  endloop
 endfacet
 facet normal -1 -0 -0
  outer loop
   vertex 48.416671752929688 3.124000072479248 13.649999618530273
   vertex 48.416671752929688 3.2000000476837158 13.649999618530273
   vertex 48.416671752929688 3.2000000476837158 12.449999809265137
  endloop
 endfacet
 facet normal 1 0 0
  outer loop
   vertex 46.916671752929688 3.124000072479248 13.649999618530273
   vertex 46.916671752929688 3.124000072479248 12.449999809265137
   vertex 46.916671752929688 3.2000000476837158 12.449999809265137
  endloop
 endfacet
 facet normal 1 0 -0
  outer loop
   vertex 46.916671752929688 3.124000072479248 13.649999618530273
   vertex 46.916671752929688 3.2000000476837158 12.449999809265137
   vertex 46.916671752929688 3.2000000476837158 13.649999618530273
  endloop
 endfacet
 facet normal 0 0 -1
  outer loop
   vertex 48.416671752929688 3.2000000476837158 13.649999618530273
   vertex 46.916671752929688 3.124000072479248 13.649999618530273
   vertex 46.916671752929688 3.2000000476837158 13.649999618530273
  endloop
 endfacet
 facet normal 0 0 -1
  outer loop
   vertex 48.416671752929688 3.2000000476837158 13.649999618530273
   vertex 48.416671752929688 3.124000072479248 13.649999618530273
   vertex 46.916671752929688 3.124000072479248 13.649999618530273
  endloop
 endfacet
 facet normal -0 0 1
  outer loop
   vertex 37.666671752929688 17.700000762939453 12
   vertex 31.299999237060547 17.700000762939453 12
   vertex 31.299999237060547 10.699999809265137 12
  endloop
 endfacet
 facet normal 0 0 1
  outer loop
   vertex 37.666671752929688 17.700000762939453 12
   vertex 31.299999237060547 10.699999809265137 12
   vertex 37.666671752929688 10.699999809265137 12
  endloop
 endfacet
 facet normal -1 0 -0
  outer loop
   vertex 37.666671752929688 10.699999809265137 12
   vertex 37.666671752929688 17.700000762939453 14.5
   vertex 37.666671752929688 17.700000762939453 12
  endloop
 endfacet
 facet normal -1 -0 0
  outer loop
   vertex 37.666671752929688 10.699999809265137 14.5
   vertex 37.666671752929688 17.700000762939453 14.5
   vertex 37.666671752929688 10.699999809265137 12
  endloop
 endfacet
 facet normal 0 0 -1
  outer loop
   vertex 37.666671752929688 17.700000762939453 14.5
   vertex 31.299999237060547 10.699999809265137 14.5
   vertex 31.299999237060547 17.700000762939453 14.5
  endloop
 endfacet
 facet normal 0 0 -1
  outer loop
   vertex 37.666671752929688 17.700000762939453 14.5
   vertex 37.666671752929688 10.699999809265137 14.5
   vertex 31.299999237060547 10.699999809265137 14.5
  endloop
 endfacet
 facet normal 0 0 1
  outer loop
   vertex 37.866668701171875 17.700000762939453 12
   vertex 37.866668701171875 10.699999809265137 12
   vertex 44.333328247070312 10.699999809265137 12
  endloop
 endfacet
 facet normal -0 0 1
  outer loop
   vertex 44.333328247070312 17.700000762939453 12
   vertex 37.866668701171875 17.700000762939453 12
   vertex 44.333328247070312 10.699999809265137 12
  endloop
 endfacet
 facet normal 1 0 -0
  outer loop
   vertex 37.866668701171875 10.699999809265137 12
   vertex 37.866668701171875 17.700000762939453 12
   vertex 37.866668701171875 17.700000762939453 14.5
  endloop
 endfacet
 facet normal 1 0 0
  outer loop
   vertex 37.866668701171875 10.699999809265137 14.5
   vertex 37.866668701171875 10.699999809265137 12
   vertex 37.866668701171875 17.700000762939453 14.5
  endloop
 endfacet
 facet normal -1 0 -0
  outer loop
   vertex 44.333328247070312 10.699999809265137 12
   vertex 44.333328247070312 17.700000762939453 14.5
   vertex 44.333328247070312 17.700000762939453 12
  endloop
 endfacet
 facet normal -1 -0 0
  outer loop
   vertex 44.333328247070312 10.699999809265137 14.5
   vertex 44.333328247070312 17.700000762939453 14.5
   vertex 44.333328247070312 10.699999809265137 12
  endloop
 endfacet
 facet normal 0 0 -1
  outer loop
   vertex 37.866668701171875 17.700000762939453 14.5
   vertex 44.333328247070312 10.699999809265137 14.5
   vertex 37.866668701171875 10.699999809265137 14.5
  endloop
 endfacet
 facet normal 0 0 -1
  outer loop
   vertex 44.333328247070312 17.700000762939453 14.5
   vertex 44.333328247070312 10.699999809265137 14.5
   vertex 37.866668701171875 17.700000762939453 14.5
  endloop
 endfacet
 facet normal -0 0 1
  outer loop
   vertex 50.700000762939453 17.700000762939453 12
   vertex 44.533329010009766 17.700000762939453 12
   vertex 44.533329010009766 10.699999809265137 12
  endloop
 endfacet
 facet normal 0 0 1
  outer loop
   vertex 50.700000762939453 17.700000762939453 12
   vertex 44.533329010009766 10.699999809265137 12
   vertex 50.700000762939453 10.699999809265137 12
  endloop
 endfacet
 facet normal 1 0 -0
  outer loop
   vertex 44.533329010009766 10.699999809265137 12
   vertex 44.533329010009766 17.700000762939453 12
   vertex 44.533329010009766 17.700000762939453 14.5
  endloop
 endfacet
 facet normal 1 0 0
  outer loop
   vertex 44.533329010009766 10.699999809265137 14.5
   vertex 44.533329010009766 10.699999809265137 12
   vertex 44.533329010009766 17.700000762939453 14.5
  endloop
 endfacet
 facet normal 0 0 -1
  outer loop
   vertex 50.700000762939453 17.700000762939453 14.5
   vertex 44.533329010009766 10.699999809265137 14.5
   vertex 44.533329010009766 17.700000762939453 14.5
  endloop
 endfacet
 facet normal 0 0 -1
  outer loop
   vertex 50.700000762939453 17.700000762939453 14.5
   vertex 50.700000762939453 10.699999809265137 14.5
   vertex 44.533329010009766 10.699999809265137 14.5
  endloop
 endfacet
 facet normal -0 0 1
  outer loop
   vertex 37.666671752929688 17.700000762939453 9.3000001907348633
   vertex 31.299999237060547 17.700000762939453 9.3000001907348633
   vertex 31.299999237060547 10.699999809265137 9.3000001907348633
  endloop
 endfacet
 facet normal 0 0 1
  outer loop
   vertex 37.666671752929688 17.700000762939453 9.3000001907348633
   vertex 31.299999237060547 10.699999809265137 9.3000001907348633
   vertex 37.666671752929688 10.699999809265137 9.3000001907348633
  endloop
 endfacet
 facet normal -1 0 -0
  outer loop
   vertex 37.666671752929688 10.699999809265137 9.3000001907348633
   vertex 37.666671752929688 17.700000762939453 11.800000190734863
   vertex 37.666671752929688 17.700000762939453 9.3000001907348633
  endloop
 endfacet
 facet normal -1 -0 0
  outer loop
   vertex 37.666671752929688 10.699999809265137 11.800000190734863
   vertex 37.666671752929688 17.700000762939453 11.800000190734863
   vertex 37.666671752929688 10.699999809265137 9.3000001907348633
  endloop
 endfacet
 facet normal 0 0 -1
  outer loop
   vertex 37.666671752929688 17.700000762939453 11.800000190734863
   vertex 31.299999237060547 10.699999809265137 11.800000190734863
   vertex 31.299999237060547 17.700000762939453 11.800000190734863
  endloop
 endfacet
 facet normal 0 0 -1
  outer loop
   vertex 37.666671752929688 17.700000762939453 11.800000190734863
   vertex 37.666671752929688 10.699999809265137 11.800000190734863
   vertex 31.299999237060547 10.699999809265137 11.800000190734863
  endloop
 endfacet
 facet normal 0 0 1
  outer loop
   vertex 37.866668701171875 17.700000762939453 9.3000001907348633
   vertex 37.866668701171875 10.699999809265137 9.3000001907348633
   vertex 44.333328247070312 10.699999809265137 9.3000001907348633
  endloop
 endfacet
 facet normal -0 0 1
  outer loop
   vertex 44.333328247070312 17.700000762939453 9.3000001907348633
   vertex 37.866668701171875 17.700000762939453 9.3000001907348633
   vertex 44.333328247070312 10.699999809265137 9.3000001907348633
  endloop
 endfacet
 facet normal 1 0 -0
  outer loop
   vertex 37.866668701171875 10.699999809265137 9.3000001907348633
   vertex 37.866668701171875 17.700000762939453 9.3000001907348633
   vertex 37.866668701171875 17.700000762939453 11.800000190734863
  endloop
 endfacet
 facet normal 1 0 0
  outer loop
   vertex 37.866668701171875 10.699999809265137 11.800000190734863
   vertex 37.866668701171875 10.699999809265137 9.3000001907348633
   vertex 37.866668701171875 17.700000762939453 11.800000190734863
  endloop
 endfacet
 facet normal -1 0 -0
  outer loop
   vertex 44.333328247070312 10.699999809265137 9.3000001907348633
   vertex 44.333328247070312 17.700000762939453 11.800000190734863
   vertex 44.333328247070312 17.700000762939453 9.3000001907348633
  endloop
 endfacet
 facet normal -1 -0 0
  outer loop
   vertex 44.333328247070312 10.699999809265137 11.800000190734863
   vertex 44.333328247070312 17.700000762939453 11.800000190734863
   vertex 44.333328247070312 10.699999809265137 9.3000001907348633
  endloop
 endfacet
 facet normal 0 0 -1
  outer loop
   vertex 37.866668701171875 17.700000762939453 11.800000190734863
   vertex 44.333328247070312 10.699999809265137 11.800000190734863
   vertex 37.866668701171875 10.699999809265137 11.800000190734863
  endloop
 endfacet
 facet normal 0 0 -1
  outer loop
   vertex 44.333328247070312 17.700000762939453 11.800000190734863
   vertex 44.333328247070312 10.699999809265137 11.800000190734863
   vertex 37.866668701171875 17.700000762939453 11.800000190734863
  endloop
 endfacet
 facet normal -0 0 1
  outer loop
   vertex 50.700000762939453 17.700000762939453 9.3000001907348633
   vertex 44.533329010009766 17.700000762939453 9.3000001907348633
   vertex 44.533329010009766 10.699999809265137 9.3000001907348633
  endloop
 endfacet
 facet normal 0 0 1
  outer loop
   vertex 50.700000762939453 17.700000762939453 9.3000001907348633
   vertex 44.533329010009766 10.699999809265137 9.3000001907348633
   vertex 50.700000762939453 10.699999809265137 9.3000001907348633
  endloop
 endfacet
 facet normal 1 0 -0
  outer loop
   vertex 44.533329010009766 10.699999809265137 9.3000001907348633
   vertex 44.533329010009766 17.700000762939453 9.3000001907348633
   vertex 44.533329010009766 17.700000762939453 11.800000190734863
  endloop
 endfacet
 facet normal 1 0 0
  outer loop
   vertex 44.533329010009766 10.699999809265137 11.800000190734863
   vertex 44.533329010009766 10.699999809265137 9.3000001907348633
   vertex 44.533329010009766 17.700000762939453 11.800000190734863
  endloop
 endfacet
 facet normal 0 0 -1
  outer loop
   vertex 50.700000762939453 17.700000762939453 11.800000190734863
   vertex 44.533329010009766 10.699999809265137 11.800000190734863
   vertex 44.533329010009766 17.700000762939453 11.800000190734863
  endloop
 endfacet
 facet normal 0 0 -1
  outer loop
   vertex 50.700000762939453 17.700000762939453 11.800000190734863
   vertex 50.700000762939453 10.699999809265137 11.800000190734863
   vertex 44.533329010009766 10.699999809265137 11.800000190734863
  endloop
 endfacet
 facet normal -0 0 1
  outer loop
   vertex 37.666671752929688 17.700000762939453 6.5999999046325684
   vertex 31.299999237060547 17.700000762939453 6.5999999046325684
   vertex 31.299999237060547 10.699999809265137 6.5999999046325684
  endloop
 endfacet
 facet normal 0 0 1
  outer loop
   vertex 37.666671752929688 17.700000762939453 6.5999999046325684
   vertex 31.299999237060547 10.699999809265137 6.5999999046325684
   vertex 37.666671752929688 10.699999809265137 6.5999999046325684
  endloop
 endfacet
 facet normal -1 0 -0
  outer loop
   vertex 37.666671752929688 10.699999809265137 6.5999999046325684
   vertex 37.666671752929688 17.700000762939453 9.1000003814697266
   vertex 37.666671752929688 17.700000762939453 6.5999999046325684
  endloop
 endfacet
 facet normal -1 -0 0
  outer loop
   vertex 37.666671752929688 10.699999809265137 9.1000003814697266
   vertex 37.666671752929688 17.700000762939453 9.1000003814697266
   vertex 37.666671752929688 10.699999809265137 6.5999999046325684
  endloop
 endfacet
 facet normal 0 0 -1
  outer loop
   vertex 37.666671752929688 17.700000762939453 9.1000003814697266
   vertex 31.299999237060547 10.699999809265137 9.1000003814697266
   vertex 31.299999237060547 17.700000762939453 9.1000003814697266
  endloop
 endfacet
 facet normal 0 0 -1
  outer loop
   vertex 37.666671752929688 17.700000762939453 9.1000003814697266
   vertex 37.666671752929688 10.699999809265137 9.1000003814697266
   vertex 31.299999237060547 10.699999809265137 9.1000003814697266
  endloop
 endfacet
 facet normal 0 0 1
  outer loop
   vertex 37.866668701171875 17.700000762939453 6.5999999046325684
   vertex 37.866668701171875 10.699999809265137 6.5999999046325684
   vertex 44.333328247070312 10.699999809265137 6.5999999046325684
  endloop
 endfacet
 facet normal -0 0 1
  outer loop
   vertex 44.333328247070312 17.700000762939453 6.5999999046325684
   vertex 37.866668701171875 17.700000762939453 6.5999999046325684
   vertex 44.333328247070312 10.699999809265137 6.5999999046325684
  endloop
 endfacet
 facet normal 1 0 -0
  outer loop
   vertex 37.866668701171875 10.699999809265137 6.5999999046325684
   vertex 37.866668701171875 17.700000762939453 6.5999999046325684
   vertex 37.866668701171875 17.700000762939453 9.1000003814697266
  endloop
 endfacet
 facet normal 1 0 0
  outer loop
   vertex 37.866668701171875 10.699999809265137 9.1000003814697266
   vertex 37.866668701171875 10.699999809265137 6.5999999046325684
   vertex 37.866668701171875 17.700000762939453 9.1000003814697266
  endloop
 endfacet
 facet normal -1 0 -0
  outer loop
   vertex 44.333328247070312 10.699999809265137 6.5999999046325684
   vertex 44.333328247070312 17.700000762939453 9.1000003814697266
   vertex 44.333328247070312 17.700000762939453 6.5999999046325684
  endloop
 endfacet
 facet normal -1 -0 0
  outer loop
   vertex 44.333328247070312 10.699999809265137 9.1000003814697266
   vertex 44.333328247070312 17.700000762939453 9.1000003814697266
   vertex 44.333328247070312 10.699999809265137 6.5999999046325684
  endloop
 endfacet
 facet normal 0 0 -1
  outer loop
   vertex 37.866668701171875 17.700000762939453 9.1000003814697266
   vertex 44.333328247070312 10.699999809265137 9.1000003814697266
   vertex 37.866668701171875 10.699999809265137 9.1000003814697266
  endloop
 endfacet
 facet normal 0 0 -1
  outer loop
   vertex 44.333328247070312 17.700000762939453 9.1000003814697266
   vertex 44.333328247070312 10.699999809265137 9.1000003814697266
   vertex 37.866668701171875 17.700000762939453 9.1000003814697266
  endloop
 endfacet
 facet normal -0 0 1
  outer loop
   vertex 50.700000762939453 17.700000762939453 6.5999999046325684
   vertex 44.533329010009766 17.700000762939453 6.5999999046325684
   vertex 44.533329010009766 10.699999809265137 6.5999999046325684
  endloop
 endfacet
 facet normal 0 0 1
  outer loop
   vertex 50.700000762939453 17.700000762939453 6.5999999046325684
   vertex 44.533329010009766 10.699999809265137 6.5999999046325684
   vertex 50.700000762939453 10.699999809265137 6.5999999046325684
  endloop
 endfacet
 facet normal 1 0 -0
  outer loop
   vertex 44.533329010009766 10.699999809265137 6.5999999046325684
   vertex 44.533329010009766 17.700000762939453 6.5999999046325684
   vertex 44.533329010009766 17.700000762939453 9.1000003814697266
  endloop
 endfacet
 facet normal 1 0 0
  outer loop
   vertex 44.533329010009766 10.699999809265137 9.1000003814697266
   vertex 44.533329010009766 10.699999809265137 6.5999999046325684
   vertex 44.533329010009766 17.700000762939453 9.1000003814697266
  endloop
 endfacet
 facet normal 0 0 -1
  outer loop
   vertex 50.700000762939453 17.700000762939453 9.1000003814697266
   vertex 44.533329010009766 10.699999809265137 9.1000003814697266
   vertex 44.533329010009766 17.700000762939453 9.1000003814697266
  endloop
 endfacet
 facet normal 0 0 -1
  outer loop
   vertex 50.700000762939453 17.700000762939453 9.1000003814697266
   vertex 50.700000762939453 10.699999809265137 9.1000003814697266
   vertex 44.533329010009766 10.699999809265137 9.1000003814697266
  endloop
 endfacet
 facet normal -0 0 1
  outer loop
   vertex 37.666671752929688 17.700000762939453 3.9000000953674316
   vertex 31.299999237060547 17.700000762939453 3.9000000953674316
   vertex 31.299999237060547 10.699999809265137 3.9000000953674316
  endloop
 endfacet
 facet normal 0 0 1
  outer loop
   vertex 37.666671752929688 17.700000762939453 3.9000000953674316
   vertex 31.299999237060547 10.699999809265137 3.9000000953674316
   vertex 37.666671752929688 10.699999809265137 3.9000000953674316
  endloop
 endfacet
 facet normal -1 0 -0
  outer loop
   vertex 37.666671752929688 10.699999809265137 3.9000000953674316
   vertex 37.666671752929688 17.700000762939453 6.4000000953674316
   vertex 37.666671752929688 17.700000762939453 3.9000000953674316
  endloop
 endfacet
 facet normal -1 -0 0
  outer loop
   vertex 37.666671752929688 10.699999809265137 6.4000000953674316
   vertex 37.666671752929688 17.700000762939453 6.4000000953674316
   vertex 37.666671752929688 10.699999809265137 3.9000000953674316
  endloop
 endfacet
 facet normal 0 0 -1
  outer loop
   vertex 37.666671752929688 17.700000762939453 6.4000000953674316
   vertex 31.299999237060547 10.699999809265137 6.4000000953674316
   vertex 31.299999237060547 17.700000762939453 6.4000000953674316
  endloop
 endfacet
 facet normal 0 0 -1
  outer loop
   vertex 37.666671752929688 17.700000762939453 6.4000000953674316
   vertex 37.666671752929688 10.699999809265137 6.4000000953674316
   vertex 31.299999237060547 10.699999809265137 6.4000000953674316
  endloop
 endfacet
 facet normal 0 0 1
  outer loop
   vertex 37.866668701171875 17.700000762939453 3.9000000953674316
   vertex 37.866668701171875 10.699999809265137 3.9000000953674316
   vertex 44.333328247070312 10.699999809265137 3.9000000953674316
  endloop
 endfacet
 facet normal -0 0 1
  outer loop
   vertex 44.333328247070312 17.700000762939453 3.9000000953674316
   vertex 37.866668701171875 17.700000762939453 3.9000000953674316
   vertex 44.333328247070312 10.699999809265137 3.9000000953674316
  endloop
 endfacet
 facet normal 1 0 -0
  outer loop
   vertex 37.866668701171875 10.699999809265137 3.9000000953674316
   vertex 37.866668701171875 17.700000762939453 3.9000000953674316
   vertex 37.866668701171875 17.700000762939453 6.4000000953674316
  endloop
 endfacet
 facet normal 1 0 0
  outer loop
   vertex 37.866668701171875 10.699999809265137 6.4000000953674316
   vertex 37.866668701171875 10.699999809265137 3.9000000953674316
   vertex 37.866668701171875 17.700000762939453 6.4000000953674316
  endloop
 endfacet
 facet normal -1 0 -0
  outer loop
   vertex 44.333328247070312 10.699999809265137 3.9000000953674316
   vertex 44.333328247070312 17.700000762939453 6.4000000953674316
   vertex 44.333328247070312 17.700000762939453 3.9000000953674316
  endloop
 endfacet
 facet normal -1 -0 0
  outer loop
   vertex 44.333328247070312 10.699999809265137 6.4000000953674316
   vertex 44.333328247070312 17.700000762939453 6.4000000953674316
   vertex 44.333328247070312 10.699999809265137 3.9000000953674316
  endloop
 endfacet
 facet normal 0 0 -1
  outer loop
   vertex 37.866668701171875 17.700000762939453 6.4000000953674316
   vertex 44.333328247070312 10.699999809265137 6.4000000953674316
   vertex 37.866668701171875 10.699999809265137 6.4000000953674316
  endloop
 endfacet
 facet normal 0 0 -1
  outer loop
   vertex 44.333328247070312 17.700000762939453 6.4000000953674316
   vertex 44.333328247070312 10.699999809265137 6.4000000953674316
   vertex 37.866668701171875 17.700000762939453 6.4000000953674316
  endloop
 endfacet
 facet normal -0 0 1
  outer loop
   vertex 50.700000762939453 17.700000762939453 3.9000000953674316
   vertex 44.533329010009766 17.700000762939453 3.9000000953674316
   vertex 44.533329010009766 10.699999809265137 3.9000000953674316
  endloop
 endfacet
 facet normal 0 0 1
  outer loop
   vertex 50.700000762939453 17.700000762939453 3.9000000953674316
   vertex 44.533329010009766 10.699999809265137 3.9000000953674316
   vertex 50.700000762939453 10.699999809265137 3.9000000953674316
  endloop
 endfacet
 facet normal 1 0 -0
  outer loop
   vertex 44.533329010009766 10.699999809265137 3.9000000953674316
   vertex 44.533329010009766 17.700000762939453 3.9000000953674316
   vertex 44.533329010009766 17.700000762939453 6.4000000953674316
  endloop
 endfacet
 facet normal 1 0 0
  outer loop
   vertex 44.533329010009766 10.699999809265137 6.4000000953674316
   vertex 44.533329010009766 10.699999809265137 3.9000000953674316
   vertex 44.533329010009766 17.700000762939453 6.4000000953674316
  endloop
 endfacet
 facet normal 0 0 -1
  outer loop
   vertex 50.700000762939453 17.700000762939453 6.4000000953674316
   vertex 44.533329010009766 10.699999809265137 6.4000000953674316
   vertex 44.533329010009766 17.700000762939453 6.4000000953674316
  endloop
 endfacet
 facet normal 0 0 -1
  outer loop
   vertex 50.700000762939453 17.700000762939453 6.4000000953674316
   vertex 50.700000762939453 10.699999809265137 6.4000000953674316
   vertex 44.533329010009766 10.699999809265137 6.4000000953674316
  endloop
 endfacet
 facet normal -0 0 1
  outer loop
   vertex 37.666671752929688 17.700000762939453 1.2000000476837158
   vertex 31.299999237060547 17.700000762939453 1.2000000476837158
   vertex 31.299999237060547 10.699999809265137 1.2000000476837158
  endloop
 endfacet
 facet normal 0 0 1
  outer loop
   vertex 37.666671752929688 17.700000762939453 1.2000000476837158
   vertex 31.299999237060547 10.699999809265137 1.2000000476837158
   vertex 37.666671752929688 10.699999809265137 1.2000000476837158
  endloop
 endfacet
 facet normal -1 0 -0
  outer loop
   vertex 37.666671752929688 10.699999809265137 1.2000000476837158
   vertex 37.666671752929688 17.700000762939453 3.7000000476837158
   vertex 37.666671752929688 17.700000762939453 1.2000000476837158
  endloop
 endfacet
 facet normal -1 -0 0
  outer loop
   vertex 37.666671752929688 10.699999809265137 3.7000000476837158
   vertex 37.666671752929688 17.700000762939453 3.7000000476837158
   vertex 37.666671752929688 10.699999809265137 1.2000000476837158
  endloop
 endfacet
 facet normal 0 0 -1
  outer loop
   vertex 37.666671752929688 17.700000762939453 3.7000000476837158
   vertex 31.299999237060547 10.699999809265137 3.7000000476837158
   vertex 31.299999237060547 17.700000762939453 3.7000000476837158
  endloop
 endfacet
 facet normal 0 0 -1
  outer loop
   vertex 37.666671752929688 17.700000762939453 3.7000000476837158
   vertex 37.666671752929688 10.699999809265137 3.7000000476837158
   vertex 31.299999237060547 10.699999809265137 3.7000000476837158
  endloop
 endfacet
 facet normal -0 0 1
  outer loop
   vertex 44.333328247070312 17.700000762939453 1.2000000476837158
   vertex 37.866668701171875 17.700000762939453 1.2000000476837158
   vertex 37.866668701171875 10.699999809265137 1.2000000476837158
  endloop
 endfacet
 facet normal 0 0 1
  outer loop
   vertex 44.333328247070312 17.700000762939453 1.2000000476837158
   vertex 37.866668701171875 10.699999809265137 1.2000000476837158
   vertex 44.333328247070312 10.699999809265137 1.2000000476837158
  endloop
 endfacet
 facet normal 1 0 -0
  outer loop
   vertex 37.866668701171875 10.699999809265137 1.2000000476837158
   vertex 37.866668701171875 17.700000762939453 1.2000000476837158
   vertex 37.866668701171875 17.700000762939453 3.7000000476837158
  endloop
 endfacet
 facet normal 1 0 0
  outer loop
   vertex 37.866668701171875 10.699999809265137 3.7000000476837158
   vertex 37.866668701171875 10.699999809265137 1.2000000476837158
   vertex 37.866668701171875 17.700000762939453 3.7000000476837158
  endloop
 endfacet
 facet normal -1 0 -0
  outer loop
   vertex 44.333328247070312 10.699999809265137 1.2000000476837158
   vertex 44.333328247070312 17.700000762939453 3.7000000476837158
   vertex 44.333328247070312 17.700000762939453 1.2000000476837158
  endloop
 endfacet
 facet normal -1 -0 0
  outer loop
   vertex 44.333328247070312 10.699999809265137 3.7000000476837158
   vertex 44.333328247070312 17.700000762939453 3.7000000476837158
   vertex 44.333328247070312 10.699999809265137 1.2000000476837158
  endloop
 endfacet
 facet normal 0 0 -1
  outer loop
   vertex 44.333328247070312 17.700000762939453 3.7000000476837158
   vertex 37.866668701171875 10.699999809265137 3.7000000476837158
   vertex 37.866668701171875 17.700000762939453 3.7000000476837158
  endloop
 endfacet
 facet normal 0 0 -1
  outer loop
   vertex 44.333328247070312 17.700000762939453 3.7000000476837158
   vertex 44.333328247070312 10.699999809265137 3.7000000476837158
   vertex 37.866668701171875 10.699999809265137 3.7000000476837158
  endloop
 endfacet
 facet normal -0 0 1
  outer loop
   vertex 50.700000762939453 17.700000762939453 1.2000000476837158
   vertex 44.533329010009766 17.700000762939453 1.2000000476837158
   vertex 44.533329010009766 10.699999809265137 1.2000000476837158
  endloop
 endfacet
 facet normal 0 0 1
  outer loop
   vertex 50.700000762939453 17.700000762939453 1.2000000476837158
   vertex 44.533329010009766 10.699999809265137 1.2000000476837158
   vertex 50.700000762939453 10.699999809265137 1.2000000476837158
  endloop
 endfacet
 facet normal 1 0 -0
  outer loop
   vertex 44.533329010009766 10.699999809265137 1.2000000476837158
   vertex 44.533329010009766 17.700000762939453 1.2000000476837158
   vertex 44.533329010009766 17.700000762939453 3.7000000476837158
  endloop
 endfacet
 facet normal 1 0 0
  outer loop
   vertex 44.533329010009766 10.699999809265137 3.7000000476837158
   vertex 44.533329010009766 10.699999809265137 1.2000000476837158
   vertex 44.533329010009766 17.700000762939453 3.7000000476837158
  endloop
 endfacet
 facet normal 0 0 -1
  outer loop
   vertex 50.700000762939453 17.700000762939453 3.7000000476837158
   vertex 44.533329010009766 10.699999809265137 3.7000000476837158
   vertex 44.533329010009766 17.700000762939453 3.7000000476837158
  endloop
 endfacet
 facet normal 0 0 -1
  outer loop
   vertex 50.700000762939453 17.700000762939453 3.7000000476837158
   vertex 50.700000762939453 10.699999809265137 3.7000000476837158
   vertex 44.533329010009766 10.699999809265137 3.7000000476837158
  endloop
 endfacet
 facet normal 0 0 1
  outer loop
   vertex 31.299999237060547 10.5 1.2000000476837158
   vertex 31.299999237060547 3.2999999523162842 1.2000000476837158
   vertex 37.666671752929688 3.2999999523162842 1.2000000476837158
  endloop
 endfacet
 facet normal -0 0 1
  outer loop
   vertex 37.666671752929688 10.5 1.2000000476837158
   vertex 31.299999237060547 10.5 1.2000000476837158
   vertex 37.666671752929688 3.2999999523162842 1.2000000476837158
  endloop
 endfacet
 facet normal -1 0 0
  outer loop
   vertex 37.666671752929688 3.2999999523162842 3.7000000476837158
   vertex 37.666671752929688 10.5 1.2000000476837158
   vertex 37.666671752929688 3.2999999523162842 1.2000000476837158
  endloop
 endfacet
 facet normal -1 -0 -0
  outer loop
   vertex 37.666671752929688 3.2999999523162842 3.7000000476837158
   vertex 37.666671752929688 10.5 3.7000000476837158
   vertex 37.666671752929688 10.5 1.2000000476837158
  endloop
 endfacet
 facet normal 0 0 -1
  outer loop
   vertex 31.299999237060547 10.5 3.7000000476837158
   vertex 37.666671752929688 3.2999999523162842 3.7000000476837158
   vertex 31.299999237060547 3.2999999523162842 3.7000000476837158
  endloop
 endfacet
 facet normal 0 0 -1
  outer loop
   vertex 37.666671752929688 10.5 3.7000000476837158
   vertex 37.666671752929688 3.2999999523162842 3.7000000476837158
   vertex 31.299999237060547 10.5 3.7000000476837158
  endloop
 endfacet
 facet normal 0 0 1
  outer loop
   vertex 37.866668701171875 10.5 1.2000000476837158
   vertex 37.866668701171875 3.2999999523162842 1.2000000476837158
   vertex 44.333328247070312 3.2999999523162842 1.2000000476837158
  endloop
 endfacet
 facet normal -0 0 1
  outer loop
   vertex 44.333328247070312 10.5 1.2000000476837158
   vertex 37.866668701171875 10.5 1.2000000476837158
   vertex 44.333328247070312 3.2999999523162842 1.2000000476837158
  endloop
 endfacet
 facet normal 1 0 0
  outer loop
   vertex 37.866668701171875 3.2999999523162842 3.7000000476837158
   vertex 37.866668701171875 3.2999999523162842 1.2000000476837158
   vertex 37.866668701171875 10.5 1.2000000476837158
  endloop
 endfacet
 facet normal 1 0 -0
  outer loop
   vertex 37.866668701171875 3.2999999523162842 3.7000000476837158
   vertex 37.866668701171875 10.5 1.2000000476837158
   vertex 37.866668701171875 10.5 3.7000000476837158
  endloop
 endfacet
 facet normal -1 0 0
  outer loop
   vertex 44.333328247070312 3.2999999523162842 3.7000000476837158
   vertex 44.333328247070312 10.5 1.2000000476837158
   vertex 44.333328247070312 3.2999999523162842 1.2000000476837158
  endloop
 endfacet
 facet normal -1 -0 -0
  outer loop
   vertex 44.333328247070312 3.2999999523162842 3.7000000476837158
   vertex 44.333328247070312 10.5 3.7000000476837158
   vertex 44.333328247070312 10.5 1.2000000476837158
  endloop
 endfacet
 facet normal 0 0 -1
  outer loop
   vertex 37.866668701171875 10.5 3.7000000476837158
   vertex 44.333328247070312 3.2999999523162842 3.7000000476837158
   vertex 37.866668701171875 3.2999999523162842 3.7000000476837158
  endloop
 endfacet
 facet normal 0 0 -1
  outer loop
   vertex 44.333328247070312 10.5 3.7000000476837158
   vertex 44.333328247070312 3.2999999523162842 3.7000000476837158
   vertex 37.866668701171875 10.5 3.7000000476837158
  endloop
 endfacet
 facet normal -0 0 1
  outer loop
   vertex 50.700000762939453 10.5 1.2000000476837158
   vertex 44.533329010009766 10.5 1.2000000476837158
   vertex 44.533329010009766 3.2999999523162842 1.2000000476837158
  endloop
 endfacet
 facet normal 0 0 1
  outer loop
   vertex 50.700000762939453 10.5 1.2000000476837158
   vertex 44.533329010009766 3.2999999523162842 1.2000000476837158
   vertex 50.700000762939453 3.2999999523162842 1.2000000476837158
  endloop
 endfacet
 facet normal 1 0 0
  outer loop
   vertex 44.533329010009766 3.2999999523162842 3.7000000476837158
   vertex 44.533329010009766 3.2999999523162842 1.2000000476837158
   vertex 44.533329010009766 10.5 1.2000000476837158
  endloop
 endfacet
 facet normal 1 0 -0
  outer loop
   vertex 44.533329010009766 3.2999999523162842 3.7000000476837158
   vertex 44.533329010009766 10.5 1.2000000476837158
   vertex 44.533329010009766 10.5 3.7000000476837158
  endloop
 endfacet
 facet normal 0 0 -1
  outer loop
   vertex 50.700000762939453 10.5 3.7000000476837158
   vertex 44.533329010009766 3.2999999523162842 3.7000000476837158
   vertex 44.533329010009766 10.5 3.7000000476837158
  endloop
 endfacet
 facet normal 0 0 -1
  outer loop
   vertex 50.700000762939453 10.5 3.7000000476837158
   vertex 50.700000762939453 3.2999999523162842 3.7000000476837158
   vertex 44.533329010009766 3.2999999523162842 3.7000000476837158
  endloop
 endfacet
 facet normal 0 0 1
  outer loop
   vertex 31.299999237060547 10.5 3.9000000953674316
   vertex 31.299999237060547 3.2999999523162842 3.9000000953674316
   vertex 37.666671752929688 3.2999999523162842 3.9000000953674316
  endloop
 endfacet
 facet normal -0 0 1
  outer loop
   vertex 37.666671752929688 10.5 3.9000000953674316
   vertex 31.299999237060547 10.5 3.9000000953674316
   vertex 37.666671752929688 3.2999999523162842 3.9000000953674316
  endloop
 endfacet
 facet normal -1 0 0
  outer loop
   vertex 37.666671752929688 3.2999999523162842 6.4000000953674316
   vertex 37.666671752929688 10.5 3.9000000953674316
   vertex 37.666671752929688 3.2999999523162842 3.9000000953674316
  endloop
 endfacet
 facet normal -1 -0 -0
  outer loop
   vertex 37.666671752929688 3.2999999523162842 6.4000000953674316
   vertex 37.666671752929688 10.5 6.4000000953674316
   vertex 37.666671752929688 10.5 3.9000000953674316
  endloop
 endfacet
 facet normal 0 0 -1
  outer loop
   vertex 31.299999237060547 10.5 6.4000000953674316
   vertex 37.666671752929688 3.2999999523162842 6.4000000953674316
   vertex 31.299999237060547 3.2999999523162842 6.4000000953674316
  endloop
 endfacet
 facet normal 0 0 -1
  outer loop
   vertex 37.666671752929688 10.5 6.4000000953674316
   vertex 37.666671752929688 3.2999999523162842 6.4000000953674316
   vertex 31.299999237060547 10.5 6.4000000953674316
  endloop
 endfacet
 facet normal 0 0 1
  outer loop
   vertex 37.866668701171875 10.5 3.9000000953674316
   vertex 37.866668701171875 3.2999999523162842 3.9000000953674316
   vertex 44.333328247070312 3.2999999523162842 3.9000000953674316
  endloop
 endfacet
 facet normal -0 0 1
  outer loop
   vertex 44.333328247070312 10.5 3.9000000953674316
   vertex 37.866668701171875 10.5 3.9000000953674316
   vertex 44.333328247070312 3.2999999523162842 3.9000000953674316
  endloop
 endfacet
 facet normal 1 0 0
  outer loop
   vertex 37.866668701171875 3.2999999523162842 6.4000000953674316
   vertex 37.866668701171875 3.2999999523162842 3.9000000953674316
   vertex 37.866668701171875 10.5 3.9000000953674316
  endloop
 endfacet
 facet normal 1 0 -0
  outer loop
   vertex 37.866668701171875 3.2999999523162842 6.4000000953674316
   vertex 37.866668701171875 10.5 3.9000000953674316
   vertex 37.866668701171875 10.5 6.4000000953674316
  endloop
 endfacet
 facet normal -1 0 0
  outer loop
   vertex 44.333328247070312 3.2999999523162842 6.4000000953674316
   vertex 44.333328247070312 10.5 3.9000000953674316
   vertex 44.333328247070312 3.2999999523162842 3.9000000953674316
  endloop
 endfacet
 facet normal -1 -0 -0
  outer loop
   vertex 44.333328247070312 3.2999999523162842 6.4000000953674316
   vertex 44.333328247070312 10.5 6.4000000953674316
   vertex 44.333328247070312 10.5 3.9000000953674316
  endloop
 endfacet
 facet normal 0 0 -1
  outer loop
   vertex 37.866668701171875 10.5 6.4000000953674316
   vertex 44.333328247070312 3.2999999523162842 6.4000000953674316
   vertex 37.866668701171875 3.2999999523162842 6.4000000953674316
  endloop
 endfacet
 facet normal 0 0 -1
  outer loop
   vertex 44.333328247070312 10.5 6.4000000953674316
   vertex 44.333328247070312 3.2999999523162842 6.4000000953674316
   vertex 37.866668701171875 10.5 6.4000000953674316
  endloop
 endfacet
 facet normal -0 0 1
  outer loop
   vertex 50.700000762939453 10.5 3.9000000953674316
   vertex 44.533329010009766 10.5 3.9000000953674316
   vertex 44.533329010009766 3.2999999523162842 3.9000000953674316
  endloop
 endfacet
 facet normal 0 0 1
  outer loop
   vertex 50.700000762939453 10.5 3.9000000953674316
   vertex 44.533329010009766 3.2999999523162842 3.9000000953674316
   vertex 50.700000762939453 3.2999999523162842 3.9000000953674316
  endloop
 endfacet
 facet normal 1 0 0
  outer loop
   vertex 44.533329010009766 3.2999999523162842 6.4000000953674316
   vertex 44.533329010009766 3.2999999523162842 3.9000000953674316
   vertex 44.533329010009766 10.5 3.9000000953674316
  endloop
 endfacet
 facet normal 1 0 -0
  outer loop
   vertex 44.533329010009766 3.2999999523162842 6.4000000953674316
   vertex 44.533329010009766 10.5 3.9000000953674316
   vertex 44.533329010009766 10.5 6.4000000953674316
  endloop
 endfacet
 facet normal 0 0 -1
  outer loop
   vertex 50.700000762939453 10.5 6.4000000953674316
   vertex 44.533329010009766 3.2999999523162842 6.4000000953674316
   vertex 44.533329010009766 10.5 6.4000000953674316
  endloop
 endfacet
 facet normal 0 0 -1
  outer loop
   vertex 50.700000762939453 10.5 6.4000000953674316
   vertex 50.700000762939453 3.2999999523162842 6.4000000953674316
   vertex 44.533329010009766 3.2999999523162842 6.4000000953674316
  endloop
 endfacet
 facet normal 0 0 1
  outer loop
   vertex 31.299999237060547 10.5 6.5999999046325684
   vertex 31.299999237060547 3.2999999523162842 6.5999999046325684
   vertex 37.666671752929688 3.2999999523162842 6.5999999046325684
  endloop
 endfacet
 facet normal -0 0 1
  outer loop
   vertex 37.666671752929688 10.5 6.5999999046325684
   vertex 31.299999237060547 10.5 6.5999999046325684
   vertex 37.666671752929688 3.2999999523162842 6.5999999046325684
  endloop
 endfacet
 facet normal -1 0 0
  outer loop
   vertex 37.666671752929688 3.2999999523162842 9.1000003814697266
   vertex 37.666671752929688 10.5 6.5999999046325684
   vertex 37.666671752929688 3.2999999523162842 6.5999999046325684
  endloop
 endfacet
 facet normal -1 -0 -0
  outer loop
   vertex 37.666671752929688 3.2999999523162842 9.1000003814697266
   vertex 37.666671752929688 10.5 9.1000003814697266
   vertex 37.666671752929688 10.5 6.5999999046325684
  endloop
 endfacet
 facet normal 0 0 -1
  outer loop
   vertex 31.299999237060547 10.5 9.1000003814697266
   vertex 37.666671752929688 3.2999999523162842 9.1000003814697266
   vertex 31.299999237060547 3.2999999523162842 9.1000003814697266
  endloop
 endfacet
 facet normal 0 0 -1
  outer loop
   vertex 37.666671752929688 10.5 9.1000003814697266
   vertex 37.666671752929688 3.2999999523162842 9.1000003814697266
   vertex 31.299999237060547 10.5 9.1000003814697266
  endloop
 endfacet
 facet normal 0 0 1
  outer loop
   vertex 37.866668701171875 10.5 6.5999999046325684
   vertex 37.866668701171875 3.2999999523162842 6.5999999046325684
   vertex 44.333328247070312 3.2999999523162842 6.5999999046325684
  endloop
 endfacet
 facet normal -0 0 1
  outer loop
   vertex 44.333328247070312 10.5 6.5999999046325684
   vertex 37.866668701171875 10.5 6.5999999046325684
   vertex 44.333328247070312 3.2999999523162842 6.5999999046325684
  endloop
 endfacet
 facet normal 1 0 0
  outer loop
   vertex 37.866668701171875 3.2999999523162842 9.1000003814697266
   vertex 37.866668701171875 3.2999999523162842 6.5999999046325684
   vertex 37.866668701171875 10.5 6.5999999046325684
  endloop
 endfacet
 facet normal 1 0 -0
  outer loop
   vertex 37.866668701171875 3.2999999523162842 9.1000003814697266
   vertex 37.866668701171875 10.5 6.5999999046325684
   vertex 37.866668701171875 10.5 9.1000003814697266
  endloop
 endfacet
 facet normal -1 0 0
  outer loop
   vertex 44.333328247070312 3.2999999523162842 9.1000003814697266
   vertex 44.333328247070312 10.5 6.5999999046325684
   vertex 44.333328247070312 3.2999999523162842 6.5999999046325684
  endloop
 endfacet
 facet normal -1 -0 -0
  outer loop
   vertex 44.333328247070312 3.2999999523162842 9.1000003814697266
   vertex 44.333328247070312 10.5 9.1000003814697266
   vertex 44.333328247070312 10.5 6.5999999046325684
  endloop
 endfacet
 facet normal 0 0 -1
  outer loop
   vertex 37.866668701171875 10.5 9.1000003814697266
   vertex 44.333328247070312 3.2999999523162842 9.1000003814697266
   vertex 37.866668701171875 3.2999999523162842 9.1000003814697266
  endloop
 endfacet
 facet normal 0 0 -1
  outer loop
   vertex 44.333328247070312 10.5 9.1000003814697266
   vertex 44.333328247070312 3.2999999523162842 9.1000003814697266
   vertex 37.866668701171875 10.5 9.1000003814697266
  endloop
 endfacet
 facet normal -0 0 1
  outer loop
   vertex 50.700000762939453 10.5 6.5999999046325684
   vertex 44.533329010009766 10.5 6.5999999046325684
   vertex 44.533329010009766 3.2999999523162842 6.5999999046325684
  endloop
 endfacet
 facet normal 0 0 1
  outer loop
   vertex 50.700000762939453 10.5 6.5999999046325684
   vertex 44.533329010009766 3.2999999523162842 6.5999999046325684
   vertex 50.700000762939453 3.2999999523162842 6.5999999046325684
  endloop
 endfacet
 facet normal 1 0 0
  outer loop
   vertex 44.533329010009766 3.2999999523162842 9.1000003814697266
   vertex 44.533329010009766 3.2999999523162842 6.5999999046325684
   vertex 44.533329010009766 10.5 6.5999999046325684
  endloop
 endfacet
 facet normal 1 0 -0
  outer loop
   vertex 44.533329010009766 3.2999999523162842 9.1000003814697266
   vertex 44.533329010009766 10.5 6.5999999046325684
   vertex 44.533329010009766 10.5 9.1000003814697266
  endloop
 endfacet
 facet normal 0 0 -1
  outer loop
   vertex 50.700000762939453 10.5 9.1000003814697266
   vertex 44.533329010009766 3.2999999523162842 9.1000003814697266
   vertex 44.533329010009766 10.5 9.1000003814697266
  endloop
 endfacet
 facet normal 0 0 -1
  outer loop
   vertex 50.700000762939453 10.5 9.1000003814697266
   vertex 50.700000762939453 3.2999999523162842 9.1000003814697266
   vertex 44.533329010009766 3.2999999523162842 9.1000003814697266
  endloop
 endfacet
 facet normal 0 0 1
  outer loop
   vertex 31.299999237060547 10.5 9.3000001907348633
   vertex 31.299999237060547 3.2999999523162842 9.3000001907348633
   vertex 37.666671752929688 3.2999999523162842 9.3000001907348633
  endloop
 endfacet
 facet normal -0 0 1
  outer loop
   vertex 37.666671752929688 10.5 9.3000001907348633
   vertex 31.299999237060547 10.5 9.3000001907348633
   vertex 37.666671752929688 3.2999999523162842 9.3000001907348633
  endloop
 endfacet
 facet normal -1 0 0
  outer loop
   vertex 37.666671752929688 3.2999999523162842 11.800000190734863
   vertex 37.666671752929688 10.5 9.3000001907348633
   vertex 37.666671752929688 3.2999999523162842 9.3000001907348633
  endloop
 endfacet
 facet normal -1 -0 -0
  outer loop
   vertex 37.666671752929688 3.2999999523162842 11.800000190734863
   vertex 37.666671752929688 10.5 11.800000190734863
   vertex 37.666671752929688 10.5 9.3000001907348633
  endloop
 endfacet
 facet normal 0 0 -1
  outer loop
   vertex 31.299999237060547 10.5 11.800000190734863
   vertex 37.666671752929688 3.2999999523162842 11.800000190734863
   vertex 31.299999237060547 3.2999999523162842 11.800000190734863
  endloop
 endfacet
 facet normal 0 0 -1
  outer loop
   vertex 37.666671752929688 10.5 11.800000190734863
   vertex 37.666671752929688 3.2999999523162842 11.800000190734863
   vertex 31.299999237060547 10.5 11.800000190734863
  endloop
 endfacet
 facet normal 0 0 1
  outer loop
   vertex 37.866668701171875 10.5 9.3000001907348633
   vertex 37.866668701171875 3.2999999523162842 9.3000001907348633
   vertex 44.333328247070312 3.2999999523162842 9.3000001907348633
  endloop
 endfacet
 facet normal -0 0 1
  outer loop
   vertex 44.333328247070312 10.5 9.3000001907348633
   vertex 37.866668701171875 10.5 9.3000001907348633
   vertex 44.333328247070312 3.2999999523162842 9.3000001907348633
  endloop
 endfacet
 facet normal 1 0 0
  outer loop
   vertex 37.866668701171875 3.2999999523162842 11.800000190734863
   vertex 37.866668701171875 3.2999999523162842 9.3000001907348633
   vertex 37.866668701171875 10.5 9.3000001907348633
  endloop
 endfacet
 facet normal 1 0 -0
  outer loop
   vertex 37.866668701171875 3.2999999523162842 11.800000190734863
   vertex 37.866668701171875 10.5 9.3000001907348633
   vertex 37.866668701171875 10.5 11.800000190734863
  endloop
 endfacet
 facet normal -1 0 0
  outer loop
   vertex 44.333328247070312 3.2999999523162842 11.800000190734863
   vertex 44.333328247070312 10.5 9.3000001907348633
   vertex 44.333328247070312 3.2999999523162842 9.3000001907348633
  endloop
 endfacet
 facet normal -1 -0 -0
  outer loop
   vertex 44.333328247070312 3.2999999523162842 11.800000190734863
   vertex 44.333328247070312 10.5 11.800000190734863
   vertex 44.333328247070312 10.5 9.3000001907348633
  endloop
 endfacet
 facet normal 0 0 -1
  outer loop
   vertex 37.866668701171875 10.5 11.800000190734863
   vertex 44.333328247070312 3.2999999523162842 11.800000190734863
   vertex 37.866668701171875 3.2999999523162842 11.800000190734863
  endloop
 endfacet
 facet normal 0 0 -1
  outer loop
   vertex 44.333328247070312 10.5 11.800000190734863
   vertex 44.333328247070312 3.2999999523162842 11.800000190734863
   vertex 37.866668701171875 10.5 11.800000190734863
  endloop
 endfacet
 facet normal -0 0 1
  outer loop
   vertex 50.700000762939453 10.5 9.3000001907348633
   vertex 44.533329010009766 10.5 9.3000001907348633
   vertex 44.533329010009766 3.2999999523162842 9.3000001907348633
  endloop
 endfacet
 facet normal 0 0 1
  outer loop
   vertex 50.700000762939453 10.5 9.3000001907348633
   vertex 44.533329010009766 3.2999999523162842 9.3000001907348633
   vertex 50.700000762939453 3.2999999523162842 9.3000001907348633
  endloop
 endfacet
 facet normal 1 0 0
  outer loop
   vertex 44.533329010009766 3.2999999523162842 11.800000190734863
   vertex 44.533329010009766 3.2999999523162842 9.3000001907348633
   vertex 44.533329010009766 10.5 9.3000001907348633
  endloop
 endfacet
 facet normal 1 0 -0
  outer loop
   vertex 44.533329010009766 3.2999999523162842 11.800000190734863
   vertex 44.533329010009766 10.5 9.3000001907348633
   vertex 44.533329010009766 10.5 11.800000190734863
  endloop
 endfacet
 facet normal 0 0 -1
  outer loop
   vertex 50.700000762939453 10.5 11.800000190734863
   vertex 44.533329010009766 3.2999999523162842 11.800000190734863
   vertex 44.533329010009766 10.5 11.800000190734863
  endloop
 endfacet
 facet normal 0 0 -1
  outer loop
   vertex 50.700000762939453 10.5 11.800000190734863
   vertex 50.700000762939453 3.2999999523162842 11.800000190734863
   vertex 44.533329010009766 3.2999999523162842 11.800000190734863
  endloop
 endfacet
 facet normal 0 0 1
  outer loop
   vertex 31.299999237060547 10.5 12
   vertex 31.299999237060547 3.2999999523162842 12
   vertex 37.666671752929688 3.2999999523162842 12
  endloop
 endfacet
 facet normal -0 0 1
  outer loop
   vertex 37.666671752929688 10.5 12
   vertex 31.299999237060547 10.5 12
   vertex 37.666671752929688 3.2999999523162842 12
  endloop
 endfacet
 facet normal -1 0 0
  outer loop
   vertex 37.666671752929688 3.2999999523162842 14.5
   vertex 37.666671752929688 10.5 12
   vertex 37.666671752929688 3.2999999523162842 12
  endloop
 endfacet
 facet normal -1 -0 -0
  outer loop
   vertex 37.666671752929688 3.2999999523162842 14.5
   vertex 37.666671752929688 10.5 14.5
   vertex 37.666671752929688 10.5 12
  endloop
 endfacet
 facet normal 0 0 -1
  outer loop
   vertex 31.299999237060547 10.5 14.5
   vertex 37.666671752929688 3.2999999523162842 14.5
   vertex 31.299999237060547 3.2999999523162842 14.5
  endloop
 endfacet
 facet normal 0 0 -1
  outer loop
   vertex 37.666671752929688 10.5 14.5
   vertex 37.666671752929688 3.2999999523162842 14.5
   vertex 31.299999237060547 10.5 14.5
  endloop
 endfacet
 facet normal 0 0 1
  outer loop
   vertex 37.866668701171875 10.5 12
   vertex 37.866668701171875 3.2999999523162842 12
   vertex 44.333328247070312 3.2999999523162842 12
  endloop
 endfacet
 facet normal -0 0 1
  outer loop
   vertex 44.333328247070312 10.5 12
   vertex 37.866668701171875 10.5 12
   vertex 44.333328247070312 3.2999999523162842 12
  endloop
 endfacet
 facet normal 1 0 0
  outer loop
   vertex 37.866668701171875 3.2999999523162842 14.5
   vertex 37.866668701171875 3.2999999523162842 12
   vertex 37.866668701171875 10.5 12
  endloop
 endfacet
 facet normal 1 0 -0
  outer loop
   vertex 37.866668701171875 3.2999999523162842 14.5
   vertex 37.866668701171875 10.5 12
   vertex 37.866668701171875 10.5 14.5
  endloop
 endfacet
 facet normal -1 0 0
  outer loop
   vertex 44.333328247070312 3.2999999523162842 14.5
   vertex 44.333328247070312 10.5 12
   vertex 44.333328247070312 3.2999999523162842 12
  endloop
 endfacet
 facet normal -1 -0 -0
  outer loop
   vertex 44.333328247070312 3.2999999523162842 14.5
   vertex 44.333328247070312 10.5 14.5
   vertex 44.333328247070312 10.5 12
  endloop
 endfacet
 facet normal 0 0 -1
  outer loop
   vertex 37.866668701171875 10.5 14.5
   vertex 44.333328247070312 3.2999999523162842 14.5
   vertex 37.866668701171875 3.2999999523162842 14.5
  endloop
 endfacet
 facet normal 0 0 -1
  outer loop
   vertex 44.333328247070312 10.5 14.5
   vertex 44.333328247070312 3.2999999523162842 14.5
   vertex 37.866668701171875 10.5 14.5
  endloop
 endfacet
 facet normal -0 0 1
  outer loop
   vertex 50.700000762939453 10.5 12
   vertex 44.533329010009766 10.5 12
   vertex 44.533329010009766 3.2999999523162842 12
  endloop
 endfacet
 facet normal 0 0 1
  outer loop
   vertex 50.700000762939453 10.5 12
   vertex 44.533329010009766 3.2999999523162842 12
   vertex 50.700000762939453 3.2999999523162842 12
  endloop
 endfacet
 facet normal 1 0 0
  outer loop
   vertex 44.533329010009766 3.2999999523162842 14.5
   vertex 44.533329010009766 3.2999999523162842 12
   vertex 44.533329010009766 10.5 12
  endloop
 endfacet
 facet normal 1 0 -0
  outer loop
   vertex 44.533329010009766 3.2999999523162842 14.5
   vertex 44.533329010009766 10.5 12
   vertex 44.533329010009766 10.5 14.5
  endloop
 endfacet
 facet normal 0 0 -1
  outer loop
   vertex 50.700000762939453 10.5 14.5
   vertex 44.533329010009766 3.2999999523162842 14.5
   vertex 44.533329010009766 10.5 14.5
  endloop
 endfacet
 facet normal 0 0 -1
  outer loop
   vertex 50.700000762939453 10.5 14.5
   vertex 50.700000762939453 3.2999999523162842 14.5
   vertex 44.533329010009766 3.2999999523162842 14.5
  endloop
 endfacet
 facet normal 0 1 -0
  outer loop
   vertex 37.666671752929688 10.699999809265137 14.5
   vertex 37.666671752929688 10.699999809265137 12
   vertex 31.299999237060547 10.699999809265137 12
  endloop
 endfacet
 facet normal 0 1 0
  outer loop
   vertex 37.666671752929688 10.699999809265137 14.5
   vertex 31.299999237060547 10.699999809265137 12
   vertex 31.299999237060547 10.699999809265137 14.5
  endloop
 endfacet
 facet normal 0 1 -0
  outer loop
   vertex 44.333328247070312 10.699999809265137 14.5
   vertex 44.333328247070312 10.699999809265137 12
   vertex 37.866668701171875 10.699999809265137 12
  endloop
 endfacet
 facet normal 0 1 0
  outer loop
   vertex 44.333328247070312 10.699999809265137 14.5
   vertex 37.866668701171875 10.699999809265137 12
   vertex 37.866668701171875 10.699999809265137 14.5
  endloop
 endfacet
 facet normal 0 1 -0
  outer loop
   vertex 50.700000762939453 10.699999809265137 14.5
   vertex 50.700000762939453 10.699999809265137 12
   vertex 44.533329010009766 10.699999809265137 12
  endloop
 endfacet
 facet normal 0 1 0
  outer loop
   vertex 50.700000762939453 10.699999809265137 14.5
   vertex 44.533329010009766 10.699999809265137 12
   vertex 44.533329010009766 10.699999809265137 14.5
  endloop
 endfacet
 facet normal 0 1 -0
  outer loop
   vertex 37.666671752929688 10.699999809265137 11.800000190734863
   vertex 37.666671752929688 10.699999809265137 9.3000001907348633
   vertex 31.299999237060547 10.699999809265137 9.3000001907348633
  endloop
 endfacet
 facet normal 0 1 0
  outer loop
   vertex 37.666671752929688 10.699999809265137 11.800000190734863
   vertex 31.299999237060547 10.699999809265137 9.3000001907348633
   vertex 31.299999237060547 10.699999809265137 11.800000190734863
  endloop
 endfacet
 facet normal 0 1 0
  outer loop
   vertex 44.333328247070312 10.699999809265137 9.3000001907348633
   vertex 37.866668701171875 10.699999809265137 9.3000001907348633
   vertex 37.866668701171875 10.699999809265137 11.800000190734863
  endloop
 endfacet
 facet normal 0 1 -0
  outer loop
   vertex 44.333328247070312 10.699999809265137 11.800000190734863
   vertex 44.333328247070312 10.699999809265137 9.3000001907348633
   vertex 37.866668701171875 10.699999809265137 11.800000190734863
  endloop
 endfacet
 facet normal 0 1 -0
  outer loop
   vertex 50.700000762939453 10.699999809265137 11.800000190734863
   vertex 50.700000762939453 10.699999809265137 9.3000001907348633
   vertex 44.533329010009766 10.699999809265137 9.3000001907348633
  endloop
 endfacet
 facet normal 0 1 0
  outer loop
   vertex 50.700000762939453 10.699999809265137 11.800000190734863
   vertex 44.533329010009766 10.699999809265137 9.3000001907348633
   vertex 44.533329010009766 10.699999809265137 11.800000190734863
  endloop
 endfacet
 facet normal 0 1 -0
  outer loop
   vertex 37.666671752929688 10.699999809265137 9.1000003814697266
   vertex 37.666671752929688 10.699999809265137 6.5999999046325684
   vertex 31.299999237060547 10.699999809265137 6.5999999046325684
  endloop
 endfacet
 facet normal 0 1 0
  outer loop
   vertex 37.666671752929688 10.699999809265137 9.1000003814697266
   vertex 31.299999237060547 10.699999809265137 6.5999999046325684
   vertex 31.299999237060547 10.699999809265137 9.1000003814697266
  endloop
 endfacet
 facet normal 0 1 -0
  outer loop
   vertex 44.333328247070312 10.699999809265137 9.1000003814697266
   vertex 44.333328247070312 10.699999809265137 6.5999999046325684
   vertex 37.866668701171875 10.699999809265137 6.5999999046325684
  endloop
 endfacet
 facet normal 0 1 0
  outer loop
   vertex 44.333328247070312 10.699999809265137 9.1000003814697266
   vertex 37.866668701171875 10.699999809265137 6.5999999046325684
   vertex 37.866668701171875 10.699999809265137 9.1000003814697266
  endloop
 endfacet
 facet normal 0 1 -0
  outer loop
   vertex 50.700000762939453 10.699999809265137 9.1000003814697266
   vertex 50.700000762939453 10.699999809265137 6.5999999046325684
   vertex 44.533329010009766 10.699999809265137 6.5999999046325684
  endloop
 endfacet
 facet normal 0 1 0
  outer loop
   vertex 50.700000762939453 10.699999809265137 9.1000003814697266
   vertex 44.533329010009766 10.699999809265137 6.5999999046325684
   vertex 44.533329010009766 10.699999809265137 9.1000003814697266
  endloop
 endfacet
 facet normal 0 1 -0
  outer loop
   vertex 37.666671752929688 10.699999809265137 6.4000000953674316
   vertex 37.666671752929688 10.699999809265137 3.9000000953674316
   vertex 31.299999237060547 10.699999809265137 3.9000000953674316
  endloop
 endfacet
 facet normal 0 1 0
  outer loop
   vertex 37.666671752929688 10.699999809265137 6.4000000953674316
   vertex 31.299999237060547 10.699999809265137 3.9000000953674316
   vertex 31.299999237060547 10.699999809265137 6.4000000953674316
  endloop
 endfacet
 facet normal 0 1 0
  outer loop
   vertex 44.333328247070312 10.699999809265137 3.9000000953674316
   vertex 37.866668701171875 10.699999809265137 3.9000000953674316
   vertex 37.866668701171875 10.699999809265137 6.4000000953674316
  endloop
 endfacet
 facet normal 0 1 -0
  outer loop
   vertex 44.333328247070312 10.699999809265137 6.4000000953674316
   vertex 44.333328247070312 10.699999809265137 3.9000000953674316
   vertex 37.866668701171875 10.699999809265137 6.4000000953674316
  endloop
 endfacet
 facet normal 0 1 -0
  outer loop
   vertex 50.700000762939453 10.699999809265137 6.4000000953674316
   vertex 50.700000762939453 10.699999809265137 3.9000000953674316
   vertex 44.533329010009766 10.699999809265137 3.9000000953674316
  endloop
 endfacet
 facet normal 0 1 0
  outer loop
   vertex 50.700000762939453 10.699999809265137 6.4000000953674316
   vertex 44.533329010009766 10.699999809265137 3.9000000953674316
   vertex 44.533329010009766 10.699999809265137 6.4000000953674316
  endloop
 endfacet
 facet normal 0 1 -0
  outer loop
   vertex 37.666671752929688 10.699999809265137 3.7000000476837158
   vertex 37.666671752929688 10.699999809265137 1.2000000476837158
   vertex 31.299999237060547 10.699999809265137 1.2000000476837158
  endloop
 endfacet
 facet normal 0 1 0
  outer loop
   vertex 37.666671752929688 10.699999809265137 3.7000000476837158
   vertex 31.299999237060547 10.699999809265137 1.2000000476837158
   vertex 31.299999237060547 10.699999809265137 3.7000000476837158
  endloop
 endfacet
 facet normal 0 1 0
  outer loop
   vertex 44.333328247070312 10.699999809265137 1.2000000476837158
   vertex 37.866668701171875 10.699999809265137 1.2000000476837158
   vertex 37.866668701171875 10.699999809265137 3.7000000476837158
  endloop
 endfacet
 facet normal 0 1 -0
  outer loop
   vertex 44.333328247070312 10.699999809265137 3.7000000476837158
   vertex 44.333328247070312 10.699999809265137 1.2000000476837158
   vertex 37.866668701171875 10.699999809265137 3.7000000476837158
  endloop
 endfacet
 facet normal 0 1 -0
  outer loop
   vertex 50.700000762939453 10.699999809265137 3.7000000476837158
   vertex 50.700000762939453 10.699999809265137 1.2000000476837158
   vertex 44.533329010009766 10.699999809265137 1.2000000476837158
  endloop
 endfacet
 facet normal 0 1 0
  outer loop
   vertex 50.700000762939453 10.699999809265137 3.7000000476837158
   vertex 44.533329010009766 10.699999809265137 1.2000000476837158
   vertex 44.533329010009766 10.699999809265137 3.7000000476837158
  endloop
 endfacet
 facet normal 0 -1 0
  outer loop
   vertex 37.666671752929688 10.5 3.7000000476837158
   vertex 31.299999237060547 10.5 1.2000000476837158
   vertex 37.666671752929688 10.5 1.2000000476837158
  endloop
 endfacet
 facet normal 0 -1 0
  outer loop
   vertex 37.666671752929688 10.5 3.7000000476837158
   vertex 31.299999237060547 10.5 3.7000000476837158
   vertex 31.299999237060547 10.5 1.2000000476837158
  endloop
 endfacet
 facet normal 0 -1 0
  outer loop
   vertex 44.333328247070312 10.5 1.2000000476837158
   vertex 37.866668701171875 10.5 3.7000000476837158
   vertex 37.866668701171875 10.5 1.2000000476837158
  endloop
 endfacet
 facet normal 0 -1 0
  outer loop
   vertex 44.333328247070312 10.5 3.7000000476837158
   vertex 37.866668701171875 10.5 3.7000000476837158
   vertex 44.333328247070312 10.5 1.2000000476837158
  endloop
 endfacet
 facet normal 0 -1 0
  outer loop
   vertex 50.700000762939453 10.5 3.7000000476837158
   vertex 44.533329010009766 10.5 1.2000000476837158
   vertex 50.700000762939453 10.5 1.2000000476837158
  endloop
 endfacet
 facet normal 0 -1 0
  outer loop
   vertex 50.700000762939453 10.5 3.7000000476837158
   vertex 44.533329010009766 10.5 3.7000000476837158
   vertex 44.533329010009766 10.5 1.2000000476837158
  endloop
 endfacet
 facet normal 0 -1 0
  outer loop
   vertex 37.666671752929688 10.5 6.4000000953674316
   vertex 31.299999237060547 10.5 3.9000000953674316
   vertex 37.666671752929688 10.5 3.9000000953674316
  endloop
 endfacet
 facet normal 0 -1 0
  outer loop
   vertex 37.666671752929688 10.5 6.4000000953674316
   vertex 31.299999237060547 10.5 6.4000000953674316
   vertex 31.299999237060547 10.5 3.9000000953674316
  endloop
 endfacet
 facet normal 0 -1 0
  outer loop
   vertex 44.333328247070312 10.5 3.9000000953674316
   vertex 37.866668701171875 10.5 6.4000000953674316
   vertex 37.866668701171875 10.5 3.9000000953674316
  endloop
 endfacet
 facet normal 0 -1 0
  outer loop
   vertex 44.333328247070312 10.5 6.4000000953674316
   vertex 37.866668701171875 10.5 6.4000000953674316
   vertex 44.333328247070312 10.5 3.9000000953674316
  endloop
 endfacet
 facet normal 0 -1 0
  outer loop
   vertex 50.700000762939453 10.5 6.4000000953674316
   vertex 44.533329010009766 10.5 3.9000000953674316
   vertex 50.700000762939453 10.5 3.9000000953674316
  endloop
 endfacet
 facet normal 0 -1 0
  outer loop
   vertex 50.700000762939453 10.5 6.4000000953674316
   vertex 44.533329010009766 10.5 6.4000000953674316
   vertex 44.533329010009766 10.5 3.9000000953674316
  endloop
 endfacet
 facet normal 0 -1 0
  outer loop
   vertex 37.666671752929688 10.5 9.1000003814697266
   vertex 31.299999237060547 10.5 6.5999999046325684
   vertex 37.666671752929688 10.5 6.5999999046325684
  endloop
 endfacet
 facet normal 0 -1 0
  outer loop
   vertex 37.666671752929688 10.5 9.1000003814697266
   vertex 31.299999237060547 10.5 9.1000003814697266
   vertex 31.299999237060547 10.5 6.5999999046325684
  endloop
 endfacet
 facet normal 0 -1 0
  outer loop
   vertex 44.333328247070312 10.5 9.1000003814697266
   vertex 37.866668701171875 10.5 6.5999999046325684
   vertex 44.333328247070312 10.5 6.5999999046325684
  endloop
 endfacet
 facet normal 0 -1 0
  outer loop
   vertex 44.333328247070312 10.5 9.1000003814697266
   vertex 37.866668701171875 10.5 9.1000003814697266
   vertex 37.866668701171875 10.5 6.5999999046325684
  endloop
 endfacet
 facet normal 0 -1 0
  outer loop
   vertex 50.700000762939453 10.5 9.1000003814697266
   vertex 44.533329010009766 10.5 6.5999999046325684
   vertex 50.700000762939453 10.5 6.5999999046325684
  endloop
 endfacet
 facet normal 0 -1 0
  outer loop
   vertex 50.700000762939453 10.5 9.1000003814697266
   vertex 44.533329010009766 10.5 9.1000003814697266
   vertex 44.533329010009766 10.5 6.5999999046325684
  endloop
 endfacet
 facet normal 0 -1 0
  outer loop
   vertex 37.666671752929688 10.5 11.800000190734863
   vertex 31.299999237060547 10.5 9.3000001907348633
   vertex 37.666671752929688 10.5 9.3000001907348633
  endloop
 endfacet
 facet normal 0 -1 0
  outer loop
   vertex 37.666671752929688 10.5 11.800000190734863
   vertex 31.299999237060547 10.5 11.800000190734863
   vertex 31.299999237060547 10.5 9.3000001907348633
  endloop
 endfacet
 facet normal 0 -1 0
  outer loop
   vertex 44.333328247070312 10.5 9.3000001907348633
   vertex 37.866668701171875 10.5 11.800000190734863
   vertex 37.866668701171875 10.5 9.3000001907348633
  endloop
 endfacet
 facet normal 0 -1 0
  outer loop
   vertex 44.333328247070312 10.5 11.800000190734863
   vertex 37.866668701171875 10.5 11.800000190734863
   vertex 44.333328247070312 10.5 9.3000001907348633
  endloop
 endfacet
 facet normal 0 -1 0
  outer loop
   vertex 50.700000762939453 10.5 11.800000190734863
   vertex 44.533329010009766 10.5 9.3000001907348633
   vertex 50.700000762939453 10.5 9.3000001907348633
  endloop
 endfacet
 facet normal 0 -1 0
  outer loop
   vertex 50.700000762939453 10.5 11.800000190734863
   vertex 44.533329010009766 10.5 11.800000190734863
   vertex 44.533329010009766 10.5 9.3000001907348633
  endloop
 endfacet
 facet normal 0 -1 0
  outer loop
   vertex 37.666671752929688 10.5 14.5
   vertex 31.299999237060547 10.5 12
   vertex 37.666671752929688 10.5 12
  endloop
 endfacet
 facet normal 0 -1 0
  outer loop
   vertex 37.666671752929688 10.5 14.5
   vertex 31.299999237060547 10.5 14.5
   vertex 31.299999237060547 10.5 12
  endloop
 endfacet
 facet normal 0 -1 0
  outer loop
   vertex 44.333328247070312 10.5 14.5
   vertex 37.866668701171875 10.5 12
   vertex 44.333328247070312 10.5 12
  endloop
 endfacet
 facet normal 0 -1 0
  outer loop
   vertex 44.333328247070312 10.5 14.5
   vertex 37.866668701171875 10.5 14.5
   vertex 37.866668701171875 10.5 12
  endloop
 endfacet
 facet normal 0 -1 0
  outer loop
   vertex 50.700000762939453 10.5 14.5
   vertex 44.533329010009766 10.5 12
   vertex 50.700000762939453 10.5 12
  endloop
 endfacet
 facet normal 0 -1 0
  outer loop
   vertex 50.700000762939453 10.5 14.5
   vertex 44.533329010009766 10.5 14.5
   vertex 44.533329010009766 10.5 12
  endloop
 endfacet
 facet normal 0 0 -1
  outer loop
   vertex 65.083328247070312 17.875999450683594 13.649999618530273
   vertex 63.583328247070312 17.799999237060547 13.649999618530273
   vertex 63.583328247070312 17.875999450683594 13.649999618530273
  endloop
 endfacet
 facet normal 0 0 -1
  outer loop
   vertex 65.083328247070312 17.875999450683594 13.649999618530273
   vertex 65.083328247070312 17.799999237060547 13.649999618530273
   vertex 63.583328247070312 17.799999237060547 13.649999618530273
  endloop
 endfacet
 facet normal -1 0 0
  outer loop
   vertex 65.083328247070312 17.799999237060547 13.649999618530273
   vertex 65.083328247070312 17.875999450683594 12.449999809265137
   vertex 65.083328247070312 17.799999237060547 12.449999809265137
  endloop
 endfacet
 facet normal -1 -0 -0
  outer loop
   vertex 65.083328247070312 17.799999237060547 13.649999618530273
   vertex 65.083328247070312 17.875999450683594 13.649999618530273
   vertex 65.083328247070312 17.875999450683594 12.449999809265137
  endloop
 endfacet
 facet normal 1 0 0
  outer loop
   vertex 63.583328247070312 17.799999237060547 13.649999618530273
   vertex 63.583328247070312 17.799999237060547 12.449999809265137
   vertex 63.583328247070312 17.875999450683594 12.449999809265137
  endloop
 endfacet
 facet normal 1 0 -0
  outer loop
   vertex 63.583328247070312 17.799999237060547 13.649999618530273
   vertex 63.583328247070312 17.875999450683594 12.449999809265137
   vertex 63.583328247070312 17.875999450683594 13.649999618530273
  endloop
 endfacet
 facet normal -0 0 1
  outer loop
   vertex 65.083328247070312 17.875999450683594 12.449999809265137
   vertex 63.583328247070312 17.875999450683594 12.449999809265137
   vertex 63.583328247070312 17.799999237060547 12.449999809265137
  endloop
 endfacet
 facet normal 0 0 1
  outer loop
   vertex 65.083328247070312 17.875999450683594 12.449999809265137
   vertex 63.583328247070312 17.799999237060547 12.449999809265137
   vertex 65.083328247070312 17.799999237060547 12.449999809265137
  endloop
 endfacet
 facet normal 0 0 -1
  outer loop
   vertex 71.75 17.875999450683594 13.649999618530273
   vertex 70.25 17.799999237060547 13.649999618530273
   vertex 70.25 17.875999450683594 13.649999618530273
  endloop
 endfacet
 facet normal 0 0 -1
  outer loop
   vertex 71.75 17.875999450683594 13.649999618530273
   vertex 71.75 17.799999237060547 13.649999618530273
   vertex 70.25 17.799999237060547 13.649999618530273
  endloop
 endfacet
 facet normal -1 0 0
  outer loop
   vertex 71.75 17.799999237060547 13.649999618530273
   vertex 71.75 17.875999450683594 12.449999809265137
   vertex 71.75 17.799999237060547 12.449999809265137
  endloop
 endfacet
 facet normal -1 -0 -0
  outer loop
   vertex 71.75 17.799999237060547 13.649999618530273
   vertex 71.75 17.875999450683594 13.649999618530273
   vertex 71.75 17.875999450683594 12.449999809265137
  endloop
 endfacet
 facet normal 1 0 0
  outer loop
   vertex 70.25 17.799999237060547 13.649999618530273
   vertex 70.25 17.799999237060547 12.449999809265137
   vertex 70.25 17.875999450683594 12.449999809265137
  endloop
 endfacet
 facet normal 1 0 -0
  outer loop
   vertex 70.25 17.799999237060547 13.649999618530273
   vertex 70.25 17.875999450683594 12.449999809265137
   vertex 70.25 17.875999450683594 13.649999618530273
  endloop
 endfacet
 facet normal -0 0 1
  outer loop
   vertex 71.75 17.875999450683594 12.449999809265137
   vertex 70.25 17.875999450683594 12.449999809265137
   vertex 70.25 17.799999237060547 12.449999809265137
  endloop
 endfacet
 facet normal 0 0 1
  outer loop
   vertex 71.75 17.875999450683594 12.449999809265137
   vertex 70.25 17.799999237060547 12.449999809265137
   vertex 71.75 17.799999237060547 12.449999809265137
  endloop
 endfacet
 facet normal -0 0 1
  outer loop
   vertex 78.416671752929688 17.875999450683594 12.449999809265137
   vertex 76.916671752929688 17.875999450683594 12.449999809265137
   vertex 76.916671752929688 17.799999237060547 12.449999809265137
  endloop
 endfacet
 facet normal 0 0 1
  outer loop
   vertex 78.416671752929688 17.875999450683594 12.449999809265137
   vertex 76.916671752929688 17.799999237060547 12.449999809265137
   vertex 78.416671752929688 17.799999237060547 12.449999809265137
  endloop
 endfacet
 facet normal -1 0 0
  outer loop
   vertex 78.416671752929688 17.799999237060547 13.649999618530273
   vertex 78.416671752929688 17.875999450683594 12.449999809265137
   vertex 78.416671752929688 17.799999237060547 12.449999809265137
  endloop
 endfacet
 facet normal -1 -0 -0
  outer loop
   vertex 78.416671752929688 17.799999237060547 13.649999618530273
   vertex 78.416671752929688 17.875999450683594 13.649999618530273
   vertex 78.416671752929688 17.875999450683594 12.449999809265137
  endloop
 endfacet
 facet normal 1 0 0
  outer loop
   vertex 76.916671752929688 17.799999237060547 13.649999618530273
   vertex 76.916671752929688 17.799999237060547 12.449999809265137
   vertex 76.916671752929688 17.875999450683594 12.449999809265137
  endloop
 endfacet
 facet normal 1 0 -0
  outer loop
   vertex 76.916671752929688 17.799999237060547 13.649999618530273
   vertex 76.916671752929688 17.875999450683594 12.449999809265137
   vertex 76.916671752929688 17.875999450683594 13.649999618530273
  endloop
 endfacet
 facet normal 0 0 -1
  outer loop
   vertex 78.416671752929688 17.875999450683594 13.649999618530273
   vertex 76.916671752929688 17.799999237060547 13.649999618530273
   vertex 76.916671752929688 17.875999450683594 13.649999618530273
  endloop
 endfacet
 facet normal 0 0 -1
  outer loop
   vertex 78.416671752929688 17.875999450683594 13.649999618530273
   vertex 78.416671752929688 17.799999237060547 13.649999618530273
   vertex 76.916671752929688 17.799999237060547 13.649999618530273
  endloop
 endfacet
 facet normal 0 0 -1
  outer loop
   vertex 65.083328247070312 17.875999450683594 10.949999809265137
   vertex 63.583328247070312 17.799999237060547 10.949999809265137
   vertex 63.583328247070312 17.875999450683594 10.949999809265137
  endloop
 endfacet
 facet normal 0 0 -1
  outer loop
   vertex 65.083328247070312 17.875999450683594 10.949999809265137
   vertex 65.083328247070312 17.799999237060547 10.949999809265137
   vertex 63.583328247070312 17.799999237060547 10.949999809265137
  endloop
 endfacet
 facet normal -1 0 0
  outer loop
   vertex 65.083328247070312 17.799999237060547 10.949999809265137
   vertex 65.083328247070312 17.875999450683594 9.75
   vertex 65.083328247070312 17.799999237060547 9.75
  endloop
 endfacet
 facet normal -1 -0 -0
  outer loop
   vertex 65.083328247070312 17.799999237060547 10.949999809265137
   vertex 65.083328247070312 17.875999450683594 10.949999809265137
   vertex 65.083328247070312 17.875999450683594 9.75
  endloop
 endfacet
 facet normal 1 0 0
  outer loop
   vertex 63.583328247070312 17.799999237060547 10.949999809265137
   vertex 63.583328247070312 17.799999237060547 9.75
   vertex 63.583328247070312 17.875999450683594 9.75
  endloop
 endfacet
 facet normal 1 0 -0
  outer loop
   vertex 63.583328247070312 17.799999237060547 10.949999809265137
   vertex 63.583328247070312 17.875999450683594 9.75
   vertex 63.583328247070312 17.875999450683594 10.949999809265137
  endloop
 endfacet
 facet normal -0 0 1
  outer loop
   vertex 65.083328247070312 17.875999450683594 9.75
   vertex 63.583328247070312 17.875999450683594 9.75
   vertex 63.583328247070312 17.799999237060547 9.75
  endloop
 endfacet
 facet normal 0 0 1
  outer loop
   vertex 65.083328247070312 17.875999450683594 9.75
   vertex 63.583328247070312 17.799999237060547 9.75
   vertex 65.083328247070312 17.799999237060547 9.75
  endloop
 endfacet
 facet normal 0 0 -1
  outer loop
   vertex 71.75 17.875999450683594 10.949999809265137
   vertex 70.25 17.799999237060547 10.949999809265137
   vertex 70.25 17.875999450683594 10.949999809265137
  endloop
 endfacet
 facet normal 0 0 -1
  outer loop
   vertex 71.75 17.875999450683594 10.949999809265137
   vertex 71.75 17.799999237060547 10.949999809265137
   vertex 70.25 17.799999237060547 10.949999809265137
  endloop
 endfacet
 facet normal -1 0 0
  outer loop
   vertex 71.75 17.799999237060547 10.949999809265137
   vertex 71.75 17.875999450683594 9.75
   vertex 71.75 17.799999237060547 9.75
  endloop
 endfacet
 facet normal -1 -0 -0
  outer loop
   vertex 71.75 17.799999237060547 10.949999809265137
   vertex 71.75 17.875999450683594 10.949999809265137
   vertex 71.75 17.875999450683594 9.75
  endloop
 endfacet
 facet normal 1 0 0
  outer loop
   vertex 70.25 17.799999237060547 10.949999809265137
   vertex 70.25 17.799999237060547 9.75
   vertex 70.25 17.875999450683594 9.75
  endloop
 endfacet
 facet normal 1 0 -0
  outer loop
   vertex 70.25 17.799999237060547 10.949999809265137
   vertex 70.25 17.875999450683594 9.75
   vertex 70.25 17.875999450683594 10.949999809265137
  endloop
 endfacet
 facet normal -0 0 1
  outer loop
   vertex 71.75 17.875999450683594 9.75
   vertex 70.25 17.875999450683594 9.75
   vertex 70.25 17.799999237060547 9.75
  endloop
 endfacet
 facet normal 0 0 1
  outer loop
   vertex 71.75 17.875999450683594 9.75
   vertex 70.25 17.799999237060547 9.75
   vertex 71.75 17.799999237060547 9.75
  endloop
 endfacet
 facet normal -0 0 1
  outer loop
   vertex 78.416671752929688 17.875999450683594 9.75
   vertex 76.916671752929688 17.875999450683594 9.75
   vertex 76.916671752929688 17.799999237060547 9.75
  endloop
 endfacet
 facet normal 0 0 1
  outer loop
   vertex 78.416671752929688 17.875999450683594 9.75
   vertex 76.916671752929688 17.799999237060547 9.75
   vertex 78.416671752929688 17.799999237060547 9.75
  endloop
 endfacet
 facet normal -1 0 0
  outer loop
   vertex 78.416671752929688 17.799999237060547 10.949999809265137
   vertex 78.416671752929688 17.875999450683594 9.75
   vertex 78.416671752929688 17.799999237060547 9.75
  endloop
 endfacet
 facet normal -1 -0 -0
  outer loop
   vertex 78.416671752929688 17.799999237060547 10.949999809265137
   vertex 78.416671752929688 17.875999450683594 10.949999809265137
   vertex 78.416671752929688 17.875999450683594 9.75
  endloop
 endfacet
 facet normal 1 0 0
  outer loop
   vertex 76.916671752929688 17.799999237060547 10.949999809265137
   vertex 76.916671752929688 17.799999237060547 9.75
   vertex 76.916671752929688 17.875999450683594 9.75
  endloop
 endfacet
 facet normal 1 0 -0
  outer loop
   vertex 76.916671752929688 17.799999237060547 10.949999809265137
   vertex 76.916671752929688 17.875999450683594 9.75
   vertex 76.916671752929688 17.875999450683594 10.949999809265137
  endloop
 endfacet
 facet normal 0 0 -1
  outer loop
   vertex 78.416671752929688 17.875999450683594 10.949999809265137
   vertex 76.916671752929688 17.799999237060547 10.949999809265137
   vertex 76.916671752929688 17.875999450683594 10.949999809265137
  endloop
 endfacet
 facet normal 0 0 -1
  outer loop
   vertex 78.416671752929688 17.875999450683594 10.949999809265137
   vertex 78.416671752929688 17.799999237060547 10.949999809265137
   vertex 76.916671752929688 17.799999237060547 10.949999809265137
  endloop
 endfacet
 facet normal 0 0 -1
  outer loop
   vertex 65.083328247070312 17.875999450683594 8.25
   vertex 63.583328247070312 17.799999237060547 8.25
   vertex 63.583328247070312 17.875999450683594 8.25
  endloop
 endfacet
 facet normal 0 0 -1
  outer loop
   vertex 65.083328247070312 17.875999450683594 8.25
   vertex 65.083328247070312 17.799999237060547 8.25
   vertex 63.583328247070312 17.799999237060547 8.25
  endloop
 endfacet
 facet normal -1 0 0
  outer loop
   vertex 65.083328247070312 17.799999237060547 8.25
   vertex 65.083328247070312 17.875999450683594 7.0500001907348633
   vertex 65.083328247070312 17.799999237060547 7.0500001907348633
  endloop
 endfacet
 facet normal -1 -0 -0
  outer loop
   vertex 65.083328247070312 17.799999237060547 8.25
   vertex 65.083328247070312 17.875999450683594 8.25
   vertex 65.083328247070312 17.875999450683594 7.0500001907348633
  endloop
 endfacet
 facet normal 1 0 0
  outer loop
   vertex 63.583328247070312 17.799999237060547 8.25
   vertex 63.583328247070312 17.799999237060547 7.0500001907348633
   vertex 63.583328247070312 17.875999450683594 7.0500001907348633
  endloop
 endfacet
 facet normal 1 0 -0
  outer loop
   vertex 63.583328247070312 17.799999237060547 8.25
   vertex 63.583328247070312 17.875999450683594 7.0500001907348633
   vertex 63.583328247070312 17.875999450683594 8.25
  endloop
 endfacet
 facet normal -0 0 1
  outer loop
   vertex 65.083328247070312 17.875999450683594 7.0500001907348633
   vertex 63.583328247070312 17.875999450683594 7.0500001907348633
   vertex 63.583328247070312 17.799999237060547 7.0500001907348633
  endloop
 endfacet
 facet normal 0 0 1
  outer loop
   vertex 65.083328247070312 17.875999450683594 7.0500001907348633
   vertex 63.583328247070312 17.799999237060547 7.0500001907348633
   vertex 65.083328247070312 17.799999237060547 7.0500001907348633
  endloop
 endfacet
 facet normal 0 0 -1
  outer loop
   vertex 71.75 17.875999450683594 8.25
   vertex 70.25 17.799999237060547 8.25
   vertex 70.25 17.875999450683594 8.25
  endloop
 endfacet
 facet normal 0 0 -1
  outer loop
   vertex 71.75 17.875999450683594 8.25
   vertex 71.75 17.799999237060547 8.25
   vertex 70.25 17.799999237060547 8.25
  endloop
 endfacet
 facet normal -1 0 0
  outer loop
   vertex 71.75 17.799999237060547 8.25
   vertex 71.75 17.875999450683594 7.0500001907348633
   vertex 71.75 17.799999237060547 7.0500001907348633
  endloop
 endfacet
 facet normal -1 -0 -0
  outer loop
   vertex 71.75 17.799999237060547 8.25
   vertex 71.75 17.875999450683594 8.25
   vertex 71.75 17.875999450683594 7.0500001907348633
  endloop
 endfacet
 facet normal 1 0 0
  outer loop
   vertex 70.25 17.799999237060547 8.25
   vertex 70.25 17.799999237060547 7.0500001907348633
   vertex 70.25 17.875999450683594 7.0500001907348633
  endloop
 endfacet
 facet normal 1 0 -0
  outer loop
   vertex 70.25 17.799999237060547 8.25
   vertex 70.25 17.875999450683594 7.0500001907348633
   vertex 70.25 17.875999450683594 8.25
  endloop
 endfacet
 facet normal -0 0 1
  outer loop
   vertex 71.75 17.875999450683594 7.0500001907348633
   vertex 70.25 17.875999450683594 7.0500001907348633
   vertex 70.25 17.799999237060547 7.0500001907348633
  endloop
 endfacet
 facet normal 0 0 1
  outer loop
   vertex 71.75 17.875999450683594 7.0500001907348633
   vertex 70.25 17.799999237060547 7.0500001907348633
   vertex 71.75 17.799999237060547 7.0500001907348633
  endloop
 endfacet
 facet normal -0 0 1
  outer loop
   vertex 78.416671752929688 17.875999450683594 7.0500001907348633
   vertex 76.916671752929688 17.875999450683594 7.0500001907348633
   vertex 76.916671752929688 17.799999237060547 7.0500001907348633
  endloop
 endfacet
 facet normal 0 0 1
  outer loop
   vertex 78.416671752929688 17.875999450683594 7.0500001907348633
   vertex 76.916671752929688 17.799999237060547 7.0500001907348633
   vertex 78.416671752929688 17.799999237060547 7.0500001907348633
  endloop
 endfacet
 facet normal -1 0 0
  outer loop
   vertex 78.416671752929688 17.799999237060547 8.25
   vertex 78.416671752929688 17.875999450683594 7.0500001907348633
   vertex 78.416671752929688 17.799999237060547 7.0500001907348633
  endloop
 endfacet
 facet normal -1 -0 -0
  outer loop
   vertex 78.416671752929688 17.799999237060547 8.25
   vertex 78.416671752929688 17.875999450683594 8.25
   vertex 78.416671752929688 17.875999450683594 7.0500001907348633
  endloop
 endfacet
 facet normal 1 0 0
  outer loop
   vertex 76.916671752929688 17.799999237060547 8.25
   vertex 76.916671752929688 17.799999237060547 7.0500001907348633
   vertex 76.916671752929688 17.875999450683594 7.0500001907348633
  endloop
 endfacet
 facet normal 1 0 -0
  outer loop
   vertex 76.916671752929688 17.799999237060547 8.25
   vertex 76.916671752929688 17.875999450683594 7.0500001907348633
   vertex 76.916671752929688 17.875999450683594 8.25
  endloop
 endfacet
 facet normal 0 0 -1
  outer loop
   vertex 78.416671752929688 17.875999450683594 8.25
   vertex 76.916671752929688 17.799999237060547 8.25
   vertex 76.916671752929688 17.875999450683594 8.25
  endloop
 endfacet
 facet normal 0 0 -1
  outer loop
   vertex 78.416671752929688 17.875999450683594 8.25
   vertex 78.416671752929688 17.799999237060547 8.25
   vertex 76.916671752929688 17.799999237060547 8.25
  endloop
 endfacet
 facet normal 0 0 -1
  outer loop
   vertex 65.083328247070312 17.875999450683594 5.5500001907348633
   vertex 63.583328247070312 17.799999237060547 5.5500001907348633
   vertex 63.583328247070312 17.875999450683594 5.5500001907348633
  endloop
 endfacet
 facet normal 0 0 -1
  outer loop
   vertex 65.083328247070312 17.875999450683594 5.5500001907348633
   vertex 65.083328247070312 17.799999237060547 5.5500001907348633
   vertex 63.583328247070312 17.799999237060547 5.5500001907348633
  endloop
 endfacet
 facet normal -1 0 0
  outer loop
   vertex 65.083328247070312 17.799999237060547 5.5500001907348633
   vertex 65.083328247070312 17.875999450683594 4.3499999046325684
   vertex 65.083328247070312 17.799999237060547 4.3499999046325684
  endloop
 endfacet
 facet normal -1 -0 -0
  outer loop
   vertex 65.083328247070312 17.799999237060547 5.5500001907348633
   vertex 65.083328247070312 17.875999450683594 5.5500001907348633
   vertex 65.083328247070312 17.875999450683594 4.3499999046325684
  endloop
 endfacet
 facet normal 1 0 0
  outer loop
   vertex 63.583328247070312 17.799999237060547 5.5500001907348633
   vertex 63.583328247070312 17.799999237060547 4.3499999046325684
   vertex 63.583328247070312 17.875999450683594 4.3499999046325684
  endloop
 endfacet
 facet normal 1 0 -0
  outer loop
   vertex 63.583328247070312 17.799999237060547 5.5500001907348633
   vertex 63.583328247070312 17.875999450683594 4.3499999046325684
   vertex 63.583328247070312 17.875999450683594 5.5500001907348633
  endloop
 endfacet
 facet normal -0 0 1
  outer loop
   vertex 65.083328247070312 17.875999450683594 4.3499999046325684
   vertex 63.583328247070312 17.875999450683594 4.3499999046325684
   vertex 63.583328247070312 17.799999237060547 4.3499999046325684
  endloop
 endfacet
 facet normal 0 0 1
  outer loop
   vertex 65.083328247070312 17.875999450683594 4.3499999046325684
   vertex 63.583328247070312 17.799999237060547 4.3499999046325684
   vertex 65.083328247070312 17.799999237060547 4.3499999046325684
  endloop
 endfacet
 facet normal 0 0 -1
  outer loop
   vertex 71.75 17.875999450683594 5.5500001907348633
   vertex 70.25 17.799999237060547 5.5500001907348633
   vertex 70.25 17.875999450683594 5.5500001907348633
  endloop
 endfacet
 facet normal 0 0 -1
  outer loop
   vertex 71.75 17.875999450683594 5.5500001907348633
   vertex 71.75 17.799999237060547 5.5500001907348633
   vertex 70.25 17.799999237060547 5.5500001907348633
  endloop
 endfacet
 facet normal -1 0 0
  outer loop
   vertex 71.75 17.799999237060547 5.5500001907348633
   vertex 71.75 17.875999450683594 4.3499999046325684
   vertex 71.75 17.799999237060547 4.3499999046325684
  endloop
 endfacet
 facet normal -1 -0 -0
  outer loop
   vertex 71.75 17.799999237060547 5.5500001907348633
   vertex 71.75 17.875999450683594 5.5500001907348633
   vertex 71.75 17.875999450683594 4.3499999046325684
  endloop
 endfacet
 facet normal 1 0 0
  outer loop
   vertex 70.25 17.799999237060547 5.5500001907348633
   vertex 70.25 17.799999237060547 4.3499999046325684
   vertex 70.25 17.875999450683594 4.3499999046325684
  endloop
 endfacet
 facet normal 1 0 -0
  outer loop
   vertex 70.25 17.799999237060547 5.5500001907348633
   vertex 70.25 17.875999450683594 4.3499999046325684
   vertex 70.25 17.875999450683594 5.5500001907348633
  endloop
 endfacet
 facet normal -0 0 1
  outer loop
   vertex 71.75 17.875999450683594 4.3499999046325684
   vertex 70.25 17.875999450683594 4.3499999046325684
   vertex 70.25 17.799999237060547 4.3499999046325684
  endloop
 endfacet
 facet normal 0 0 1
  outer loop
   vertex 71.75 17.875999450683594 4.3499999046325684
   vertex 70.25 17.799999237060547 4.3499999046325684
   vertex 71.75 17.799999237060547 4.3499999046325684
  endloop
 endfacet
 facet normal -0 0 1
  outer loop
   vertex 78.416671752929688 17.875999450683594 4.3499999046325684
   vertex 76.916671752929688 17.875999450683594 4.3499999046325684
   vertex 76.916671752929688 17.799999237060547 4.3499999046325684
  endloop
 endfacet
 facet normal 0 0 1
  outer loop
   vertex 78.416671752929688 17.875999450683594 4.3499999046325684
   vertex 76.916671752929688 17.799999237060547 4.3499999046325684
   vertex 78.416671752929688 17.799999237060547 4.3499999046325684
  endloop
 endfacet
 facet normal -1 0 0
  outer loop
   vertex 78.416671752929688 17.799999237060547 5.5500001907348633
   vertex 78.416671752929688 17.875999450683594 4.3499999046325684
   vertex 78.416671752929688 17.799999237060547 4.3499999046325684
  endloop
 endfacet
 facet normal -1 -0 -0
  outer loop
   vertex 78.416671752929688 17.799999237060547 5.5500001907348633
   vertex 78.416671752929688 17.875999450683594 5.5500001907348633
   vertex 78.416671752929688 17.875999450683594 4.3499999046325684
  endloop
 endfacet
 facet normal 1 0 0
  outer loop
   vertex 76.916671752929688 17.799999237060547 5.5500001907348633
   vertex 76.916671752929688 17.799999237060547 4.3499999046325684
   vertex 76.916671752929688 17.875999450683594 4.3499999046325684
  endloop
 endfacet
 facet normal 1 0 -0
  outer loop
   vertex 76.916671752929688 17.799999237060547 5.5500001907348633
   vertex 76.916671752929688 17.875999450683594 4.3499999046325684
   vertex 76.916671752929688 17.875999450683594 5.5500001907348633
  endloop
 endfacet
 facet normal 0 0 -1
  outer loop
   vertex 78.416671752929688 17.875999450683594 5.5500001907348633
   vertex 76.916671752929688 17.799999237060547 5.5500001907348633
   vertex 76.916671752929688 17.875999450683594 5.5500001907348633
  endloop
 endfacet
 facet normal 0 0 -1
  outer loop
   vertex 78.416671752929688 17.875999450683594 5.5500001907348633
   vertex 78.416671752929688 17.799999237060547 5.5500001907348633
   vertex 76.916671752929688 17.799999237060547 5.5500001907348633
  endloop
 endfacet
 facet normal 0 0 -1
  outer loop
   vertex 65.083328247070312 17.875999450683594 2.8499999046325684
   vertex 63.583328247070312 17.799999237060547 2.8499999046325684
   vertex 63.583328247070312 17.875999450683594 2.8499999046325684
  endloop
 endfacet
 facet normal 0 0 -1
  outer loop
   vertex 65.083328247070312 17.875999450683594 2.8499999046325684
   vertex 65.083328247070312 17.799999237060547 2.8499999046325684
   vertex 63.583328247070312 17.799999237060547 2.8499999046325684
  endloop
 endfacet
 facet normal -1 0 0
  outer loop
   vertex 65.083328247070312 17.799999237060547 2.8499999046325684
   vertex 65.083328247070312 17.875999450683594 1.6499999761581421
   vertex 65.083328247070312 17.799999237060547 1.6499999761581421
  endloop
 endfacet
 facet normal -1 -0 -0
  outer loop
   vertex 65.083328247070312 17.799999237060547 2.8499999046325684
   vertex 65.083328247070312 17.875999450683594 2.8499999046325684
   vertex 65.083328247070312 17.875999450683594 1.6499999761581421
  endloop
 endfacet
 facet normal 1 0 0
  outer loop
   vertex 63.583328247070312 17.799999237060547 2.8499999046325684
   vertex 63.583328247070312 17.799999237060547 1.6499999761581421
   vertex 63.583328247070312 17.875999450683594 1.6499999761581421
  endloop
 endfacet
 facet normal 1 0 -0
  outer loop
   vertex 63.583328247070312 17.799999237060547 2.8499999046325684
   vertex 63.583328247070312 17.875999450683594 1.6499999761581421
   vertex 63.583328247070312 17.875999450683594 2.8499999046325684
  endloop
 endfacet
 facet normal -0 0 1
  outer loop
   vertex 65.083328247070312 17.875999450683594 1.6499999761581421
   vertex 63.583328247070312 17.875999450683594 1.6499999761581421
   vertex 63.583328247070312 17.799999237060547 1.6499999761581421
  endloop
 endfacet
 facet normal 0 0 1
  outer loop
   vertex 65.083328247070312 17.875999450683594 1.6499999761581421
   vertex 63.583328247070312 17.799999237060547 1.6499999761581421
   vertex 65.083328247070312 17.799999237060547 1.6499999761581421
  endloop
 endfacet
 facet normal 0 0 -1
  outer loop
   vertex 71.75 17.875999450683594 2.8499999046325684
   vertex 70.25 17.799999237060547 2.8499999046325684
   vertex 70.25 17.875999450683594 2.8499999046325684
  endloop
 endfacet
 facet normal 0 0 -1
  outer loop
   vertex 71.75 17.875999450683594 2.8499999046325684
   vertex 71.75 17.799999237060547 2.8499999046325684
   vertex 70.25 17.799999237060547 2.8499999046325684
  endloop
 endfacet
 facet normal -1 0 0
  outer loop
   vertex 71.75 17.799999237060547 2.8499999046325684
   vertex 71.75 17.875999450683594 1.6499999761581421
   vertex 71.75 17.799999237060547 1.6499999761581421
  endloop
 endfacet
 facet normal -1 -0 -0
  outer loop
   vertex 71.75 17.799999237060547 2.8499999046325684
   vertex 71.75 17.875999450683594 2.8499999046325684
   vertex 71.75 17.875999450683594 1.6499999761581421
  endloop
 endfacet
 facet normal 1 0 0
  outer loop
   vertex 70.25 17.799999237060547 2.8499999046325684
   vertex 70.25 17.799999237060547 1.6499999761581421
   vertex 70.25 17.875999450683594 1.6499999761581421
  endloop
 endfacet
 facet normal 1 0 -0
  outer loop
   vertex 70.25 17.799999237060547 2.8499999046325684
   vertex 70.25 17.875999450683594 1.6499999761581421
   vertex 70.25 17.875999450683594 2.8499999046325684
  endloop
 endfacet
 facet normal -0 0 1
  outer loop
   vertex 71.75 17.875999450683594 1.6499999761581421
   vertex 70.25 17.875999450683594 1.6499999761581421
   vertex 70.25 17.799999237060547 1.6499999761581421
  endloop
 endfacet
 facet normal 0 0 1
  outer loop
   vertex 71.75 17.875999450683594 1.6499999761581421
   vertex 70.25 17.799999237060547 1.6499999761581421
   vertex 71.75 17.799999237060547 1.6499999761581421
  endloop
 endfacet
 facet normal -0 0 1
  outer loop
   vertex 78.416671752929688 17.875999450683594 1.6499999761581421
   vertex 76.916671752929688 17.875999450683594 1.6499999761581421
   vertex 76.916671752929688 17.799999237060547 1.6499999761581421
  endloop
 endfacet
 facet normal 0 0 1
  outer loop
   vertex 78.416671752929688 17.875999450683594 1.6499999761581421
   vertex 76.916671752929688 17.799999237060547 1.6499999761581421
   vertex 78.416671752929688 17.799999237060547 1.6499999761581421
  endloop
 endfacet
 facet normal -1 0 0
  outer loop
   vertex 78.416671752929688 17.799999237060547 2.8499999046325684
   vertex 78.416671752929688 17.875999450683594 1.6499999761581421
   vertex 78.416671752929688 17.799999237060547 1.6499999761581421
  endloop
 endfacet
 facet normal -1 -0 -0
  outer loop
   vertex 78.416671752929688 17.799999237060547 2.8499999046325684
   vertex 78.416671752929688 17.875999450683594 2.8499999046325684
   vertex 78.416671752929688 17.875999450683594 1.6499999761581421
  endloop
 endfacet
 facet normal 1 0 0
  outer loop
   vertex 76.916671752929688 17.799999237060547 2.8499999046325684
   vertex 76.916671752929688 17.799999237060547 1.6499999761581421
   vertex 76.916671752929688 17.875999450683594 1.6499999761581421
  endloop
 endfacet
 facet normal 1 0 -0
  outer loop
   vertex 76.916671752929688 17.799999237060547 2.8499999046325684
   vertex 76.916671752929688 17.875999450683594 1.6499999761581421
   vertex 76.916671752929688 17.875999450683594 2.8499999046325684
  endloop
 endfacet
 facet normal 0 0 -1
  outer loop
   vertex 78.416671752929688 17.875999450683594 2.8499999046325684
   vertex 76.916671752929688 17.799999237060547 2.8499999046325684
   vertex 76.916671752929688 17.875999450683594 2.8499999046325684
  endloop
 endfacet
 facet normal 0 0 -1
  outer loop
   vertex 78.416671752929688 17.875999450683594 2.8499999046325684
   vertex 78.416671752929688 17.799999237060547 2.8499999046325684
   vertex 76.916671752929688 17.799999237060547 2.8499999046325684
  endloop
 endfacet
 facet normal 0 0 -1
  outer loop
   vertex 65.083328247070312 3.2000000476837158 2.8499999046325684
   vertex 63.583328247070312 3.124000072479248 2.8499999046325684
   vertex 63.583328247070312 3.2000000476837158 2.8499999046325684
  endloop
 endfacet
 facet normal 0 0 -1
  outer loop
   vertex 65.083328247070312 3.2000000476837158 2.8499999046325684
   vertex 65.083328247070312 3.124000072479248 2.8499999046325684
   vertex 63.583328247070312 3.124000072479248 2.8499999046325684
  endloop
 endfacet
 facet normal -1 0 0
  outer loop
   vertex 65.083328247070312 3.124000072479248 2.8499999046325684
   vertex 65.083328247070312 3.2000000476837158 1.6499999761581421
   vertex 65.083328247070312 3.124000072479248 1.6499999761581421
  endloop
 endfacet
 facet normal -1 -0 -0
  outer loop
   vertex 65.083328247070312 3.124000072479248 2.8499999046325684
   vertex 65.083328247070312 3.2000000476837158 2.8499999046325684
   vertex 65.083328247070312 3.2000000476837158 1.6499999761581421
  endloop
 endfacet
 facet normal 1 0 0
  outer loop
   vertex 63.583328247070312 3.124000072479248 2.8499999046325684
   vertex 63.583328247070312 3.124000072479248 1.6499999761581421
   vertex 63.583328247070312 3.2000000476837158 1.6499999761581421
  endloop
 endfacet
 facet normal 1 0 -0
  outer loop
   vertex 63.583328247070312 3.124000072479248 2.8499999046325684
   vertex 63.583328247070312 3.2000000476837158 1.6499999761581421
   vertex 63.583328247070312 3.2000000476837158 2.8499999046325684
  endloop
 endfacet
 facet normal -0 0 1
  outer loop
   vertex 65.083328247070312 3.2000000476837158 1.6499999761581421
   vertex 63.583328247070312 3.2000000476837158 1.6499999761581421
   vertex 63.583328247070312 3.124000072479248 1.6499999761581421
  endloop
 endfacet
 facet normal 0 0 1
  outer loop
   vertex 65.083328247070312 3.2000000476837158 1.6499999761581421
   vertex 63.583328247070312 3.124000072479248 1.6499999761581421
   vertex 65.083328247070312 3.124000072479248 1.6499999761581421
  endloop
 endfacet
 facet normal 0 0 -1
  outer loop
   vertex 71.75 3.2000000476837158 2.8499999046325684
   vertex 70.25 3.124000072479248 2.8499999046325684
   vertex 70.25 3.2000000476837158 2.8499999046325684
  endloop
 endfacet
 facet normal 0 0 -1
  outer loop
   vertex 71.75 3.2000000476837158 2.8499999046325684
   vertex 71.75 3.124000072479248 2.8499999046325684
   vertex 70.25 3.124000072479248 2.8499999046325684
  endloop
 endfacet
 facet normal -1 0 0
  outer loop
   vertex 71.75 3.124000072479248 2.8499999046325684
   vertex 71.75 3.2000000476837158 1.6499999761581421
   vertex 71.75 3.124000072479248 1.6499999761581421
  endloop
 endfacet
 facet normal -1 -0 -0
  outer loop
   vertex 71.75 3.124000072479248 2.8499999046325684
   vertex 71.75 3.2000000476837158 2.8499999046325684
   vertex 71.75 3.2000000476837158 1.6499999761581421
  endloop
 endfacet
 facet normal 1 0 0
  outer loop
   vertex 70.25 3.124000072479248 2.8499999046325684
   vertex 70.25 3.124000072479248 1.6499999761581421
   vertex 70.25 3.2000000476837158 1.6499999761581421
  endloop
 endfacet
 facet normal 1 0 -0
  outer loop
   vertex 70.25 3.124000072479248 2.8499999046325684
   vertex 70.25 3.2000000476837158 1.6499999761581421
   vertex 70.25 3.2000000476837158 2.8499999046325684
  endloop
 endfacet
 facet normal -0 0 1
  outer loop
   vertex 71.75 3.2000000476837158 1.6499999761581421
   vertex 70.25 3.2000000476837158 1.6499999761581421
   vertex 70.25 3.124000072479248 1.6499999761581421
  endloop
 endfacet
 facet normal 0 0 1
  outer loop
   vertex 71.75 3.2000000476837158 1.6499999761581421
   vertex 70.25 3.124000072479248 1.6499999761581421
   vertex 71.75 3.124000072479248 1.6499999761581421
  endloop
 endfacet
 facet normal -0 0 1
  outer loop
   vertex 78.416671752929688 3.2000000476837158 1.6499999761581421
   vertex 76.916671752929688 3.2000000476837158 1.6499999761581421
   vertex 76.916671752929688 3.124000072479248 1.6499999761581421
  endloop
 endfacet
 facet normal 0 0 1
  outer loop
   vertex 78.416671752929688 3.2000000476837158 1.6499999761581421
   vertex 76.916671752929688 3.124000072479248 1.6499999761581421
   vertex 78.416671752929688 3.124000072479248 1.6499999761581421
  endloop
 endfacet
 facet normal -1 0 0
  outer loop
   vertex 78.416671752929688 3.124000072479248 2.8499999046325684
   vertex 78.416671752929688 3.2000000476837158 1.6499999761581421
   vertex 78.416671752929688 3.124000072479248 1.6499999761581421
  endloop
 endfacet
 facet normal -1 -0 -0
  outer loop
   vertex 78.416671752929688 3.124000072479248 2.8499999046325684
   vertex 78.416671752929688 3.2000000476837158 2.8499999046325684
   vertex 78.416671752929688 3.2000000476837158 1.6499999761581421
  endloop
 endfacet
 facet normal 1 0 0
  outer loop
   vertex 76.916671752929688 3.124000072479248 2.8499999046325684
   vertex 76.916671752929688 3.124000072479248 1.6499999761581421
   vertex 76.916671752929688 3.2000000476837158 1.6499999761581421
  endloop
 endfacet
 facet normal 1 0 -0
  outer loop
   vertex 76.916671752929688 3.124000072479248 2.8499999046325684
   vertex 76.916671752929688 3.2000000476837158 1.6499999761581421
   vertex 76.916671752929688 3.2000000476837158 2.8499999046325684
  endloop
 endfacet
 facet normal 0 0 -1
  outer loop
   vertex 78.416671752929688 3.2000000476837158 2.8499999046325684
   vertex 76.916671752929688 3.124000072479248 2.8499999046325684
   vertex 76.916671752929688 3.2000000476837158 2.8499999046325684
  endloop
 endfacet
 facet normal 0 0 -1
  outer loop
   vertex 78.416671752929688 3.2000000476837158 2.8499999046325684
   vertex 78.416671752929688 3.124000072479248 2.8499999046325684
   vertex 76.916671752929688 3.124000072479248 2.8499999046325684
  endloop
 endfacet
 facet normal 0 0 -1
  outer loop
   vertex 65.083328247070312 3.2000000476837158 5.5500001907348633
   vertex 63.583328247070312 3.124000072479248 5.5500001907348633
   vertex 63.583328247070312 3.2000000476837158 5.5500001907348633
  endloop
 endfacet
 facet normal 0 0 -1
  outer loop
   vertex 65.083328247070312 3.2000000476837158 5.5500001907348633
   vertex 65.083328247070312 3.124000072479248 5.5500001907348633
   vertex 63.583328247070312 3.124000072479248 5.5500001907348633
  endloop
 endfacet
 facet normal -1 0 0
  outer loop
   vertex 65.083328247070312 3.124000072479248 5.5500001907348633
   vertex 65.083328247070312 3.2000000476837158 4.3499999046325684
   vertex 65.083328247070312 3.124000072479248 4.3499999046325684
  endloop
 endfacet
 facet normal -1 -0 -0
  outer loop
   vertex 65.083328247070312 3.124000072479248 5.5500001907348633
   vertex 65.083328247070312 3.2000000476837158 5.5500001907348633
   vertex 65.083328247070312 3.2000000476837158 4.3499999046325684
  endloop
 endfacet
 facet normal 1 0 0
  outer loop
   vertex 63.583328247070312 3.124000072479248 5.5500001907348633
   vertex 63.583328247070312 3.124000072479248 4.3499999046325684
   vertex 63.583328247070312 3.2000000476837158 4.3499999046325684
  endloop
 endfacet
 facet normal 1 0 -0
  outer loop
   vertex 63.583328247070312 3.124000072479248 5.5500001907348633
   vertex 63.583328247070312 3.2000000476837158 4.3499999046325684
   vertex 63.583328247070312 3.2000000476837158 5.5500001907348633
  endloop
 endfacet
 facet normal -0 0 1
  outer loop
   vertex 65.083328247070312 3.2000000476837158 4.3499999046325684
   vertex 63.583328247070312 3.2000000476837158 4.3499999046325684
   vertex 63.583328247070312 3.124000072479248 4.3499999046325684
  endloop
 endfacet
 facet normal 0 0 1
  outer loop
   vertex 65.083328247070312 3.2000000476837158 4.3499999046325684
   vertex 63.583328247070312 3.124000072479248 4.3499999046325684
   vertex 65.083328247070312 3.124000072479248 4.3499999046325684
  endloop
 endfacet
 facet normal 0 0 -1
  outer loop
   vertex 71.75 3.2000000476837158 5.5500001907348633
   vertex 70.25 3.124000072479248 5.5500001907348633
   vertex 70.25 3.2000000476837158 5.5500001907348633
  endloop
 endfacet
 facet normal 0 0 -1
  outer loop
   vertex 71.75 3.2000000476837158 5.5500001907348633
   vertex 71.75 3.124000072479248 5.5500001907348633
   vertex 70.25 3.124000072479248 5.5500001907348633
  endloop
 endfacet
 facet normal -1 0 0
  outer loop
   vertex 71.75 3.124000072479248 5.5500001907348633
   vertex 71.75 3.2000000476837158 4.3499999046325684
   vertex 71.75 3.124000072479248 4.3499999046325684
  endloop
 endfacet
 facet normal -1 -0 -0
  outer loop
   vertex 71.75 3.124000072479248 5.5500001907348633
   vertex 71.75 3.2000000476837158 5.5500001907348633
   vertex 71.75 3.2000000476837158 4.3499999046325684
  endloop
 endfacet
 facet normal 1 0 0
  outer loop
   vertex 70.25 3.124000072479248 5.5500001907348633
   vertex 70.25 3.124000072479248 4.3499999046325684
   vertex 70.25 3.2000000476837158 4.3499999046325684
  endloop
 endfacet
 facet normal 1 0 -0
  outer loop
   vertex 70.25 3.124000072479248 5.5500001907348633
   vertex 70.25 3.2000000476837158 4.3499999046325684
   vertex 70.25 3.2000000476837158 5.5500001907348633
  endloop
 endfacet
 facet normal -0 0 1
  outer loop
   vertex 71.75 3.2000000476837158 4.3499999046325684
   vertex 70.25 3.2000000476837158 4.3499999046325684
   vertex 70.25 3.124000072479248 4.3499999046325684
  endloop
 endfacet
 facet normal 0 0 1
  outer loop
   vertex 71.75 3.2000000476837158 4.3499999046325684
   vertex 70.25 3.124000072479248 4.3499999046325684
   vertex 71.75 3.124000072479248 4.3499999046325684
  endloop
 endfacet
 facet normal -0 0 1
  outer loop
   vertex 78.416671752929688 3.2000000476837158 4.3499999046325684
   vertex 76.916671752929688 3.2000000476837158 4.3499999046325684
   vertex 76.916671752929688 3.124000072479248 4.3499999046325684
  endloop
 endfacet
 facet normal 0 0 1
  outer loop
   vertex 78.416671752929688 3.2000000476837158 4.3499999046325684
   vertex 76.916671752929688 3.124000072479248 4.3499999046325684
   vertex 78.416671752929688 3.124000072479248 4.3499999046325684
  endloop
 endfacet
 facet normal -1 0 0
  outer loop
   vertex 78.416671752929688 3.124000072479248 5.5500001907348633
   vertex 78.416671752929688 3.2000000476837158 4.3499999046325684
   vertex 78.416671752929688 3.124000072479248 4.3499999046325684
  endloop
 endfacet
 facet normal -1 -0 -0
  outer loop
   vertex 78.416671752929688 3.124000072479248 5.5500001907348633
   vertex 78.416671752929688 3.2000000476837158 5.5500001907348633
   vertex 78.416671752929688 3.2000000476837158 4.3499999046325684
  endloop
 endfacet
 facet normal 1 0 0
  outer loop
   vertex 76.916671752929688 3.124000072479248 5.5500001907348633
   vertex 76.916671752929688 3.124000072479248 4.3499999046325684
   vertex 76.916671752929688 3.2000000476837158 4.3499999046325684
  endloop
 endfacet
 facet normal 1 0 -0
  outer loop
   vertex 76.916671752929688 3.124000072479248 5.5500001907348633
   vertex 76.916671752929688 3.2000000476837158 4.3499999046325684
   vertex 76.916671752929688 3.2000000476837158 5.5500001907348633
  endloop
 endfacet
 facet normal 0 0 -1
  outer loop
   vertex 78.416671752929688 3.2000000476837158 5.5500001907348633
   vertex 76.916671752929688 3.124000072479248 5.5500001907348633
   vertex 76.916671752929688 3.2000000476837158 5.5500001907348633
  endloop
 endfacet
 facet normal 0 0 -1
  outer loop
   vertex 78.416671752929688 3.2000000476837158 5.5500001907348633
   vertex 78.416671752929688 3.124000072479248 5.5500001907348633
   vertex 76.916671752929688 3.124000072479248 5.5500001907348633
  endloop
 endfacet
 facet normal 0 0 -1
  outer loop
   vertex 65.083328247070312 3.2000000476837158 8.25
   vertex 63.583328247070312 3.124000072479248 8.25
   vertex 63.583328247070312 3.2000000476837158 8.25
  endloop
 endfacet
 facet normal 0 0 -1
  outer loop
   vertex 65.083328247070312 3.2000000476837158 8.25
   vertex 65.083328247070312 3.124000072479248 8.25
   vertex 63.583328247070312 3.124000072479248 8.25
  endloop
 endfacet
 facet normal -1 0 0
  outer loop
   vertex 65.083328247070312 3.124000072479248 8.25
   vertex 65.083328247070312 3.2000000476837158 7.0500001907348633
   vertex 65.083328247070312 3.124000072479248 7.0500001907348633
  endloop
 endfacet
 facet normal -1 -0 -0
  outer loop
   vertex 65.083328247070312 3.124000072479248 8.25
   vertex 65.083328247070312 3.2000000476837158 8.25
   vertex 65.083328247070312 3.2000000476837158 7.0500001907348633
  endloop
 endfacet
 facet normal 1 0 0
  outer loop
   vertex 63.583328247070312 3.124000072479248 8.25
   vertex 63.583328247070312 3.124000072479248 7.0500001907348633
   vertex 63.583328247070312 3.2000000476837158 7.0500001907348633
  endloop
 endfacet
 facet normal 1 0 -0
  outer loop
   vertex 63.583328247070312 3.124000072479248 8.25
   vertex 63.583328247070312 3.2000000476837158 7.0500001907348633
   vertex 63.583328247070312 3.2000000476837158 8.25
  endloop
 endfacet
 facet normal -0 0 1
  outer loop
   vertex 65.083328247070312 3.2000000476837158 7.0500001907348633
   vertex 63.583328247070312 3.2000000476837158 7.0500001907348633
   vertex 63.583328247070312 3.124000072479248 7.0500001907348633
  endloop
 endfacet
 facet normal 0 0 1
  outer loop
   vertex 65.083328247070312 3.2000000476837158 7.0500001907348633
   vertex 63.583328247070312 3.124000072479248 7.0500001907348633
   vertex 65.083328247070312 3.124000072479248 7.0500001907348633
  endloop
 endfacet
 facet normal 0 0 -1
  outer loop
   vertex 71.75 3.2000000476837158 8.25
   vertex 70.25 3.124000072479248 8.25
   vertex 70.25 3.2000000476837158 8.25
  endloop
 endfacet
 facet normal 0 0 -1
  outer loop
   vertex 71.75 3.2000000476837158 8.25
   vertex 71.75 3.124000072479248 8.25
   vertex 70.25 3.124000072479248 8.25
  endloop
 endfacet
 facet normal -1 0 0
  outer loop
   vertex 71.75 3.124000072479248 8.25
   vertex 71.75 3.2000000476837158 7.0500001907348633
   vertex 71.75 3.124000072479248 7.0500001907348633
  endloop
 endfacet
 facet normal -1 -0 -0
  outer loop
   vertex 71.75 3.124000072479248 8.25
   vertex 71.75 3.2000000476837158 8.25
   vertex 71.75 3.2000000476837158 7.0500001907348633
  endloop
 endfacet
 facet normal 1 0 0
  outer loop
   vertex 70.25 3.124000072479248 8.25
   vertex 70.25 3.124000072479248 7.0500001907348633
   vertex 70.25 3.2000000476837158 7.0500001907348633
  endloop
 endfacet
 facet normal 1 0 -0
  outer loop
   vertex 70.25 3.124000072479248 8.25
   vertex 70.25 3.2000000476837158 7.0500001907348633
   vertex 70.25 3.2000000476837158 8.25
  endloop
 endfacet
 facet normal -0 0 1
  outer loop
   vertex 71.75 3.2000000476837158 7.0500001907348633
   vertex 70.25 3.2000000476837158 7.0500001907348633
   vertex 70.25 3.124000072479248 7.0500001907348633
  endloop
 endfacet
 facet normal 0 0 1
  outer loop
   vertex 71.75 3.2000000476837158 7.0500001907348633
   vertex 70.25 3.124000072479248 7.0500001907348633
   vertex 71.75 3.124000072479248 7.0500001907348633
  endloop
 endfacet
 facet normal -0 0 1
  outer loop
   vertex 78.416671752929688 3.2000000476837158 7.0500001907348633
   vertex 76.916671752929688 3.2000000476837158 7.0500001907348633
   vertex 76.916671752929688 3.124000072479248 7.0500001907348633
  endloop
 endfacet
 facet normal 0 0 1
  outer loop
   vertex 78.416671752929688 3.2000000476837158 7.0500001907348633
   vertex 76.916671752929688 3.124000072479248 7.0500001907348633
   vertex 78.416671752929688 3.124000072479248 7.0500001907348633
  endloop
 endfacet
 facet normal -1 0 0
  outer loop
   vertex 78.416671752929688 3.124000072479248 8.25
   vertex 78.416671752929688 3.2000000476837158 7.0500001907348633
   vertex 78.416671752929688 3.124000072479248 7.0500001907348633
  endloop
 endfacet
 facet normal -1 -0 -0
  outer loop
   vertex 78.416671752929688 3.124000072479248 8.25
   vertex 78.416671752929688 3.2000000476837158 8.25
   vertex 78.416671752929688 3.2000000476837158 7.0500001907348633
  endloop
 endfacet
 facet normal 1 0 0
  outer loop
   vertex 76.916671752929688 3.124000072479248 8.25
   vertex 76.916671752929688 3.124000072479248 7.0500001907348633
   vertex 76.916671752929688 3.2000000476837158 7.0500001907348633
  endloop
 endfacet
 facet normal 1 0 -0
  outer loop
   vertex 76.916671752929688 3.124000072479248 8.25
   vertex 76.916671752929688 3.2000000476837158 7.0500001907348633
   vertex 76.916671752929688 3.2000000476837158 8.25
  endloop
 endfacet
 facet normal 0 0 -1
  outer loop
   vertex 78.416671752929688 3.2000000476837158 8.25
   vertex 76.916671752929688 3.124000072479248 8.25
   vertex 76.916671752929688 3.2000000476837158 8.25
  endloop
 endfacet
 facet normal 0 0 -1
  outer loop
   vertex 78.416671752929688 3.2000000476837158 8.25
   vertex 78.416671752929688 3.124000072479248 8.25
   vertex 76.916671752929688 3.124000072479248 8.25
  endloop
 endfacet
 facet normal 0 0 -1
  outer loop
   vertex 65.083328247070312 3.2000000476837158 10.949999809265137
   vertex 63.583328247070312 3.124000072479248 10.949999809265137
   vertex 63.583328247070312 3.2000000476837158 10.949999809265137
  endloop
 endfacet
 facet normal 0 0 -1
  outer loop
   vertex 65.083328247070312 3.2000000476837158 10.949999809265137
   vertex 65.083328247070312 3.124000072479248 10.949999809265137
   vertex 63.583328247070312 3.124000072479248 10.949999809265137
  endloop
 endfacet
 facet normal -1 0 0
  outer loop
   vertex 65.083328247070312 3.124000072479248 10.949999809265137
   vertex 65.083328247070312 3.2000000476837158 9.75
   vertex 65.083328247070312 3.124000072479248 9.75
  endloop
 endfacet
 facet normal -1 -0 -0
  outer loop
   vertex 65.083328247070312 3.124000072479248 10.949999809265137
   vertex 65.083328247070312 3.2000000476837158 10.949999809265137
   vertex 65.083328247070312 3.2000000476837158 9.75
  endloop
 endfacet
 facet normal 1 0 0
  outer loop
   vertex 63.583328247070312 3.124000072479248 10.949999809265137
   vertex 63.583328247070312 3.124000072479248 9.75
   vertex 63.583328247070312 3.2000000476837158 9.75
  endloop
 endfacet
 facet normal 1 0 -0
  outer loop
   vertex 63.583328247070312 3.124000072479248 10.949999809265137
   vertex 63.583328247070312 3.2000000476837158 9.75
   vertex 63.583328247070312 3.2000000476837158 10.949999809265137
  endloop
 endfacet
 facet normal -0 0 1
  outer loop
   vertex 65.083328247070312 3.2000000476837158 9.75
   vertex 63.583328247070312 3.2000000476837158 9.75
   vertex 63.583328247070312 3.124000072479248 9.75
  endloop
 endfacet
 facet normal 0 0 1
  outer loop
   vertex 65.083328247070312 3.2000000476837158 9.75
   vertex 63.583328247070312 3.124000072479248 9.75
   vertex 65.083328247070312 3.124000072479248 9.75
  endloop
 endfacet
 facet normal 0 0 -1
  outer loop
   vertex 71.75 3.2000000476837158 10.949999809265137
   vertex 70.25 3.124000072479248 10.949999809265137
   vertex 70.25 3.2000000476837158 10.949999809265137
  endloop
 endfacet
 facet normal 0 0 -1
  outer loop
   vertex 71.75 3.2000000476837158 10.949999809265137
   vertex 71.75 3.124000072479248 10.949999809265137
   vertex 70.25 3.124000072479248 10.949999809265137
  endloop
 endfacet
 facet normal -1 0 0
  outer loop
   vertex 71.75 3.124000072479248 10.949999809265137
   vertex 71.75 3.2000000476837158 9.75
   vertex 71.75 3.124000072479248 9.75
  endloop
 endfacet
 facet normal -1 -0 -0
  outer loop
   vertex 71.75 3.124000072479248 10.949999809265137
   vertex 71.75 3.2000000476837158 10.949999809265137
   vertex 71.75 3.2000000476837158 9.75
  endloop
 endfacet
 facet normal 1 0 0
  outer loop
   vertex 70.25 3.124000072479248 10.949999809265137
   vertex 70.25 3.124000072479248 9.75
   vertex 70.25 3.2000000476837158 9.75
  endloop
 endfacet
 facet normal 1 0 -0
  outer loop
   vertex 70.25 3.124000072479248 10.949999809265137
   vertex 70.25 3.2000000476837158 9.75
   vertex 70.25 3.2000000476837158 10.949999809265137
  endloop
 endfacet
 facet normal -0 0 1
  outer loop
   vertex 71.75 3.2000000476837158 9.75
   vertex 70.25 3.2000000476837158 9.75
   vertex 70.25 3.124000072479248 9.75
  endloop
 endfacet
 facet normal 0 0 1
  outer loop
   vertex 71.75 3.2000000476837158 9.75
   vertex 70.25 3.124000072479248 9.75
   vertex 71.75 3.124000072479248 9.75
  endloop
 endfacet
 facet normal -0 0 1
  outer loop
   vertex 78.416671752929688 3.2000000476837158 9.75
   vertex 76.916671752929688 3.2000000476837158 9.75
   vertex 76.916671752929688 3.124000072479248 9.75
  endloop
 endfacet
 facet normal 0 0 1
  outer loop
   vertex 78.416671752929688 3.2000000476837158 9.75
   vertex 76.916671752929688 3.124000072479248 9.75
   vertex 78.416671752929688 3.124000072479248 9.75
  endloop
 endfacet
 facet normal -1 0 0
  outer loop
   vertex 78.416671752929688 3.124000072479248 10.949999809265137
   vertex 78.416671752929688 3.2000000476837158 9.75
   vertex 78.416671752929688 3.124000072479248 9.75
  endloop
 endfacet
 facet normal -1 -0 -0
  outer loop
   vertex 78.416671752929688 3.124000072479248 10.949999809265137
   vertex 78.416671752929688 3.2000000476837158 10.949999809265137
   vertex 78.416671752929688 3.2000000476837158 9.75
  endloop
 endfacet
 facet normal 1 0 0
  outer loop
   vertex 76.916671752929688 3.124000072479248 10.949999809265137
   vertex 76.916671752929688 3.124000072479248 9.75
   vertex 76.916671752929688 3.2000000476837158 9.75
  endloop
 endfacet
 facet normal 1 0 -0
  outer loop
   vertex 76.916671752929688 3.124000072479248 10.949999809265137
   vertex 76.916671752929688 3.2000000476837158 9.75
   vertex 76.916671752929688 3.2000000476837158 10.949999809265137
  endloop
 endfacet
 facet normal 0 0 -1
  outer loop
   vertex 78.416671752929688 3.2000000476837158 10.949999809265137
   vertex 76.916671752929688 3.124000072479248 10.949999809265137
   vertex 76.916671752929688 3.2000000476837158 10.949999809265137
  endloop
 endfacet
 facet normal 0 0 -1
  outer loop
   vertex 78.416671752929688 3.2000000476837158 10.949999809265137
   vertex 78.416671752929688 3.124000072479248 10.949999809265137
   vertex 76.916671752929688 3.124000072479248 10.949999809265137
  endloop
 endfacet
 facet normal 0 0 -1
  outer loop
   vertex 65.083328247070312 3.2000000476837158 13.649999618530273
   vertex 63.583328247070312 3.124000072479248 13.649999618530273
   vertex 63.583328247070312 3.2000000476837158 13.649999618530273
  endloop
 endfacet
 facet normal 0 0 -1
  outer loop
   vertex 65.083328247070312 3.2000000476837158 13.649999618530273
   vertex 65.083328247070312 3.124000072479248 13.649999618530273
   vertex 63.583328247070312 3.124000072479248 13.649999618530273
  endloop
 endfacet
 facet normal -1 0 0
  outer loop
   vertex 65.083328247070312 3.124000072479248 13.649999618530273
   vertex 65.083328247070312 3.2000000476837158 12.449999809265137
   vertex 65.083328247070312 3.124000072479248 12.449999809265137
  endloop
 endfacet
 facet normal -1 -0 -0
  outer loop
   vertex 65.083328247070312 3.124000072479248 13.649999618530273
   vertex 65.083328247070312 3.2000000476837158 13.649999618530273
   vertex 65.083328247070312 3.2000000476837158 12.449999809265137
  endloop
 endfacet
 facet normal 1 0 0
  outer loop
   vertex 63.583328247070312 3.124000072479248 13.649999618530273
   vertex 63.583328247070312 3.124000072479248 12.449999809265137
   vertex 63.583328247070312 3.2000000476837158 12.449999809265137
  endloop
 endfacet
 facet normal 1 0 -0
  outer loop
   vertex 63.583328247070312 3.124000072479248 13.649999618530273
   vertex 63.583328247070312 3.2000000476837158 12.449999809265137
   vertex 63.583328247070312 3.2000000476837158 13.649999618530273
  endloop
 endfacet
 facet normal -0 0 1
  outer loop
   vertex 65.083328247070312 3.2000000476837158 12.449999809265137
   vertex 63.583328247070312 3.2000000476837158 12.449999809265137
   vertex 63.583328247070312 3.124000072479248 12.449999809265137
  endloop
 endfacet
 facet normal 0 0 1
  outer loop
   vertex 65.083328247070312 3.2000000476837158 12.449999809265137
   vertex 63.583328247070312 3.124000072479248 12.449999809265137
   vertex 65.083328247070312 3.124000072479248 12.449999809265137
  endloop
 endfacet
 facet normal 0 0 -1
  outer loop
   vertex 71.75 3.2000000476837158 13.649999618530273
   vertex 70.25 3.124000072479248 13.649999618530273
   vertex 70.25 3.2000000476837158 13.649999618530273
  endloop
 endfacet
 facet normal 0 0 -1
  outer loop
   vertex 71.75 3.2000000476837158 13.649999618530273
   vertex 71.75 3.124000072479248 13.649999618530273
   vertex 70.25 3.124000072479248 13.649999618530273
  endloop
 endfacet
 facet normal -1 0 0
  outer loop
   vertex 71.75 3.124000072479248 13.649999618530273
   vertex 71.75 3.2000000476837158 12.449999809265137
   vertex 71.75 3.124000072479248 12.449999809265137
  endloop
 endfacet
 facet normal -1 -0 -0
  outer loop
   vertex 71.75 3.124000072479248 13.649999618530273
   vertex 71.75 3.2000000476837158 13.649999618530273
   vertex 71.75 3.2000000476837158 12.449999809265137
  endloop
 endfacet
 facet normal 1 0 0
  outer loop
   vertex 70.25 3.124000072479248 13.649999618530273
   vertex 70.25 3.124000072479248 12.449999809265137
   vertex 70.25 3.2000000476837158 12.449999809265137
  endloop
 endfacet
 facet normal 1 0 -0
  outer loop
   vertex 70.25 3.124000072479248 13.649999618530273
   vertex 70.25 3.2000000476837158 12.449999809265137
   vertex 70.25 3.2000000476837158 13.649999618530273
  endloop
 endfacet
 facet normal -0 0 1
  outer loop
   vertex 71.75 3.2000000476837158 12.449999809265137
   vertex 70.25 3.2000000476837158 12.449999809265137
   vertex 70.25 3.124000072479248 12.449999809265137
  endloop
 endfacet
 facet normal 0 0 1
  outer loop
   vertex 71.75 3.2000000476837158 12.449999809265137
   vertex 70.25 3.124000072479248 12.449999809265137
   vertex 71.75 3.124000072479248 12.449999809265137
  endloop
 endfacet
 facet normal -0 0 1
  outer loop
   vertex 78.416671752929688 3.2000000476837158 12.449999809265137
   vertex 76.916671752929688 3.2000000476837158 12.449999809265137
   vertex 76.916671752929688 3.124000072479248 12.449999809265137
  endloop
 endfacet
 facet normal 0 0 1
  outer loop
   vertex 78.416671752929688 3.2000000476837158 12.449999809265137
   vertex 76.916671752929688 3.124000072479248 12.449999809265137
   vertex 78.416671752929688 3.124000072479248 12.449999809265137
  endloop
 endfacet
 facet normal -1 0 0
  outer loop
   vertex 78.416671752929688 3.124000072479248 13.649999618530273
   vertex 78.416671752929688 3.2000000476837158 12.449999809265137
   vertex 78.416671752929688 3.124000072479248 12.449999809265137
  endloop
 endfacet
 facet normal -1 -0 -0
  outer loop
   vertex 78.416671752929688 3.124000072479248 13.649999618530273
   vertex 78.416671752929688 3.2000000476837158 13.649999618530273
   vertex 78.416671752929688 3.2000000476837158 12.449999809265137
  endloop
 endfacet
 facet normal 1 0 0
  outer loop
   vertex 76.916671752929688 3.124000072479248 13.649999618530273
   vertex 76.916671752929688 3.124000072479248 12.449999809265137
   vertex 76.916671752929688 3.2000000476837158 12.449999809265137
  endloop
 endfacet
 facet normal 1 0 -0
  outer loop
   vertex 76.916671752929688 3.124000072479248 13.649999618530273
   vertex 76.916671752929688 3.2000000476837158 12.449999809265137
   vertex 76.916671752929688 3.2000000476837158 13.649999618530273
  endloop
 endfacet
 facet normal 0 0 -1
  outer loop
   vertex 78.416671752929688 3.2000000476837158 13.649999618530273
   vertex 76.916671752929688 3.124000072479248 13.649999618530273
   vertex 76.916671752929688 3.2000000476837158 13.649999618530273
  endloop
 endfacet
 facet normal 0 0 -1
  outer loop
   vertex 78.416671752929688 3.2000000476837158 13.649999618530273
   vertex 78.416671752929688 3.124000072479248 13.649999618530273
   vertex 76.916671752929688 3.124000072479248 13.649999618530273
  endloop
 endfacet
 facet normal -0 0 1
  outer loop
   vertex 67.666671752929688 17.700000762939453 12
   vertex 61.299999237060547 17.700000762939453 12
   vertex 61.299999237060547 10.699999809265137 12
  endloop
 endfacet
 facet normal 0 0 1
  outer loop
   vertex 67.666671752929688 17.700000762939453 12
   vertex 61.299999237060547 10.699999809265137 12
   vertex 67.666671752929688 10.699999809265137 12
  endloop
 endfacet
 facet normal -1 0 -0
  outer loop
   vertex 67.666671752929688 10.699999809265137 12
   vertex 67.666671752929688 17.700000762939453 14.5
   vertex 67.666671752929688 17.700000762939453 12
  endloop
 endfacet
 facet normal -1 -0 0
  outer loop
   vertex 67.666671752929688 10.699999809265137 14.5
   vertex 67.666671752929688 17.700000762939453 14.5
   vertex 67.666671752929688 10.699999809265137 12
  endloop
 endfacet
 facet normal 0 0 -1
  outer loop
   vertex 67.666671752929688 17.700000762939453 14.5
   vertex 61.299999237060547 10.699999809265137 14.5
   vertex 61.299999237060547 17.700000762939453 14.5
  endloop
 endfacet
 facet normal 0 0 -1
  outer loop
   vertex 67.666671752929688 17.700000762939453 14.5
   vertex 67.666671752929688 10.699999809265137 14.5
   vertex 61.299999237060547 10.699999809265137 14.5
  endloop
 endfacet
 facet normal -0 0 1
  outer loop
   vertex 74.333328247070312 17.700000762939453 12
   vertex 67.866668701171875 17.700000762939453 12
   vertex 67.866668701171875 10.699999809265137 12
  endloop
 endfacet
 facet normal 0 0 1
  outer loop
   vertex 74.333328247070312 17.700000762939453 12
   vertex 67.866668701171875 10.699999809265137 12
   vertex 74.333328247070312 10.699999809265137 12
  endloop
 endfacet
 facet normal 1 0 -0
  outer loop
   vertex 67.866668701171875 10.699999809265137 12
   vertex 67.866668701171875 17.700000762939453 12
   vertex 67.866668701171875 17.700000762939453 14.5
  endloop
 endfacet
 facet normal 1 0 0
  outer loop
   vertex 67.866668701171875 10.699999809265137 14.5
   vertex 67.866668701171875 10.699999809265137 12
   vertex 67.866668701171875 17.700000762939453 14.5
  endloop
 endfacet
 facet normal -1 0 -0
  outer loop
   vertex 74.333328247070312 10.699999809265137 12
   vertex 74.333328247070312 17.700000762939453 14.5
   vertex 74.333328247070312 17.700000762939453 12
  endloop
 endfacet
 facet normal -1 -0 0
  outer loop
   vertex 74.333328247070312 10.699999809265137 14.5
   vertex 74.333328247070312 17.700000762939453 14.5
   vertex 74.333328247070312 10.699999809265137 12
  endloop
 endfacet
 facet normal 0 0 -1
  outer loop
   vertex 74.333328247070312 17.700000762939453 14.5
   vertex 67.866668701171875 10.699999809265137 14.5
   vertex 67.866668701171875 17.700000762939453 14.5
  endloop
 endfacet
 facet normal 0 0 -1
  outer loop
   vertex 74.333328247070312 17.700000762939453 14.5
   vertex 74.333328247070312 10.699999809265137 14.5
   vertex 67.866668701171875 10.699999809265137 14.5
  endloop
 endfacet
 facet normal -0 0 1
  outer loop
   vertex 80.699996948242188 17.700000762939453 12
   vertex 74.533332824707031 17.700000762939453 12
   vertex 74.533332824707031 10.699999809265137 12
  endloop
 endfacet
 facet normal 0 0 1
  outer loop
   vertex 80.699996948242188 17.700000762939453 12
   vertex 74.533332824707031 10.699999809265137 12
   vertex 80.699996948242188 10.699999809265137 12
  endloop
 endfacet
 facet normal 1 0 -0
  outer loop
   vertex 74.533332824707031 10.699999809265137 12
   vertex 74.533332824707031 17.700000762939453 12
   vertex 74.533332824707031 17.700000762939453 14.5
  endloop
 endfacet
 facet normal 1 0 0
  outer loop
   vertex 74.533332824707031 10.699999809265137 14.5
   vertex 74.533332824707031 10.699999809265137 12
   vertex 74.533332824707031 17.700000762939453 14.5
  endloop
 endfacet
 facet normal 0 0 -1
  outer loop
   vertex 80.699996948242188 17.700000762939453 14.5
   vertex 74.533332824707031 10.699999809265137 14.5
   vertex 74.533332824707031 17.700000762939453 14.5
  endloop
 endfacet
 facet normal 0 0 -1
  outer loop
   vertex 80.699996948242188 17.700000762939453 14.5
   vertex 80.699996948242188 10.699999809265137 14.5
   vertex 74.533332824707031 10.699999809265137 14.5
  endloop
 endfacet
 facet normal -0 0 1
  outer loop
   vertex 67.666671752929688 17.700000762939453 9.3000001907348633
   vertex 61.299999237060547 17.700000762939453 9.3000001907348633
   vertex 61.299999237060547 10.699999809265137 9.3000001907348633
  endloop
 endfacet
 facet normal 0 0 1
  outer loop
   vertex 67.666671752929688 17.700000762939453 9.3000001907348633
   vertex 61.299999237060547 10.699999809265137 9.3000001907348633
   vertex 67.666671752929688 10.699999809265137 9.3000001907348633
  endloop
 endfacet
 facet normal -1 0 -0
  outer loop
   vertex 67.666671752929688 10.699999809265137 9.3000001907348633
   vertex 67.666671752929688 17.700000762939453 11.800000190734863
   vertex 67.666671752929688 17.700000762939453 9.3000001907348633
  endloop
 endfacet
 facet normal -1 -0 0
  outer loop
   vertex 67.666671752929688 10.699999809265137 11.800000190734863
   vertex 67.666671752929688 17.700000762939453 11.800000190734863
   vertex 67.666671752929688 10.699999809265137 9.3000001907348633
  endloop
 endfacet
 facet normal 0 0 -1
  outer loop
   vertex 67.666671752929688 17.700000762939453 11.800000190734863
   vertex 61.299999237060547 10.699999809265137 11.800000190734863
   vertex 61.299999237060547 17.700000762939453 11.800000190734863
  endloop
 endfacet
 facet normal 0 0 -1
  outer loop
   vertex 67.666671752929688 17.700000762939453 11.800000190734863
   vertex 67.666671752929688 10.699999809265137 11.800000190734863
   vertex 61.299999237060547 10.699999809265137 11.800000190734863
  endloop
 endfacet
 facet normal -0 0 1
  outer loop
   vertex 74.333328247070312 17.700000762939453 9.3000001907348633
   vertex 67.866668701171875 17.700000762939453 9.3000001907348633
   vertex 67.866668701171875 10.699999809265137 9.3000001907348633
  endloop
 endfacet
 facet normal 0 0 1
  outer loop
   vertex 74.333328247070312 17.700000762939453 9.3000001907348633
   vertex 67.866668701171875 10.699999809265137 9.3000001907348633
   vertex 74.333328247070312 10.699999809265137 9.3000001907348633
  endloop
 endfacet
 facet normal 1 0 -0
  outer loop
   vertex 67.866668701171875 10.699999809265137 9.3000001907348633
   vertex 67.866668701171875 17.700000762939453 9.3000001907348633
   vertex 67.866668701171875 17.700000762939453 11.800000190734863
  endloop
 endfacet
 facet normal 1 0 0
  outer loop
   vertex 67.866668701171875 10.699999809265137 11.800000190734863
   vertex 67.866668701171875 10.699999809265137 9.3000001907348633
   vertex 67.866668701171875 17.700000762939453 11.800000190734863
  endloop
 endfacet
 facet normal -1 0 -0
  outer loop
   vertex 74.333328247070312 10.699999809265137 9.3000001907348633
   vertex 74.333328247070312 17.700000762939453 11.800000190734863
   vertex 74.333328247070312 17.700000762939453 9.3000001907348633
  endloop
 endfacet
 facet normal -1 -0 0
  outer loop
   vertex 74.333328247070312 10.699999809265137 11.800000190734863
   vertex 74.333328247070312 17.700000762939453 11.800000190734863
   vertex 74.333328247070312 10.699999809265137 9.3000001907348633
  endloop
 endfacet
 facet normal 0 0 -1
  outer loop
   vertex 74.333328247070312 17.700000762939453 11.800000190734863
   vertex 67.866668701171875 10.699999809265137 11.800000190734863
   vertex 67.866668701171875 17.700000762939453 11.800000190734863
  endloop
 endfacet
 facet normal 0 0 -1
  outer loop
   vertex 74.333328247070312 17.700000762939453 11.800000190734863
   vertex 74.333328247070312 10.699999809265137 11.800000190734863
   vertex 67.866668701171875 10.699999809265137 11.800000190734863
  endloop
 endfacet
 facet normal -0 0 1
  outer loop
   vertex 80.699996948242188 17.700000762939453 9.3000001907348633
   vertex 74.533332824707031 17.700000762939453 9.3000001907348633
   vertex 74.533332824707031 10.699999809265137 9.3000001907348633
  endloop
 endfacet
 facet normal 0 0 1
  outer loop
   vertex 80.699996948242188 17.700000762939453 9.3000001907348633
   vertex 74.533332824707031 10.699999809265137 9.3000001907348633
   vertex 80.699996948242188 10.699999809265137 9.3000001907348633
  endloop
 endfacet
 facet normal 1 0 -0
  outer loop
   vertex 74.533332824707031 10.699999809265137 9.3000001907348633
   vertex 74.533332824707031 17.700000762939453 9.3000001907348633
   vertex 74.533332824707031 17.700000762939453 11.800000190734863
  endloop
 endfacet
 facet normal 1 0 0
  outer loop
   vertex 74.533332824707031 10.699999809265137 11.800000190734863
   vertex 74.533332824707031 10.699999809265137 9.3000001907348633
   vertex 74.533332824707031 17.700000762939453 11.800000190734863
  endloop
 endfacet
 facet normal 0 0 -1
  outer loop
   vertex 80.699996948242188 17.700000762939453 11.800000190734863
   vertex 74.533332824707031 10.699999809265137 11.800000190734863
   vertex 74.533332824707031 17.700000762939453 11.800000190734863
  endloop
 endfacet
 facet normal 0 0 -1
  outer loop
   vertex 80.699996948242188 17.700000762939453 11.800000190734863
   vertex 80.699996948242188 10.699999809265137 11.800000190734863
   vertex 74.533332824707031 10.699999809265137 11.800000190734863
  endloop
 endfacet
 facet normal -0 0 1
  outer loop
   vertex 67.666671752929688 17.700000762939453 6.5999999046325684
   vertex 61.299999237060547 17.700000762939453 6.5999999046325684
   vertex 61.299999237060547 10.699999809265137 6.5999999046325684
  endloop
 endfacet
 facet normal 0 0 1
  outer loop
   vertex 67.666671752929688 17.700000762939453 6.5999999046325684
   vertex 61.299999237060547 10.699999809265137 6.5999999046325684
   vertex 67.666671752929688 10.699999809265137 6.5999999046325684
  endloop
 endfacet
 facet normal -1 0 -0
  outer loop
   vertex 67.666671752929688 10.699999809265137 6.5999999046325684
   vertex 67.666671752929688 17.700000762939453 9.1000003814697266
   vertex 67.666671752929688 17.700000762939453 6.5999999046325684
  endloop
 endfacet
 facet normal -1 -0 0
  outer loop
   vertex 67.666671752929688 10.699999809265137 9.1000003814697266
   vertex 67.666671752929688 17.700000762939453 9.1000003814697266
   vertex 67.666671752929688 10.699999809265137 6.5999999046325684
  endloop
 endfacet
 facet normal 0 0 -1
  outer loop
   vertex 67.666671752929688 17.700000762939453 9.1000003814697266
   vertex 61.299999237060547 10.699999809265137 9.1000003814697266
   vertex 61.299999237060547 17.700000762939453 9.1000003814697266
  endloop
 endfacet
 facet normal 0 0 -1
  outer loop
   vertex 67.666671752929688 17.700000762939453 9.1000003814697266
   vertex 67.666671752929688 10.699999809265137 9.1000003814697266
   vertex 61.299999237060547 10.699999809265137 9.1000003814697266
  endloop
 endfacet
 facet normal -0 0 1
  outer loop
   vertex 74.333328247070312 17.700000762939453 6.5999999046325684
   vertex 67.866668701171875 17.700000762939453 6.5999999046325684
   vertex 67.866668701171875 10.699999809265137 6.5999999046325684
  endloop
 endfacet
 facet normal 0 0 1
  outer loop
   vertex 74.333328247070312 17.700000762939453 6.5999999046325684
   vertex 67.866668701171875 10.699999809265137 6.5999999046325684
   vertex 74.333328247070312 10.699999809265137 6.5999999046325684
  endloop
 endfacet
 facet normal 1 0 -0
  outer loop
   vertex 67.866668701171875 10.699999809265137 6.5999999046325684
   vertex 67.866668701171875 17.700000762939453 6.5999999046325684
   vertex 67.866668701171875 17.700000762939453 9.1000003814697266
  endloop
 endfacet
 facet normal 1 0 0
  outer loop
   vertex 67.866668701171875 10.699999809265137 9.1000003814697266
   vertex 67.866668701171875 10.699999809265137 6.5999999046325684
   vertex 67.866668701171875 17.700000762939453 9.1000003814697266
  endloop
 endfacet
 facet normal -1 0 -0
  outer loop
   vertex 74.333328247070312 10.699999809265137 6.5999999046325684
   vertex 74.333328247070312 17.700000762939453 9.1000003814697266
   vertex 74.333328247070312 17.700000762939453 6.5999999046325684
  endloop
 endfacet
 facet normal -1 -0 0
  outer loop
   vertex 74.333328247070312 10.699999809265137 9.1000003814697266
   vertex 74.333328247070312 17.700000762939453 9.1000003814697266
   vertex 74.333328247070312 10.699999809265137 6.5999999046325684
  endloop
 endfacet
 facet normal 0 0 -1
  outer loop
   vertex 74.333328247070312 17.700000762939453 9.1000003814697266
   vertex 67.866668701171875 10.699999809265137 9.1000003814697266
   vertex 67.866668701171875 17.700000762939453 9.1000003814697266
  endloop
 endfacet
 facet normal 0 0 -1
  outer loop
   vertex 74.333328247070312 17.700000762939453 9.1000003814697266
   vertex 74.333328247070312 10.699999809265137 9.1000003814697266
   vertex 67.866668701171875 10.699999809265137 9.1000003814697266
  endloop
 endfacet
 facet normal -0 0 1
  outer loop
   vertex 80.699996948242188 17.700000762939453 6.5999999046325684
   vertex 74.533332824707031 17.700000762939453 6.5999999046325684
   vertex 74.533332824707031 10.699999809265137 6.5999999046325684
  endloop
 endfacet
 facet normal 0 0 1
  outer loop
   vertex 80.699996948242188 17.700000762939453 6.5999999046325684
   vertex 74.533332824707031 10.699999809265137 6.5999999046325684
   vertex 80.699996948242188 10.699999809265137 6.5999999046325684
  endloop
 endfacet
 facet normal 1 0 -0
  outer loop
   vertex 74.533332824707031 10.699999809265137 6.5999999046325684
   vertex 74.533332824707031 17.700000762939453 6.5999999046325684
   vertex 74.533332824707031 17.700000762939453 9.1000003814697266
  endloop
 endfacet
 facet normal 1 0 0
  outer loop
   vertex 74.533332824707031 10.699999809265137 9.1000003814697266
   vertex 74.533332824707031 10.699999809265137 6.5999999046325684
   vertex 74.533332824707031 17.700000762939453 9.1000003814697266
  endloop
 endfacet
 facet normal 0 0 -1
  outer loop
   vertex 80.699996948242188 17.700000762939453 9.1000003814697266
   vertex 74.533332824707031 10.699999809265137 9.1000003814697266
   vertex 74.533332824707031 17.700000762939453 9.1000003814697266
  endloop
 endfacet
 facet normal 0 0 -1
  outer loop
   vertex 80.699996948242188 17.700000762939453 9.1000003814697266
   vertex 80.699996948242188 10.699999809265137 9.1000003814697266
   vertex 74.533332824707031 10.699999809265137 9.1000003814697266
  endloop
 endfacet
 facet normal -0 0 1
  outer loop
   vertex 67.666671752929688 17.700000762939453 3.9000000953674316
   vertex 61.299999237060547 17.700000762939453 3.9000000953674316
   vertex 61.299999237060547 10.699999809265137 3.9000000953674316
  endloop
 endfacet
 facet normal 0 0 1
  outer loop
   vertex 67.666671752929688 17.700000762939453 3.9000000953674316
   vertex 61.299999237060547 10.699999809265137 3.9000000953674316
   vertex 67.666671752929688 10.699999809265137 3.9000000953674316
  endloop
 endfacet
 facet normal -1 0 -0
  outer loop
   vertex 67.666671752929688 10.699999809265137 3.9000000953674316
   vertex 67.666671752929688 17.700000762939453 6.4000000953674316
   vertex 67.666671752929688 17.700000762939453 3.9000000953674316
  endloop
 endfacet
 facet normal -1 -0 0
  outer loop
   vertex 67.666671752929688 10.699999809265137 6.4000000953674316
   vertex 67.666671752929688 17.700000762939453 6.4000000953674316
   vertex 67.666671752929688 10.699999809265137 3.9000000953674316
  endloop
 endfacet
 facet normal 0 0 -1
  outer loop
   vertex 67.666671752929688 17.700000762939453 6.4000000953674316
   vertex 61.299999237060547 10.699999809265137 6.4000000953674316
   vertex 61.299999237060547 17.700000762939453 6.4000000953674316
  endloop
 endfacet
 facet normal 0 0 -1
  outer loop
   vertex 67.666671752929688 17.700000762939453 6.4000000953674316
   vertex 67.666671752929688 10.699999809265137 6.4000000953674316
   vertex 61.299999237060547 10.699999809265137 6.4000000953674316
  endloop
 endfacet
 facet normal -0 0 1
  outer loop
   vertex 74.333328247070312 17.700000762939453 3.9000000953674316
   vertex 67.866668701171875 17.700000762939453 3.9000000953674316
   vertex 67.866668701171875 10.699999809265137 3.9000000953674316
  endloop
 endfacet
 facet normal 0 0 1
  outer loop
   vertex 74.333328247070312 17.700000762939453 3.9000000953674316
   vertex 67.866668701171875 10.699999809265137 3.9000000953674316
   vertex 74.333328247070312 10.699999809265137 3.9000000953674316
  endloop
 endfacet
 facet normal 1 0 -0
  outer loop
   vertex 67.866668701171875 10.699999809265137 3.9000000953674316
   vertex 67.866668701171875 17.700000762939453 3.9000000953674316
   vertex 67.866668701171875 17.700000762939453 6.4000000953674316
  endloop
 endfacet
 facet normal 1 0 0
  outer loop
   vertex 67.866668701171875 10.699999809265137 6.4000000953674316
   vertex 67.866668701171875 10.699999809265137 3.9000000953674316
   vertex 67.866668701171875 17.700000762939453 6.4000000953674316
  endloop
 endfacet
 facet normal -1 0 -0
  outer loop
   vertex 74.333328247070312 10.699999809265137 3.9000000953674316
   vertex 74.333328247070312 17.700000762939453 6.4000000953674316
   vertex 74.333328247070312 17.700000762939453 3.9000000953674316
  endloop
 endfacet
 facet normal -1 -0 0
  outer loop
   vertex 74.333328247070312 10.699999809265137 6.4000000953674316
   vertex 74.333328247070312 17.700000762939453 6.4000000953674316
   vertex 74.333328247070312 10.699999809265137 3.9000000953674316
  endloop
 endfacet
 facet normal 0 0 -1
  outer loop
   vertex 74.333328247070312 17.700000762939453 6.4000000953674316
   vertex 67.866668701171875 10.699999809265137 6.4000000953674316
   vertex 67.866668701171875 17.700000762939453 6.4000000953674316
  endloop
 endfacet
 facet normal 0 0 -1
  outer loop
   vertex 74.333328247070312 17.700000762939453 6.4000000953674316
   vertex 74.333328247070312 10.699999809265137 6.4000000953674316
   vertex 67.866668701171875 10.699999809265137 6.4000000953674316
  endloop
 endfacet
 facet normal -0 0 1
  outer loop
   vertex 80.699996948242188 17.700000762939453 3.9000000953674316
   vertex 74.533332824707031 17.700000762939453 3.9000000953674316
   vertex 74.533332824707031 10.699999809265137 3.9000000953674316
  endloop
 endfacet
 facet normal 0 0 1
  outer loop
   vertex 80.699996948242188 17.700000762939453 3.9000000953674316
   vertex 74.533332824707031 10.699999809265137 3.9000000953674316
   vertex 80.699996948242188 10.699999809265137 3.9000000953674316
  endloop
 endfacet
 facet normal 1 0 -0
  outer loop
   vertex 74.533332824707031 10.699999809265137 3.9000000953674316
   vertex 74.533332824707031 17.700000762939453 3.9000000953674316
   vertex 74.533332824707031 17.700000762939453 6.4000000953674316
  endloop
 endfacet
 facet normal 1 0 0
  outer loop
   vertex 74.533332824707031 10.699999809265137 6.4000000953674316
   vertex 74.533332824707031 10.699999809265137 3.9000000953674316
   vertex 74.533332824707031 17.700000762939453 6.4000000953674316
  endloop
 endfacet
 facet normal 0 0 -1
  outer loop
   vertex 80.699996948242188 17.700000762939453 6.4000000953674316
   vertex 74.533332824707031 10.699999809265137 6.4000000953674316
   vertex 74.533332824707031 17.700000762939453 6.4000000953674316
  endloop
 endfacet
 facet normal 0 0 -1
  outer loop
   vertex 80.699996948242188 17.700000762939453 6.4000000953674316
   vertex 80.699996948242188 10.699999809265137 6.4000000953674316
   vertex 74.533332824707031 10.699999809265137 6.4000000953674316
  endloop
 endfacet
 facet normal -0 0 1
  outer loop
   vertex 67.666671752929688 17.700000762939453 1.2000000476837158
   vertex 61.299999237060547 17.700000762939453 1.2000000476837158
   vertex 61.299999237060547 10.699999809265137 1.2000000476837158
  endloop
 endfacet
 facet normal 0 0 1
  outer loop
   vertex 67.666671752929688 17.700000762939453 1.2000000476837158
   vertex 61.299999237060547 10.699999809265137 1.2000000476837158
   vertex 67.666671752929688 10.699999809265137 1.2000000476837158
  endloop
 endfacet
 facet normal -1 0 -0
  outer loop
   vertex 67.666671752929688 10.699999809265137 1.2000000476837158
   vertex 67.666671752929688 17.700000762939453 3.7000000476837158
   vertex 67.666671752929688 17.700000762939453 1.2000000476837158
  endloop
 endfacet
 facet normal -1 -0 0
  outer loop
   vertex 67.666671752929688 10.699999809265137 3.7000000476837158
   vertex 67.666671752929688 17.700000762939453 3.7000000476837158
   vertex 67.666671752929688 10.699999809265137 1.2000000476837158
  endloop
 endfacet
 facet normal 0 0 -1
  outer loop
   vertex 67.666671752929688 17.700000762939453 3.7000000476837158
   vertex 61.299999237060547 10.699999809265137 3.7000000476837158
   vertex 61.299999237060547 17.700000762939453 3.7000000476837158
  endloop
 endfacet
 facet normal 0 0 -1
  outer loop
   vertex 67.666671752929688 17.700000762939453 3.7000000476837158
   vertex 67.666671752929688 10.699999809265137 3.7000000476837158
   vertex 61.299999237060547 10.699999809265137 3.7000000476837158
  endloop
 endfacet
 facet normal -0 0 1
  outer loop
   vertex 74.333328247070312 17.700000762939453 1.2000000476837158
   vertex 67.866668701171875 17.700000762939453 1.2000000476837158
   vertex 67.866668701171875 10.699999809265137 1.2000000476837158
  endloop
 endfacet
 facet normal 0 0 1
  outer loop
   vertex 74.333328247070312 17.700000762939453 1.2000000476837158
   vertex 67.866668701171875 10.699999809265137 1.2000000476837158
   vertex 74.333328247070312 10.699999809265137 1.2000000476837158
  endloop
 endfacet
 facet normal 1 0 -0
  outer loop
   vertex 67.866668701171875 10.699999809265137 1.2000000476837158
   vertex 67.866668701171875 17.700000762939453 1.2000000476837158
   vertex 67.866668701171875 17.700000762939453 3.7000000476837158
  endloop
 endfacet
 facet normal 1 0 0
  outer loop
   vertex 67.866668701171875 10.699999809265137 3.7000000476837158
   vertex 67.866668701171875 10.699999809265137 1.2000000476837158
   vertex 67.866668701171875 17.700000762939453 3.7000000476837158
  endloop
 endfacet
 facet normal -1 0 -0
  outer loop
   vertex 74.333328247070312 10.699999809265137 1.2000000476837158
   vertex 74.333328247070312 17.700000762939453 3.7000000476837158
   vertex 74.333328247070312 17.700000762939453 1.2000000476837158
  endloop
 endfacet
 facet normal -1 -0 0
  outer loop
   vertex 74.333328247070312 10.699999809265137 3.7000000476837158
   vertex 74.333328247070312 17.700000762939453 3.7000000476837158
   vertex 74.333328247070312 10.699999809265137 1.2000000476837158
  endloop
 endfacet
 facet normal 0 0 -1
  outer loop
   vertex 74.333328247070312 17.700000762939453 3.7000000476837158
   vertex 67.866668701171875 10.699999809265137 3.7000000476837158
   vertex 67.866668701171875 17.700000762939453 3.7000000476837158
  endloop
 endfacet
 facet normal 0 0 -1
  outer loop
   vertex 74.333328247070312 17.700000762939453 3.7000000476837158
   vertex 74.333328247070312 10.699999809265137 3.7000000476837158
   vertex 67.866668701171875 10.699999809265137 3.7000000476837158
  endloop
 endfacet
 facet normal -0 0 1
  outer loop
   vertex 80.699996948242188 17.700000762939453 1.2000000476837158
   vertex 74.533332824707031 17.700000762939453 1.2000000476837158
   vertex 74.533332824707031 10.699999809265137 1.2000000476837158
  endloop
 endfacet
 facet normal 0 0 1
  outer loop
   vertex 80.699996948242188 17.700000762939453 1.2000000476837158
   vertex 74.533332824707031 10.699999809265137 1.2000000476837158
   vertex 80.699996948242188 10.699999809265137 1.2000000476837158
  endloop
 endfacet
 facet normal 1 0 -0
  outer loop
   vertex 74.533332824707031 10.699999809265137 1.2000000476837158
   vertex 74.533332824707031 17.700000762939453 1.2000000476837158
   vertex 74.533332824707031 17.700000762939453 3.7000000476837158
  endloop
 endfacet
 facet normal 1 0 0
  outer loop
   vertex 74.533332824707031 10.699999809265137 3.7000000476837158
   vertex 74.533332824707031 10.699999809265137 1.2000000476837158
   vertex 74.533332824707031 17.700000762939453 3.7000000476837158
  endloop
 endfacet
 facet normal 0 0 -1
  outer loop
   vertex 80.699996948242188 17.700000762939453 3.7000000476837158
   vertex 74.533332824707031 10.699999809265137 3.7000000476837158
   vertex 74.533332824707031 17.700000762939453 3.7000000476837158
  endloop
 endfacet
 facet normal 0 0 -1
  outer loop
   vertex 80.699996948242188 17.700000762939453 3.7000000476837158
   vertex 80.699996948242188 10.699999809265137 3.7000000476837158
   vertex 74.533332824707031 10.699999809265137 3.7000000476837158
  endloop
 endfacet
 facet normal -0 0 1
  outer loop
   vertex 67.666671752929688 10.5 1.2000000476837158
   vertex 61.299999237060547 10.5 1.2000000476837158
   vertex 61.299999237060547 3.2999999523162842 1.2000000476837158
  endloop
 endfacet
 facet normal 0 0 1
  outer loop
   vertex 67.666671752929688 10.5 1.2000000476837158
   vertex 61.299999237060547 3.2999999523162842 1.2000000476837158
   vertex 67.666671752929688 3.2999999523162842 1.2000000476837158
  endloop
 endfacet
 facet normal -1 0 0
  outer loop
   vertex 67.666671752929688 3.2999999523162842 3.7000000476837158
   vertex 67.666671752929688 10.5 1.2000000476837158
   vertex 67.666671752929688 3.2999999523162842 1.2000000476837158
  endloop
 endfacet
 facet normal -1 -0 -0
  outer loop
   vertex 67.666671752929688 3.2999999523162842 3.7000000476837158
   vertex 67.666671752929688 10.5 3.7000000476837158
   vertex 67.666671752929688 10.5 1.2000000476837158
  endloop
 endfacet
 facet normal 0 0 -1
  outer loop
   vertex 67.666671752929688 10.5 3.7000000476837158
   vertex 61.299999237060547 3.2999999523162842 3.7000000476837158
   vertex 61.299999237060547 10.5 3.7000000476837158
  endloop
 endfacet
 facet normal 0 0 -1
  outer loop
   vertex 67.666671752929688 10.5 3.7000000476837158
   vertex 67.666671752929688 3.2999999523162842 3.7000000476837158
   vertex 61.299999237060547 3.2999999523162842 3.7000000476837158
  endloop
 endfacet
 facet normal 0 0 1
  outer loop
   vertex 67.866668701171875 10.5 1.2000000476837158
   vertex 67.866668701171875 3.2999999523162842 1.2000000476837158
   vertex 74.333328247070312 3.2999999523162842 1.2000000476837158
  endloop
 endfacet
 facet normal -0 0 1
  outer loop
   vertex 74.333328247070312 10.5 1.2000000476837158
   vertex 67.866668701171875 10.5 1.2000000476837158
   vertex 74.333328247070312 3.2999999523162842 1.2000000476837158
  endloop
 endfacet
 facet normal 1 0 0
  outer loop
   vertex 67.866668701171875 3.2999999523162842 3.7000000476837158
   vertex 67.866668701171875 3.2999999523162842 1.2000000476837158
   vertex 67.866668701171875 10.5 1.2000000476837158
  endloop
 endfacet
 facet normal 1 0 -0
  outer loop
   vertex 67.866668701171875 3.2999999523162842 3.7000000476837158
   vertex 67.866668701171875 10.5 1.2000000476837158
   vertex 67.866668701171875 10.5 3.7000000476837158
  endloop
 endfacet
 facet normal -1 0 0
  outer loop
   vertex 74.333328247070312 3.2999999523162842 3.7000000476837158
   vertex 74.333328247070312 10.5 1.2000000476837158
   vertex 74.333328247070312 3.2999999523162842 1.2000000476837158
  endloop
 endfacet
 facet normal -1 -0 -0
  outer loop
   vertex 74.333328247070312 3.2999999523162842 3.7000000476837158
   vertex 74.333328247070312 10.5 3.7000000476837158
   vertex 74.333328247070312 10.5 1.2000000476837158
  endloop
 endfacet
 facet normal 0 0 -1
  outer loop
   vertex 67.866668701171875 10.5 3.7000000476837158
   vertex 74.333328247070312 3.2999999523162842 3.7000000476837158
   vertex 67.866668701171875 3.2999999523162842 3.7000000476837158
  endloop
 endfacet
 facet normal 0 0 -1
  outer loop
   vertex 74.333328247070312 10.5 3.7000000476837158
   vertex 74.333328247070312 3.2999999523162842 3.7000000476837158
   vertex 67.866668701171875 10.5 3.7000000476837158
  endloop
 endfacet
 facet normal -0 0 1
  outer loop
   vertex 80.699996948242188 10.5 1.2000000476837158
   vertex 74.533332824707031 10.5 1.2000000476837158
   vertex 74.533332824707031 3.2999999523162842 1.2000000476837158
  endloop
 endfacet
 facet normal 0 0 1
  outer loop
   vertex 80.699996948242188 10.5 1.2000000476837158
   vertex 74.533332824707031 3.2999999523162842 1.2000000476837158
   vertex 80.699996948242188 3.2999999523162842 1.2000000476837158
  endloop
 endfacet
 facet normal 1 0 0
  outer loop
   vertex 74.533332824707031 3.2999999523162842 3.7000000476837158
   vertex 74.533332824707031 3.2999999523162842 1.2000000476837158
   vertex 74.533332824707031 10.5 1.2000000476837158
  endloop
 endfacet
 facet normal 1 0 -0
  outer loop
   vertex 74.533332824707031 3.2999999523162842 3.7000000476837158
   vertex 74.533332824707031 10.5 1.2000000476837158
   vertex 74.533332824707031 10.5 3.7000000476837158
  endloop
 endfacet
 facet normal 0 0 -1
  outer loop
   vertex 80.699996948242188 10.5 3.7000000476837158
   vertex 74.533332824707031 3.2999999523162842 3.7000000476837158
   vertex 74.533332824707031 10.5 3.7000000476837158
  endloop
 endfacet
 facet normal 0 0 -1
  outer loop
   vertex 80.699996948242188 10.5 3.7000000476837158
   vertex 80.699996948242188 3.2999999523162842 3.7000000476837158
   vertex 74.533332824707031 3.2999999523162842 3.7000000476837158
  endloop
 endfacet
 facet normal -0 0 1
  outer loop
   vertex 67.666671752929688 10.5 3.9000000953674316
   vertex 61.299999237060547 10.5 3.9000000953674316
   vertex 61.299999237060547 3.2999999523162842 3.9000000953674316
  endloop
 endfacet
 facet normal 0 0 1
  outer loop
   vertex 67.666671752929688 10.5 3.9000000953674316
   vertex 61.299999237060547 3.2999999523162842 3.9000000953674316
   vertex 67.666671752929688 3.2999999523162842 3.9000000953674316
  endloop
 endfacet
 facet normal -1 0 0
  outer loop
   vertex 67.666671752929688 3.2999999523162842 6.4000000953674316
   vertex 67.666671752929688 10.5 3.9000000953674316
   vertex 67.666671752929688 3.2999999523162842 3.9000000953674316
  endloop
 endfacet
 facet normal -1 -0 -0
  outer loop
   vertex 67.666671752929688 3.2999999523162842 6.4000000953674316
   vertex 67.666671752929688 10.5 6.4000000953674316
   vertex 67.666671752929688 10.5 3.9000000953674316
  endloop
 endfacet
 facet normal 0 0 -1
  outer loop
   vertex 67.666671752929688 10.5 6.4000000953674316
   vertex 61.299999237060547 3.2999999523162842 6.4000000953674316
   vertex 61.299999237060547 10.5 6.4000000953674316
  endloop
 endfacet
 facet normal 0 0 -1
  outer loop
   vertex 67.666671752929688 10.5 6.4000000953674316
   vertex 67.666671752929688 3.2999999523162842 6.4000000953674316
   vertex 61.299999237060547 3.2999999523162842 6.4000000953674316
  endloop
 endfacet
 facet normal 0 0 1
  outer loop
   vertex 67.866668701171875 10.5 3.9000000953674316
   vertex 67.866668701171875 3.2999999523162842 3.9000000953674316
   vertex 74.333328247070312 3.2999999523162842 3.9000000953674316
  endloop
 endfacet
 facet normal -0 0 1
  outer loop
   vertex 74.333328247070312 10.5 3.9000000953674316
   vertex 67.866668701171875 10.5 3.9000000953674316
   vertex 74.333328247070312 3.2999999523162842 3.9000000953674316
  endloop
 endfacet
 facet normal 1 0 0
  outer loop
   vertex 67.866668701171875 3.2999999523162842 6.4000000953674316
   vertex 67.866668701171875 3.2999999523162842 3.9000000953674316
   vertex 67.866668701171875 10.5 3.9000000953674316
  endloop
 endfacet
 facet normal 1 0 -0
  outer loop
   vertex 67.866668701171875 3.2999999523162842 6.4000000953674316
   vertex 67.866668701171875 10.5 3.9000000953674316
   vertex 67.866668701171875 10.5 6.4000000953674316
  endloop
 endfacet
 facet normal -1 0 0
  outer loop
   vertex 74.333328247070312 3.2999999523162842 6.4000000953674316
   vertex 74.333328247070312 10.5 3.9000000953674316
   vertex 74.333328247070312 3.2999999523162842 3.9000000953674316
  endloop
 endfacet
 facet normal -1 -0 -0
  outer loop
   vertex 74.333328247070312 3.2999999523162842 6.4000000953674316
   vertex 74.333328247070312 10.5 6.4000000953674316
   vertex 74.333328247070312 10.5 3.9000000953674316
  endloop
 endfacet
 facet normal 0 0 -1
  outer loop
   vertex 67.866668701171875 10.5 6.4000000953674316
   vertex 74.333328247070312 3.2999999523162842 6.4000000953674316
   vertex 67.866668701171875 3.2999999523162842 6.4000000953674316
  endloop
 endfacet
 facet normal 0 0 -1
  outer loop
   vertex 74.333328247070312 10.5 6.4000000953674316
   vertex 74.333328247070312 3.2999999523162842 6.4000000953674316
   vertex 67.866668701171875 10.5 6.4000000953674316
  endloop
 endfacet
 facet normal -0 0 1
  outer loop
   vertex 80.699996948242188 10.5 3.9000000953674316
   vertex 74.533332824707031 10.5 3.9000000953674316
   vertex 74.533332824707031 3.2999999523162842 3.9000000953674316
  endloop
 endfacet
 facet normal 0 0 1
  outer loop
   vertex 80.699996948242188 10.5 3.9000000953674316
   vertex 74.533332824707031 3.2999999523162842 3.9000000953674316
   vertex 80.699996948242188 3.2999999523162842 3.9000000953674316
  endloop
 endfacet
 facet normal 1 0 0
  outer loop
   vertex 74.533332824707031 3.2999999523162842 6.4000000953674316
   vertex 74.533332824707031 3.2999999523162842 3.9000000953674316
   vertex 74.533332824707031 10.5 3.9000000953674316
  endloop
 endfacet
 facet normal 1 0 -0
  outer loop
   vertex 74.533332824707031 3.2999999523162842 6.4000000953674316
   vertex 74.533332824707031 10.5 3.9000000953674316
   vertex 74.533332824707031 10.5 6.4000000953674316
  endloop
 endfacet
 facet normal 0 0 -1
  outer loop
   vertex 80.699996948242188 10.5 6.4000000953674316
   vertex 74.533332824707031 3.2999999523162842 6.4000000953674316
   vertex 74.533332824707031 10.5 6.4000000953674316
  endloop
 endfacet
 facet normal 0 0 -1
  outer loop
   vertex 80.699996948242188 10.5 6.4000000953674316
   vertex 80.699996948242188 3.2999999523162842 6.4000000953674316
   vertex 74.533332824707031 3.2999999523162842 6.4000000953674316
  endloop
 endfacet
 facet normal -0 0 1
  outer loop
   vertex 67.666671752929688 10.5 6.5999999046325684
   vertex 61.299999237060547 10.5 6.5999999046325684
   vertex 61.299999237060547 3.2999999523162842 6.5999999046325684
  endloop
 endfacet
 facet normal 0 0 1
  outer loop
   vertex 67.666671752929688 10.5 6.5999999046325684
   vertex 61.299999237060547 3.2999999523162842 6.5999999046325684
   vertex 67.666671752929688 3.2999999523162842 6.5999999046325684
  endloop
 endfacet
 facet normal -1 0 0
  outer loop
   vertex 67.666671752929688 3.2999999523162842 9.1000003814697266
   vertex 67.666671752929688 10.5 6.5999999046325684
   vertex 67.666671752929688 3.2999999523162842 6.5999999046325684
  endloop
 endfacet
 facet normal -1 -0 -0
  outer loop
   vertex 67.666671752929688 3.2999999523162842 9.1000003814697266
   vertex 67.666671752929688 10.5 9.1000003814697266
   vertex 67.666671752929688 10.5 6.5999999046325684
  endloop
 endfacet
 facet normal 0 0 -1
  outer loop
   vertex 67.666671752929688 10.5 9.1000003814697266
   vertex 61.299999237060547 3.2999999523162842 9.1000003814697266
   vertex 61.299999237060547 10.5 9.1000003814697266
  endloop
 endfacet
 facet normal 0 0 -1
  outer loop
   vertex 67.666671752929688 10.5 9.1000003814697266
   vertex 67.666671752929688 3.2999999523162842 9.1000003814697266
   vertex 61.299999237060547 3.2999999523162842 9.1000003814697266
  endloop
 endfacet
 facet normal 0 0 1
  outer loop
   vertex 67.866668701171875 10.5 6.5999999046325684
   vertex 67.866668701171875 3.2999999523162842 6.5999999046325684
   vertex 74.333328247070312 3.2999999523162842 6.5999999046325684
  endloop
 endfacet
 facet normal -0 0 1
  outer loop
   vertex 74.333328247070312 10.5 6.5999999046325684
   vertex 67.866668701171875 10.5 6.5999999046325684
   vertex 74.333328247070312 3.2999999523162842 6.5999999046325684
  endloop
 endfacet
 facet normal 1 0 0
  outer loop
   vertex 67.866668701171875 3.2999999523162842 9.1000003814697266
   vertex 67.866668701171875 3.2999999523162842 6.5999999046325684
   vertex 67.866668701171875 10.5 6.5999999046325684
  endloop
 endfacet
 facet normal 1 0 -0
  outer loop
   vertex 67.866668701171875 3.2999999523162842 9.1000003814697266
   vertex 67.866668701171875 10.5 6.5999999046325684
   vertex 67.866668701171875 10.5 9.1000003814697266
  endloop
 endfacet
 facet normal -1 0 0
  outer loop
   vertex 74.333328247070312 3.2999999523162842 9.1000003814697266
   vertex 74.333328247070312 10.5 6.5999999046325684
   vertex 74.333328247070312 3.2999999523162842 6.5999999046325684
  endloop
 endfacet
 facet normal -1 -0 -0
  outer loop
   vertex 74.333328247070312 3.2999999523162842 9.1000003814697266
   vertex 74.333328247070312 10.5 9.1000003814697266
   vertex 74.333328247070312 10.5 6.5999999046325684
  endloop
 endfacet
 facet normal 0 0 -1
  outer loop
   vertex 67.866668701171875 10.5 9.1000003814697266
   vertex 74.333328247070312 3.2999999523162842 9.1000003814697266
   vertex 67.866668701171875 3.2999999523162842 9.1000003814697266
  endloop
 endfacet
 facet normal 0 0 -1
  outer loop
   vertex 74.333328247070312 10.5 9.1000003814697266
   vertex 74.333328247070312 3.2999999523162842 9.1000003814697266
   vertex 67.866668701171875 10.5 9.1000003814697266
  endloop
 endfacet
 facet normal -0 0 1
  outer loop
   vertex 80.699996948242188 10.5 6.5999999046325684
   vertex 74.533332824707031 10.5 6.5999999046325684
   vertex 74.533332824707031 3.2999999523162842 6.5999999046325684
  endloop
 endfacet
 facet normal 0 0 1
  outer loop
   vertex 80.699996948242188 10.5 6.5999999046325684
   vertex 74.533332824707031 3.2999999523162842 6.5999999046325684
   vertex 80.699996948242188 3.2999999523162842 6.5999999046325684
  endloop
 endfacet
 facet normal 1 0 0
  outer loop
   vertex 74.533332824707031 3.2999999523162842 9.1000003814697266
   vertex 74.533332824707031 3.2999999523162842 6.5999999046325684
   vertex 74.533332824707031 10.5 6.5999999046325684
  endloop
 endfacet
 facet normal 1 0 -0
  outer loop
   vertex 74.533332824707031 3.2999999523162842 9.1000003814697266
   vertex 74.533332824707031 10.5 6.5999999046325684
   vertex 74.533332824707031 10.5 9.1000003814697266
  endloop
 endfacet
 facet normal 0 0 -1
  outer loop
   vertex 80.699996948242188 10.5 9.1000003814697266
   vertex 74.533332824707031 3.2999999523162842 9.1000003814697266
   vertex 74.533332824707031 10.5 9.1000003814697266
  endloop
 endfacet
 facet normal 0 0 -1
  outer loop
   vertex 80.699996948242188 10.5 9.1000003814697266
   vertex 80.699996948242188 3.2999999523162842 9.1000003814697266
   vertex 74.533332824707031 3.2999999523162842 9.1000003814697266
  endloop
 endfacet
 facet normal -0 0 1
  outer loop
   vertex 67.666671752929688 10.5 9.3000001907348633
   vertex 61.299999237060547 10.5 9.3000001907348633
   vertex 61.299999237060547 3.2999999523162842 9.3000001907348633
  endloop
 endfacet
 facet normal 0 0 1
  outer loop
   vertex 67.666671752929688 10.5 9.3000001907348633
   vertex 61.299999237060547 3.2999999523162842 9.3000001907348633
   vertex 67.666671752929688 3.2999999523162842 9.3000001907348633
  endloop
 endfacet
 facet normal -1 0 0
  outer loop
   vertex 67.666671752929688 3.2999999523162842 11.800000190734863
   vertex 67.666671752929688 10.5 9.3000001907348633
   vertex 67.666671752929688 3.2999999523162842 9.3000001907348633
  endloop
 endfacet
 facet normal -1 -0 -0
  outer loop
   vertex 67.666671752929688 3.2999999523162842 11.800000190734863
   vertex 67.666671752929688 10.5 11.800000190734863
   vertex 67.666671752929688 10.5 9.3000001907348633
  endloop
 endfacet
 facet normal 0 0 -1
  outer loop
   vertex 67.666671752929688 10.5 11.800000190734863
   vertex 61.299999237060547 3.2999999523162842 11.800000190734863
   vertex 61.299999237060547 10.5 11.800000190734863
  endloop
 endfacet
 facet normal 0 0 -1
  outer loop
   vertex 67.666671752929688 10.5 11.800000190734863
   vertex 67.666671752929688 3.2999999523162842 11.800000190734863
   vertex 61.299999237060547 3.2999999523162842 11.800000190734863
  endloop
 endfacet
 facet normal 0 0 1
  outer loop
   vertex 67.866668701171875 10.5 9.3000001907348633
   vertex 67.866668701171875 3.2999999523162842 9.3000001907348633
   vertex 74.333328247070312 3.2999999523162842 9.3000001907348633
  endloop
 endfacet
 facet normal -0 0 1
  outer loop
   vertex 74.333328247070312 10.5 9.3000001907348633
   vertex 67.866668701171875 10.5 9.3000001907348633
   vertex 74.333328247070312 3.2999999523162842 9.3000001907348633
  endloop
 endfacet
 facet normal 1 0 0
  outer loop
   vertex 67.866668701171875 3.2999999523162842 11.800000190734863
   vertex 67.866668701171875 3.2999999523162842 9.3000001907348633
   vertex 67.866668701171875 10.5 9.3000001907348633
  endloop
 endfacet
 facet normal 1 0 -0
  outer loop
   vertex 67.866668701171875 3.2999999523162842 11.800000190734863
   vertex 67.866668701171875 10.5 9.3000001907348633
   vertex 67.866668701171875 10.5 11.800000190734863
  endloop
 endfacet
 facet normal -1 0 0
  outer loop
   vertex 74.333328247070312 3.2999999523162842 11.800000190734863
   vertex 74.333328247070312 10.5 9.3000001907348633
   vertex 74.333328247070312 3.2999999523162842 9.3000001907348633
  endloop
 endfacet
 facet normal -1 -0 -0
  outer loop
   vertex 74.333328247070312 3.2999999523162842 11.800000190734863
   vertex 74.333328247070312 10.5 11.800000190734863
   vertex 74.333328247070312 10.5 9.3000001907348633
  endloop
 endfacet
 facet normal 0 0 -1
  outer loop
   vertex 67.866668701171875 10.5 11.800000190734863
   vertex 74.333328247070312 3.2999999523162842 11.800000190734863
   vertex 67.866668701171875 3.2999999523162842 11.800000190734863
  endloop
 endfacet
 facet normal 0 0 -1
  outer loop
   vertex 74.333328247070312 10.5 11.800000190734863
   vertex 74.333328247070312 3.2999999523162842 11.800000190734863
   vertex 67.866668701171875 10.5 11.800000190734863
  endloop
 endfacet
 facet normal -0 0 1
  outer loop
   vertex 80.699996948242188 10.5 9.3000001907348633
   vertex 74.533332824707031 10.5 9.3000001907348633
   vertex 74.533332824707031 3.2999999523162842 9.3000001907348633
  endloop
 endfacet
 facet normal 0 0 1
  outer loop
   vertex 80.699996948242188 10.5 9.3000001907348633
   vertex 74.533332824707031 3.2999999523162842 9.3000001907348633
   vertex 80.699996948242188 3.2999999523162842 9.3000001907348633
  endloop
 endfacet
 facet normal 1 0 0
  outer loop
   vertex 74.533332824707031 3.2999999523162842 11.800000190734863
   vertex 74.533332824707031 3.2999999523162842 9.3000001907348633
   vertex 74.533332824707031 10.5 9.3000001907348633
  endloop
 endfacet
 facet normal 1 0 -0
  outer loop
   vertex 74.533332824707031 3.2999999523162842 11.800000190734863
   vertex 74.533332824707031 10.5 9.3000001907348633
   vertex 74.533332824707031 10.5 11.800000190734863
  endloop
 endfacet
 facet normal 0 0 -1
  outer loop
   vertex 80.699996948242188 10.5 11.800000190734863
   vertex 74.533332824707031 3.2999999523162842 11.800000190734863
   vertex 74.533332824707031 10.5 11.800000190734863
  endloop
 endfacet
 facet normal 0 0 -1
  outer loop
   vertex 80.699996948242188 10.5 11.800000190734863
   vertex 80.699996948242188 3.2999999523162842 11.800000190734863
   vertex 74.533332824707031 3.2999999523162842 11.800000190734863
  endloop
 endfacet
 facet normal -0 0 1
  outer loop
   vertex 67.666671752929688 10.5 12
   vertex 61.299999237060547 10.5 12
   vertex 61.299999237060547 3.2999999523162842 12
  endloop
 endfacet
 facet normal 0 0 1
  outer loop
   vertex 67.666671752929688 10.5 12
   vertex 61.299999237060547 3.2999999523162842 12
   vertex 67.666671752929688 3.2999999523162842 12
  endloop
 endfacet
 facet normal -1 0 0
  outer loop
   vertex 67.666671752929688 3.2999999523162842 14.5
   vertex 67.666671752929688 10.5 12
   vertex 67.666671752929688 3.2999999523162842 12
  endloop
 endfacet
 facet normal -1 -0 -0
  outer loop
   vertex 67.666671752929688 3.2999999523162842 14.5
   vertex 67.666671752929688 10.5 14.5
   vertex 67.666671752929688 10.5 12
  endloop
 endfacet
 facet normal 0 0 -1
  outer loop
   vertex 67.666671752929688 10.5 14.5
   vertex 61.299999237060547 3.2999999523162842 14.5
   vertex 61.299999237060547 10.5 14.5
  endloop
 endfacet
 facet normal 0 0 -1
  outer loop
   vertex 67.666671752929688 10.5 14.5
   vertex 67.666671752929688 3.2999999523162842 14.5
   vertex 61.299999237060547 3.2999999523162842 14.5
  endloop
 endfacet
 facet normal 0 0 1
  outer loop
   vertex 67.866668701171875 10.5 12
   vertex 67.866668701171875 3.2999999523162842 12
   vertex 74.333328247070312 3.2999999523162842 12
  endloop
 endfacet
 facet normal -0 0 1
  outer loop
   vertex 74.333328247070312 10.5 12
   vertex 67.866668701171875 10.5 12
   vertex 74.333328247070312 3.2999999523162842 12
  endloop
 endfacet
 facet normal 1 0 0
  outer loop
   vertex 67.866668701171875 3.2999999523162842 14.5
   vertex 67.866668701171875 3.2999999523162842 12
   vertex 67.866668701171875 10.5 12
  endloop
 endfacet
 facet normal 1 0 -0
  outer loop
   vertex 67.866668701171875 3.2999999523162842 14.5
   vertex 67.866668701171875 10.5 12
   vertex 67.866668701171875 10.5 14.5
  endloop
 endfacet
 facet normal -1 0 0
  outer loop
   vertex 74.333328247070312 3.2999999523162842 14.5
   vertex 74.333328247070312 10.5 12
   vertex 74.333328247070312 3.2999999523162842 12
  endloop
 endfacet
 facet normal -1 -0 -0
  outer loop
   vertex 74.333328247070312 3.2999999523162842 14.5
   vertex 74.333328247070312 10.5 14.5
   vertex 74.333328247070312 10.5 12
  endloop
 endfacet
 facet normal 0 0 -1
  outer loop
   vertex 67.866668701171875 10.5 14.5
   vertex 74.333328247070312 3.2999999523162842 14.5
   vertex 67.866668701171875 3.2999999523162842 14.5
  endloop
 endfacet
 facet normal 0 0 -1
  outer loop
   vertex 74.333328247070312 10.5 14.5
   vertex 74.333328247070312 3.2999999523162842 14.5
   vertex 67.866668701171875 10.5 14.5
  endloop
 endfacet
 facet normal -0 0 1
  outer loop
   vertex 80.699996948242188 10.5 12
   vertex 74.533332824707031 10.5 12
   vertex 74.533332824707031 3.2999999523162842 12
  endloop
 endfacet
 facet normal 0 0 1
  outer loop
   vertex 80.699996948242188 10.5 12
   vertex 74.533332824707031 3.2999999523162842 12
   vertex 80.699996948242188 3.2999999523162842 12
  endloop
 endfacet
 facet normal 1 0 0
  outer loop
   vertex 74.533332824707031 3.2999999523162842 14.5
   vertex 74.533332824707031 3.2999999523162842 12
   vertex 74.533332824707031 10.5 12
  endloop
 endfacet
 facet normal 1 0 -0
  outer loop
   vertex 74.533332824707031 3.2999999523162842 14.5
   vertex 74.533332824707031 10.5 12
   vertex 74.533332824707031 10.5 14.5
  endloop
 endfacet
 facet normal 0 0 -1
  outer loop
   vertex 80.699996948242188 10.5 14.5
   vertex 74.533332824707031 3.2999999523162842 14.5
   vertex 74.533332824707031 10.5 14.5
  endloop
 endfacet
 facet normal 0 0 -1
  outer loop
   vertex 80.699996948242188 10.5 14.5
   vertex 80.699996948242188 3.2999999523162842 14.5
   vertex 74.533332824707031 3.2999999523162842 14.5
  endloop
 endfacet
 facet normal 0 1 -0
  outer loop
   vertex 67.666671752929688 10.699999809265137 14.5
   vertex 67.666671752929688 10.699999809265137 12
   vertex 61.299999237060547 10.699999809265137 12
  endloop
 endfacet
 facet normal 0 1 0
  outer loop
   vertex 67.666671752929688 10.699999809265137 14.5
   vertex 61.299999237060547 10.699999809265137 12
   vertex 61.299999237060547 10.699999809265137 14.5
  endloop
 endfacet
 facet normal 0 1 -0
  outer loop
   vertex 74.333328247070312 10.699999809265137 14.5
   vertex 74.333328247070312 10.699999809265137 12
   vertex 67.866668701171875 10.699999809265137 12
  endloop
 endfacet
 facet normal 0 1 0
  outer loop
   vertex 74.333328247070312 10.699999809265137 14.5
   vertex 67.866668701171875 10.699999809265137 12
   vertex 67.866668701171875 10.699999809265137 14.5
  endloop
 endfacet
 facet normal 0 1 -0
  outer loop
   vertex 80.699996948242188 10.699999809265137 14.5
   vertex 80.699996948242188 10.699999809265137 12
   vertex 74.533332824707031 10.699999809265137 12
  endloop
 endfacet
 facet normal 0 1 0
  outer loop
   vertex 80.699996948242188 10.699999809265137 14.5
   vertex 74.533332824707031 10.699999809265137 12
   vertex 74.533332824707031 10.699999809265137 14.5
  endloop
 endfacet
 facet normal 0 1 -0
  outer loop
   vertex 67.666671752929688 10.699999809265137 11.800000190734863
   vertex 67.666671752929688 10.699999809265137 9.3000001907348633
   vertex 61.299999237060547 10.699999809265137 9.3000001907348633
  endloop
 endfacet
 facet normal 0 1 0
  outer loop
   vertex 67.666671752929688 10.699999809265137 11.800000190734863
   vertex 61.299999237060547 10.699999809265137 9.3000001907348633
   vertex 61.299999237060547 10.699999809265137 11.800000190734863
  endloop
 endfacet
 facet normal 0 1 0
  outer loop
   vertex 74.333328247070312 10.699999809265137 9.3000001907348633
   vertex 67.866668701171875 10.699999809265137 9.3000001907348633
   vertex 67.866668701171875 10.699999809265137 11.800000190734863
  endloop
 endfacet
 facet normal 0 1 -0
  outer loop
   vertex 74.333328247070312 10.699999809265137 11.800000190734863
   vertex 74.333328247070312 10.699999809265137 9.3000001907348633
   vertex 67.866668701171875 10.699999809265137 11.800000190734863
  endloop
 endfacet
 facet normal 0 1 -0
  outer loop
   vertex 80.699996948242188 10.699999809265137 11.800000190734863
   vertex 80.699996948242188 10.699999809265137 9.3000001907348633
   vertex 74.533332824707031 10.699999809265137 9.3000001907348633
  endloop
 endfacet
 facet normal 0 1 0
  outer loop
   vertex 80.699996948242188 10.699999809265137 11.800000190734863
   vertex 74.533332824707031 10.699999809265137 9.3000001907348633
   vertex 74.533332824707031 10.699999809265137 11.800000190734863
  endloop
 endfacet
 facet normal 0 1 -0
  outer loop
   vertex 67.666671752929688 10.699999809265137 9.1000003814697266
   vertex 67.666671752929688 10.699999809265137 6.5999999046325684
   vertex 61.299999237060547 10.699999809265137 6.5999999046325684
  endloop
 endfacet
 facet normal 0 1 0
  outer loop
   vertex 67.666671752929688 10.699999809265137 9.1000003814697266
   vertex 61.299999237060547 10.699999809265137 6.5999999046325684
   vertex 61.299999237060547 10.699999809265137 9.1000003814697266
  endloop
 endfacet
 facet normal 0 1 -0
  outer loop
   vertex 74.333328247070312 10.699999809265137 9.1000003814697266
   vertex 74.333328247070312 10.699999809265137 6.5999999046325684
   vertex 67.866668701171875 10.699999809265137 6.5999999046325684
  endloop
 endfacet
 facet normal 0 1 0
  outer loop
   vertex 74.333328247070312 10.699999809265137 9.1000003814697266
   vertex 67.866668701171875 10.699999809265137 6.5999999046325684
   vertex 67.866668701171875 10.699999809265137 9.1000003814697266
  endloop
 endfacet
 facet normal 0 1 -0
  outer loop
   vertex 80.699996948242188 10.699999809265137 9.1000003814697266
   vertex 80.699996948242188 10.699999809265137 6.5999999046325684
   vertex 74.533332824707031 10.699999809265137 6.5999999046325684
  endloop
 endfacet
 facet normal 0 1 0
  outer loop
   vertex 80.699996948242188 10.699999809265137 9.1000003814697266
   vertex 74.533332824707031 10.699999809265137 6.5999999046325684
   vertex 74.533332824707031 10.699999809265137 9.1000003814697266
  endloop
 endfacet
 facet normal 0 1 -0
  outer loop
   vertex 67.666671752929688 10.699999809265137 6.4000000953674316
   vertex 67.666671752929688 10.699999809265137 3.9000000953674316
   vertex 61.299999237060547 10.699999809265137 3.9000000953674316
  endloop
 endfacet
 facet normal 0 1 0
  outer loop
   vertex 67.666671752929688 10.699999809265137 6.4000000953674316
   vertex 61.299999237060547 10.699999809265137 3.9000000953674316
   vertex 61.299999237060547 10.699999809265137 6.4000000953674316
  endloop
 endfacet
 facet normal 0 1 0
  outer loop
   vertex 74.333328247070312 10.699999809265137 3.9000000953674316
   vertex 67.866668701171875 10.699999809265137 3.9000000953674316
   vertex 67.866668701171875 10.699999809265137 6.4000000953674316
  endloop
 endfacet
 facet normal 0 1 -0
  outer loop
   vertex 74.333328247070312 10.699999809265137 6.4000000953674316
   vertex 74.333328247070312 10.699999809265137 3.9000000953674316
   vertex 67.866668701171875 10.699999809265137 6.4000000953674316
  endloop
 endfacet
 facet normal 0 1 -0
  outer loop
   vertex 80.699996948242188 10.699999809265137 6.4000000953674316
   vertex 80.699996948242188 10.699999809265137 3.9000000953674316
   vertex 74.533332824707031 10.699999809265137 3.9000000953674316
  endloop
 endfacet
 facet normal 0 1 0
  outer loop
   vertex 80.699996948242188 10.699999809265137 6.4000000953674316
   vertex 74.533332824707031 10.699999809265137 3.9000000953674316
   vertex 74.533332824707031 10.699999809265137 6.4000000953674316
  endloop
 endfacet
 facet normal 0 1 -0
  outer loop
   vertex 67.666671752929688 10.699999809265137 3.7000000476837158
   vertex 67.666671752929688 10.699999809265137 1.2000000476837158
   vertex 61.299999237060547 10.699999809265137 1.2000000476837158
  endloop
 endfacet
 facet normal 0 1 0
  outer loop
   vertex 67.666671752929688 10.699999809265137 3.7000000476837158
   vertex 61.299999237060547 10.699999809265137 1.2000000476837158
   vertex 61.299999237060547 10.699999809265137 3.7000000476837158
  endloop
 endfacet
 facet normal 0 1 0
  outer loop
   vertex 74.333328247070312 10.699999809265137 1.2000000476837158
   vertex 67.866668701171875 10.699999809265137 1.2000000476837158
   vertex 67.866668701171875 10.699999809265137 3.7000000476837158
  endloop
 endfacet
 facet normal 0 1 -0
  outer loop
   vertex 74.333328247070312 10.699999809265137 3.7000000476837158
   vertex 74.333328247070312 10.699999809265137 1.2000000476837158
   vertex 67.866668701171875 10.699999809265137 3.7000000476837158
  endloop
 endfacet
 facet normal 0 1 -0
  outer loop
   vertex 80.699996948242188 10.699999809265137 3.7000000476837158
   vertex 80.699996948242188 10.699999809265137 1.2000000476837158
   vertex 74.533332824707031 10.699999809265137 1.2000000476837158
  endloop
 endfacet
 facet normal 0 1 0
  outer loop
   vertex 80.699996948242188 10.699999809265137 3.7000000476837158
   vertex 74.533332824707031 10.699999809265137 1.2000000476837158
   vertex 74.533332824707031 10.699999809265137 3.7000000476837158
  endloop
 endfacet
 facet normal 0 -1 0
  outer loop
   vertex 67.666671752929688 10.5 3.7000000476837158
   vertex 61.299999237060547 10.5 1.2000000476837158
   vertex 67.666671752929688 10.5 1.2000000476837158
  endloop
 endfacet
 facet normal 0 -1 0
  outer loop
   vertex 67.666671752929688 10.5 3.7000000476837158
   vertex 61.299999237060547 10.5 3.7000000476837158
   vertex 61.299999237060547 10.5 1.2000000476837158
  endloop
 endfacet
 facet normal 0 -1 0
  outer loop
   vertex 74.333328247070312 10.5 1.2000000476837158
   vertex 67.866668701171875 10.5 3.7000000476837158
   vertex 67.866668701171875 10.5 1.2000000476837158
  endloop
 endfacet
 facet normal 0 -1 0
  outer loop
   vertex 74.333328247070312 10.5 3.7000000476837158
   vertex 67.866668701171875 10.5 3.7000000476837158
   vertex 74.333328247070312 10.5 1.2000000476837158
  endloop
 endfacet
 facet normal 0 -1 0
  outer loop
   vertex 80.699996948242188 10.5 3.7000000476837158
   vertex 74.533332824707031 10.5 1.2000000476837158
   vertex 80.699996948242188 10.5 1.2000000476837158
  endloop
 endfacet
 facet normal 0 -1 0
  outer loop
   vertex 80.699996948242188 10.5 3.7000000476837158
   vertex 74.533332824707031 10.5 3.7000000476837158
   vertex 74.533332824707031 10.5 1.2000000476837158
  endloop
 endfacet
 facet normal 0 -1 0
  outer loop
   vertex 67.666671752929688 10.5 6.4000000953674316
   vertex 61.299999237060547 10.5 3.9000000953674316
   vertex 67.666671752929688 10.5 3.9000000953674316
  endloop
 endfacet
 facet normal 0 -1 0
  outer loop
   vertex 67.666671752929688 10.5 6.4000000953674316
   vertex 61.299999237060547 10.5 6.4000000953674316
   vertex 61.299999237060547 10.5 3.9000000953674316
  endloop
 endfacet
 facet normal 0 -1 0
  outer loop
   vertex 74.333328247070312 10.5 3.9000000953674316
   vertex 67.866668701171875 10.5 6.4000000953674316
   vertex 67.866668701171875 10.5 3.9000000953674316
  endloop
 endfacet
 facet normal 0 -1 0
  outer loop
   vertex 74.333328247070312 10.5 6.4000000953674316
   vertex 67.866668701171875 10.5 6.4000000953674316
   vertex 74.333328247070312 10.5 3.9000000953674316
  endloop
 endfacet
 facet normal 0 -1 0
  outer loop
   vertex 80.699996948242188 10.5 6.4000000953674316
   vertex 74.533332824707031 10.5 3.9000000953674316
   vertex 80.699996948242188 10.5 3.9000000953674316
  endloop
 endfacet
 facet normal 0 -1 0
  outer loop
   vertex 80.699996948242188 10.5 6.4000000953674316
   vertex 74.533332824707031 10.5 6.4000000953674316
   vertex 74.533332824707031 10.5 3.9000000953674316
  endloop
 endfacet
 facet normal 0 -1 0
  outer loop
   vertex 67.666671752929688 10.5 9.1000003814697266
   vertex 61.299999237060547 10.5 6.5999999046325684
   vertex 67.666671752929688 10.5 6.5999999046325684
  endloop
 endfacet
 facet normal 0 -1 0
  outer loop
   vertex 67.666671752929688 10.5 9.1000003814697266
   vertex 61.299999237060547 10.5 9.1000003814697266
   vertex 61.299999237060547 10.5 6.5999999046325684
  endloop
 endfacet
 facet normal 0 -1 0
  outer loop
   vertex 74.333328247070312 10.5 9.1000003814697266
   vertex 67.866668701171875 10.5 6.5999999046325684
   vertex 74.333328247070312 10.5 6.5999999046325684
  endloop
 endfacet
 facet normal 0 -1 0
  outer loop
   vertex 74.333328247070312 10.5 9.1000003814697266
   vertex 67.866668701171875 10.5 9.1000003814697266
   vertex 67.866668701171875 10.5 6.5999999046325684
  endloop
 endfacet
 facet normal 0 -1 0
  outer loop
   vertex 80.699996948242188 10.5 9.1000003814697266
   vertex 74.533332824707031 10.5 6.5999999046325684
   vertex 80.699996948242188 10.5 6.5999999046325684
  endloop
 endfacet
 facet normal 0 -1 0
  outer loop
   vertex 80.699996948242188 10.5 9.1000003814697266
   vertex 74.533332824707031 10.5 9.1000003814697266
   vertex 74.533332824707031 10.5 6.5999999046325684
  endloop
 endfacet
 facet normal 0 -1 0
  outer loop
   vertex 67.666671752929688 10.5 11.800000190734863
   vertex 61.299999237060547 10.5 9.3000001907348633
   vertex 67.666671752929688 10.5 9.3000001907348633
  endloop
 endfacet
 facet normal 0 -1 0
  outer loop
   vertex 67.666671752929688 10.5 11.800000190734863
   vertex 61.299999237060547 10.5 11.800000190734863
   vertex 61.299999237060547 10.5 9.3000001907348633
  endloop
 endfacet
 facet normal 0 -1 0
  outer loop
   vertex 74.333328247070312 10.5 9.3000001907348633
   vertex 67.866668701171875 10.5 11.800000190734863
   vertex 67.866668701171875 10.5 9.3000001907348633
  endloop
 endfacet
 facet normal 0 -1 0
  outer loop
   vertex 74.333328247070312 10.5 11.800000190734863
   vertex 67.866668701171875 10.5 11.800000190734863
   vertex 74.333328247070312 10.5 9.3000001907348633
  endloop
 endfacet
 facet normal 0 -1 0
  outer loop
   vertex 80.699996948242188 10.5 11.800000190734863
   vertex 74.533332824707031 10.5 9.3000001907348633
   vertex 80.699996948242188 10.5 9.3000001907348633
  endloop
 endfacet
 facet normal 0 -1 0
  outer loop
   vertex 80.699996948242188 10.5 11.800000190734863
   vertex 74.533332824707031 10.5 11.800000190734863
   vertex 74.533332824707031 10.5 9.3000001907348633
  endloop
 endfacet
 facet normal 0 -1 0
  outer loop
   vertex 67.666671752929688 10.5 14.5
   vertex 61.299999237060547 10.5 12
   vertex 67.666671752929688 10.5 12
  endloop
 endfacet
 facet normal 0 -1 0
  outer loop
   vertex 67.666671752929688 10.5 14.5
   vertex 61.299999237060547 10.5 14.5
   vertex 61.299999237060547 10.5 12
  endloop
 endfacet
 facet normal 0 -1 0
  outer loop
   vertex 74.333328247070312 10.5 14.5
   vertex 67.866668701171875 10.5 12
   vertex 74.333328247070312 10.5 12
  endloop
 endfacet
 facet normal 0 -1 0
  outer loop
   vertex 74.333328247070312 10.5 14.5
   vertex 67.866668701171875 10.5 14.5
   vertex 67.866668701171875 10.5 12
  endloop
 endfacet
 facet normal 0 -1 0
  outer loop
   vertex 80.699996948242188 10.5 14.5
   vertex 74.533332824707031 10.5 12
   vertex 80.699996948242188 10.5 12
  endloop
 endfacet
 facet normal 0 -1 0
  outer loop
   vertex 80.699996948242188 10.5 14.5
   vertex 74.533332824707031 10.5 14.5
   vertex 74.533332824707031 10.5 12
  endloop
 endfacet
 facet normal 0 0 -1
  outer loop
   vertex 95.083328247070312 17.875999450683594 13.649999618530273
   vertex 93.583328247070312 17.799999237060547 13.649999618530273
   vertex 93.583328247070312 17.875999450683594 13.649999618530273
  endloop
 endfacet
 facet normal 0 0 -1
  outer loop
   vertex 95.083328247070312 17.875999450683594 13.649999618530273
   vertex 95.083328247070312 17.799999237060547 13.649999618530273
   vertex 93.583328247070312 17.799999237060547 13.649999618530273
  endloop
 endfacet
 facet normal -1 0 0
  outer loop
   vertex 95.083328247070312 17.799999237060547 13.649999618530273
   vertex 95.083328247070312 17.875999450683594 12.449999809265137
   vertex 95.083328247070312 17.799999237060547 12.449999809265137
  endloop
 endfacet
 facet normal -1 -0 -0
  outer loop
   vertex 95.083328247070312 17.799999237060547 13.649999618530273
   vertex 95.083328247070312 17.875999450683594 13.649999618530273
   vertex 95.083328247070312 17.875999450683594 12.449999809265137
  endloop
 endfacet
 facet normal 1 0 0
  outer loop
   vertex 93.583328247070312 17.799999237060547 13.649999618530273
   vertex 93.583328247070312 17.799999237060547 12.449999809265137
   vertex 93.583328247070312 17.875999450683594 12.449999809265137
  endloop
 endfacet
 facet normal 1 0 -0
  outer loop
   vertex 93.583328247070312 17.799999237060547 13.649999618530273
   vertex 93.583328247070312 17.875999450683594 12.449999809265137
   vertex 93.583328247070312 17.875999450683594 13.649999618530273
  endloop
 endfacet
 facet normal -0 0 1
  outer loop
   vertex 95.083328247070312 17.875999450683594 12.449999809265137
   vertex 93.583328247070312 17.875999450683594 12.449999809265137
   vertex 93.583328247070312 17.799999237060547 12.449999809265137
  endloop
 endfacet
 facet normal 0 0 1
  outer loop
   vertex 95.083328247070312 17.875999450683594 12.449999809265137
   vertex 93.583328247070312 17.799999237060547 12.449999809265137
   vertex 95.083328247070312 17.799999237060547 12.449999809265137
  endloop
 endfacet
 facet normal 0 0 -1
  outer loop
   vertex 101.75 17.875999450683594 13.649999618530273
   vertex 100.25 17.799999237060547 13.649999618530273
   vertex 100.25 17.875999450683594 13.649999618530273
  endloop
 endfacet
 facet normal 0 0 -1
  outer loop
   vertex 101.75 17.875999450683594 13.649999618530273
   vertex 101.75 17.799999237060547 13.649999618530273
   vertex 100.25 17.799999237060547 13.649999618530273
  endloop
 endfacet
 facet normal -1 0 0
  outer loop
   vertex 101.75 17.799999237060547 13.649999618530273
   vertex 101.75 17.875999450683594 12.449999809265137
   vertex 101.75 17.799999237060547 12.449999809265137
  endloop
 endfacet
 facet normal -1 -0 -0
  outer loop
   vertex 101.75 17.799999237060547 13.649999618530273
   vertex 101.75 17.875999450683594 13.649999618530273
   vertex 101.75 17.875999450683594 12.449999809265137
  endloop
 endfacet
 facet normal 1 0 0
  outer loop
   vertex 100.25 17.799999237060547 13.649999618530273
   vertex 100.25 17.799999237060547 12.449999809265137
   vertex 100.25 17.875999450683594 12.449999809265137
  endloop
 endfacet
 facet normal 1 0 -0
  outer loop
   vertex 100.25 17.799999237060547 13.649999618530273
   vertex 100.25 17.875999450683594 12.449999809265137
   vertex 100.25 17.875999450683594 13.649999618530273
  endloop
 endfacet
 facet normal -0 0 1
  outer loop
   vertex 101.75 17.875999450683594 12.449999809265137
   vertex 100.25 17.875999450683594 12.449999809265137
   vertex 100.25 17.799999237060547 12.449999809265137
  endloop
 endfacet
 facet normal 0 0 1
  outer loop
   vertex 101.75 17.875999450683594 12.449999809265137
   vertex 100.25 17.799999237060547 12.449999809265137
   vertex 101.75 17.799999237060547 12.449999809265137
  endloop
 endfacet
 facet normal -0 0 1
  outer loop
   vertex 108.41670227050781 17.875999450683594 12.449999809265137
   vertex 106.91670227050781 17.875999450683594 12.449999809265137
   vertex 106.91670227050781 17.799999237060547 12.449999809265137
  endloop
 endfacet
 facet normal 0 0 1
  outer loop
   vertex 108.41670227050781 17.875999450683594 12.449999809265137
   vertex 106.91670227050781 17.799999237060547 12.449999809265137
   vertex 108.41670227050781 17.799999237060547 12.449999809265137
  endloop
 endfacet
 facet normal -1 0 0
  outer loop
   vertex 108.41670227050781 17.799999237060547 13.649999618530273
   vertex 108.41670227050781 17.875999450683594 12.449999809265137
   vertex 108.41670227050781 17.799999237060547 12.449999809265137
  endloop
 endfacet
 facet normal -1 -0 -0
  outer loop
   vertex 108.41670227050781 17.799999237060547 13.649999618530273
   vertex 108.41670227050781 17.875999450683594 13.649999618530273
   vertex 108.41670227050781 17.875999450683594 12.449999809265137
  endloop
 endfacet
 facet normal 1 0 0
  outer loop
   vertex 106.91670227050781 17.799999237060547 13.649999618530273
   vertex 106.91670227050781 17.799999237060547 12.449999809265137
   vertex 106.91670227050781 17.875999450683594 12.449999809265137
  endloop
 endfacet
 facet normal 1 0 -0
  outer loop
   vertex 106.91670227050781 17.799999237060547 13.649999618530273
   vertex 106.91670227050781 17.875999450683594 12.449999809265137
   vertex 106.91670227050781 17.875999450683594 13.649999618530273
  endloop
 endfacet
 facet normal 0 0 -1
  outer loop
   vertex 108.41670227050781 17.875999450683594 13.649999618530273
   vertex 106.91670227050781 17.799999237060547 13.649999618530273
   vertex 106.91670227050781 17.875999450683594 13.649999618530273
  endloop
 endfacet
 facet normal 0 0 -1
  outer loop
   vertex 108.41670227050781 17.875999450683594 13.649999618530273
   vertex 108.41670227050781 17.799999237060547 13.649999618530273
   vertex 106.91670227050781 17.799999237060547 13.649999618530273
  endloop
 endfacet
 facet normal 0 0 -1
  outer loop
   vertex 95.083328247070312 17.875999450683594 10.949999809265137
   vertex 93.583328247070312 17.799999237060547 10.949999809265137
   vertex 93.583328247070312 17.875999450683594 10.949999809265137
  endloop
 endfacet
 facet normal 0 0 -1
  outer loop
   vertex 95.083328247070312 17.875999450683594 10.949999809265137
   vertex 95.083328247070312 17.799999237060547 10.949999809265137
   vertex 93.583328247070312 17.799999237060547 10.949999809265137
  endloop
 endfacet
 facet normal -1 0 0
  outer loop
   vertex 95.083328247070312 17.799999237060547 10.949999809265137
   vertex 95.083328247070312 17.875999450683594 9.75
   vertex 95.083328247070312 17.799999237060547 9.75
  endloop
 endfacet
 facet normal -1 -0 -0
  outer loop
   vertex 95.083328247070312 17.799999237060547 10.949999809265137
   vertex 95.083328247070312 17.875999450683594 10.949999809265137
   vertex 95.083328247070312 17.875999450683594 9.75
  endloop
 endfacet
 facet normal 1 0 0
  outer loop
   vertex 93.583328247070312 17.799999237060547 10.949999809265137
   vertex 93.583328247070312 17.799999237060547 9.75
   vertex 93.583328247070312 17.875999450683594 9.75
  endloop
 endfacet
 facet normal 1 0 -0
  outer loop
   vertex 93.583328247070312 17.799999237060547 10.949999809265137
   vertex 93.583328247070312 17.875999450683594 9.75
   vertex 93.583328247070312 17.875999450683594 10.949999809265137
  endloop
 endfacet
 facet normal -0 0 1
  outer loop
   vertex 95.083328247070312 17.875999450683594 9.75
   vertex 93.583328247070312 17.875999450683594 9.75
   vertex 93.583328247070312 17.799999237060547 9.75
  endloop
 endfacet
 facet normal 0 0 1
  outer loop
   vertex 95.083328247070312 17.875999450683594 9.75
   vertex 93.583328247070312 17.799999237060547 9.75
   vertex 95.083328247070312 17.799999237060547 9.75
  endloop
 endfacet
 facet normal 0 0 -1
  outer loop
   vertex 101.75 17.875999450683594 10.949999809265137
   vertex 100.25 17.799999237060547 10.949999809265137
   vertex 100.25 17.875999450683594 10.949999809265137
  endloop
 endfacet
 facet normal 0 0 -1
  outer loop
   vertex 101.75 17.875999450683594 10.949999809265137
   vertex 101.75 17.799999237060547 10.949999809265137
   vertex 100.25 17.799999237060547 10.949999809265137
  endloop
 endfacet
 facet normal -1 0 0
  outer loop
   vertex 101.75 17.799999237060547 10.949999809265137
   vertex 101.75 17.875999450683594 9.75
   vertex 101.75 17.799999237060547 9.75
  endloop
 endfacet
 facet normal -1 -0 -0
  outer loop
   vertex 101.75 17.799999237060547 10.949999809265137
   vertex 101.75 17.875999450683594 10.949999809265137
   vertex 101.75 17.875999450683594 9.75
  endloop
 endfacet
 facet normal 1 0 0
  outer loop
   vertex 100.25 17.799999237060547 10.949999809265137
   vertex 100.25 17.799999237060547 9.75
   vertex 100.25 17.875999450683594 9.75
  endloop
 endfacet
 facet normal 1 0 -0
  outer loop
   vertex 100.25 17.799999237060547 10.949999809265137
   vertex 100.25 17.875999450683594 9.75
   vertex 100.25 17.875999450683594 10.949999809265137
  endloop
 endfacet
 facet normal -0 0 1
  outer loop
   vertex 101.75 17.875999450683594 9.75
   vertex 100.25 17.875999450683594 9.75
   vertex 100.25 17.799999237060547 9.75
  endloop
 endfacet
 facet normal 0 0 1
  outer loop
   vertex 101.75 17.875999450683594 9.75
   vertex 100.25 17.799999237060547 9.75
   vertex 101.75 17.799999237060547 9.75
  endloop
 endfacet
 facet normal -0 0 1
  outer loop
   vertex 108.41670227050781 17.875999450683594 9.75
   vertex 106.91670227050781 17.875999450683594 9.75
   vertex 106.91670227050781 17.799999237060547 9.75
  endloop
 endfacet
 facet normal 0 0 1
  outer loop
   vertex 108.41670227050781 17.875999450683594 9.75
   vertex 106.91670227050781 17.799999237060547 9.75
   vertex 108.41670227050781 17.799999237060547 9.75
  endloop
 endfacet
 facet normal -1 0 0
  outer loop
   vertex 108.41670227050781 17.799999237060547 10.949999809265137
   vertex 108.41670227050781 17.875999450683594 9.75
   vertex 108.41670227050781 17.799999237060547 9.75
  endloop
 endfacet
 facet normal -1 -0 -0
  outer loop
   vertex 108.41670227050781 17.799999237060547 10.949999809265137
   vertex 108.41670227050781 17.875999450683594 10.949999809265137
   vertex 108.41670227050781 17.875999450683594 9.75
  endloop
 endfacet
 facet normal 1 0 0
  outer loop
   vertex 106.91670227050781 17.799999237060547 10.949999809265137
   vertex 106.91670227050781 17.799999237060547 9.75
   vertex 106.91670227050781 17.875999450683594 9.75
  endloop
 endfacet
 facet normal 1 0 -0
  outer loop
   vertex 106.91670227050781 17.799999237060547 10.949999809265137
   vertex 106.91670227050781 17.875999450683594 9.75
   vertex 106.91670227050781 17.875999450683594 10.949999809265137
  endloop
 endfacet
 facet normal 0 0 -1
  outer loop
   vertex 108.41670227050781 17.875999450683594 10.949999809265137
   vertex 106.91670227050781 17.799999237060547 10.949999809265137
   vertex 106.91670227050781 17.875999450683594 10.949999809265137
  endloop
 endfacet
 facet normal 0 0 -1
  outer loop
   vertex 108.41670227050781 17.875999450683594 10.949999809265137
   vertex 108.41670227050781 17.799999237060547 10.949999809265137
   vertex 106.91670227050781 17.799999237060547 10.949999809265137
  endloop
 endfacet
 facet normal 0 0 -1
  outer loop
   vertex 95.083328247070312 17.875999450683594 8.25
   vertex 93.583328247070312 17.799999237060547 8.25
   vertex 93.583328247070312 17.875999450683594 8.25
  endloop
 endfacet
 facet normal 0 0 -1
  outer loop
   vertex 95.083328247070312 17.875999450683594 8.25
   vertex 95.083328247070312 17.799999237060547 8.25
   vertex 93.583328247070312 17.799999237060547 8.25
  endloop
 endfacet
 facet normal -1 0 0
  outer loop
   vertex 95.083328247070312 17.799999237060547 8.25
   vertex 95.083328247070312 17.875999450683594 7.0500001907348633
   vertex 95.083328247070312 17.799999237060547 7.0500001907348633
  endloop
 endfacet
 facet normal -1 -0 -0
  outer loop
   vertex 95.083328247070312 17.799999237060547 8.25
   vertex 95.083328247070312 17.875999450683594 8.25
   vertex 95.083328247070312 17.875999450683594 7.0500001907348633
  endloop
 endfacet
 facet normal 1 0 0
  outer loop
   vertex 93.583328247070312 17.799999237060547 8.25
   vertex 93.583328247070312 17.799999237060547 7.0500001907348633
   vertex 93.583328247070312 17.875999450683594 7.0500001907348633
  endloop
 endfacet
 facet normal 1 0 -0
  outer loop
   vertex 93.583328247070312 17.799999237060547 8.25
   vertex 93.583328247070312 17.875999450683594 7.0500001907348633
   vertex 93.583328247070312 17.875999450683594 8.25
  endloop
 endfacet
 facet normal -0 0 1
  outer loop
   vertex 95.083328247070312 17.875999450683594 7.0500001907348633
   vertex 93.583328247070312 17.875999450683594 7.0500001907348633
   vertex 93.583328247070312 17.799999237060547 7.0500001907348633
  endloop
 endfacet
 facet normal 0 0 1
  outer loop
   vertex 95.083328247070312 17.875999450683594 7.0500001907348633
   vertex 93.583328247070312 17.799999237060547 7.0500001907348633
   vertex 95.083328247070312 17.799999237060547 7.0500001907348633
  endloop
 endfacet
 facet normal 0 0 -1
  outer loop
   vertex 101.75 17.875999450683594 8.25
   vertex 100.25 17.799999237060547 8.25
   vertex 100.25 17.875999450683594 8.25
  endloop
 endfacet
 facet normal 0 0 -1
  outer loop
   vertex 101.75 17.875999450683594 8.25
   vertex 101.75 17.799999237060547 8.25
   vertex 100.25 17.799999237060547 8.25
  endloop
 endfacet
 facet normal -1 0 0
  outer loop
   vertex 101.75 17.799999237060547 8.25
   vertex 101.75 17.875999450683594 7.0500001907348633
   vertex 101.75 17.799999237060547 7.0500001907348633
  endloop
 endfacet
 facet normal -1 -0 -0
  outer loop
   vertex 101.75 17.799999237060547 8.25
   vertex 101.75 17.875999450683594 8.25
   vertex 101.75 17.875999450683594 7.0500001907348633
  endloop
 endfacet
 facet normal 1 0 0
  outer loop
   vertex 100.25 17.799999237060547 8.25
   vertex 100.25 17.799999237060547 7.0500001907348633
   vertex 100.25 17.875999450683594 7.0500001907348633
  endloop
 endfacet
 facet normal 1 0 -0
  outer loop
   vertex 100.25 17.799999237060547 8.25
   vertex 100.25 17.875999450683594 7.0500001907348633
   vertex 100.25 17.875999450683594 8.25
  endloop
 endfacet
 facet normal -0 0 1
  outer loop
   vertex 101.75 17.875999450683594 7.0500001907348633
   vertex 100.25 17.875999450683594 7.0500001907348633
   vertex 100.25 17.799999237060547 7.0500001907348633
  endloop
 endfacet
 facet normal 0 0 1
  outer loop
   vertex 101.75 17.875999450683594 7.0500001907348633
   vertex 100.25 17.799999237060547 7.0500001907348633
   vertex 101.75 17.799999237060547 7.0500001907348633
  endloop
 endfacet
 facet normal -0 0 1
  outer loop
   vertex 108.41670227050781 17.875999450683594 7.0500001907348633
   vertex 106.91670227050781 17.875999450683594 7.0500001907348633
   vertex 106.91670227050781 17.799999237060547 7.0500001907348633
  endloop
 endfacet
 facet normal 0 0 1
  outer loop
   vertex 108.41670227050781 17.875999450683594 7.0500001907348633
   vertex 106.91670227050781 17.799999237060547 7.0500001907348633
   vertex 108.41670227050781 17.799999237060547 7.0500001907348633
  endloop
 endfacet
 facet normal -1 0 0
  outer loop
   vertex 108.41670227050781 17.799999237060547 8.25
   vertex 108.41670227050781 17.875999450683594 7.0500001907348633
   vertex 108.41670227050781 17.799999237060547 7.0500001907348633
  endloop
 endfacet
 facet normal -1 -0 -0
  outer loop
   vertex 108.41670227050781 17.799999237060547 8.25
   vertex 108.41670227050781 17.875999450683594 8.25
   vertex 108.41670227050781 17.875999450683594 7.0500001907348633
  endloop
 endfacet
 facet normal 1 0 0
  outer loop
   vertex 106.91670227050781 17.799999237060547 8.25
   vertex 106.91670227050781 17.799999237060547 7.0500001907348633
   vertex 106.91670227050781 17.875999450683594 7.0500001907348633
  endloop
 endfacet
 facet normal 1 0 -0
  outer loop
   vertex 106.91670227050781 17.799999237060547 8.25
   vertex 106.91670227050781 17.875999450683594 7.0500001907348633
   vertex 106.91670227050781 17.875999450683594 8.25
  endloop
 endfacet
 facet normal 0 0 -1
  outer loop
   vertex 108.41670227050781 17.875999450683594 8.25
   vertex 106.91670227050781 17.799999237060547 8.25
   vertex 106.91670227050781 17.875999450683594 8.25
  endloop
 endfacet
 facet normal 0 0 -1
  outer loop
   vertex 108.41670227050781 17.875999450683594 8.25
   vertex 108.41670227050781 17.799999237060547 8.25
   vertex 106.91670227050781 17.799999237060547 8.25
  endloop
 endfacet
 facet normal 0 0 -1
  outer loop
   vertex 95.083328247070312 17.875999450683594 5.5500001907348633
   vertex 93.583328247070312 17.799999237060547 5.5500001907348633
   vertex 93.583328247070312 17.875999450683594 5.5500001907348633
  endloop
 endfacet
 facet normal 0 0 -1
  outer loop
   vertex 95.083328247070312 17.875999450683594 5.5500001907348633
   vertex 95.083328247070312 17.799999237060547 5.5500001907348633
   vertex 93.583328247070312 17.799999237060547 5.5500001907348633
  endloop
 endfacet
 facet normal -1 0 0
  outer loop
   vertex 95.083328247070312 17.799999237060547 5.5500001907348633
   vertex 95.083328247070312 17.875999450683594 4.3499999046325684
   vertex 95.083328247070312 17.799999237060547 4.3499999046325684
  endloop
 endfacet
 facet normal -1 -0 -0
  outer loop
   vertex 95.083328247070312 17.799999237060547 5.5500001907348633
   vertex 95.083328247070312 17.875999450683594 5.5500001907348633
   vertex 95.083328247070312 17.875999450683594 4.3499999046325684
  endloop
 endfacet
 facet normal 1 0 0
  outer loop
   vertex 93.583328247070312 17.799999237060547 5.5500001907348633
   vertex 93.583328247070312 17.799999237060547 4.3499999046325684
   vertex 93.583328247070312 17.875999450683594 4.3499999046325684
  endloop
 endfacet
 facet normal 1 0 -0
  outer loop
   vertex 93.583328247070312 17.799999237060547 5.5500001907348633
   vertex 93.583328247070312 17.875999450683594 4.3499999046325684
   vertex 93.583328247070312 17.875999450683594 5.5500001907348633
  endloop
 endfacet
 facet normal -0 0 1
  outer loop
   vertex 95.083328247070312 17.875999450683594 4.3499999046325684
   vertex 93.583328247070312 17.875999450683594 4.3499999046325684
   vertex 93.583328247070312 17.799999237060547 4.3499999046325684
  endloop
 endfacet
 facet normal 0 0 1
  outer loop
   vertex 95.083328247070312 17.875999450683594 4.3499999046325684
   vertex 93.583328247070312 17.799999237060547 4.3499999046325684
   vertex 95.083328247070312 17.799999237060547 4.3499999046325684
  endloop
 endfacet
 facet normal 0 0 -1
  outer loop
   vertex 101.75 17.875999450683594 5.5500001907348633
   vertex 100.25 17.799999237060547 5.5500001907348633
   vertex 100.25 17.875999450683594 5.5500001907348633
  endloop
 endfacet
 facet normal 0 0 -1
  outer loop
   vertex 101.75 17.875999450683594 5.5500001907348633
   vertex 101.75 17.799999237060547 5.5500001907348633
   vertex 100.25 17.799999237060547 5.5500001907348633
  endloop
 endfacet
 facet normal -1 0 0
  outer loop
   vertex 101.75 17.799999237060547 5.5500001907348633
   vertex 101.75 17.875999450683594 4.3499999046325684
   vertex 101.75 17.799999237060547 4.3499999046325684
  endloop
 endfacet
 facet normal -1 -0 -0
  outer loop
   vertex 101.75 17.799999237060547 5.5500001907348633
   vertex 101.75 17.875999450683594 5.5500001907348633
   vertex 101.75 17.875999450683594 4.3499999046325684
  endloop
 endfacet
 facet normal 1 0 0
  outer loop
   vertex 100.25 17.799999237060547 5.5500001907348633
   vertex 100.25 17.799999237060547 4.3499999046325684
   vertex 100.25 17.875999450683594 4.3499999046325684
  endloop
 endfacet
 facet normal 1 0 -0
  outer loop
   vertex 100.25 17.799999237060547 5.5500001907348633
   vertex 100.25 17.875999450683594 4.3499999046325684
   vertex 100.25 17.875999450683594 5.5500001907348633
  endloop
 endfacet
 facet normal -0 0 1
  outer loop
   vertex 101.75 17.875999450683594 4.3499999046325684
   vertex 100.25 17.875999450683594 4.3499999046325684
   vertex 100.25 17.799999237060547 4.3499999046325684
  endloop
 endfacet
 facet normal 0 0 1
  outer loop
   vertex 101.75 17.875999450683594 4.3499999046325684
   vertex 100.25 17.799999237060547 4.3499999046325684
   vertex 101.75 17.799999237060547 4.3499999046325684
  endloop
 endfacet
 facet normal -0 0 1
  outer loop
   vertex 108.41670227050781 17.875999450683594 4.3499999046325684
   vertex 106.91670227050781 17.875999450683594 4.3499999046325684
   vertex 106.91670227050781 17.799999237060547 4.3499999046325684
  endloop
 endfacet
 facet normal 0 0 1
  outer loop
   vertex 108.41670227050781 17.875999450683594 4.3499999046325684
   vertex 106.91670227050781 17.799999237060547 4.3499999046325684
   vertex 108.41670227050781 17.799999237060547 4.3499999046325684
  endloop
 endfacet
 facet normal -1 0 0
  outer loop
   vertex 108.41670227050781 17.799999237060547 5.5500001907348633
   vertex 108.41670227050781 17.875999450683594 4.3499999046325684
   vertex 108.41670227050781 17.799999237060547 4.3499999046325684
  endloop
 endfacet
 facet normal -1 -0 -0
  outer loop
   vertex 108.41670227050781 17.799999237060547 5.5500001907348633
   vertex 108.41670227050781 17.875999450683594 5.5500001907348633
   vertex 108.41670227050781 17.875999450683594 4.3499999046325684
  endloop
 endfacet
 facet normal 1 0 0
  outer loop
   vertex 106.91670227050781 17.799999237060547 5.5500001907348633
   vertex 106.91670227050781 17.799999237060547 4.3499999046325684
   vertex 106.91670227050781 17.875999450683594 4.3499999046325684
  endloop
 endfacet
 facet normal 1 0 -0
  outer loop
   vertex 106.91670227050781 17.799999237060547 5.5500001907348633
   vertex 106.91670227050781 17.875999450683594 4.3499999046325684
   vertex 106.91670227050781 17.875999450683594 5.5500001907348633
  endloop
 endfacet
 facet normal 0 0 -1
  outer loop
   vertex 108.41670227050781 17.875999450683594 5.5500001907348633
   vertex 106.91670227050781 17.799999237060547 5.5500001907348633
   vertex 106.91670227050781 17.875999450683594 5.5500001907348633
  endloop
 endfacet
 facet normal 0 0 -1
  outer loop
   vertex 108.41670227050781 17.875999450683594 5.5500001907348633
   vertex 108.41670227050781 17.799999237060547 5.5500001907348633
   vertex 106.91670227050781 17.799999237060547 5.5500001907348633
  endloop
 endfacet
 facet normal 0 0 -1
  outer loop
   vertex 95.083328247070312 17.875999450683594 2.8499999046325684
   vertex 93.583328247070312 17.799999237060547 2.8499999046325684
   vertex 93.583328247070312 17.875999450683594 2.8499999046325684
  endloop
 endfacet
 facet normal 0 0 -1
  outer loop
   vertex 95.083328247070312 17.875999450683594 2.8499999046325684
   vertex 95.083328247070312 17.799999237060547 2.8499999046325684
   vertex 93.583328247070312 17.799999237060547 2.8499999046325684
  endloop
 endfacet
 facet normal -1 0 0
  outer loop
   vertex 95.083328247070312 17.799999237060547 2.8499999046325684
   vertex 95.083328247070312 17.875999450683594 1.6499999761581421
   vertex 95.083328247070312 17.799999237060547 1.6499999761581421
  endloop
 endfacet
 facet normal -1 -0 -0
  outer loop
   vertex 95.083328247070312 17.799999237060547 2.8499999046325684
   vertex 95.083328247070312 17.875999450683594 2.8499999046325684
   vertex 95.083328247070312 17.875999450683594 1.6499999761581421
  endloop
 endfacet
 facet normal 1 0 0
  outer loop
   vertex 93.583328247070312 17.799999237060547 2.8499999046325684
   vertex 93.583328247070312 17.799999237060547 1.6499999761581421
   vertex 93.583328247070312 17.875999450683594 1.6499999761581421
  endloop
 endfacet
 facet normal 1 0 -0
  outer loop
   vertex 93.583328247070312 17.799999237060547 2.8499999046325684
   vertex 93.583328247070312 17.875999450683594 1.6499999761581421
   vertex 93.583328247070312 17.875999450683594 2.8499999046325684
  endloop
 endfacet
 facet normal -0 0 1
  outer loop
   vertex 95.083328247070312 17.875999450683594 1.6499999761581421
   vertex 93.583328247070312 17.875999450683594 1.6499999761581421
   vertex 93.583328247070312 17.799999237060547 1.6499999761581421
  endloop
 endfacet
 facet normal 0 0 1
  outer loop
   vertex 95.083328247070312 17.875999450683594 1.6499999761581421
   vertex 93.583328247070312 17.799999237060547 1.6499999761581421
   vertex 95.083328247070312 17.799999237060547 1.6499999761581421
  endloop
 endfacet
 facet normal 0 0 -1
  outer loop
   vertex 101.75 17.875999450683594 2.8499999046325684
   vertex 100.25 17.799999237060547 2.8499999046325684
   vertex 100.25 17.875999450683594 2.8499999046325684
  endloop
 endfacet
 facet normal 0 0 -1
  outer loop
   vertex 101.75 17.875999450683594 2.8499999046325684
   vertex 101.75 17.799999237060547 2.8499999046325684
   vertex 100.25 17.799999237060547 2.8499999046325684
  endloop
 endfacet
 facet normal -1 0 0
  outer loop
   vertex 101.75 17.799999237060547 2.8499999046325684
   vertex 101.75 17.875999450683594 1.6499999761581421
   vertex 101.75 17.799999237060547 1.6499999761581421
  endloop
 endfacet
 facet normal -1 -0 -0
  outer loop
   vertex 101.75 17.799999237060547 2.8499999046325684
   vertex 101.75 17.875999450683594 2.8499999046325684
   vertex 101.75 17.875999450683594 1.6499999761581421
  endloop
 endfacet
 facet normal 1 0 0
  outer loop
   vertex 100.25 17.799999237060547 2.8499999046325684
   vertex 100.25 17.799999237060547 1.6499999761581421
   vertex 100.25 17.875999450683594 1.6499999761581421
  endloop
 endfacet
 facet normal 1 0 -0
  outer loop
   vertex 100.25 17.799999237060547 2.8499999046325684
   vertex 100.25 17.875999450683594 1.6499999761581421
   vertex 100.25 17.875999450683594 2.8499999046325684
  endloop
 endfacet
 facet normal -0 0 1
  outer loop
   vertex 101.75 17.875999450683594 1.6499999761581421
   vertex 100.25 17.875999450683594 1.6499999761581421
   vertex 100.25 17.799999237060547 1.6499999761581421
  endloop
 endfacet
 facet normal 0 0 1
  outer loop
   vertex 101.75 17.875999450683594 1.6499999761581421
   vertex 100.25 17.799999237060547 1.6499999761581421
   vertex 101.75 17.799999237060547 1.6499999761581421
  endloop
 endfacet
 facet normal -0 0 1
  outer loop
   vertex 108.41670227050781 17.875999450683594 1.6499999761581421
   vertex 106.91670227050781 17.875999450683594 1.6499999761581421
   vertex 106.91670227050781 17.799999237060547 1.6499999761581421
  endloop
 endfacet
 facet normal 0 0 1
  outer loop
   vertex 108.41670227050781 17.875999450683594 1.6499999761581421
   vertex 106.91670227050781 17.799999237060547 1.6499999761581421
   vertex 108.41670227050781 17.799999237060547 1.6499999761581421
  endloop
 endfacet
 facet normal -1 0 0
  outer loop
   vertex 108.41670227050781 17.799999237060547 2.8499999046325684
   vertex 108.41670227050781 17.875999450683594 1.6499999761581421
   vertex 108.41670227050781 17.799999237060547 1.6499999761581421
  endloop
 endfacet
 facet normal -1 -0 -0
  outer loop
   vertex 108.41670227050781 17.799999237060547 2.8499999046325684
   vertex 108.41670227050781 17.875999450683594 2.8499999046325684
   vertex 108.41670227050781 17.875999450683594 1.6499999761581421
  endloop
 endfacet
 facet normal 1 0 0
  outer loop
   vertex 106.91670227050781 17.799999237060547 2.8499999046325684
   vertex 106.91670227050781 17.799999237060547 1.6499999761581421
   vertex 106.91670227050781 17.875999450683594 1.6499999761581421
  endloop
 endfacet
 facet normal 1 0 -0
  outer loop
   vertex 106.91670227050781 17.799999237060547 2.8499999046325684
   vertex 106.91670227050781 17.875999450683594 1.6499999761581421
   vertex 106.91670227050781 17.875999450683594 2.8499999046325684
  endloop
 endfacet
 facet normal 0 0 -1
  outer loop
   vertex 108.41670227050781 17.875999450683594 2.8499999046325684
   vertex 106.91670227050781 17.799999237060547 2.8499999046325684
   vertex 106.91670227050781 17.875999450683594 2.8499999046325684
  endloop
 endfacet
 facet normal 0 0 -1
  outer loop
   vertex 108.41670227050781 17.875999450683594 2.8499999046325684
   vertex 108.41670227050781 17.799999237060547 2.8499999046325684
   vertex 106.91670227050781 17.799999237060547 2.8499999046325684
  endloop
 endfacet
 facet normal 0 0 -1
  outer loop
   vertex 95.083328247070312 3.2000000476837158 2.8499999046325684
   vertex 93.583328247070312 3.124000072479248 2.8499999046325684
   vertex 93.583328247070312 3.2000000476837158 2.8499999046325684
  endloop
 endfacet
 facet normal 0 0 -1
  outer loop
   vertex 95.083328247070312 3.2000000476837158 2.8499999046325684
   vertex 95.083328247070312 3.124000072479248 2.8499999046325684
   vertex 93.583328247070312 3.124000072479248 2.8499999046325684
  endloop
 endfacet
 facet normal -1 0 0
  outer loop
   vertex 95.083328247070312 3.124000072479248 2.8499999046325684
   vertex 95.083328247070312 3.2000000476837158 1.6499999761581421
   vertex 95.083328247070312 3.124000072479248 1.6499999761581421
  endloop
 endfacet
 facet normal -1 -0 -0
  outer loop
   vertex 95.083328247070312 3.124000072479248 2.8499999046325684
   vertex 95.083328247070312 3.2000000476837158 2.8499999046325684
   vertex 95.083328247070312 3.2000000476837158 1.6499999761581421
  endloop
 endfacet
 facet normal 1 0 0
  outer loop
   vertex 93.583328247070312 3.124000072479248 2.8499999046325684
   vertex 93.583328247070312 3.124000072479248 1.6499999761581421
   vertex 93.583328247070312 3.2000000476837158 1.6499999761581421
  endloop
 endfacet
 facet normal 1 0 -0
  outer loop
   vertex 93.583328247070312 3.124000072479248 2.8499999046325684
   vertex 93.583328247070312 3.2000000476837158 1.6499999761581421
   vertex 93.583328247070312 3.2000000476837158 2.8499999046325684
  endloop
 endfacet
 facet normal -0 0 1
  outer loop
   vertex 95.083328247070312 3.2000000476837158 1.6499999761581421
   vertex 93.583328247070312 3.2000000476837158 1.6499999761581421
   vertex 93.583328247070312 3.124000072479248 1.6499999761581421
  endloop
 endfacet
 facet normal 0 0 1
  outer loop
   vertex 95.083328247070312 3.2000000476837158 1.6499999761581421
   vertex 93.583328247070312 3.124000072479248 1.6499999761581421
   vertex 95.083328247070312 3.124000072479248 1.6499999761581421
  endloop
 endfacet
 facet normal 0 0 -1
  outer loop
   vertex 101.75 3.2000000476837158 2.8499999046325684
   vertex 100.25 3.124000072479248 2.8499999046325684
   vertex 100.25 3.2000000476837158 2.8499999046325684
  endloop
 endfacet
 facet normal 0 0 -1
  outer loop
   vertex 101.75 3.2000000476837158 2.8499999046325684
   vertex 101.75 3.124000072479248 2.8499999046325684
   vertex 100.25 3.124000072479248 2.8499999046325684
  endloop
 endfacet
 facet normal -1 0 0
  outer loop
   vertex 101.75 3.124000072479248 2.8499999046325684
   vertex 101.75 3.2000000476837158 1.6499999761581421
   vertex 101.75 3.124000072479248 1.6499999761581421
  endloop
 endfacet
 facet normal -1 -0 -0
  outer loop
   vertex 101.75 3.124000072479248 2.8499999046325684
   vertex 101.75 3.2000000476837158 2.8499999046325684
   vertex 101.75 3.2000000476837158 1.6499999761581421
  endloop
 endfacet
 facet normal 1 0 0
  outer loop
   vertex 100.25 3.124000072479248 2.8499999046325684
   vertex 100.25 3.124000072479248 1.6499999761581421
   vertex 100.25 3.2000000476837158 1.6499999761581421
  endloop
 endfacet
 facet normal 1 0 -0
  outer loop
   vertex 100.25 3.124000072479248 2.8499999046325684
   vertex 100.25 3.2000000476837158 1.6499999761581421
   vertex 100.25 3.2000000476837158 2.8499999046325684
  endloop
 endfacet
 facet normal -0 0 1
  outer loop
   vertex 101.75 3.2000000476837158 1.6499999761581421
   vertex 100.25 3.2000000476837158 1.6499999761581421
   vertex 100.25 3.124000072479248 1.6499999761581421
  endloop
 endfacet
 facet normal 0 0 1
  outer loop
   vertex 101.75 3.2000000476837158 1.6499999761581421
   vertex 100.25 3.124000072479248 1.6499999761581421
   vertex 101.75 3.124000072479248 1.6499999761581421
  endloop
 endfacet
 facet normal -0 0 1
  outer loop
   vertex 108.41670227050781 3.2000000476837158 1.6499999761581421
   vertex 106.91670227050781 3.2000000476837158 1.6499999761581421
   vertex 106.91670227050781 3.124000072479248 1.6499999761581421
  endloop
 endfacet
 facet normal 0 0 1
  outer loop
   vertex 108.41670227050781 3.2000000476837158 1.6499999761581421
   vertex 106.91670227050781 3.124000072479248 1.6499999761581421
   vertex 108.41670227050781 3.124000072479248 1.6499999761581421
  endloop
 endfacet
 facet normal -1 0 0
  outer loop
   vertex 108.41670227050781 3.124000072479248 2.8499999046325684
   vertex 108.41670227050781 3.2000000476837158 1.6499999761581421
   vertex 108.41670227050781 3.124000072479248 1.6499999761581421
  endloop
 endfacet
 facet normal -1 -0 -0
  outer loop
   vertex 108.41670227050781 3.124000072479248 2.8499999046325684
   vertex 108.41670227050781 3.2000000476837158 2.8499999046325684
   vertex 108.41670227050781 3.2000000476837158 1.6499999761581421
  endloop
 endfacet
 facet normal 1 0 0
  outer loop
   vertex 106.91670227050781 3.124000072479248 2.8499999046325684
   vertex 106.91670227050781 3.124000072479248 1.6499999761581421
   vertex 106.91670227050781 3.2000000476837158 1.6499999761581421
  endloop
 endfacet
 facet normal 1 0 -0
  outer loop
   vertex 106.91670227050781 3.124000072479248 2.8499999046325684
   vertex 106.91670227050781 3.2000000476837158 1.6499999761581421
   vertex 106.91670227050781 3.2000000476837158 2.8499999046325684
  endloop
 endfacet
 facet normal 0 0 -1
  outer loop
   vertex 108.41670227050781 3.2000000476837158 2.8499999046325684
   vertex 106.91670227050781 3.124000072479248 2.8499999046325684
   vertex 106.91670227050781 3.2000000476837158 2.8499999046325684
  endloop
 endfacet
 facet normal 0 0 -1
  outer loop
   vertex 108.41670227050781 3.2000000476837158 2.8499999046325684
   vertex 108.41670227050781 3.124000072479248 2.8499999046325684
   vertex 106.91670227050781 3.124000072479248 2.8499999046325684
  endloop
 endfacet
 facet normal 0 0 -1
  outer loop
   vertex 95.083328247070312 3.2000000476837158 5.5500001907348633
   vertex 93.583328247070312 3.124000072479248 5.5500001907348633
   vertex 93.583328247070312 3.2000000476837158 5.5500001907348633
  endloop
 endfacet
 facet normal 0 0 -1
  outer loop
   vertex 95.083328247070312 3.2000000476837158 5.5500001907348633
   vertex 95.083328247070312 3.124000072479248 5.5500001907348633
   vertex 93.583328247070312 3.124000072479248 5.5500001907348633
  endloop
 endfacet
 facet normal -1 0 0
  outer loop
   vertex 95.083328247070312 3.124000072479248 5.5500001907348633
   vertex 95.083328247070312 3.2000000476837158 4.3499999046325684
   vertex 95.083328247070312 3.124000072479248 4.3499999046325684
  endloop
 endfacet
 facet normal -1 -0 -0
  outer loop
   vertex 95.083328247070312 3.124000072479248 5.5500001907348633
   vertex 95.083328247070312 3.2000000476837158 5.5500001907348633
   vertex 95.083328247070312 3.2000000476837158 4.3499999046325684
  endloop
 endfacet
 facet normal 1 0 0
  outer loop
   vertex 93.583328247070312 3.124000072479248 5.5500001907348633
   vertex 93.583328247070312 3.124000072479248 4.3499999046325684
   vertex 93.583328247070312 3.2000000476837158 4.3499999046325684
  endloop
 endfacet
 facet normal 1 0 -0
  outer loop
   vertex 93.583328247070312 3.124000072479248 5.5500001907348633
   vertex 93.583328247070312 3.2000000476837158 4.3499999046325684
   vertex 93.583328247070312 3.2000000476837158 5.5500001907348633
  endloop
 endfacet
 facet normal -0 0 1
  outer loop
   vertex 95.083328247070312 3.2000000476837158 4.3499999046325684
   vertex 93.583328247070312 3.2000000476837158 4.3499999046325684
   vertex 93.583328247070312 3.124000072479248 4.3499999046325684
  endloop
 endfacet
 facet normal 0 0 1
  outer loop
   vertex 95.083328247070312 3.2000000476837158 4.3499999046325684
   vertex 93.583328247070312 3.124000072479248 4.3499999046325684
   vertex 95.083328247070312 3.124000072479248 4.3499999046325684
  endloop
 endfacet
 facet normal 0 0 -1
  outer loop
   vertex 101.75 3.2000000476837158 5.5500001907348633
   vertex 100.25 3.124000072479248 5.5500001907348633
   vertex 100.25 3.2000000476837158 5.5500001907348633
  endloop
 endfacet
 facet normal 0 0 -1
  outer loop
   vertex 101.75 3.2000000476837158 5.5500001907348633
   vertex 101.75 3.124000072479248 5.5500001907348633
   vertex 100.25 3.124000072479248 5.5500001907348633
  endloop
 endfacet
 facet normal -1 0 0
  outer loop
   vertex 101.75 3.124000072479248 5.5500001907348633
   vertex 101.75 3.2000000476837158 4.3499999046325684
   vertex 101.75 3.124000072479248 4.3499999046325684
  endloop
 endfacet
 facet normal -1 -0 -0
  outer loop
   vertex 101.75 3.124000072479248 5.5500001907348633
   vertex 101.75 3.2000000476837158 5.5500001907348633
   vertex 101.75 3.2000000476837158 4.3499999046325684
  endloop
 endfacet
 facet normal 1 0 0
  outer loop
   vertex 100.25 3.124000072479248 5.5500001907348633
   vertex 100.25 3.124000072479248 4.3499999046325684
   vertex 100.25 3.2000000476837158 4.3499999046325684
  endloop
 endfacet
 facet normal 1 0 -0
  outer loop
   vertex 100.25 3.124000072479248 5.5500001907348633
   vertex 100.25 3.2000000476837158 4.3499999046325684
   vertex 100.25 3.2000000476837158 5.5500001907348633
  endloop
 endfacet
 facet normal -0 0 1
  outer loop
   vertex 101.75 3.2000000476837158 4.3499999046325684
   vertex 100.25 3.2000000476837158 4.3499999046325684
   vertex 100.25 3.124000072479248 4.3499999046325684
  endloop
 endfacet
 facet normal 0 0 1
  outer loop
   vertex 101.75 3.2000000476837158 4.3499999046325684
   vertex 100.25 3.124000072479248 4.3499999046325684
   vertex 101.75 3.124000072479248 4.3499999046325684
  endloop
 endfacet
 facet normal -0 0 1
  outer loop
   vertex 108.41670227050781 3.2000000476837158 4.3499999046325684
   vertex 106.91670227050781 3.2000000476837158 4.3499999046325684
   vertex 106.91670227050781 3.124000072479248 4.3499999046325684
  endloop
 endfacet
 facet normal 0 0 1
  outer loop
   vertex 108.41670227050781 3.2000000476837158 4.3499999046325684
   vertex 106.91670227050781 3.124000072479248 4.3499999046325684
   vertex 108.41670227050781 3.124000072479248 4.3499999046325684
  endloop
 endfacet
 facet normal -1 0 0
  outer loop
   vertex 108.41670227050781 3.124000072479248 5.5500001907348633
   vertex 108.41670227050781 3.2000000476837158 4.3499999046325684
   vertex 108.41670227050781 3.124000072479248 4.3499999046325684
  endloop
 endfacet
 facet normal -1 -0 -0
  outer loop
   vertex 108.41670227050781 3.124000072479248 5.5500001907348633
   vertex 108.41670227050781 3.2000000476837158 5.5500001907348633
   vertex 108.41670227050781 3.2000000476837158 4.3499999046325684
  endloop
 endfacet
 facet normal 1 0 0
  outer loop
   vertex 106.91670227050781 3.124000072479248 5.5500001907348633
   vertex 106.91670227050781 3.124000072479248 4.3499999046325684
   vertex 106.91670227050781 3.2000000476837158 4.3499999046325684
  endloop
 endfacet
 facet normal 1 0 -0
  outer loop
   vertex 106.91670227050781 3.124000072479248 5.5500001907348633
   vertex 106.91670227050781 3.2000000476837158 4.3499999046325684
   vertex 106.91670227050781 3.2000000476837158 5.5500001907348633
  endloop
 endfacet
 facet normal 0 0 -1
  outer loop
   vertex 108.41670227050781 3.2000000476837158 5.5500001907348633
   vertex 106.91670227050781 3.124000072479248 5.5500001907348633
   vertex 106.91670227050781 3.2000000476837158 5.5500001907348633
  endloop
 endfacet
 facet normal 0 0 -1
  outer loop
   vertex 108.41670227050781 3.2000000476837158 5.5500001907348633
   vertex 108.41670227050781 3.124000072479248 5.5500001907348633
   vertex 106.91670227050781 3.124000072479248 5.5500001907348633
  endloop
 endfacet
 facet normal 0 0 -1
  outer loop
   vertex 95.083328247070312 3.2000000476837158 8.25
   vertex 93.583328247070312 3.124000072479248 8.25
   vertex 93.583328247070312 3.2000000476837158 8.25
  endloop
 endfacet
 facet normal 0 0 -1
  outer loop
   vertex 95.083328247070312 3.2000000476837158 8.25
   vertex 95.083328247070312 3.124000072479248 8.25
   vertex 93.583328247070312 3.124000072479248 8.25
  endloop
 endfacet
 facet normal -1 0 0
  outer loop
   vertex 95.083328247070312 3.124000072479248 8.25
   vertex 95.083328247070312 3.2000000476837158 7.0500001907348633
   vertex 95.083328247070312 3.124000072479248 7.0500001907348633
  endloop
 endfacet
 facet normal -1 -0 -0
  outer loop
   vertex 95.083328247070312 3.124000072479248 8.25
   vertex 95.083328247070312 3.2000000476837158 8.25
   vertex 95.083328247070312 3.2000000476837158 7.0500001907348633
  endloop
 endfacet
 facet normal 1 0 0
  outer loop
   vertex 93.583328247070312 3.124000072479248 8.25
   vertex 93.583328247070312 3.124000072479248 7.0500001907348633
   vertex 93.583328247070312 3.2000000476837158 7.0500001907348633
  endloop
 endfacet
 facet normal 1 0 -0
  outer loop
   vertex 93.583328247070312 3.124000072479248 8.25
   vertex 93.583328247070312 3.2000000476837158 7.0500001907348633
   vertex 93.583328247070312 3.2000000476837158 8.25
  endloop
 endfacet
 facet normal -0 0 1
  outer loop
   vertex 95.083328247070312 3.2000000476837158 7.0500001907348633
   vertex 93.583328247070312 3.2000000476837158 7.0500001907348633
   vertex 93.583328247070312 3.124000072479248 7.0500001907348633
  endloop
 endfacet
 facet normal 0 0 1
  outer loop
   vertex 95.083328247070312 3.2000000476837158 7.0500001907348633
   vertex 93.583328247070312 3.124000072479248 7.0500001907348633
   vertex 95.083328247070312 3.124000072479248 7.0500001907348633
  endloop
 endfacet
 facet normal 0 0 -1
  outer loop
   vertex 101.75 3.2000000476837158 8.25
   vertex 100.25 3.124000072479248 8.25
   vertex 100.25 3.2000000476837158 8.25
  endloop
 endfacet
 facet normal 0 0 -1
  outer loop
   vertex 101.75 3.2000000476837158 8.25
   vertex 101.75 3.124000072479248 8.25
   vertex 100.25 3.124000072479248 8.25
  endloop
 endfacet
 facet normal -1 0 0
  outer loop
   vertex 101.75 3.124000072479248 8.25
   vertex 101.75 3.2000000476837158 7.0500001907348633
   vertex 101.75 3.124000072479248 7.0500001907348633
  endloop
 endfacet
 facet normal -1 -0 -0
  outer loop
   vertex 101.75 3.124000072479248 8.25
   vertex 101.75 3.2000000476837158 8.25
   vertex 101.75 3.2000000476837158 7.0500001907348633
  endloop
 endfacet
 facet normal 1 0 0
  outer loop
   vertex 100.25 3.124000072479248 8.25
   vertex 100.25 3.124000072479248 7.0500001907348633
   vertex 100.25 3.2000000476837158 7.0500001907348633
  endloop
 endfacet
 facet normal 1 0 -0
  outer loop
   vertex 100.25 3.124000072479248 8.25
   vertex 100.25 3.2000000476837158 7.0500001907348633
   vertex 100.25 3.2000000476837158 8.25
  endloop
 endfacet
 facet normal -0 0 1
  outer loop
   vertex 101.75 3.2000000476837158 7.0500001907348633
   vertex 100.25 3.2000000476837158 7.0500001907348633
   vertex 100.25 3.124000072479248 7.0500001907348633
  endloop
 endfacet
 facet normal 0 0 1
  outer loop
   vertex 101.75 3.2000000476837158 7.0500001907348633
   vertex 100.25 3.124000072479248 7.0500001907348633
   vertex 101.75 3.124000072479248 7.0500001907348633
  endloop
 endfacet
 facet normal -0 0 1
  outer loop
   vertex 108.41670227050781 3.2000000476837158 7.0500001907348633
   vertex 106.91670227050781 3.2000000476837158 7.0500001907348633
   vertex 106.91670227050781 3.124000072479248 7.0500001907348633
  endloop
 endfacet
 facet normal 0 0 1
  outer loop
   vertex 108.41670227050781 3.2000000476837158 7.0500001907348633
   vertex 106.91670227050781 3.124000072479248 7.0500001907348633
   vertex 108.41670227050781 3.124000072479248 7.0500001907348633
  endloop
 endfacet
 facet normal -1 0 0
  outer loop
   vertex 108.41670227050781 3.124000072479248 8.25
   vertex 108.41670227050781 3.2000000476837158 7.0500001907348633
   vertex 108.41670227050781 3.124000072479248 7.0500001907348633
  endloop
 endfacet
 facet normal -1 -0 -0
  outer loop
   vertex 108.41670227050781 3.124000072479248 8.25
   vertex 108.41670227050781 3.2000000476837158 8.25
   vertex 108.41670227050781 3.2000000476837158 7.0500001907348633
  endloop
 endfacet
 facet normal 1 0 0
  outer loop
   vertex 106.91670227050781 3.124000072479248 8.25
   vertex 106.91670227050781 3.124000072479248 7.0500001907348633
   vertex 106.91670227050781 3.2000000476837158 7.0500001907348633
  endloop
 endfacet
 facet normal 1 0 -0
  outer loop
   vertex 106.91670227050781 3.124000072479248 8.25
   vertex 106.91670227050781 3.2000000476837158 7.0500001907348633
   vertex 106.91670227050781 3.2000000476837158 8.25
  endloop
 endfacet
 facet normal 0 0 -1
  outer loop
   vertex 108.41670227050781 3.2000000476837158 8.25
   vertex 106.91670227050781 3.124000072479248 8.25
   vertex 106.91670227050781 3.2000000476837158 8.25
  endloop
 endfacet
 facet normal 0 0 -1
  outer loop
   vertex 108.41670227050781 3.2000000476837158 8.25
   vertex 108.41670227050781 3.124000072479248 8.25
   vertex 106.91670227050781 3.124000072479248 8.25
  endloop
 endfacet
 facet normal 0 0 -1
  outer loop
   vertex 95.083328247070312 3.2000000476837158 10.949999809265137
   vertex 93.583328247070312 3.124000072479248 10.949999809265137
   vertex 93.583328247070312 3.2000000476837158 10.949999809265137
  endloop
 endfacet
 facet normal 0 0 -1
  outer loop
   vertex 95.083328247070312 3.2000000476837158 10.949999809265137
   vertex 95.083328247070312 3.124000072479248 10.949999809265137
   vertex 93.583328247070312 3.124000072479248 10.949999809265137
  endloop
 endfacet
 facet normal -1 0 0
  outer loop
   vertex 95.083328247070312 3.124000072479248 10.949999809265137
   vertex 95.083328247070312 3.2000000476837158 9.75
   vertex 95.083328247070312 3.124000072479248 9.75
  endloop
 endfacet
 facet normal -1 -0 -0
  outer loop
   vertex 95.083328247070312 3.124000072479248 10.949999809265137
   vertex 95.083328247070312 3.2000000476837158 10.949999809265137
   vertex 95.083328247070312 3.2000000476837158 9.75
  endloop
 endfacet
 facet normal 1 0 0
  outer loop
   vertex 93.583328247070312 3.124000072479248 10.949999809265137
   vertex 93.583328247070312 3.124000072479248 9.75
   vertex 93.583328247070312 3.2000000476837158 9.75
  endloop
 endfacet
 facet normal 1 0 -0
  outer loop
   vertex 93.583328247070312 3.124000072479248 10.949999809265137
   vertex 93.583328247070312 3.2000000476837158 9.75
   vertex 93.583328247070312 3.2000000476837158 10.949999809265137
  endloop
 endfacet
 facet normal -0 0 1
  outer loop
   vertex 95.083328247070312 3.2000000476837158 9.75
   vertex 93.583328247070312 3.2000000476837158 9.75
   vertex 93.583328247070312 3.124000072479248 9.75
  endloop
 endfacet
 facet normal 0 0 1
  outer loop
   vertex 95.083328247070312 3.2000000476837158 9.75
   vertex 93.583328247070312 3.124000072479248 9.75
   vertex 95.083328247070312 3.124000072479248 9.75
  endloop
 endfacet
 facet normal 0 0 -1
  outer loop
   vertex 101.75 3.2000000476837158 10.949999809265137
   vertex 100.25 3.124000072479248 10.949999809265137
   vertex 100.25 3.2000000476837158 10.949999809265137
  endloop
 endfacet
 facet normal 0 0 -1
  outer loop
   vertex 101.75 3.2000000476837158 10.949999809265137
   vertex 101.75 3.124000072479248 10.949999809265137
   vertex 100.25 3.124000072479248 10.949999809265137
  endloop
 endfacet
 facet normal -1 0 0
  outer loop
   vertex 101.75 3.124000072479248 10.949999809265137
   vertex 101.75 3.2000000476837158 9.75
   vertex 101.75 3.124000072479248 9.75
  endloop
 endfacet
 facet normal -1 -0 -0
  outer loop
   vertex 101.75 3.124000072479248 10.949999809265137
   vertex 101.75 3.2000000476837158 10.949999809265137
   vertex 101.75 3.2000000476837158 9.75
  endloop
 endfacet
 facet normal 1 0 0
  outer loop
   vertex 100.25 3.124000072479248 10.949999809265137
   vertex 100.25 3.124000072479248 9.75
   vertex 100.25 3.2000000476837158 9.75
  endloop
 endfacet
 facet normal 1 0 -0
  outer loop
   vertex 100.25 3.124000072479248 10.949999809265137
   vertex 100.25 3.2000000476837158 9.75
   vertex 100.25 3.2000000476837158 10.949999809265137
  endloop
 endfacet
 facet normal -0 0 1
  outer loop
   vertex 101.75 3.2000000476837158 9.75
   vertex 100.25 3.2000000476837158 9.75
   vertex 100.25 3.124000072479248 9.75
  endloop
 endfacet
 facet normal 0 0 1
  outer loop
   vertex 101.75 3.2000000476837158 9.75
   vertex 100.25 3.124000072479248 9.75
   vertex 101.75 3.124000072479248 9.75
  endloop
 endfacet
 facet normal -0 0 1
  outer loop
   vertex 108.41670227050781 3.2000000476837158 9.75
   vertex 106.91670227050781 3.2000000476837158 9.75
   vertex 106.91670227050781 3.124000072479248 9.75
  endloop
 endfacet
 facet normal 0 0 1
  outer loop
   vertex 108.41670227050781 3.2000000476837158 9.75
   vertex 106.91670227050781 3.124000072479248 9.75
   vertex 108.41670227050781 3.124000072479248 9.75
  endloop
 endfacet
 facet normal -1 0 0
  outer loop
   vertex 108.41670227050781 3.124000072479248 10.949999809265137
   vertex 108.41670227050781 3.2000000476837158 9.75
   vertex 108.41670227050781 3.124000072479248 9.75
  endloop
 endfacet
 facet normal -1 -0 -0
  outer loop
   vertex 108.41670227050781 3.124000072479248 10.949999809265137
   vertex 108.41670227050781 3.2000000476837158 10.949999809265137
   vertex 108.41670227050781 3.2000000476837158 9.75
  endloop
 endfacet
 facet normal 1 0 0
  outer loop
   vertex 106.91670227050781 3.124000072479248 10.949999809265137
   vertex 106.91670227050781 3.124000072479248 9.75
   vertex 106.91670227050781 3.2000000476837158 9.75
  endloop
 endfacet
 facet normal 1 0 -0
  outer loop
   vertex 106.91670227050781 3.124000072479248 10.949999809265137
   vertex 106.91670227050781 3.2000000476837158 9.75
   vertex 106.91670227050781 3.2000000476837158 10.949999809265137
  endloop
 endfacet
 facet normal 0 0 -1
  outer loop
   vertex 108.41670227050781 3.2000000476837158 10.949999809265137
   vertex 106.91670227050781 3.124000072479248 10.949999809265137
   vertex 106.91670227050781 3.2000000476837158 10.949999809265137
  endloop
 endfacet
 facet normal 0 0 -1
  outer loop
   vertex 108.41670227050781 3.2000000476837158 10.949999809265137
   vertex 108.41670227050781 3.124000072479248 10.949999809265137
   vertex 106.91670227050781 3.124000072479248 10.949999809265137
  endloop
 endfacet
 facet normal 0 0 -1
  outer loop
   vertex 95.083328247070312 3.2000000476837158 13.649999618530273
   vertex 93.583328247070312 3.124000072479248 13.649999618530273
   vertex 93.583328247070312 3.2000000476837158 13.649999618530273
  endloop
 endfacet
 facet normal 0 0 -1
  outer loop
   vertex 95.083328247070312 3.2000000476837158 13.649999618530273
   vertex 95.083328247070312 3.124000072479248 13.649999618530273
   vertex 93.583328247070312 3.124000072479248 13.649999618530273
  endloop
 endfacet
 facet normal -1 0 0
  outer loop
   vertex 95.083328247070312 3.124000072479248 13.649999618530273
   vertex 95.083328247070312 3.2000000476837158 12.449999809265137
   vertex 95.083328247070312 3.124000072479248 12.449999809265137
  endloop
 endfacet
 facet normal -1 -0 -0
  outer loop
   vertex 95.083328247070312 3.124000072479248 13.649999618530273
   vertex 95.083328247070312 3.2000000476837158 13.649999618530273
   vertex 95.083328247070312 3.2000000476837158 12.449999809265137
  endloop
 endfacet
 facet normal 1 0 0
  outer loop
   vertex 93.583328247070312 3.124000072479248 13.649999618530273
   vertex 93.583328247070312 3.124000072479248 12.449999809265137
   vertex 93.583328247070312 3.2000000476837158 12.449999809265137
  endloop
 endfacet
 facet normal 1 0 -0
  outer loop
   vertex 93.583328247070312 3.124000072479248 13.649999618530273
   vertex 93.583328247070312 3.2000000476837158 12.449999809265137
   vertex 93.583328247070312 3.2000000476837158 13.649999618530273
  endloop
 endfacet
 facet normal -0 0 1
  outer loop
   vertex 95.083328247070312 3.2000000476837158 12.449999809265137
   vertex 93.583328247070312 3.2000000476837158 12.449999809265137
   vertex 93.583328247070312 3.124000072479248 12.449999809265137
  endloop
 endfacet
 facet normal 0 0 1
  outer loop
   vertex 95.083328247070312 3.2000000476837158 12.449999809265137
   vertex 93.583328247070312 3.124000072479248 12.449999809265137
   vertex 95.083328247070312 3.124000072479248 12.449999809265137
  endloop
 endfacet
 facet normal 0 0 -1
  outer loop
   vertex 101.75 3.2000000476837158 13.649999618530273
   vertex 100.25 3.124000072479248 13.649999618530273
   vertex 100.25 3.2000000476837158 13.649999618530273
  endloop
 endfacet
 facet normal 0 0 -1
  outer loop
   vertex 101.75 3.2000000476837158 13.649999618530273
   vertex 101.75 3.124000072479248 13.649999618530273
   vertex 100.25 3.124000072479248 13.649999618530273
  endloop
 endfacet
 facet normal -1 0 0
  outer loop
   vertex 101.75 3.124000072479248 13.649999618530273
   vertex 101.75 3.2000000476837158 12.449999809265137
   vertex 101.75 3.124000072479248 12.449999809265137
  endloop
 endfacet
 facet normal -1 -0 -0
  outer loop
   vertex 101.75 3.124000072479248 13.649999618530273
   vertex 101.75 3.2000000476837158 13.649999618530273
   vertex 101.75 3.2000000476837158 12.449999809265137
  endloop
 endfacet
 facet normal 1 0 0
  outer loop
   vertex 100.25 3.124000072479248 13.649999618530273
   vertex 100.25 3.124000072479248 12.449999809265137
   vertex 100.25 3.2000000476837158 12.449999809265137
  endloop
 endfacet
 facet normal 1 0 -0
  outer loop
   vertex 100.25 3.124000072479248 13.649999618530273
   vertex 100.25 3.2000000476837158 12.449999809265137
   vertex 100.25 3.2000000476837158 13.649999618530273
  endloop
 endfacet
 facet normal -0 0 1
  outer loop
   vertex 101.75 3.2000000476837158 12.449999809265137
   vertex 100.25 3.2000000476837158 12.449999809265137
   vertex 100.25 3.124000072479248 12.449999809265137
  endloop
 endfacet
 facet normal 0 0 1
  outer loop
   vertex 101.75 3.2000000476837158 12.449999809265137
   vertex 100.25 3.124000072479248 12.449999809265137
   vertex 101.75 3.124000072479248 12.449999809265137
  endloop
 endfacet
 facet normal -0 0 1
  outer loop
   vertex 108.41670227050781 3.2000000476837158 12.449999809265137
   vertex 106.91670227050781 3.2000000476837158 12.449999809265137
   vertex 106.91670227050781 3.124000072479248 12.449999809265137
  endloop
 endfacet
 facet normal 0 0 1
  outer loop
   vertex 108.41670227050781 3.2000000476837158 12.449999809265137
   vertex 106.91670227050781 3.124000072479248 12.449999809265137
   vertex 108.41670227050781 3.124000072479248 12.449999809265137
  endloop
 endfacet
 facet normal -1 0 0
  outer loop
   vertex 108.41670227050781 3.124000072479248 13.649999618530273
   vertex 108.41670227050781 3.2000000476837158 12.449999809265137
   vertex 108.41670227050781 3.124000072479248 12.449999809265137
  endloop
 endfacet
 facet normal -1 -0 -0
  outer loop
   vertex 108.41670227050781 3.124000072479248 13.649999618530273
   vertex 108.41670227050781 3.2000000476837158 13.649999618530273
   vertex 108.41670227050781 3.2000000476837158 12.449999809265137
  endloop
 endfacet
 facet normal 1 0 0
  outer loop
   vertex 106.91670227050781 3.124000072479248 13.649999618530273
   vertex 106.91670227050781 3.124000072479248 12.449999809265137
   vertex 106.91670227050781 3.2000000476837158 12.449999809265137
  endloop
 endfacet
 facet normal 1 0 -0
  outer loop
   vertex 106.91670227050781 3.124000072479248 13.649999618530273
   vertex 106.91670227050781 3.2000000476837158 12.449999809265137
   vertex 106.91670227050781 3.2000000476837158 13.649999618530273
  endloop
 endfacet
 facet normal 0 0 -1
  outer loop
   vertex 108.41670227050781 3.2000000476837158 13.649999618530273
   vertex 106.91670227050781 3.124000072479248 13.649999618530273
   vertex 106.91670227050781 3.2000000476837158 13.649999618530273
  endloop
 endfacet
 facet normal 0 0 -1
  outer loop
   vertex 108.41670227050781 3.2000000476837158 13.649999618530273
   vertex 108.41670227050781 3.124000072479248 13.649999618530273
   vertex 106.91670227050781 3.124000072479248 13.649999618530273
  endloop
 endfacet
 facet normal -0 0 1
  outer loop
   vertex 97.666671752929688 17.700000762939453 12
   vertex 91.300003051757812 17.700000762939453 12
   vertex 91.300003051757812 10.699999809265137 12
  endloop
 endfacet
 facet normal 0 0 1
  outer loop
   vertex 97.666671752929688 17.700000762939453 12
   vertex 91.300003051757812 10.699999809265137 12
   vertex 97.666671752929688 10.699999809265137 12
  endloop
 endfacet
 facet normal -1 0 -0
  outer loop
   vertex 97.666671752929688 10.699999809265137 12
   vertex 97.666671752929688 17.700000762939453 14.5
   vertex 97.666671752929688 17.700000762939453 12
  endloop
 endfacet
 facet normal -1 -0 0
  outer loop
   vertex 97.666671752929688 10.699999809265137 14.5
   vertex 97.666671752929688 17.700000762939453 14.5
   vertex 97.666671752929688 10.699999809265137 12
  endloop
 endfacet
 facet normal 0 0 -1
  outer loop
   vertex 97.666671752929688 17.700000762939453 14.5
   vertex 91.300003051757812 10.699999809265137 14.5
   vertex 91.300003051757812 17.700000762939453 14.5
  endloop
 endfacet
 facet normal 0 0 -1
  outer loop
   vertex 97.666671752929688 17.700000762939453 14.5
   vertex 97.666671752929688 10.699999809265137 14.5
   vertex 91.300003051757812 10.699999809265137 14.5
  endloop
 endfacet
 facet normal -0 0 1
  outer loop
   vertex 104.33329772949219 17.700000762939453 12
   vertex 97.866668701171875 17.700000762939453 12
   vertex 97.866668701171875 10.699999809265137 12
  endloop
 endfacet
 facet normal 0 0 1
  outer loop
   vertex 104.33329772949219 17.700000762939453 12
   vertex 97.866668701171875 10.699999809265137 12
   vertex 104.33329772949219 10.699999809265137 12
  endloop
 endfacet
 facet normal 1 0 -0
  outer loop
   vertex 97.866668701171875 10.699999809265137 12
   vertex 97.866668701171875 17.700000762939453 12
   vertex 97.866668701171875 17.700000762939453 14.5
  endloop
 endfacet
 facet normal 1 0 0
  outer loop
   vertex 97.866668701171875 10.699999809265137 14.5
   vertex 97.866668701171875 10.699999809265137 12
   vertex 97.866668701171875 17.700000762939453 14.5
  endloop
 endfacet
 facet normal -1 0 -0
  outer loop
   vertex 104.33329772949219 10.699999809265137 12
   vertex 104.33329772949219 17.700000762939453 14.5
   vertex 104.33329772949219 17.700000762939453 12
  endloop
 endfacet
 facet normal -1 -0 0
  outer loop
   vertex 104.33329772949219 10.699999809265137 14.5
   vertex 104.33329772949219 17.700000762939453 14.5
   vertex 104.33329772949219 10.699999809265137 12
  endloop
 endfacet
 facet normal 0 0 -1
  outer loop
   vertex 104.33329772949219 17.700000762939453 14.5
   vertex 97.866668701171875 10.699999809265137 14.5
   vertex 97.866668701171875 17.700000762939453 14.5
  endloop
 endfacet
 facet normal 0 0 -1
  outer loop
   vertex 104.33329772949219 17.700000762939453 14.5
   vertex 104.33329772949219 10.699999809265137 14.5
   vertex 97.866668701171875 10.699999809265137 14.5
  endloop
 endfacet
 facet normal -0 0 1
  outer loop
   vertex 110.69999694824219 17.700000762939453 12
   vertex 104.53330230712891 17.700000762939453 12
   vertex 104.53330230712891 10.699999809265137 12
  endloop
 endfacet
 facet normal 0 0 1
  outer loop
   vertex 110.69999694824219 17.700000762939453 12
   vertex 104.53330230712891 10.699999809265137 12
   vertex 110.69999694824219 10.699999809265137 12
  endloop
 endfacet
 facet normal 1 0 -0
  outer loop
   vertex 104.53330230712891 10.699999809265137 12
   vertex 104.53330230712891 17.700000762939453 12
   vertex 104.53330230712891 17.700000762939453 14.5
  endloop
 endfacet
 facet normal 1 0 0
  outer loop
   vertex 104.53330230712891 10.699999809265137 14.5
   vertex 104.53330230712891 10.699999809265137 12
   vertex 104.53330230712891 17.700000762939453 14.5
  endloop
 endfacet
 facet normal 0 0 -1
  outer loop
   vertex 110.69999694824219 17.700000762939453 14.5
   vertex 104.53330230712891 10.699999809265137 14.5
   vertex 104.53330230712891 17.700000762939453 14.5
  endloop
 endfacet
 facet normal 0 0 -1
  outer loop
   vertex 110.69999694824219 17.700000762939453 14.5
   vertex 110.69999694824219 10.699999809265137 14.5
   vertex 104.53330230712891 10.699999809265137 14.5
  endloop
 endfacet
 facet normal -0 0 1
  outer loop
   vertex 97.666671752929688 17.700000762939453 9.3000001907348633
   vertex 91.300003051757812 17.700000762939453 9.3000001907348633
   vertex 91.300003051757812 10.699999809265137 9.3000001907348633
  endloop
 endfacet
 facet normal 0 0 1
  outer loop
   vertex 97.666671752929688 17.700000762939453 9.3000001907348633
   vertex 91.300003051757812 10.699999809265137 9.3000001907348633
   vertex 97.666671752929688 10.699999809265137 9.3000001907348633
  endloop
 endfacet
 facet normal -1 0 -0
  outer loop
   vertex 97.666671752929688 10.699999809265137 9.3000001907348633
   vertex 97.666671752929688 17.700000762939453 11.800000190734863
   vertex 97.666671752929688 17.700000762939453 9.3000001907348633
  endloop
 endfacet
 facet normal -1 -0 0
  outer loop
   vertex 97.666671752929688 10.699999809265137 11.800000190734863
   vertex 97.666671752929688 17.700000762939453 11.800000190734863
   vertex 97.666671752929688 10.699999809265137 9.3000001907348633
  endloop
 endfacet
 facet normal 0 0 -1
  outer loop
   vertex 97.666671752929688 17.700000762939453 11.800000190734863
   vertex 91.300003051757812 10.699999809265137 11.800000190734863
   vertex 91.300003051757812 17.700000762939453 11.800000190734863
  endloop
 endfacet
 facet normal 0 0 -1
  outer loop
   vertex 97.666671752929688 17.700000762939453 11.800000190734863
   vertex 97.666671752929688 10.699999809265137 11.800000190734863
   vertex 91.300003051757812 10.699999809265137 11.800000190734863
  endloop
 endfacet
 facet normal -0 0 1
  outer loop
   vertex 104.33329772949219 17.700000762939453 9.3000001907348633
   vertex 97.866668701171875 17.700000762939453 9.3000001907348633
   vertex 97.866668701171875 10.699999809265137 9.3000001907348633
  endloop
 endfacet
 facet normal 0 0 1
  outer loop
   vertex 104.33329772949219 17.700000762939453 9.3000001907348633
   vertex 97.866668701171875 10.699999809265137 9.3000001907348633
   vertex 104.33329772949219 10.699999809265137 9.3000001907348633
  endloop
 endfacet
 facet normal 1 0 -0
  outer loop
   vertex 97.866668701171875 10.699999809265137 9.3000001907348633
   vertex 97.866668701171875 17.700000762939453 9.3000001907348633
   vertex 97.866668701171875 17.700000762939453 11.800000190734863
  endloop
 endfacet
 facet normal 1 0 0
  outer loop
   vertex 97.866668701171875 10.699999809265137 11.800000190734863
   vertex 97.866668701171875 10.699999809265137 9.3000001907348633
   vertex 97.866668701171875 17.700000762939453 11.800000190734863
  endloop
 endfacet
 facet normal -1 0 -0
  outer loop
   vertex 104.33329772949219 10.699999809265137 9.3000001907348633
   vertex 104.33329772949219 17.700000762939453 11.800000190734863
   vertex 104.33329772949219 17.700000762939453 9.3000001907348633
  endloop
 endfacet
 facet normal -1 -0 0
  outer loop
   vertex 104.33329772949219 10.699999809265137 11.800000190734863
   vertex 104.33329772949219 17.700000762939453 11.800000190734863
   vertex 104.33329772949219 10.699999809265137 9.3000001907348633
  endloop
 endfacet
 facet normal 0 0 -1
  outer loop
   vertex 104.33329772949219 17.700000762939453 11.800000190734863
   vertex 97.866668701171875 10.699999809265137 11.800000190734863
   vertex 97.866668701171875 17.700000762939453 11.800000190734863
  endloop
 endfacet
 facet normal 0 0 -1
  outer loop
   vertex 104.33329772949219 17.700000762939453 11.800000190734863
   vertex 104.33329772949219 10.699999809265137 11.800000190734863
   vertex 97.866668701171875 10.699999809265137 11.800000190734863
  endloop
 endfacet
 facet normal -0 0 1
  outer loop
   vertex 110.69999694824219 17.700000762939453 9.3000001907348633
   vertex 104.53330230712891 17.700000762939453 9.3000001907348633
   vertex 104.53330230712891 10.699999809265137 9.3000001907348633
  endloop
 endfacet
 facet normal 0 0 1
  outer loop
   vertex 110.69999694824219 17.700000762939453 9.3000001907348633
   vertex 104.53330230712891 10.699999809265137 9.3000001907348633
   vertex 110.69999694824219 10.699999809265137 9.3000001907348633
  endloop
 endfacet
 facet normal 1 0 -0
  outer loop
   vertex 104.53330230712891 10.699999809265137 9.3000001907348633
   vertex 104.53330230712891 17.700000762939453 9.3000001907348633
   vertex 104.53330230712891 17.700000762939453 11.800000190734863
  endloop
 endfacet
 facet normal 1 0 0
  outer loop
   vertex 104.53330230712891 10.699999809265137 11.800000190734863
   vertex 104.53330230712891 10.699999809265137 9.3000001907348633
   vertex 104.53330230712891 17.700000762939453 11.800000190734863
  endloop
 endfacet
 facet normal 0 0 -1
  outer loop
   vertex 110.69999694824219 17.700000762939453 11.800000190734863
   vertex 104.53330230712891 10.699999809265137 11.800000190734863
   vertex 104.53330230712891 17.700000762939453 11.800000190734863
  endloop
 endfacet
 facet normal 0 0 -1
  outer loop
   vertex 110.69999694824219 17.700000762939453 11.800000190734863
   vertex 110.69999694824219 10.699999809265137 11.800000190734863
   vertex 104.53330230712891 10.699999809265137 11.800000190734863
  endloop
 endfacet
 facet normal -0 0 1
  outer loop
   vertex 97.666671752929688 17.700000762939453 6.5999999046325684
   vertex 91.300003051757812 17.700000762939453 6.5999999046325684
   vertex 91.300003051757812 10.699999809265137 6.5999999046325684
  endloop
 endfacet
 facet normal 0 0 1
  outer loop
   vertex 97.666671752929688 17.700000762939453 6.5999999046325684
   vertex 91.300003051757812 10.699999809265137 6.5999999046325684
   vertex 97.666671752929688 10.699999809265137 6.5999999046325684
  endloop
 endfacet
 facet normal -1 0 -0
  outer loop
   vertex 97.666671752929688 10.699999809265137 6.5999999046325684
   vertex 97.666671752929688 17.700000762939453 9.1000003814697266
   vertex 97.666671752929688 17.700000762939453 6.5999999046325684
  endloop
 endfacet
 facet normal -1 -0 0
  outer loop
   vertex 97.666671752929688 10.699999809265137 9.1000003814697266
   vertex 97.666671752929688 17.700000762939453 9.1000003814697266
   vertex 97.666671752929688 10.699999809265137 6.5999999046325684
  endloop
 endfacet
 facet normal 0 0 -1
  outer loop
   vertex 97.666671752929688 17.700000762939453 9.1000003814697266
   vertex 91.300003051757812 10.699999809265137 9.1000003814697266
   vertex 91.300003051757812 17.700000762939453 9.1000003814697266
  endloop
 endfacet
 facet normal 0 0 -1
  outer loop
   vertex 97.666671752929688 17.700000762939453 9.1000003814697266
   vertex 97.666671752929688 10.699999809265137 9.1000003814697266
   vertex 91.300003051757812 10.699999809265137 9.1000003814697266
  endloop
 endfacet
 facet normal -0 0 1
  outer loop
   vertex 104.33329772949219 17.700000762939453 6.5999999046325684
   vertex 97.866668701171875 17.700000762939453 6.5999999046325684
   vertex 97.866668701171875 10.699999809265137 6.5999999046325684
  endloop
 endfacet
 facet normal 0 0 1
  outer loop
   vertex 104.33329772949219 17.700000762939453 6.5999999046325684
   vertex 97.866668701171875 10.699999809265137 6.5999999046325684
   vertex 104.33329772949219 10.699999809265137 6.5999999046325684
  endloop
 endfacet
 facet normal 1 0 -0
  outer loop
   vertex 97.866668701171875 10.699999809265137 6.5999999046325684
   vertex 97.866668701171875 17.700000762939453 6.5999999046325684
   vertex 97.866668701171875 17.700000762939453 9.1000003814697266
  endloop
 endfacet
 facet normal 1 0 0
  outer loop
   vertex 97.866668701171875 10.699999809265137 9.1000003814697266
   vertex 97.866668701171875 10.699999809265137 6.5999999046325684
   vertex 97.866668701171875 17.700000762939453 9.1000003814697266
  endloop
 endfacet
 facet normal -1 0 -0
  outer loop
   vertex 104.33329772949219 10.699999809265137 6.5999999046325684
   vertex 104.33329772949219 17.700000762939453 9.1000003814697266
   vertex 104.33329772949219 17.700000762939453 6.5999999046325684
  endloop
 endfacet
 facet normal -1 -0 0
  outer loop
   vertex 104.33329772949219 10.699999809265137 9.1000003814697266
   vertex 104.33329772949219 17.700000762939453 9.1000003814697266
   vertex 104.33329772949219 10.699999809265137 6.5999999046325684
  endloop
 endfacet
 facet normal 0 0 -1
  outer loop
   vertex 104.33329772949219 17.700000762939453 9.1000003814697266
   vertex 97.866668701171875 10.699999809265137 9.1000003814697266
   vertex 97.866668701171875 17.700000762939453 9.1000003814697266
  endloop
 endfacet
 facet normal 0 0 -1
  outer loop
   vertex 104.33329772949219 17.700000762939453 9.1000003814697266
   vertex 104.33329772949219 10.699999809265137 9.1000003814697266
   vertex 97.866668701171875 10.699999809265137 9.1000003814697266
  endloop
 endfacet
 facet normal -0 0 1
  outer loop
   vertex 110.69999694824219 17.700000762939453 6.5999999046325684
   vertex 104.53330230712891 17.700000762939453 6.5999999046325684
   vertex 104.53330230712891 10.699999809265137 6.5999999046325684
  endloop
 endfacet
 facet normal 0 0 1
  outer loop
   vertex 110.69999694824219 17.700000762939453 6.5999999046325684
   vertex 104.53330230712891 10.699999809265137 6.5999999046325684
   vertex 110.69999694824219 10.699999809265137 6.5999999046325684
  endloop
 endfacet
 facet normal 1 0 -0
  outer loop
   vertex 104.53330230712891 10.699999809265137 6.5999999046325684
   vertex 104.53330230712891 17.700000762939453 6.5999999046325684
   vertex 104.53330230712891 17.700000762939453 9.1000003814697266
  endloop
 endfacet
 facet normal 1 0 0
  outer loop
   vertex 104.53330230712891 10.699999809265137 9.1000003814697266
   vertex 104.53330230712891 10.699999809265137 6.5999999046325684
   vertex 104.53330230712891 17.700000762939453 9.1000003814697266
  endloop
 endfacet
 facet normal 0 0 -1
  outer loop
   vertex 110.69999694824219 17.700000762939453 9.1000003814697266
   vertex 104.53330230712891 10.699999809265137 9.1000003814697266
   vertex 104.53330230712891 17.700000762939453 9.1000003814697266
  endloop
 endfacet
 facet normal 0 0 -1
  outer loop
   vertex 110.69999694824219 17.700000762939453 9.1000003814697266
   vertex 110.69999694824219 10.699999809265137 9.1000003814697266
   vertex 104.53330230712891 10.699999809265137 9.1000003814697266
  endloop
 endfacet
 facet normal -0 0 1
  outer loop
   vertex 97.666671752929688 17.700000762939453 3.9000000953674316
   vertex 91.300003051757812 17.700000762939453 3.9000000953674316
   vertex 91.300003051757812 10.699999809265137 3.9000000953674316
  endloop
 endfacet
 facet normal 0 0 1
  outer loop
   vertex 97.666671752929688 17.700000762939453 3.9000000953674316
   vertex 91.300003051757812 10.699999809265137 3.9000000953674316
   vertex 97.666671752929688 10.699999809265137 3.9000000953674316
  endloop
 endfacet
 facet normal -1 0 -0
  outer loop
   vertex 97.666671752929688 10.699999809265137 3.9000000953674316
   vertex 97.666671752929688 17.700000762939453 6.4000000953674316
   vertex 97.666671752929688 17.700000762939453 3.9000000953674316
  endloop
 endfacet
 facet normal -1 -0 0
  outer loop
   vertex 97.666671752929688 10.699999809265137 6.4000000953674316
   vertex 97.666671752929688 17.700000762939453 6.4000000953674316
   vertex 97.666671752929688 10.699999809265137 3.9000000953674316
  endloop
 endfacet
 facet normal 0 0 -1
  outer loop
   vertex 97.666671752929688 17.700000762939453 6.4000000953674316
   vertex 91.300003051757812 10.699999809265137 6.4000000953674316
   vertex 91.300003051757812 17.700000762939453 6.4000000953674316
  endloop
 endfacet
 facet normal 0 0 -1
  outer loop
   vertex 97.666671752929688 17.700000762939453 6.4000000953674316
   vertex 97.666671752929688 10.699999809265137 6.4000000953674316
   vertex 91.300003051757812 10.699999809265137 6.4000000953674316
  endloop
 endfacet
 facet normal -0 0 1
  outer loop
   vertex 104.33329772949219 17.700000762939453 3.9000000953674316
   vertex 97.866668701171875 17.700000762939453 3.9000000953674316
   vertex 97.866668701171875 10.699999809265137 3.9000000953674316
  endloop
 endfacet
 facet normal 0 0 1
  outer loop
   vertex 104.33329772949219 17.700000762939453 3.9000000953674316
   vertex 97.866668701171875 10.699999809265137 3.9000000953674316
   vertex 104.33329772949219 10.699999809265137 3.9000000953674316
  endloop
 endfacet
 facet normal 1 0 -0
  outer loop
   vertex 97.866668701171875 10.699999809265137 3.9000000953674316
   vertex 97.866668701171875 17.700000762939453 3.9000000953674316
   vertex 97.866668701171875 17.700000762939453 6.4000000953674316
  endloop
 endfacet
 facet normal 1 0 0
  outer loop
   vertex 97.866668701171875 10.699999809265137 6.4000000953674316
   vertex 97.866668701171875 10.699999809265137 3.9000000953674316
   vertex 97.866668701171875 17.700000762939453 6.4000000953674316
  endloop
 endfacet
 facet normal -1 0 -0
  outer loop
   vertex 104.33329772949219 10.699999809265137 3.9000000953674316
   vertex 104.33329772949219 17.700000762939453 6.4000000953674316
   vertex 104.33329772949219 17.700000762939453 3.9000000953674316
  endloop
 endfacet
 facet normal -1 -0 0
  outer loop
   vertex 104.33329772949219 10.699999809265137 6.4000000953674316
   vertex 104.33329772949219 17.700000762939453 6.4000000953674316
   vertex 104.33329772949219 10.699999809265137 3.9000000953674316
  endloop
 endfacet
 facet normal 0 0 -1
  outer loop
   vertex 104.33329772949219 17.700000762939453 6.4000000953674316
   vertex 97.866668701171875 10.699999809265137 6.4000000953674316
   vertex 97.866668701171875 17.700000762939453 6.4000000953674316
  endloop
 endfacet
 facet normal 0 0 -1
  outer loop
   vertex 104.33329772949219 17.700000762939453 6.4000000953674316
   vertex 104.33329772949219 10.699999809265137 6.4000000953674316
   vertex 97.866668701171875 10.699999809265137 6.4000000953674316
  endloop
 endfacet
 facet normal -0 0 1
  outer loop
   vertex 110.69999694824219 17.700000762939453 3.9000000953674316
   vertex 104.53330230712891 17.700000762939453 3.9000000953674316
   vertex 104.53330230712891 10.699999809265137 3.9000000953674316
  endloop
 endfacet
 facet normal 0 0 1
  outer loop
   vertex 110.69999694824219 17.700000762939453 3.9000000953674316
   vertex 104.53330230712891 10.699999809265137 3.9000000953674316
   vertex 110.69999694824219 10.699999809265137 3.9000000953674316
  endloop
 endfacet
 facet normal 1 0 -0
  outer loop
   vertex 104.53330230712891 10.699999809265137 3.9000000953674316
   vertex 104.53330230712891 17.700000762939453 3.9000000953674316
   vertex 104.53330230712891 17.700000762939453 6.4000000953674316
  endloop
 endfacet
 facet normal 1 0 0
  outer loop
   vertex 104.53330230712891 10.699999809265137 6.4000000953674316
   vertex 104.53330230712891 10.699999809265137 3.9000000953674316
   vertex 104.53330230712891 17.700000762939453 6.4000000953674316
  endloop
 endfacet
 facet normal 0 0 -1
  outer loop
   vertex 110.69999694824219 17.700000762939453 6.4000000953674316
   vertex 104.53330230712891 10.699999809265137 6.4000000953674316
   vertex 104.53330230712891 17.700000762939453 6.4000000953674316
  endloop
 endfacet
 facet normal 0 0 -1
  outer loop
   vertex 110.69999694824219 17.700000762939453 6.4000000953674316
   vertex 110.69999694824219 10.699999809265137 6.4000000953674316
   vertex 104.53330230712891 10.699999809265137 6.4000000953674316
  endloop
 endfacet
 facet normal -0 0 1
  outer loop
   vertex 97.666671752929688 17.700000762939453 1.2000000476837158
   vertex 91.300003051757812 17.700000762939453 1.2000000476837158
   vertex 91.300003051757812 10.699999809265137 1.2000000476837158
  endloop
 endfacet
 facet normal 0 0 1
  outer loop
   vertex 97.666671752929688 17.700000762939453 1.2000000476837158
   vertex 91.300003051757812 10.699999809265137 1.2000000476837158
   vertex 97.666671752929688 10.699999809265137 1.2000000476837158
  endloop
 endfacet
 facet normal -1 0 -0
  outer loop
   vertex 97.666671752929688 10.699999809265137 1.2000000476837158
   vertex 97.666671752929688 17.700000762939453 3.7000000476837158
   vertex 97.666671752929688 17.700000762939453 1.2000000476837158
  endloop
 endfacet
 facet normal -1 -0 0
  outer loop
   vertex 97.666671752929688 10.699999809265137 3.7000000476837158
   vertex 97.666671752929688 17.700000762939453 3.7000000476837158
   vertex 97.666671752929688 10.699999809265137 1.2000000476837158
  endloop
 endfacet
 facet normal 0 0 -1
  outer loop
   vertex 97.666671752929688 17.700000762939453 3.7000000476837158
   vertex 91.300003051757812 10.699999809265137 3.7000000476837158
   vertex 91.300003051757812 17.700000762939453 3.7000000476837158
  endloop
 endfacet
 facet normal 0 0 -1
  outer loop
   vertex 97.666671752929688 17.700000762939453 3.7000000476837158
   vertex 97.666671752929688 10.699999809265137 3.7000000476837158
   vertex 91.300003051757812 10.699999809265137 3.7000000476837158
  endloop
 endfacet
 facet normal -0 0 1
  outer loop
   vertex 104.33329772949219 17.700000762939453 1.2000000476837158
   vertex 97.866668701171875 17.700000762939453 1.2000000476837158
   vertex 97.866668701171875 10.699999809265137 1.2000000476837158
  endloop
 endfacet
 facet normal 0 0 1
  outer loop
   vertex 104.33329772949219 17.700000762939453 1.2000000476837158
   vertex 97.866668701171875 10.699999809265137 1.2000000476837158
   vertex 104.33329772949219 10.699999809265137 1.2000000476837158
  endloop
 endfacet
 facet normal 1 0 -0
  outer loop
   vertex 97.866668701171875 10.699999809265137 1.2000000476837158
   vertex 97.866668701171875 17.700000762939453 1.2000000476837158
   vertex 97.866668701171875 17.700000762939453 3.7000000476837158
  endloop
 endfacet
 facet normal 1 0 0
  outer loop
   vertex 97.866668701171875 10.699999809265137 3.7000000476837158
   vertex 97.866668701171875 10.699999809265137 1.2000000476837158
   vertex 97.866668701171875 17.700000762939453 3.7000000476837158
  endloop
 endfacet
 facet normal -1 0 -0
  outer loop
   vertex 104.33329772949219 10.699999809265137 1.2000000476837158
   vertex 104.33329772949219 17.700000762939453 3.7000000476837158
   vertex 104.33329772949219 17.700000762939453 1.2000000476837158
  endloop
 endfacet
 facet normal -1 -0 0
  outer loop
   vertex 104.33329772949219 10.699999809265137 3.7000000476837158
   vertex 104.33329772949219 17.700000762939453 3.7000000476837158
   vertex 104.33329772949219 10.699999809265137 1.2000000476837158
  endloop
 endfacet
 facet normal 0 0 -1
  outer loop
   vertex 104.33329772949219 17.700000762939453 3.7000000476837158
   vertex 97.866668701171875 10.699999809265137 3.7000000476837158
   vertex 97.866668701171875 17.700000762939453 3.7000000476837158
  endloop
 endfacet
 facet normal 0 0 -1
  outer loop
   vertex 104.33329772949219 17.700000762939453 3.7000000476837158
   vertex 104.33329772949219 10.699999809265137 3.7000000476837158
   vertex 97.866668701171875 10.699999809265137 3.7000000476837158
  endloop
 endfacet
 facet normal -0 0 1
  outer loop
   vertex 110.69999694824219 17.700000762939453 1.2000000476837158
   vertex 104.53330230712891 17.700000762939453 1.2000000476837158
   vertex 104.53330230712891 10.699999809265137 1.2000000476837158
  endloop
 endfacet
 facet normal 0 0 1
  outer loop
   vertex 110.69999694824219 17.700000762939453 1.2000000476837158
   vertex 104.53330230712891 10.699999809265137 1.2000000476837158
   vertex 110.69999694824219 10.699999809265137 1.2000000476837158
  endloop
 endfacet
 facet normal 1 0 -0
  outer loop
   vertex 104.53330230712891 10.699999809265137 1.2000000476837158
   vertex 104.53330230712891 17.700000762939453 1.2000000476837158
   vertex 104.53330230712891 17.700000762939453 3.7000000476837158
  endloop
 endfacet
 facet normal 1 0 0
  outer loop
   vertex 104.53330230712891 10.699999809265137 3.7000000476837158
   vertex 104.53330230712891 10.699999809265137 1.2000000476837158
   vertex 104.53330230712891 17.700000762939453 3.7000000476837158
  endloop
 endfacet
 facet normal 0 0 -1
  outer loop
   vertex 110.69999694824219 17.700000762939453 3.7000000476837158
   vertex 104.53330230712891 10.699999809265137 3.7000000476837158
   vertex 104.53330230712891 17.700000762939453 3.7000000476837158
  endloop
 endfacet
 facet normal 0 0 -1
  outer loop
   vertex 110.69999694824219 17.700000762939453 3.7000000476837158
   vertex 110.69999694824219 10.699999809265137 3.7000000476837158
   vertex 104.53330230712891 10.699999809265137 3.7000000476837158
  endloop
 endfacet
 facet normal -0 0 1
  outer loop
   vertex 97.666671752929688 10.5 1.2000000476837158
   vertex 91.300003051757812 10.5 1.2000000476837158
   vertex 91.300003051757812 3.2999999523162842 1.2000000476837158
  endloop
 endfacet
 facet normal 0 0 1
  outer loop
   vertex 97.666671752929688 10.5 1.2000000476837158
   vertex 91.300003051757812 3.2999999523162842 1.2000000476837158
   vertex 97.666671752929688 3.2999999523162842 1.2000000476837158
  endloop
 endfacet
 facet normal -1 0 0
  outer loop
   vertex 97.666671752929688 3.2999999523162842 3.7000000476837158
   vertex 97.666671752929688 10.5 1.2000000476837158
   vertex 97.666671752929688 3.2999999523162842 1.2000000476837158
  endloop
 endfacet
 facet normal -1 -0 -0
  outer loop
   vertex 97.666671752929688 3.2999999523162842 3.7000000476837158
   vertex 97.666671752929688 10.5 3.7000000476837158
   vertex 97.666671752929688 10.5 1.2000000476837158
  endloop
 endfacet
 facet normal 0 0 -1
  outer loop
   vertex 97.666671752929688 10.5 3.7000000476837158
   vertex 91.300003051757812 3.2999999523162842 3.7000000476837158
   vertex 91.300003051757812 10.5 3.7000000476837158
  endloop
 endfacet
 facet normal 0 0 -1
  outer loop
   vertex 97.666671752929688 10.5 3.7000000476837158
   vertex 97.666671752929688 3.2999999523162842 3.7000000476837158
   vertex 91.300003051757812 3.2999999523162842 3.7000000476837158
  endloop
 endfacet
 facet normal 0 0 1
  outer loop
   vertex 97.866668701171875 10.5 1.2000000476837158
   vertex 97.866668701171875 3.2999999523162842 1.2000000476837158
   vertex 104.33329772949219 3.2999999523162842 1.2000000476837158
  endloop
 endfacet
 facet normal -0 0 1
  outer loop
   vertex 104.33329772949219 10.5 1.2000000476837158
   vertex 97.866668701171875 10.5 1.2000000476837158
   vertex 104.33329772949219 3.2999999523162842 1.2000000476837158
  endloop
 endfacet
 facet normal 1 0 0
  outer loop
   vertex 97.866668701171875 3.2999999523162842 3.7000000476837158
   vertex 97.866668701171875 3.2999999523162842 1.2000000476837158
   vertex 97.866668701171875 10.5 1.2000000476837158
  endloop
 endfacet
 facet normal 1 0 -0
  outer loop
   vertex 97.866668701171875 3.2999999523162842 3.7000000476837158
   vertex 97.866668701171875 10.5 1.2000000476837158
   vertex 97.866668701171875 10.5 3.7000000476837158
  endloop
 endfacet
 facet normal -1 0 0
  outer loop
   vertex 104.33329772949219 3.2999999523162842 3.7000000476837158
   vertex 104.33329772949219 10.5 1.2000000476837158
   vertex 104.33329772949219 3.2999999523162842 1.2000000476837158
  endloop
 endfacet
 facet normal -1 -0 -0
  outer loop
   vertex 104.33329772949219 3.2999999523162842 3.7000000476837158
   vertex 104.33329772949219 10.5 3.7000000476837158
   vertex 104.33329772949219 10.5 1.2000000476837158
  endloop
 endfacet
 facet normal 0 0 -1
  outer loop
   vertex 97.866668701171875 10.5 3.7000000476837158
   vertex 104.33329772949219 3.2999999523162842 3.7000000476837158
   vertex 97.866668701171875 3.2999999523162842 3.7000000476837158
  endloop
 endfacet
 facet normal 0 0 -1
  outer loop
   vertex 104.33329772949219 10.5 3.7000000476837158
   vertex 104.33329772949219 3.2999999523162842 3.7000000476837158
   vertex 97.866668701171875 10.5 3.7000000476837158
  endloop
 endfacet
 facet normal -0 0 1
  outer loop
   vertex 110.69999694824219 10.5 1.2000000476837158
   vertex 104.53330230712891 10.5 1.2000000476837158
   vertex 104.53330230712891 3.2999999523162842 1.2000000476837158
  endloop
 endfacet
 facet normal 0 0 1
  outer loop
   vertex 110.69999694824219 10.5 1.2000000476837158
   vertex 104.53330230712891 3.2999999523162842 1.2000000476837158
   vertex 110.69999694824219 3.2999999523162842 1.2000000476837158
  endloop
 endfacet
 facet normal 1 0 0
  outer loop
   vertex 104.53330230712891 3.2999999523162842 3.7000000476837158
   vertex 104.53330230712891 3.2999999523162842 1.2000000476837158
   vertex 104.53330230712891 10.5 1.2000000476837158
  endloop
 endfacet
 facet normal 1 0 -0
  outer loop
   vertex 104.53330230712891 3.2999999523162842 3.7000000476837158
   vertex 104.53330230712891 10.5 1.2000000476837158
   vertex 104.53330230712891 10.5 3.7000000476837158
  endloop
 endfacet
 facet normal 0 0 -1
  outer loop
   vertex 110.69999694824219 10.5 3.7000000476837158
   vertex 104.53330230712891 3.2999999523162842 3.7000000476837158
   vertex 104.53330230712891 10.5 3.7000000476837158
  endloop
 endfacet
 facet normal 0 0 -1
  outer loop
   vertex 110.69999694824219 10.5 3.7000000476837158
   vertex 110.69999694824219 3.2999999523162842 3.7000000476837158
   vertex 104.53330230712891 3.2999999523162842 3.7000000476837158
  endloop
 endfacet
 facet normal -0 0 1
  outer loop
   vertex 97.666671752929688 10.5 3.9000000953674316
   vertex 91.300003051757812 10.5 3.9000000953674316
   vertex 91.300003051757812 3.2999999523162842 3.9000000953674316
  endloop
 endfacet
 facet normal 0 0 1
  outer loop
   vertex 97.666671752929688 10.5 3.9000000953674316
   vertex 91.300003051757812 3.2999999523162842 3.9000000953674316
   vertex 97.666671752929688 3.2999999523162842 3.9000000953674316
  endloop
 endfacet
 facet normal -1 0 0
  outer loop
   vertex 97.666671752929688 3.2999999523162842 6.4000000953674316
   vertex 97.666671752929688 10.5 3.9000000953674316
   vertex 97.666671752929688 3.2999999523162842 3.9000000953674316
  endloop
 endfacet
 facet normal -1 -0 -0
  outer loop
   vertex 97.666671752929688 3.2999999523162842 6.4000000953674316
   vertex 97.666671752929688 10.5 6.4000000953674316
   vertex 97.666671752929688 10.5 3.9000000953674316
  endloop
 endfacet
 facet normal 0 0 -1
  outer loop
   vertex 97.666671752929688 10.5 6.4000000953674316
   vertex 91.300003051757812 3.2999999523162842 6.4000000953674316
   vertex 91.300003051757812 10.5 6.4000000953674316
  endloop
 endfacet
 facet normal 0 0 -1
  outer loop
   vertex 97.666671752929688 10.5 6.4000000953674316
   vertex 97.666671752929688 3.2999999523162842 6.4000000953674316
   vertex 91.300003051757812 3.2999999523162842 6.4000000953674316
  endloop
 endfacet
 facet normal 0 0 1
  outer loop
   vertex 97.866668701171875 10.5 3.9000000953674316
   vertex 97.866668701171875 3.2999999523162842 3.9000000953674316
   vertex 104.33329772949219 3.2999999523162842 3.9000000953674316
  endloop
 endfacet
 facet normal -0 0 1
  outer loop
   vertex 104.33329772949219 10.5 3.9000000953674316
   vertex 97.866668701171875 10.5 3.9000000953674316
   vertex 104.33329772949219 3.2999999523162842 3.9000000953674316
  endloop
 endfacet
 facet normal 1 0 0
  outer loop
   vertex 97.866668701171875 3.2999999523162842 6.4000000953674316
   vertex 97.866668701171875 3.2999999523162842 3.9000000953674316
   vertex 97.866668701171875 10.5 3.9000000953674316
  endloop
 endfacet
 facet normal 1 0 -0
  outer loop
   vertex 97.866668701171875 3.2999999523162842 6.4000000953674316
   vertex 97.866668701171875 10.5 3.9000000953674316
   vertex 97.866668701171875 10.5 6.4000000953674316
  endloop
 endfacet
 facet normal -1 0 0
  outer loop
   vertex 104.33329772949219 3.2999999523162842 6.4000000953674316
   vertex 104.33329772949219 10.5 3.9000000953674316
   vertex 104.33329772949219 3.2999999523162842 3.9000000953674316
  endloop
 endfacet
 facet normal -1 -0 -0
  outer loop
   vertex 104.33329772949219 3.2999999523162842 6.4000000953674316
   vertex 104.33329772949219 10.5 6.4000000953674316
   vertex 104.33329772949219 10.5 3.9000000953674316
  endloop
 endfacet
 facet normal 0 0 -1
  outer loop
   vertex 97.866668701171875 10.5 6.4000000953674316
   vertex 104.33329772949219 3.2999999523162842 6.4000000953674316
   vertex 97.866668701171875 3.2999999523162842 6.4000000953674316
  endloop
 endfacet
 facet normal 0 0 -1
  outer loop
   vertex 104.33329772949219 10.5 6.4000000953674316
   vertex 104.33329772949219 3.2999999523162842 6.4000000953674316
   vertex 97.866668701171875 10.5 6.4000000953674316
  endloop
 endfacet
 facet normal -0 0 1
  outer loop
   vertex 110.69999694824219 10.5 3.9000000953674316
   vertex 104.53330230712891 10.5 3.9000000953674316
   vertex 104.53330230712891 3.2999999523162842 3.9000000953674316
  endloop
 endfacet
 facet normal 0 0 1
  outer loop
   vertex 110.69999694824219 10.5 3.9000000953674316
   vertex 104.53330230712891 3.2999999523162842 3.9000000953674316
   vertex 110.69999694824219 3.2999999523162842 3.9000000953674316
  endloop
 endfacet
 facet normal 1 0 0
  outer loop
   vertex 104.53330230712891 3.2999999523162842 6.4000000953674316
   vertex 104.53330230712891 3.2999999523162842 3.9000000953674316
   vertex 104.53330230712891 10.5 3.9000000953674316
  endloop
 endfacet
 facet normal 1 0 -0
  outer loop
   vertex 104.53330230712891 3.2999999523162842 6.4000000953674316
   vertex 104.53330230712891 10.5 3.9000000953674316
   vertex 104.53330230712891 10.5 6.4000000953674316
  endloop
 endfacet
 facet normal 0 0 -1
  outer loop
   vertex 110.69999694824219 10.5 6.4000000953674316
   vertex 104.53330230712891 3.2999999523162842 6.4000000953674316
   vertex 104.53330230712891 10.5 6.4000000953674316
  endloop
 endfacet
 facet normal 0 0 -1
  outer loop
   vertex 110.69999694824219 10.5 6.4000000953674316
   vertex 110.69999694824219 3.2999999523162842 6.4000000953674316
   vertex 104.53330230712891 3.2999999523162842 6.4000000953674316
  endloop
 endfacet
 facet normal -0 0 1
  outer loop
   vertex 97.666671752929688 10.5 6.5999999046325684
   vertex 91.300003051757812 10.5 6.5999999046325684
   vertex 91.300003051757812 3.2999999523162842 6.5999999046325684
  endloop
 endfacet
 facet normal 0 0 1
  outer loop
   vertex 97.666671752929688 10.5 6.5999999046325684
   vertex 91.300003051757812 3.2999999523162842 6.5999999046325684
   vertex 97.666671752929688 3.2999999523162842 6.5999999046325684
  endloop
 endfacet
 facet normal -1 0 0
  outer loop
   vertex 97.666671752929688 3.2999999523162842 9.1000003814697266
   vertex 97.666671752929688 10.5 6.5999999046325684
   vertex 97.666671752929688 3.2999999523162842 6.5999999046325684
  endloop
 endfacet
 facet normal -1 -0 -0
  outer loop
   vertex 97.666671752929688 3.2999999523162842 9.1000003814697266
   vertex 97.666671752929688 10.5 9.1000003814697266
   vertex 97.666671752929688 10.5 6.5999999046325684
  endloop
 endfacet
 facet normal 0 0 -1
  outer loop
   vertex 97.666671752929688 10.5 9.1000003814697266
   vertex 91.300003051757812 3.2999999523162842 9.1000003814697266
   vertex 91.300003051757812 10.5 9.1000003814697266
  endloop
 endfacet
 facet normal 0 0 -1
  outer loop
   vertex 97.666671752929688 10.5 9.1000003814697266
   vertex 97.666671752929688 3.2999999523162842 9.1000003814697266
   vertex 91.300003051757812 3.2999999523162842 9.1000003814697266
  endloop
 endfacet
 facet normal 0 0 1
  outer loop
   vertex 97.866668701171875 10.5 6.5999999046325684
   vertex 97.866668701171875 3.2999999523162842 6.5999999046325684
   vertex 104.33329772949219 3.2999999523162842 6.5999999046325684
  endloop
 endfacet
 facet normal -0 0 1
  outer loop
   vertex 104.33329772949219 10.5 6.5999999046325684
   vertex 97.866668701171875 10.5 6.5999999046325684
   vertex 104.33329772949219 3.2999999523162842 6.5999999046325684
  endloop
 endfacet
 facet normal 1 0 0
  outer loop
   vertex 97.866668701171875 3.2999999523162842 9.1000003814697266
   vertex 97.866668701171875 3.2999999523162842 6.5999999046325684
   vertex 97.866668701171875 10.5 6.5999999046325684
  endloop
 endfacet
 facet normal 1 0 -0
  outer loop
   vertex 97.866668701171875 3.2999999523162842 9.1000003814697266
   vertex 97.866668701171875 10.5 6.5999999046325684
   vertex 97.866668701171875 10.5 9.1000003814697266
  endloop
 endfacet
 facet normal -1 0 0
  outer loop
   vertex 104.33329772949219 3.2999999523162842 9.1000003814697266
   vertex 104.33329772949219 10.5 6.5999999046325684
   vertex 104.33329772949219 3.2999999523162842 6.5999999046325684
  endloop
 endfacet
 facet normal -1 -0 -0
  outer loop
   vertex 104.33329772949219 3.2999999523162842 9.1000003814697266
   vertex 104.33329772949219 10.5 9.1000003814697266
   vertex 104.33329772949219 10.5 6.5999999046325684
  endloop
 endfacet
 facet normal 0 0 -1
  outer loop
   vertex 97.866668701171875 10.5 9.1000003814697266
   vertex 104.33329772949219 3.2999999523162842 9.1000003814697266
   vertex 97.866668701171875 3.2999999523162842 9.1000003814697266
  endloop
 endfacet
 facet normal 0 0 -1
  outer loop
   vertex 104.33329772949219 10.5 9.1000003814697266
   vertex 104.33329772949219 3.2999999523162842 9.1000003814697266
   vertex 97.866668701171875 10.5 9.1000003814697266
  endloop
 endfacet
 facet normal -0 0 1
  outer loop
   vertex 110.69999694824219 10.5 6.5999999046325684
   vertex 104.53330230712891 10.5 6.5999999046325684
   vertex 104.53330230712891 3.2999999523162842 6.5999999046325684
  endloop
 endfacet
 facet normal 0 0 1
  outer loop
   vertex 110.69999694824219 10.5 6.5999999046325684
   vertex 104.53330230712891 3.2999999523162842 6.5999999046325684
   vertex 110.69999694824219 3.2999999523162842 6.5999999046325684
  endloop
 endfacet
 facet normal 1 0 0
  outer loop
   vertex 104.53330230712891 3.2999999523162842 9.1000003814697266
   vertex 104.53330230712891 3.2999999523162842 6.5999999046325684
   vertex 104.53330230712891 10.5 6.5999999046325684
  endloop
 endfacet
 facet normal 1 0 -0
  outer loop
   vertex 104.53330230712891 3.2999999523162842 9.1000003814697266
   vertex 104.53330230712891 10.5 6.5999999046325684
   vertex 104.53330230712891 10.5 9.1000003814697266
  endloop
 endfacet
 facet normal 0 0 -1
  outer loop
   vertex 110.69999694824219 10.5 9.1000003814697266
   vertex 104.53330230712891 3.2999999523162842 9.1000003814697266
   vertex 104.53330230712891 10.5 9.1000003814697266
  endloop
 endfacet
 facet normal 0 0 -1
  outer loop
   vertex 110.69999694824219 10.5 9.1000003814697266
   vertex 110.69999694824219 3.2999999523162842 9.1000003814697266
   vertex 104.53330230712891 3.2999999523162842 9.1000003814697266
  endloop
 endfacet
 facet normal -0 0 1
  outer loop
   vertex 97.666671752929688 10.5 9.3000001907348633
   vertex 91.300003051757812 10.5 9.3000001907348633
   vertex 91.300003051757812 3.2999999523162842 9.3000001907348633
  endloop
 endfacet
 facet normal 0 0 1
  outer loop
   vertex 97.666671752929688 10.5 9.3000001907348633
   vertex 91.300003051757812 3.2999999523162842 9.3000001907348633
   vertex 97.666671752929688 3.2999999523162842 9.3000001907348633
  endloop
 endfacet
 facet normal -1 0 0
  outer loop
   vertex 97.666671752929688 3.2999999523162842 11.800000190734863
   vertex 97.666671752929688 10.5 9.3000001907348633
   vertex 97.666671752929688 3.2999999523162842 9.3000001907348633
  endloop
 endfacet
 facet normal -1 -0 -0
  outer loop
   vertex 97.666671752929688 3.2999999523162842 11.800000190734863
   vertex 97.666671752929688 10.5 11.800000190734863
   vertex 97.666671752929688 10.5 9.3000001907348633
  endloop
 endfacet
 facet normal 0 0 -1
  outer loop
   vertex 97.666671752929688 10.5 11.800000190734863
   vertex 91.300003051757812 3.2999999523162842 11.800000190734863
   vertex 91.300003051757812 10.5 11.800000190734863
  endloop
 endfacet
 facet normal 0 0 -1
  outer loop
   vertex 97.666671752929688 10.5 11.800000190734863
   vertex 97.666671752929688 3.2999999523162842 11.800000190734863
   vertex 91.300003051757812 3.2999999523162842 11.800000190734863
  endloop
 endfacet
 facet normal 0 0 1
  outer loop
   vertex 97.866668701171875 10.5 9.3000001907348633
   vertex 97.866668701171875 3.2999999523162842 9.3000001907348633
   vertex 104.33329772949219 3.2999999523162842 9.3000001907348633
  endloop
 endfacet
 facet normal -0 0 1
  outer loop
   vertex 104.33329772949219 10.5 9.3000001907348633
   vertex 97.866668701171875 10.5 9.3000001907348633
   vertex 104.33329772949219 3.2999999523162842 9.3000001907348633
  endloop
 endfacet
 facet normal 1 0 0
  outer loop
   vertex 97.866668701171875 3.2999999523162842 11.800000190734863
   vertex 97.866668701171875 3.2999999523162842 9.3000001907348633
   vertex 97.866668701171875 10.5 9.3000001907348633
  endloop
 endfacet
 facet normal 1 0 -0
  outer loop
   vertex 97.866668701171875 3.2999999523162842 11.800000190734863
   vertex 97.866668701171875 10.5 9.3000001907348633
   vertex 97.866668701171875 10.5 11.800000190734863
  endloop
 endfacet
 facet normal -1 0 0
  outer loop
   vertex 104.33329772949219 3.2999999523162842 11.800000190734863
   vertex 104.33329772949219 10.5 9.3000001907348633
   vertex 104.33329772949219 3.2999999523162842 9.3000001907348633
  endloop
 endfacet
 facet normal -1 -0 -0
  outer loop
   vertex 104.33329772949219 3.2999999523162842 11.800000190734863
   vertex 104.33329772949219 10.5 11.800000190734863
   vertex 104.33329772949219 10.5 9.3000001907348633
  endloop
 endfacet
 facet normal 0 0 -1
  outer loop
   vertex 97.866668701171875 10.5 11.800000190734863
   vertex 104.33329772949219 3.2999999523162842 11.800000190734863
   vertex 97.866668701171875 3.2999999523162842 11.800000190734863
  endloop
 endfacet
 facet normal 0 0 -1
  outer loop
   vertex 104.33329772949219 10.5 11.800000190734863
   vertex 104.33329772949219 3.2999999523162842 11.800000190734863
   vertex 97.866668701171875 10.5 11.800000190734863
  endloop
 endfacet
 facet normal -0 0 1
  outer loop
   vertex 110.69999694824219 10.5 9.3000001907348633
   vertex 104.53330230712891 10.5 9.3000001907348633
   vertex 104.53330230712891 3.2999999523162842 9.3000001907348633
  endloop
 endfacet
 facet normal 0 0 1
  outer loop
   vertex 110.69999694824219 10.5 9.3000001907348633
   vertex 104.53330230712891 3.2999999523162842 9.3000001907348633
   vertex 110.69999694824219 3.2999999523162842 9.3000001907348633
  endloop
 endfacet
 facet normal 1 0 0
  outer loop
   vertex 104.53330230712891 3.2999999523162842 11.800000190734863
   vertex 104.53330230712891 3.2999999523162842 9.3000001907348633
   vertex 104.53330230712891 10.5 9.3000001907348633
  endloop
 endfacet
 facet normal 1 0 -0
  outer loop
   vertex 104.53330230712891 3.2999999523162842 11.800000190734863
   vertex 104.53330230712891 10.5 9.3000001907348633
   vertex 104.53330230712891 10.5 11.800000190734863
  endloop
 endfacet
 facet normal 0 0 -1
  outer loop
   vertex 110.69999694824219 10.5 11.800000190734863
   vertex 104.53330230712891 3.2999999523162842 11.800000190734863
   vertex 104.53330230712891 10.5 11.800000190734863
  endloop
 endfacet
 facet normal 0 0 -1
  outer loop
   vertex 110.69999694824219 10.5 11.800000190734863
   vertex 110.69999694824219 3.2999999523162842 11.800000190734863
   vertex 104.53330230712891 3.2999999523162842 11.800000190734863
  endloop
 endfacet
 facet normal -0 0 1
  outer loop
   vertex 97.666671752929688 10.5 12
   vertex 91.300003051757812 10.5 12
   vertex 91.300003051757812 3.2999999523162842 12
  endloop
 endfacet
 facet normal 0 0 1
  outer loop
   vertex 97.666671752929688 10.5 12
   vertex 91.300003051757812 3.2999999523162842 12
   vertex 97.666671752929688 3.2999999523162842 12
  endloop
 endfacet
 facet normal -1 0 0
  outer loop
   vertex 97.666671752929688 3.2999999523162842 14.5
   vertex 97.666671752929688 10.5 12
   vertex 97.666671752929688 3.2999999523162842 12
  endloop
 endfacet
 facet normal -1 -0 -0
  outer loop
   vertex 97.666671752929688 3.2999999523162842 14.5
   vertex 97.666671752929688 10.5 14.5
   vertex 97.666671752929688 10.5 12
  endloop
 endfacet
 facet normal 0 0 -1
  outer loop
   vertex 97.666671752929688 10.5 14.5
   vertex 91.300003051757812 3.2999999523162842 14.5
   vertex 91.300003051757812 10.5 14.5
  endloop
 endfacet
 facet normal 0 0 -1
  outer loop
   vertex 97.666671752929688 10.5 14.5
   vertex 97.666671752929688 3.2999999523162842 14.5
   vertex 91.300003051757812 3.2999999523162842 14.5
  endloop
 endfacet
 facet normal 0 0 1
  outer loop
   vertex 97.866668701171875 10.5 12
   vertex 97.866668701171875 3.2999999523162842 12
   vertex 104.33329772949219 3.2999999523162842 12
  endloop
 endfacet
 facet normal -0 0 1
  outer loop
   vertex 104.33329772949219 10.5 12
   vertex 97.866668701171875 10.5 12
   vertex 104.33329772949219 3.2999999523162842 12
  endloop
 endfacet
 facet normal 1 0 0
  outer loop
   vertex 97.866668701171875 3.2999999523162842 14.5
   vertex 97.866668701171875 3.2999999523162842 12
   vertex 97.866668701171875 10.5 12
  endloop
 endfacet
 facet normal 1 0 -0
  outer loop
   vertex 97.866668701171875 3.2999999523162842 14.5
   vertex 97.866668701171875 10.5 12
   vertex 97.866668701171875 10.5 14.5
  endloop
 endfacet
 facet normal -1 0 0
  outer loop
   vertex 104.33329772949219 3.2999999523162842 14.5
   vertex 104.33329772949219 10.5 12
   vertex 104.33329772949219 3.2999999523162842 12
  endloop
 endfacet
 facet normal -1 -0 -0
  outer loop
   vertex 104.33329772949219 3.2999999523162842 14.5
   vertex 104.33329772949219 10.5 14.5
   vertex 104.33329772949219 10.5 12
  endloop
 endfacet
 facet normal 0 0 -1
  outer loop
   vertex 97.866668701171875 10.5 14.5
   vertex 104.33329772949219 3.2999999523162842 14.5
   vertex 97.866668701171875 3.2999999523162842 14.5
  endloop
 endfacet
 facet normal 0 0 -1
  outer loop
   vertex 104.33329772949219 10.5 14.5
   vertex 104.33329772949219 3.2999999523162842 14.5
   vertex 97.866668701171875 10.5 14.5
  endloop
 endfacet
 facet normal -0 0 1
  outer loop
   vertex 110.69999694824219 10.5 12
   vertex 104.53330230712891 10.5 12
   vertex 104.53330230712891 3.2999999523162842 12
  endloop
 endfacet
 facet normal 0 0 1
  outer loop
   vertex 110.69999694824219 10.5 12
   vertex 104.53330230712891 3.2999999523162842 12
   vertex 110.69999694824219 3.2999999523162842 12
  endloop
 endfacet
 facet normal 1 0 0
  outer loop
   vertex 104.53330230712891 3.2999999523162842 14.5
   vertex 104.53330230712891 3.2999999523162842 12
   vertex 104.53330230712891 10.5 12
  endloop
 endfacet
 facet normal 1 0 -0
  outer loop
   vertex 104.53330230712891 3.2999999523162842 14.5
   vertex 104.53330230712891 10.5 12
   vertex 104.53330230712891 10.5 14.5
  endloop
 endfacet
 facet normal 0 0 -1
  outer loop
   vertex 110.69999694824219 10.5 14.5
   vertex 104.53330230712891 3.2999999523162842 14.5
   vertex 104.53330230712891 10.5 14.5
  endloop
 endfacet
 facet normal 0 0 -1
  outer loop
   vertex 110.69999694824219 10.5 14.5
   vertex 110.69999694824219 3.2999999523162842 14.5
   vertex 104.53330230712891 3.2999999523162842 14.5
  endloop
 endfacet
 facet normal 0 1 -0
  outer loop
   vertex 97.666671752929688 10.699999809265137 14.5
   vertex 97.666671752929688 10.699999809265137 12
   vertex 91.300003051757812 10.699999809265137 12
  endloop
 endfacet
 facet normal 0 1 0
  outer loop
   vertex 97.666671752929688 10.699999809265137 14.5
   vertex 91.300003051757812 10.699999809265137 12
   vertex 91.300003051757812 10.699999809265137 14.5
  endloop
 endfacet
 facet normal 0 1 -0
  outer loop
   vertex 104.33329772949219 10.699999809265137 14.5
   vertex 104.33329772949219 10.699999809265137 12
   vertex 97.866668701171875 10.699999809265137 12
  endloop
 endfacet
 facet normal 0 1 0
  outer loop
   vertex 104.33329772949219 10.699999809265137 14.5
   vertex 97.866668701171875 10.699999809265137 12
   vertex 97.866668701171875 10.699999809265137 14.5
  endloop
 endfacet
 facet normal 0 1 -0
  outer loop
   vertex 110.69999694824219 10.699999809265137 14.5
   vertex 110.69999694824219 10.699999809265137 12
   vertex 104.53330230712891 10.699999809265137 12
  endloop
 endfacet
 facet normal 0 1 0
  outer loop
   vertex 110.69999694824219 10.699999809265137 14.5
   vertex 104.53330230712891 10.699999809265137 12
   vertex 104.53330230712891 10.699999809265137 14.5
  endloop
 endfacet
 facet normal 0 1 -0
  outer loop
   vertex 97.666671752929688 10.699999809265137 11.800000190734863
   vertex 97.666671752929688 10.699999809265137 9.3000001907348633
   vertex 91.300003051757812 10.699999809265137 9.3000001907348633
  endloop
 endfacet
 facet normal 0 1 0
  outer loop
   vertex 97.666671752929688 10.699999809265137 11.800000190734863
   vertex 91.300003051757812 10.699999809265137 9.3000001907348633
   vertex 91.300003051757812 10.699999809265137 11.800000190734863
  endloop
 endfacet
 facet normal 0 1 0
  outer loop
   vertex 104.33329772949219 10.699999809265137 9.3000001907348633
   vertex 97.866668701171875 10.699999809265137 9.3000001907348633
   vertex 97.866668701171875 10.699999809265137 11.800000190734863
  endloop
 endfacet
 facet normal 0 1 -0
  outer loop
   vertex 104.33329772949219 10.699999809265137 11.800000190734863
   vertex 104.33329772949219 10.699999809265137 9.3000001907348633
   vertex 97.866668701171875 10.699999809265137 11.800000190734863
  endloop
 endfacet
 facet normal 0 1 -0
  outer loop
   vertex 110.69999694824219 10.699999809265137 11.800000190734863
   vertex 110.69999694824219 10.699999809265137 9.3000001907348633
   vertex 104.53330230712891 10.699999809265137 9.3000001907348633
  endloop
 endfacet
 facet normal 0 1 0
  outer loop
   vertex 110.69999694824219 10.699999809265137 11.800000190734863
   vertex 104.53330230712891 10.699999809265137 9.3000001907348633
   vertex 104.53330230712891 10.699999809265137 11.800000190734863
  endloop
 endfacet
 facet normal 0 1 -0
  outer loop
   vertex 97.666671752929688 10.699999809265137 9.1000003814697266
   vertex 97.666671752929688 10.699999809265137 6.5999999046325684
   vertex 91.300003051757812 10.699999809265137 6.5999999046325684
  endloop
 endfacet
 facet normal 0 1 0
  outer loop
   vertex 97.666671752929688 10.699999809265137 9.1000003814697266
   vertex 91.300003051757812 10.699999809265137 6.5999999046325684
   vertex 91.300003051757812 10.699999809265137 9.1000003814697266
  endloop
 endfacet
 facet normal 0 1 -0
  outer loop
   vertex 104.33329772949219 10.699999809265137 9.1000003814697266
   vertex 104.33329772949219 10.699999809265137 6.5999999046325684
   vertex 97.866668701171875 10.699999809265137 6.5999999046325684
  endloop
 endfacet
 facet normal 0 1 0
  outer loop
   vertex 104.33329772949219 10.699999809265137 9.1000003814697266
   vertex 97.866668701171875 10.699999809265137 6.5999999046325684
   vertex 97.866668701171875 10.699999809265137 9.1000003814697266
  endloop
 endfacet
 facet normal 0 1 -0
  outer loop
   vertex 110.69999694824219 10.699999809265137 9.1000003814697266
   vertex 110.69999694824219 10.699999809265137 6.5999999046325684
   vertex 104.53330230712891 10.699999809265137 6.5999999046325684
  endloop
 endfacet
 facet normal 0 1 0
  outer loop
   vertex 110.69999694824219 10.699999809265137 9.1000003814697266
   vertex 104.53330230712891 10.699999809265137 6.5999999046325684
   vertex 104.53330230712891 10.699999809265137 9.1000003814697266
  endloop
 endfacet
 facet normal 0 1 -0
  outer loop
   vertex 97.666671752929688 10.699999809265137 6.4000000953674316
   vertex 97.666671752929688 10.699999809265137 3.9000000953674316
   vertex 91.300003051757812 10.699999809265137 3.9000000953674316
  endloop
 endfacet
 facet normal 0 1 0
  outer loop
   vertex 97.666671752929688 10.699999809265137 6.4000000953674316
   vertex 91.300003051757812 10.699999809265137 3.9000000953674316
   vertex 91.300003051757812 10.699999809265137 6.4000000953674316
  endloop
 endfacet
 facet normal 0 1 0
  outer loop
   vertex 104.33329772949219 10.699999809265137 3.9000000953674316
   vertex 97.866668701171875 10.699999809265137 3.9000000953674316
   vertex 97.866668701171875 10.699999809265137 6.4000000953674316
  endloop
 endfacet
 facet normal 0 1 -0
  outer loop
   vertex 104.33329772949219 10.699999809265137 6.4000000953674316
   vertex 104.33329772949219 10.699999809265137 3.9000000953674316
   vertex 97.866668701171875 10.699999809265137 6.4000000953674316
  endloop
 endfacet
 facet normal 0 1 -0
  outer loop
   vertex 110.69999694824219 10.699999809265137 6.4000000953674316
   vertex 110.69999694824219 10.699999809265137 3.9000000953674316
   vertex 104.53330230712891 10.699999809265137 3.9000000953674316
  endloop
 endfacet
 facet normal 0 1 0
  outer loop
   vertex 110.69999694824219 10.699999809265137 6.4000000953674316
   vertex 104.53330230712891 10.699999809265137 3.9000000953674316
   vertex 104.53330230712891 10.699999809265137 6.4000000953674316
  endloop
 endfacet
 facet normal 0 1 -0
  outer loop
   vertex 97.666671752929688 10.699999809265137 3.7000000476837158
   vertex 97.666671752929688 10.699999809265137 1.2000000476837158
   vertex 91.300003051757812 10.699999809265137 1.2000000476837158
  endloop
 endfacet
 facet normal 0 1 0
  outer loop
   vertex 97.666671752929688 10.699999809265137 3.7000000476837158
   vertex 91.300003051757812 10.699999809265137 1.2000000476837158
   vertex 91.300003051757812 10.699999809265137 3.7000000476837158
  endloop
 endfacet
 facet normal 0 1 0
  outer loop
   vertex 104.33329772949219 10.699999809265137 1.2000000476837158
   vertex 97.866668701171875 10.699999809265137 1.2000000476837158
   vertex 97.866668701171875 10.699999809265137 3.7000000476837158
  endloop
 endfacet
 facet normal 0 1 -0
  outer loop
   vertex 104.33329772949219 10.699999809265137 3.7000000476837158
   vertex 104.33329772949219 10.699999809265137 1.2000000476837158
   vertex 97.866668701171875 10.699999809265137 3.7000000476837158
  endloop
 endfacet
 facet normal 0 1 -0
  outer loop
   vertex 110.69999694824219 10.699999809265137 3.7000000476837158
   vertex 110.69999694824219 10.699999809265137 1.2000000476837158
   vertex 104.53330230712891 10.699999809265137 1.2000000476837158
  endloop
 endfacet
 facet normal 0 1 0
  outer loop
   vertex 110.69999694824219 10.699999809265137 3.7000000476837158
   vertex 104.53330230712891 10.699999809265137 1.2000000476837158
   vertex 104.53330230712891 10.699999809265137 3.7000000476837158
  endloop
 endfacet
 facet normal 0 -1 0
  outer loop
   vertex 97.666671752929688 10.5 3.7000000476837158
   vertex 91.300003051757812 10.5 1.2000000476837158
   vertex 97.666671752929688 10.5 1.2000000476837158
  endloop
 endfacet
 facet normal 0 -1 0
  outer loop
   vertex 97.666671752929688 10.5 3.7000000476837158
   vertex 91.300003051757812 10.5 3.7000000476837158
   vertex 91.300003051757812 10.5 1.2000000476837158
  endloop
 endfacet
 facet normal 0 -1 0
  outer loop
   vertex 104.33329772949219 10.5 1.2000000476837158
   vertex 97.866668701171875 10.5 3.7000000476837158
   vertex 97.866668701171875 10.5 1.2000000476837158
  endloop
 endfacet
 facet normal 0 -1 0
  outer loop
   vertex 104.33329772949219 10.5 3.7000000476837158
   vertex 97.866668701171875 10.5 3.7000000476837158
   vertex 104.33329772949219 10.5 1.2000000476837158
  endloop
 endfacet
 facet normal 0 -1 0
  outer loop
   vertex 110.69999694824219 10.5 3.7000000476837158
   vertex 104.53330230712891 10.5 1.2000000476837158
   vertex 110.69999694824219 10.5 1.2000000476837158
  endloop
 endfacet
 facet normal 0 -1 0
  outer loop
   vertex 110.69999694824219 10.5 3.7000000476837158
   vertex 104.53330230712891 10.5 3.7000000476837158
   vertex 104.53330230712891 10.5 1.2000000476837158
  endloop
 endfacet
 facet normal 0 -1 0
  outer loop
   vertex 97.666671752929688 10.5 6.4000000953674316
   vertex 91.300003051757812 10.5 3.9000000953674316
   vertex 97.666671752929688 10.5 3.9000000953674316
  endloop
 endfacet
 facet normal 0 -1 0
  outer loop
   vertex 97.666671752929688 10.5 6.4000000953674316
   vertex 91.300003051757812 10.5 6.4000000953674316
   vertex 91.300003051757812 10.5 3.9000000953674316
  endloop
 endfacet
 facet normal 0 -1 0
  outer loop
   vertex 104.33329772949219 10.5 3.9000000953674316
   vertex 97.866668701171875 10.5 6.4000000953674316
   vertex 97.866668701171875 10.5 3.9000000953674316
  endloop
 endfacet
 facet normal 0 -1 0
  outer loop
   vertex 104.33329772949219 10.5 6.4000000953674316
   vertex 97.866668701171875 10.5 6.4000000953674316
   vertex 104.33329772949219 10.5 3.9000000953674316
  endloop
 endfacet
 facet normal 0 -1 0
  outer loop
   vertex 110.69999694824219 10.5 6.4000000953674316
   vertex 104.53330230712891 10.5 3.9000000953674316
   vertex 110.69999694824219 10.5 3.9000000953674316
  endloop
 endfacet
 facet normal 0 -1 0
  outer loop
   vertex 110.69999694824219 10.5 6.4000000953674316
   vertex 104.53330230712891 10.5 6.4000000953674316
   vertex 104.53330230712891 10.5 3.9000000953674316
  endloop
 endfacet
 facet normal 0 -1 0
  outer loop
   vertex 97.666671752929688 10.5 9.1000003814697266
   vertex 91.300003051757812 10.5 6.5999999046325684
   vertex 97.666671752929688 10.5 6.5999999046325684
  endloop
 endfacet
 facet normal 0 -1 0
  outer loop
   vertex 97.666671752929688 10.5 9.1000003814697266
   vertex 91.300003051757812 10.5 9.1000003814697266
   vertex 91.300003051757812 10.5 6.5999999046325684
  endloop
 endfacet
 facet normal 0 -1 0
  outer loop
   vertex 104.33329772949219 10.5 9.1000003814697266
   vertex 97.866668701171875 10.5 6.5999999046325684
   vertex 104.33329772949219 10.5 6.5999999046325684
  endloop
 endfacet
 facet normal 0 -1 0
  outer loop
   vertex 104.33329772949219 10.5 9.1000003814697266
   vertex 97.866668701171875 10.5 9.1000003814697266
   vertex 97.866668701171875 10.5 6.5999999046325684
  endloop
 endfacet
 facet normal 0 -1 0
  outer loop
   vertex 110.69999694824219 10.5 9.1000003814697266
   vertex 104.53330230712891 10.5 6.5999999046325684
   vertex 110.69999694824219 10.5 6.5999999046325684
  endloop
 endfacet
 facet normal 0 -1 0
  outer loop
   vertex 110.69999694824219 10.5 9.1000003814697266
   vertex 104.53330230712891 10.5 9.1000003814697266
   vertex 104.53330230712891 10.5 6.5999999046325684
  endloop
 endfacet
 facet normal 0 -1 0
  outer loop
   vertex 97.666671752929688 10.5 11.800000190734863
   vertex 91.300003051757812 10.5 9.3000001907348633
   vertex 97.666671752929688 10.5 9.3000001907348633
  endloop
 endfacet
 facet normal 0 -1 0
  outer loop
   vertex 97.666671752929688 10.5 11.800000190734863
   vertex 91.300003051757812 10.5 11.800000190734863
   vertex 91.300003051757812 10.5 9.3000001907348633
  endloop
 endfacet
 facet normal 0 -1 0
  outer loop
   vertex 104.33329772949219 10.5 9.3000001907348633
   vertex 97.866668701171875 10.5 11.800000190734863
   vertex 97.866668701171875 10.5 9.3000001907348633
  endloop
 endfacet
 facet normal 0 -1 0
  outer loop
   vertex 104.33329772949219 10.5 11.800000190734863
   vertex 97.866668701171875 10.5 11.800000190734863
   vertex 104.33329772949219 10.5 9.3000001907348633
  endloop
 endfacet
 facet normal 0 -1 0
  outer loop
   vertex 110.69999694824219 10.5 11.800000190734863
   vertex 104.53330230712891 10.5 9.3000001907348633
   vertex 110.69999694824219 10.5 9.3000001907348633
  endloop
 endfacet
 facet normal 0 -1 0
  outer loop
   vertex 110.69999694824219 10.5 11.800000190734863
   vertex 104.53330230712891 10.5 11.800000190734863
   vertex 104.53330230712891 10.5 9.3000001907348633
  endloop
 endfacet
 facet normal 0 -1 0
  outer loop
   vertex 97.666671752929688 10.5 14.5
   vertex 91.300003051757812 10.5 12
   vertex 97.666671752929688 10.5 12
  endloop
 endfacet
 facet normal 0 -1 0
  outer loop
   vertex 97.666671752929688 10.5 14.5
   vertex 91.300003051757812 10.5 14.5
   vertex 91.300003051757812 10.5 12
  endloop
 endfacet
 facet normal 0 -1 0
  outer loop
   vertex 104.33329772949219 10.5 14.5
   vertex 97.866668701171875 10.5 12
   vertex 104.33329772949219 10.5 12
  endloop
 endfacet
 facet normal 0 -1 0
  outer loop
   vertex 104.33329772949219 10.5 14.5
   vertex 97.866668701171875 10.5 14.5
   vertex 97.866668701171875 10.5 12
  endloop
 endfacet
 facet normal 0 -1 0
  outer loop
   vertex 110.69999694824219 10.5 14.5
   vertex 104.53330230712891 10.5 12
   vertex 110.69999694824219 10.5 12
  endloop
 endfacet
 facet normal 0 -1 0
  outer loop
   vertex 110.69999694824219 10.5 14.5
   vertex 104.53330230712891 10.5 14.5
   vertex 104.53330230712891 10.5 12
  endloop
 endfacet
 facet normal 0 0 -1
  outer loop
   vertex 5.0833330154418945 17.875999450683594 13.649999618530273
   vertex 3.5833330154418945 17.799999237060547 13.649999618530273
   vertex 3.5833330154418945 17.875999450683594 13.649999618530273
  endloop
 endfacet
 facet normal 0 0 -1
  outer loop
   vertex 5.0833330154418945 17.875999450683594 13.649999618530273
   vertex 5.0833330154418945 17.799999237060547 13.649999618530273
   vertex 3.5833330154418945 17.799999237060547 13.649999618530273
  endloop
 endfacet
 facet normal -1 0 0
  outer loop
   vertex 5.0833330154418945 17.799999237060547 13.649999618530273
   vertex 5.0833330154418945 17.875999450683594 12.449999809265137
   vertex 5.0833330154418945 17.799999237060547 12.449999809265137
  endloop
 endfacet
 facet normal -1 -0 -0
  outer loop
   vertex 5.0833330154418945 17.799999237060547 13.649999618530273
   vertex 5.0833330154418945 17.875999450683594 13.649999618530273
   vertex 5.0833330154418945 17.875999450683594 12.449999809265137
  endloop
 endfacet
 facet normal 1 0 0
  outer loop
   vertex 3.5833330154418945 17.799999237060547 13.649999618530273
   vertex 3.5833330154418945 17.799999237060547 12.449999809265137
   vertex 3.5833330154418945 17.875999450683594 12.449999809265137
  endloop
 endfacet
 facet normal 1 0 -0
  outer loop
   vertex 3.5833330154418945 17.799999237060547 13.649999618530273
   vertex 3.5833330154418945 17.875999450683594 12.449999809265137
   vertex 3.5833330154418945 17.875999450683594 13.649999618530273
  endloop
 endfacet
 facet normal -0 0 1
  outer loop
   vertex 5.0833330154418945 17.875999450683594 12.449999809265137
   vertex 3.5833330154418945 17.875999450683594 12.449999809265137
   vertex 3.5833330154418945 17.799999237060547 12.449999809265137
  endloop
 endfacet
 facet normal 0 0 1
  outer loop
   vertex 5.0833330154418945 17.875999450683594 12.449999809265137
   vertex 3.5833330154418945 17.799999237060547 12.449999809265137
   vertex 5.0833330154418945 17.799999237060547 12.449999809265137
  endloop
 endfacet
 facet normal 0 0 -1
  outer loop
   vertex 11.75 17.875999450683594 13.649999618530273
   vertex 10.25 17.799999237060547 13.649999618530273
   vertex 10.25 17.875999450683594 13.649999618530273
  endloop
 endfacet
 facet normal 0 0 -1
  outer loop
   vertex 11.75 17.875999450683594 13.649999618530273
   vertex 11.75 17.799999237060547 13.649999618530273
   vertex 10.25 17.799999237060547 13.649999618530273
  endloop
 endfacet
 facet normal -1 0 0
  outer loop
   vertex 11.75 17.799999237060547 13.649999618530273
   vertex 11.75 17.875999450683594 12.449999809265137
   vertex 11.75 17.799999237060547 12.449999809265137
  endloop
 endfacet
 facet normal -1 -0 -0
  outer loop
   vertex 11.75 17.799999237060547 13.649999618530273
   vertex 11.75 17.875999450683594 13.649999618530273
   vertex 11.75 17.875999450683594 12.449999809265137
  endloop
 endfacet
 facet normal 1 0 0
  outer loop
   vertex 10.25 17.799999237060547 13.649999618530273
   vertex 10.25 17.799999237060547 12.449999809265137
   vertex 10.25 17.875999450683594 12.449999809265137
  endloop
 endfacet
 facet normal 1 0 -0
  outer loop
   vertex 10.25 17.799999237060547 13.649999618530273
   vertex 10.25 17.875999450683594 12.449999809265137
   vertex 10.25 17.875999450683594 13.649999618530273
  endloop
 endfacet
 facet normal -0 0 1
  outer loop
   vertex 11.75 17.875999450683594 12.449999809265137
   vertex 10.25 17.875999450683594 12.449999809265137
   vertex 10.25 17.799999237060547 12.449999809265137
  endloop
 endfacet
 facet normal 0 0 1
  outer loop
   vertex 11.75 17.875999450683594 12.449999809265137
   vertex 10.25 17.799999237060547 12.449999809265137
   vertex 11.75 17.799999237060547 12.449999809265137
  endloop
 endfacet
 facet normal -0 0 1
  outer loop
   vertex 18.416669845581055 17.875999450683594 12.449999809265137
   vertex 16.916669845581055 17.875999450683594 12.449999809265137
   vertex 16.916669845581055 17.799999237060547 12.449999809265137
  endloop
 endfacet
 facet normal 0 0 1
  outer loop
   vertex 18.416669845581055 17.875999450683594 12.449999809265137
   vertex 16.916669845581055 17.799999237060547 12.449999809265137
   vertex 18.416669845581055 17.799999237060547 12.449999809265137
  endloop
 endfacet
 facet normal -1 0 0
  outer loop
   vertex 18.416669845581055 17.799999237060547 13.649999618530273
   vertex 18.416669845581055 17.875999450683594 12.449999809265137
   vertex 18.416669845581055 17.799999237060547 12.449999809265137
  endloop
 endfacet
 facet normal -1 -0 -0
  outer loop
   vertex 18.416669845581055 17.799999237060547 13.649999618530273
   vertex 18.416669845581055 17.875999450683594 13.649999618530273
   vertex 18.416669845581055 17.875999450683594 12.449999809265137
  endloop
 endfacet
 facet normal 1 0 0
  outer loop
   vertex 16.916669845581055 17.799999237060547 13.649999618530273
   vertex 16.916669845581055 17.799999237060547 12.449999809265137
   vertex 16.916669845581055 17.875999450683594 12.449999809265137
  endloop
 endfacet
 facet normal 1 0 -0
  outer loop
   vertex 16.916669845581055 17.799999237060547 13.649999618530273
   vertex 16.916669845581055 17.875999450683594 12.449999809265137
   vertex 16.916669845581055 17.875999450683594 13.649999618530273
  endloop
 endfacet
 facet normal 0 0 -1
  outer loop
   vertex 18.416669845581055 17.875999450683594 13.649999618530273
   vertex 16.916669845581055 17.799999237060547 13.649999618530273
   vertex 16.916669845581055 17.875999450683594 13.649999618530273
  endloop
 endfacet
 facet normal 0 0 -1
  outer loop
   vertex 18.416669845581055 17.875999450683594 13.649999618530273
   vertex 18.416669845581055 17.799999237060547 13.649999618530273
   vertex 16.916669845581055 17.799999237060547 13.649999618530273
  endloop
 endfacet
 facet normal 0 0 -1
  outer loop
   vertex 5.0833330154418945 17.875999450683594 10.949999809265137
   vertex 3.5833330154418945 17.799999237060547 10.949999809265137
   vertex 3.5833330154418945 17.875999450683594 10.949999809265137
  endloop
 endfacet
 facet normal 0 0 -1
  outer loop
   vertex 5.0833330154418945 17.875999450683594 10.949999809265137
   vertex 5.0833330154418945 17.799999237060547 10.949999809265137
   vertex 3.5833330154418945 17.799999237060547 10.949999809265137
  endloop
 endfacet
 facet normal -1 0 0
  outer loop
   vertex 5.0833330154418945 17.799999237060547 10.949999809265137
   vertex 5.0833330154418945 17.875999450683594 9.75
   vertex 5.0833330154418945 17.799999237060547 9.75
  endloop
 endfacet
 facet normal -1 -0 -0
  outer loop
   vertex 5.0833330154418945 17.799999237060547 10.949999809265137
   vertex 5.0833330154418945 17.875999450683594 10.949999809265137
   vertex 5.0833330154418945 17.875999450683594 9.75
  endloop
 endfacet
 facet normal 1 0 0
  outer loop
   vertex 3.5833330154418945 17.799999237060547 10.949999809265137
   vertex 3.5833330154418945 17.799999237060547 9.75
   vertex 3.5833330154418945 17.875999450683594 9.75
  endloop
 endfacet
 facet normal 1 0 -0
  outer loop
   vertex 3.5833330154418945 17.799999237060547 10.949999809265137
   vertex 3.5833330154418945 17.875999450683594 9.75
   vertex 3.5833330154418945 17.875999450683594 10.949999809265137
  endloop
 endfacet
 facet normal -0 0 1
  outer loop
   vertex 5.0833330154418945 17.875999450683594 9.75
   vertex 3.5833330154418945 17.875999450683594 9.75
   vertex 3.5833330154418945 17.799999237060547 9.75
  endloop
 endfacet
 facet normal 0 0 1
  outer loop
   vertex 5.0833330154418945 17.875999450683594 9.75
   vertex 3.5833330154418945 17.799999237060547 9.75
   vertex 5.0833330154418945 17.799999237060547 9.75
  endloop
 endfacet
 facet normal 0 0 -1
  outer loop
   vertex 11.75 17.875999450683594 10.949999809265137
   vertex 10.25 17.799999237060547 10.949999809265137
   vertex 10.25 17.875999450683594 10.949999809265137
  endloop
 endfacet
 facet normal 0 0 -1
  outer loop
   vertex 11.75 17.875999450683594 10.949999809265137
   vertex 11.75 17.799999237060547 10.949999809265137
   vertex 10.25 17.799999237060547 10.949999809265137
  endloop
 endfacet
 facet normal -1 0 0
  outer loop
   vertex 11.75 17.799999237060547 10.949999809265137
   vertex 11.75 17.875999450683594 9.75
   vertex 11.75 17.799999237060547 9.75
  endloop
 endfacet
 facet normal -1 -0 -0
  outer loop
   vertex 11.75 17.799999237060547 10.949999809265137
   vertex 11.75 17.875999450683594 10.949999809265137
   vertex 11.75 17.875999450683594 9.75
  endloop
 endfacet
 facet normal 1 0 0
  outer loop
   vertex 10.25 17.799999237060547 10.949999809265137
   vertex 10.25 17.799999237060547 9.75
   vertex 10.25 17.875999450683594 9.75
  endloop
 endfacet
 facet normal 1 0 -0
  outer loop
   vertex 10.25 17.799999237060547 10.949999809265137
   vertex 10.25 17.875999450683594 9.75
   vertex 10.25 17.875999450683594 10.949999809265137
  endloop
 endfacet
 facet normal -0 0 1
  outer loop
   vertex 11.75 17.875999450683594 9.75
   vertex 10.25 17.875999450683594 9.75
   vertex 10.25 17.799999237060547 9.75
  endloop
 endfacet
 facet normal 0 0 1
  outer loop
   vertex 11.75 17.875999450683594 9.75
   vertex 10.25 17.799999237060547 9.75
   vertex 11.75 17.799999237060547 9.75
  endloop
 endfacet
 facet normal -0 0 1
  outer loop
   vertex 18.416669845581055 17.875999450683594 9.75
   vertex 16.916669845581055 17.875999450683594 9.75
   vertex 16.916669845581055 17.799999237060547 9.75
  endloop
 endfacet
 facet normal 0 0 1
  outer loop
   vertex 18.416669845581055 17.875999450683594 9.75
   vertex 16.916669845581055 17.799999237060547 9.75
   vertex 18.416669845581055 17.799999237060547 9.75
  endloop
 endfacet
 facet normal -1 0 0
  outer loop
   vertex 18.416669845581055 17.799999237060547 10.949999809265137
   vertex 18.416669845581055 17.875999450683594 9.75
   vertex 18.416669845581055 17.799999237060547 9.75
  endloop
 endfacet
 facet normal -1 -0 -0
  outer loop
   vertex 18.416669845581055 17.799999237060547 10.949999809265137
   vertex 18.416669845581055 17.875999450683594 10.949999809265137
   vertex 18.416669845581055 17.875999450683594 9.75
  endloop
 endfacet
 facet normal 1 0 0
  outer loop
   vertex 16.916669845581055 17.799999237060547 10.949999809265137
   vertex 16.916669845581055 17.799999237060547 9.75
   vertex 16.916669845581055 17.875999450683594 9.75
  endloop
 endfacet
 facet normal 1 0 -0
  outer loop
   vertex 16.916669845581055 17.799999237060547 10.949999809265137
   vertex 16.916669845581055 17.875999450683594 9.75
   vertex 16.916669845581055 17.875999450683594 10.949999809265137
  endloop
 endfacet
 facet normal 0 0 -1
  outer loop
   vertex 18.416669845581055 17.875999450683594 10.949999809265137
   vertex 16.916669845581055 17.799999237060547 10.949999809265137
   vertex 16.916669845581055 17.875999450683594 10.949999809265137
  endloop
 endfacet
 facet normal 0 0 -1
  outer loop
   vertex 18.416669845581055 17.875999450683594 10.949999809265137
   vertex 18.416669845581055 17.799999237060547 10.949999809265137
   vertex 16.916669845581055 17.799999237060547 10.949999809265137
  endloop
 endfacet
 facet normal 0 0 -1
  outer loop
   vertex 5.0833330154418945 17.875999450683594 8.25
   vertex 3.5833330154418945 17.799999237060547 8.25
   vertex 3.5833330154418945 17.875999450683594 8.25
  endloop
 endfacet
 facet normal 0 0 -1
  outer loop
   vertex 5.0833330154418945 17.875999450683594 8.25
   vertex 5.0833330154418945 17.799999237060547 8.25
   vertex 3.5833330154418945 17.799999237060547 8.25
  endloop
 endfacet
 facet normal -1 0 0
  outer loop
   vertex 5.0833330154418945 17.799999237060547 8.25
   vertex 5.0833330154418945 17.875999450683594 7.0500001907348633
   vertex 5.0833330154418945 17.799999237060547 7.0500001907348633
  endloop
 endfacet
 facet normal -1 -0 -0
  outer loop
   vertex 5.0833330154418945 17.799999237060547 8.25
   vertex 5.0833330154418945 17.875999450683594 8.25
   vertex 5.0833330154418945 17.875999450683594 7.0500001907348633
  endloop
 endfacet
 facet normal 1 0 0
  outer loop
   vertex 3.5833330154418945 17.799999237060547 8.25
   vertex 3.5833330154418945 17.799999237060547 7.0500001907348633
   vertex 3.5833330154418945 17.875999450683594 7.0500001907348633
  endloop
 endfacet
 facet normal 1 0 -0
  outer loop
   vertex 3.5833330154418945 17.799999237060547 8.25
   vertex 3.5833330154418945 17.875999450683594 7.0500001907348633
   vertex 3.5833330154418945 17.875999450683594 8.25
  endloop
 endfacet
 facet normal -0 0 1
  outer loop
   vertex 5.0833330154418945 17.875999450683594 7.0500001907348633
   vertex 3.5833330154418945 17.875999450683594 7.0500001907348633
   vertex 3.5833330154418945 17.799999237060547 7.0500001907348633
  endloop
 endfacet
 facet normal 0 0 1
  outer loop
   vertex 5.0833330154418945 17.875999450683594 7.0500001907348633
   vertex 3.5833330154418945 17.799999237060547 7.0500001907348633
   vertex 5.0833330154418945 17.799999237060547 7.0500001907348633
  endloop
 endfacet
 facet normal 0 0 -1
  outer loop
   vertex 11.75 17.875999450683594 8.25
   vertex 10.25 17.799999237060547 8.25
   vertex 10.25 17.875999450683594 8.25
  endloop
 endfacet
 facet normal 0 0 -1
  outer loop
   vertex 11.75 17.875999450683594 8.25
   vertex 11.75 17.799999237060547 8.25
   vertex 10.25 17.799999237060547 8.25
  endloop
 endfacet
 facet normal -1 0 0
  outer loop
   vertex 11.75 17.799999237060547 8.25
   vertex 11.75 17.875999450683594 7.0500001907348633
   vertex 11.75 17.799999237060547 7.0500001907348633
  endloop
 endfacet
 facet normal -1 -0 -0
  outer loop
   vertex 11.75 17.799999237060547 8.25
   vertex 11.75 17.875999450683594 8.25
   vertex 11.75 17.875999450683594 7.0500001907348633
  endloop
 endfacet
 facet normal 1 0 0
  outer loop
   vertex 10.25 17.799999237060547 8.25
   vertex 10.25 17.799999237060547 7.0500001907348633
   vertex 10.25 17.875999450683594 7.0500001907348633
  endloop
 endfacet
 facet normal 1 0 -0
  outer loop
   vertex 10.25 17.799999237060547 8.25
   vertex 10.25 17.875999450683594 7.0500001907348633
   vertex 10.25 17.875999450683594 8.25
  endloop
 endfacet
 facet normal -0 0 1
  outer loop
   vertex 11.75 17.875999450683594 7.0500001907348633
   vertex 10.25 17.875999450683594 7.0500001907348633
   vertex 10.25 17.799999237060547 7.0500001907348633
  endloop
 endfacet
 facet normal 0 0 1
  outer loop
   vertex 11.75 17.875999450683594 7.0500001907348633
   vertex 10.25 17.799999237060547 7.0500001907348633
   vertex 11.75 17.799999237060547 7.0500001907348633
  endloop
 endfacet
 facet normal -0 0 1
  outer loop
   vertex 18.416669845581055 17.875999450683594 7.0500001907348633
   vertex 16.916669845581055 17.875999450683594 7.0500001907348633
   vertex 16.916669845581055 17.799999237060547 7.0500001907348633
  endloop
 endfacet
 facet normal 0 0 1
  outer loop
   vertex 18.416669845581055 17.875999450683594 7.0500001907348633
   vertex 16.916669845581055 17.799999237060547 7.0500001907348633
   vertex 18.416669845581055 17.799999237060547 7.0500001907348633
  endloop
 endfacet
 facet normal -1 0 0
  outer loop
   vertex 18.416669845581055 17.799999237060547 8.25
   vertex 18.416669845581055 17.875999450683594 7.0500001907348633
   vertex 18.416669845581055 17.799999237060547 7.0500001907348633
  endloop
 endfacet
 facet normal -1 -0 -0
  outer loop
   vertex 18.416669845581055 17.799999237060547 8.25
   vertex 18.416669845581055 17.875999450683594 8.25
   vertex 18.416669845581055 17.875999450683594 7.0500001907348633
  endloop
 endfacet
 facet normal 1 0 0
  outer loop
   vertex 16.916669845581055 17.799999237060547 8.25
   vertex 16.916669845581055 17.799999237060547 7.0500001907348633
   vertex 16.916669845581055 17.875999450683594 7.0500001907348633
  endloop
 endfacet
 facet normal 1 0 -0
  outer loop
   vertex 16.916669845581055 17.799999237060547 8.25
   vertex 16.916669845581055 17.875999450683594 7.0500001907348633
   vertex 16.916669845581055 17.875999450683594 8.25
  endloop
 endfacet
 facet normal 0 0 -1
  outer loop
   vertex 18.416669845581055 17.875999450683594 8.25
   vertex 16.916669845581055 17.799999237060547 8.25
   vertex 16.916669845581055 17.875999450683594 8.25
  endloop
 endfacet
 facet normal 0 0 -1
  outer loop
   vertex 18.416669845581055 17.875999450683594 8.25
   vertex 18.416669845581055 17.799999237060547 8.25
   vertex 16.916669845581055 17.799999237060547 8.25
  endloop
 endfacet
 facet normal 0 0 -1
  outer loop
   vertex 5.0833330154418945 17.875999450683594 5.5500001907348633
   vertex 3.5833330154418945 17.799999237060547 5.5500001907348633
   vertex 3.5833330154418945 17.875999450683594 5.5500001907348633
  endloop
 endfacet
 facet normal 0 0 -1
  outer loop
   vertex 5.0833330154418945 17.875999450683594 5.5500001907348633
   vertex 5.0833330154418945 17.799999237060547 5.5500001907348633
   vertex 3.5833330154418945 17.799999237060547 5.5500001907348633
  endloop
 endfacet
 facet normal -1 0 0
  outer loop
   vertex 5.0833330154418945 17.799999237060547 5.5500001907348633
   vertex 5.0833330154418945 17.875999450683594 4.3499999046325684
   vertex 5.0833330154418945 17.799999237060547 4.3499999046325684
  endloop
 endfacet
 facet normal -1 -0 -0
  outer loop
   vertex 5.0833330154418945 17.799999237060547 5.5500001907348633
   vertex 5.0833330154418945 17.875999450683594 5.5500001907348633
   vertex 5.0833330154418945 17.875999450683594 4.3499999046325684
  endloop
 endfacet
 facet normal 1 0 0
  outer loop
   vertex 3.5833330154418945 17.799999237060547 5.5500001907348633
   vertex 3.5833330154418945 17.799999237060547 4.3499999046325684
   vertex 3.5833330154418945 17.875999450683594 4.3499999046325684
  endloop
 endfacet
 facet normal 1 0 -0
  outer loop
   vertex 3.5833330154418945 17.799999237060547 5.5500001907348633
   vertex 3.5833330154418945 17.875999450683594 4.3499999046325684
   vertex 3.5833330154418945 17.875999450683594 5.5500001907348633
  endloop
 endfacet
 facet normal -0 0 1
  outer loop
   vertex 5.0833330154418945 17.875999450683594 4.3499999046325684
   vertex 3.5833330154418945 17.875999450683594 4.3499999046325684
   vertex 3.5833330154418945 17.799999237060547 4.3499999046325684
  endloop
 endfacet
 facet normal 0 0 1
  outer loop
   vertex 5.0833330154418945 17.875999450683594 4.3499999046325684
   vertex 3.5833330154418945 17.799999237060547 4.3499999046325684
   vertex 5.0833330154418945 17.799999237060547 4.3499999046325684
  endloop
 endfacet
 facet normal 0 0 -1
  outer loop
   vertex 11.75 17.875999450683594 5.5500001907348633
   vertex 10.25 17.799999237060547 5.5500001907348633
   vertex 10.25 17.875999450683594 5.5500001907348633
  endloop
 endfacet
 facet normal 0 0 -1
  outer loop
   vertex 11.75 17.875999450683594 5.5500001907348633
   vertex 11.75 17.799999237060547 5.5500001907348633
   vertex 10.25 17.799999237060547 5.5500001907348633
  endloop
 endfacet
 facet normal -1 0 0
  outer loop
   vertex 11.75 17.799999237060547 5.5500001907348633
   vertex 11.75 17.875999450683594 4.3499999046325684
   vertex 11.75 17.799999237060547 4.3499999046325684
  endloop
 endfacet
 facet normal -1 -0 -0
  outer loop
   vertex 11.75 17.799999237060547 5.5500001907348633
   vertex 11.75 17.875999450683594 5.5500001907348633
   vertex 11.75 17.875999450683594 4.3499999046325684
  endloop
 endfacet
 facet normal 1 0 0
  outer loop
   vertex 10.25 17.799999237060547 5.5500001907348633
   vertex 10.25 17.799999237060547 4.3499999046325684
   vertex 10.25 17.875999450683594 4.3499999046325684
  endloop
 endfacet
 facet normal 1 0 -0
  outer loop
   vertex 10.25 17.799999237060547 5.5500001907348633
   vertex 10.25 17.875999450683594 4.3499999046325684
   vertex 10.25 17.875999450683594 5.5500001907348633
  endloop
 endfacet
 facet normal -0 0 1
  outer loop
   vertex 11.75 17.875999450683594 4.3499999046325684
   vertex 10.25 17.875999450683594 4.3499999046325684
   vertex 10.25 17.799999237060547 4.3499999046325684
  endloop
 endfacet
 facet normal 0 0 1
  outer loop
   vertex 11.75 17.875999450683594 4.3499999046325684
   vertex 10.25 17.799999237060547 4.3499999046325684
   vertex 11.75 17.799999237060547 4.3499999046325684
  endloop
 endfacet
 facet normal -0 0 1
  outer loop
   vertex 18.416669845581055 17.875999450683594 4.3499999046325684
   vertex 16.916669845581055 17.875999450683594 4.3499999046325684
   vertex 16.916669845581055 17.799999237060547 4.3499999046325684
  endloop
 endfacet
 facet normal 0 0 1
  outer loop
   vertex 18.416669845581055 17.875999450683594 4.3499999046325684
   vertex 16.916669845581055 17.799999237060547 4.3499999046325684
   vertex 18.416669845581055 17.799999237060547 4.3499999046325684
  endloop
 endfacet
 facet normal -1 0 0
  outer loop
   vertex 18.416669845581055 17.799999237060547 5.5500001907348633
   vertex 18.416669845581055 17.875999450683594 4.3499999046325684
   vertex 18.416669845581055 17.799999237060547 4.3499999046325684
  endloop
 endfacet
 facet normal -1 -0 -0
  outer loop
   vertex 18.416669845581055 17.799999237060547 5.5500001907348633
   vertex 18.416669845581055 17.875999450683594 5.5500001907348633
   vertex 18.416669845581055 17.875999450683594 4.3499999046325684
  endloop
 endfacet
 facet normal 1 0 0
  outer loop
   vertex 16.916669845581055 17.799999237060547 5.5500001907348633
   vertex 16.916669845581055 17.799999237060547 4.3499999046325684
   vertex 16.916669845581055 17.875999450683594 4.3499999046325684
  endloop
 endfacet
 facet normal 1 0 -0
  outer loop
   vertex 16.916669845581055 17.799999237060547 5.5500001907348633
   vertex 16.916669845581055 17.875999450683594 4.3499999046325684
   vertex 16.916669845581055 17.875999450683594 5.5500001907348633
  endloop
 endfacet
 facet normal 0 0 -1
  outer loop
   vertex 18.416669845581055 17.875999450683594 5.5500001907348633
   vertex 16.916669845581055 17.799999237060547 5.5500001907348633
   vertex 16.916669845581055 17.875999450683594 5.5500001907348633
  endloop
 endfacet
 facet normal 0 0 -1
  outer loop
   vertex 18.416669845581055 17.875999450683594 5.5500001907348633
   vertex 18.416669845581055 17.799999237060547 5.5500001907348633
   vertex 16.916669845581055 17.799999237060547 5.5500001907348633
  endloop
 endfacet
 facet normal 0 0 -1
  outer loop
   vertex 5.0833330154418945 17.875999450683594 2.8499999046325684
   vertex 3.5833330154418945 17.799999237060547 2.8499999046325684
   vertex 3.5833330154418945 17.875999450683594 2.8499999046325684
  endloop
 endfacet
 facet normal 0 0 -1
  outer loop
   vertex 5.0833330154418945 17.875999450683594 2.8499999046325684
   vertex 5.0833330154418945 17.799999237060547 2.8499999046325684
   vertex 3.5833330154418945 17.799999237060547 2.8499999046325684
  endloop
 endfacet
 facet normal -1 0 0
  outer loop
   vertex 5.0833330154418945 17.799999237060547 2.8499999046325684
   vertex 5.0833330154418945 17.875999450683594 1.6499999761581421
   vertex 5.0833330154418945 17.799999237060547 1.6499999761581421
  endloop
 endfacet
 facet normal -1 -0 -0
  outer loop
   vertex 5.0833330154418945 17.799999237060547 2.8499999046325684
   vertex 5.0833330154418945 17.875999450683594 2.8499999046325684
   vertex 5.0833330154418945 17.875999450683594 1.6499999761581421
  endloop
 endfacet
 facet normal 1 0 0
  outer loop
   vertex 3.5833330154418945 17.799999237060547 2.8499999046325684
   vertex 3.5833330154418945 17.799999237060547 1.6499999761581421
   vertex 3.5833330154418945 17.875999450683594 1.6499999761581421
  endloop
 endfacet
 facet normal 1 0 -0
  outer loop
   vertex 3.5833330154418945 17.799999237060547 2.8499999046325684
   vertex 3.5833330154418945 17.875999450683594 1.6499999761581421
   vertex 3.5833330154418945 17.875999450683594 2.8499999046325684
  endloop
 endfacet
 facet normal -0 0 1
  outer loop
   vertex 5.0833330154418945 17.875999450683594 1.6499999761581421
   vertex 3.5833330154418945 17.875999450683594 1.6499999761581421
   vertex 3.5833330154418945 17.799999237060547 1.6499999761581421
  endloop
 endfacet
 facet normal 0 0 1
  outer loop
   vertex 5.0833330154418945 17.875999450683594 1.6499999761581421
   vertex 3.5833330154418945 17.799999237060547 1.6499999761581421
   vertex 5.0833330154418945 17.799999237060547 1.6499999761581421
  endloop
 endfacet
 facet normal 0 0 -1
  outer loop
   vertex 11.75 17.875999450683594 2.8499999046325684
   vertex 10.25 17.799999237060547 2.8499999046325684
   vertex 10.25 17.875999450683594 2.8499999046325684
  endloop
 endfacet
 facet normal 0 0 -1
  outer loop
   vertex 11.75 17.875999450683594 2.8499999046325684
   vertex 11.75 17.799999237060547 2.8499999046325684
   vertex 10.25 17.799999237060547 2.8499999046325684
  endloop
 endfacet
 facet normal -1 0 0
  outer loop
   vertex 11.75 17.799999237060547 2.8499999046325684
   vertex 11.75 17.875999450683594 1.6499999761581421
   vertex 11.75 17.799999237060547 1.6499999761581421
  endloop
 endfacet
 facet normal -1 -0 -0
  outer loop
   vertex 11.75 17.799999237060547 2.8499999046325684
   vertex 11.75 17.875999450683594 2.8499999046325684
   vertex 11.75 17.875999450683594 1.6499999761581421
  endloop
 endfacet
 facet normal 1 0 0
  outer loop
   vertex 10.25 17.799999237060547 2.8499999046325684
   vertex 10.25 17.799999237060547 1.6499999761581421
   vertex 10.25 17.875999450683594 1.6499999761581421
  endloop
 endfacet
 facet normal 1 0 -0
  outer loop
   vertex 10.25 17.799999237060547 2.8499999046325684
   vertex 10.25 17.875999450683594 1.6499999761581421
   vertex 10.25 17.875999450683594 2.8499999046325684
  endloop
 endfacet
 facet normal -0 0 1
  outer loop
   vertex 11.75 17.875999450683594 1.6499999761581421
   vertex 10.25 17.875999450683594 1.6499999761581421
   vertex 10.25 17.799999237060547 1.6499999761581421
  endloop
 endfacet
 facet normal 0 0 1
  outer loop
   vertex 11.75 17.875999450683594 1.6499999761581421
   vertex 10.25 17.799999237060547 1.6499999761581421
   vertex 11.75 17.799999237060547 1.6499999761581421
  endloop
 endfacet
 facet normal -0 0 1
  outer loop
   vertex 18.416669845581055 17.875999450683594 1.6499999761581421
   vertex 16.916669845581055 17.875999450683594 1.6499999761581421
   vertex 16.916669845581055 17.799999237060547 1.6499999761581421
  endloop
 endfacet
 facet normal 0 0 1
  outer loop
   vertex 18.416669845581055 17.875999450683594 1.6499999761581421
   vertex 16.916669845581055 17.799999237060547 1.6499999761581421
   vertex 18.416669845581055 17.799999237060547 1.6499999761581421
  endloop
 endfacet
 facet normal -1 0 0
  outer loop
   vertex 18.416669845581055 17.799999237060547 2.8499999046325684
   vertex 18.416669845581055 17.875999450683594 1.6499999761581421
   vertex 18.416669845581055 17.799999237060547 1.6499999761581421
  endloop
 endfacet
 facet normal -1 -0 -0
  outer loop
   vertex 18.416669845581055 17.799999237060547 2.8499999046325684
   vertex 18.416669845581055 17.875999450683594 2.8499999046325684
   vertex 18.416669845581055 17.875999450683594 1.6499999761581421
  endloop
 endfacet
 facet normal 1 0 0
  outer loop
   vertex 16.916669845581055 17.799999237060547 2.8499999046325684
   vertex 16.916669845581055 17.799999237060547 1.6499999761581421
   vertex 16.916669845581055 17.875999450683594 1.6499999761581421
  endloop
 endfacet
 facet normal 1 0 -0
  outer loop
   vertex 16.916669845581055 17.799999237060547 2.8499999046325684
   vertex 16.916669845581055 17.875999450683594 1.6499999761581421
   vertex 16.916669845581055 17.875999450683594 2.8499999046325684
  endloop
 endfacet
 facet normal 0 0 -1
  outer loop
   vertex 18.416669845581055 17.875999450683594 2.8499999046325684
   vertex 16.916669845581055 17.799999237060547 2.8499999046325684
   vertex 16.916669845581055 17.875999450683594 2.8499999046325684
  endloop
 endfacet
 facet normal 0 0 -1
  outer loop
   vertex 18.416669845581055 17.875999450683594 2.8499999046325684
   vertex 18.416669845581055 17.799999237060547 2.8499999046325684
   vertex 16.916669845581055 17.799999237060547 2.8499999046325684
  endloop
 endfacet
 facet normal 0 0 -1
  outer loop
   vertex 5.0833330154418945 3.2000000476837158 2.8499999046325684
   vertex 3.5833330154418945 3.124000072479248 2.8499999046325684
   vertex 3.5833330154418945 3.2000000476837158 2.8499999046325684
  endloop
 endfacet
 facet normal 0 0 -1
  outer loop
   vertex 5.0833330154418945 3.2000000476837158 2.8499999046325684
   vertex 5.0833330154418945 3.124000072479248 2.8499999046325684
   vertex 3.5833330154418945 3.124000072479248 2.8499999046325684
  endloop
 endfacet
 facet normal -1 0 0
  outer loop
   vertex 5.0833330154418945 3.124000072479248 2.8499999046325684
   vertex 5.0833330154418945 3.2000000476837158 1.6499999761581421
   vertex 5.0833330154418945 3.124000072479248 1.6499999761581421
  endloop
 endfacet
 facet normal -1 -0 -0
  outer loop
   vertex 5.0833330154418945 3.124000072479248 2.8499999046325684
   vertex 5.0833330154418945 3.2000000476837158 2.8499999046325684
   vertex 5.0833330154418945 3.2000000476837158 1.6499999761581421
  endloop
 endfacet
 facet normal 1 0 0
  outer loop
   vertex 3.5833330154418945 3.124000072479248 2.8499999046325684
   vertex 3.5833330154418945 3.124000072479248 1.6499999761581421
   vertex 3.5833330154418945 3.2000000476837158 1.6499999761581421
  endloop
 endfacet
 facet normal 1 0 -0
  outer loop
   vertex 3.5833330154418945 3.124000072479248 2.8499999046325684
   vertex 3.5833330154418945 3.2000000476837158 1.6499999761581421
   vertex 3.5833330154418945 3.2000000476837158 2.8499999046325684
  endloop
 endfacet
 facet normal -0 0 1
  outer loop
   vertex 5.0833330154418945 3.2000000476837158 1.6499999761581421
   vertex 3.5833330154418945 3.2000000476837158 1.6499999761581421
   vertex 3.5833330154418945 3.124000072479248 1.6499999761581421
  endloop
 endfacet
 facet normal 0 0 1
  outer loop
   vertex 5.0833330154418945 3.2000000476837158 1.6499999761581421
   vertex 3.5833330154418945 3.124000072479248 1.6499999761581421
   vertex 5.0833330154418945 3.124000072479248 1.6499999761581421
  endloop
 endfacet
 facet normal 0 0 -1
  outer loop
   vertex 11.75 3.2000000476837158 2.8499999046325684
   vertex 10.25 3.124000072479248 2.8499999046325684
   vertex 10.25 3.2000000476837158 2.8499999046325684
  endloop
 endfacet
 facet normal 0 0 -1
  outer loop
   vertex 11.75 3.2000000476837158 2.8499999046325684
   vertex 11.75 3.124000072479248 2.8499999046325684
   vertex 10.25 3.124000072479248 2.8499999046325684
  endloop
 endfacet
 facet normal -1 0 0
  outer loop
   vertex 11.75 3.124000072479248 2.8499999046325684
   vertex 11.75 3.2000000476837158 1.6499999761581421
   vertex 11.75 3.124000072479248 1.6499999761581421
  endloop
 endfacet
 facet normal -1 -0 -0
  outer loop
   vertex 11.75 3.124000072479248 2.8499999046325684
   vertex 11.75 3.2000000476837158 2.8499999046325684
   vertex 11.75 3.2000000476837158 1.6499999761581421
  endloop
 endfacet
 facet normal 1 0 0
  outer loop
   vertex 10.25 3.124000072479248 2.8499999046325684
   vertex 10.25 3.124000072479248 1.6499999761581421
   vertex 10.25 3.2000000476837158 1.6499999761581421
  endloop
 endfacet
 facet normal 1 0 -0
  outer loop
   vertex 10.25 3.124000072479248 2.8499999046325684
   vertex 10.25 3.2000000476837158 1.6499999761581421
   vertex 10.25 3.2000000476837158 2.8499999046325684
  endloop
 endfacet
 facet normal -0 0 1
  outer loop
   vertex 11.75 3.2000000476837158 1.6499999761581421
   vertex 10.25 3.2000000476837158 1.6499999761581421
   vertex 10.25 3.124000072479248 1.6499999761581421
  endloop
 endfacet
 facet normal 0 0 1
  outer loop
   vertex 11.75 3.2000000476837158 1.6499999761581421
   vertex 10.25 3.124000072479248 1.6499999761581421
   vertex 11.75 3.124000072479248 1.6499999761581421
  endloop
 endfacet
 facet normal -0 0 1
  outer loop
   vertex 18.416669845581055 3.2000000476837158 1.6499999761581421
   vertex 16.916669845581055 3.2000000476837158 1.6499999761581421
   vertex 16.916669845581055 3.124000072479248 1.6499999761581421
  endloop
 endfacet
 facet normal 0 0 1
  outer loop
   vertex 18.416669845581055 3.2000000476837158 1.6499999761581421
   vertex 16.916669845581055 3.124000072479248 1.6499999761581421
   vertex 18.416669845581055 3.124000072479248 1.6499999761581421
  endloop
 endfacet
 facet normal -1 0 0
  outer loop
   vertex 18.416669845581055 3.124000072479248 2.8499999046325684
   vertex 18.416669845581055 3.2000000476837158 1.6499999761581421
   vertex 18.416669845581055 3.124000072479248 1.6499999761581421
  endloop
 endfacet
 facet normal -1 -0 -0
  outer loop
   vertex 18.416669845581055 3.124000072479248 2.8499999046325684
   vertex 18.416669845581055 3.2000000476837158 2.8499999046325684
   vertex 18.416669845581055 3.2000000476837158 1.6499999761581421
  endloop
 endfacet
 facet normal 1 0 0
  outer loop
   vertex 16.916669845581055 3.124000072479248 2.8499999046325684
   vertex 16.916669845581055 3.124000072479248 1.6499999761581421
   vertex 16.916669845581055 3.2000000476837158 1.6499999761581421
  endloop
 endfacet
 facet normal 1 0 -0
  outer loop
   vertex 16.916669845581055 3.124000072479248 2.8499999046325684
   vertex 16.916669845581055 3.2000000476837158 1.6499999761581421
   vertex 16.916669845581055 3.2000000476837158 2.8499999046325684
  endloop
 endfacet
 facet normal 0 0 -1
  outer loop
   vertex 18.416669845581055 3.2000000476837158 2.8499999046325684
   vertex 16.916669845581055 3.124000072479248 2.8499999046325684
   vertex 16.916669845581055 3.2000000476837158 2.8499999046325684
  endloop
 endfacet
 facet normal 0 0 -1
  outer loop
   vertex 18.416669845581055 3.2000000476837158 2.8499999046325684
   vertex 18.416669845581055 3.124000072479248 2.8499999046325684
   vertex 16.916669845581055 3.124000072479248 2.8499999046325684
  endloop
 endfacet
 facet normal 0 0 -1
  outer loop
   vertex 5.0833330154418945 3.2000000476837158 5.5500001907348633
   vertex 3.5833330154418945 3.124000072479248 5.5500001907348633
   vertex 3.5833330154418945 3.2000000476837158 5.5500001907348633
  endloop
 endfacet
 facet normal 0 0 -1
  outer loop
   vertex 5.0833330154418945 3.2000000476837158 5.5500001907348633
   vertex 5.0833330154418945 3.124000072479248 5.5500001907348633
   vertex 3.5833330154418945 3.124000072479248 5.5500001907348633
  endloop
 endfacet
 facet normal -1 0 0
  outer loop
   vertex 5.0833330154418945 3.124000072479248 5.5500001907348633
   vertex 5.0833330154418945 3.2000000476837158 4.3499999046325684
   vertex 5.0833330154418945 3.124000072479248 4.3499999046325684
  endloop
 endfacet
 facet normal -1 -0 -0
  outer loop
   vertex 5.0833330154418945 3.124000072479248 5.5500001907348633
   vertex 5.0833330154418945 3.2000000476837158 5.5500001907348633
   vertex 5.0833330154418945 3.2000000476837158 4.3499999046325684
  endloop
 endfacet
 facet normal 1 0 0
  outer loop
   vertex 3.5833330154418945 3.124000072479248 5.5500001907348633
   vertex 3.5833330154418945 3.124000072479248 4.3499999046325684
   vertex 3.5833330154418945 3.2000000476837158 4.3499999046325684
  endloop
 endfacet
 facet normal 1 0 -0
  outer loop
   vertex 3.5833330154418945 3.124000072479248 5.5500001907348633
   vertex 3.5833330154418945 3.2000000476837158 4.3499999046325684
   vertex 3.5833330154418945 3.2000000476837158 5.5500001907348633
  endloop
 endfacet
 facet normal -0 0 1
  outer loop
   vertex 5.0833330154418945 3.2000000476837158 4.3499999046325684
   vertex 3.5833330154418945 3.2000000476837158 4.3499999046325684
   vertex 3.5833330154418945 3.124000072479248 4.3499999046325684
  endloop
 endfacet
 facet normal 0 0 1
  outer loop
   vertex 5.0833330154418945 3.2000000476837158 4.3499999046325684
   vertex 3.5833330154418945 3.124000072479248 4.3499999046325684
   vertex 5.0833330154418945 3.124000072479248 4.3499999046325684
  endloop
 endfacet
 facet normal 0 0 -1
  outer loop
   vertex 11.75 3.2000000476837158 5.5500001907348633
   vertex 10.25 3.124000072479248 5.5500001907348633
   vertex 10.25 3.2000000476837158 5.5500001907348633
  endloop
 endfacet
 facet normal 0 0 -1
  outer loop
   vertex 11.75 3.2000000476837158 5.5500001907348633
   vertex 11.75 3.124000072479248 5.5500001907348633
   vertex 10.25 3.124000072479248 5.5500001907348633
  endloop
 endfacet
 facet normal -1 0 0
  outer loop
   vertex 11.75 3.124000072479248 5.5500001907348633
   vertex 11.75 3.2000000476837158 4.3499999046325684
   vertex 11.75 3.124000072479248 4.3499999046325684
  endloop
 endfacet
 facet normal -1 -0 -0
  outer loop
   vertex 11.75 3.124000072479248 5.5500001907348633
   vertex 11.75 3.2000000476837158 5.5500001907348633
   vertex 11.75 3.2000000476837158 4.3499999046325684
  endloop
 endfacet
 facet normal 1 0 0
  outer loop
   vertex 10.25 3.124000072479248 5.5500001907348633
   vertex 10.25 3.124000072479248 4.3499999046325684
   vertex 10.25 3.2000000476837158 4.3499999046325684
  endloop
 endfacet
 facet normal 1 0 -0
  outer loop
   vertex 10.25 3.124000072479248 5.5500001907348633
   vertex 10.25 3.2000000476837158 4.3499999046325684
   vertex 10.25 3.2000000476837158 5.5500001907348633
  endloop
 endfacet
 facet normal -0 0 1
  outer loop
   vertex 11.75 3.2000000476837158 4.3499999046325684
   vertex 10.25 3.2000000476837158 4.3499999046325684
   vertex 10.25 3.124000072479248 4.3499999046325684
  endloop
 endfacet
 facet normal 0 0 1
  outer loop
   vertex 11.75 3.2000000476837158 4.3499999046325684
   vertex 10.25 3.124000072479248 4.3499999046325684
   vertex 11.75 3.124000072479248 4.3499999046325684
  endloop
 endfacet
 facet normal -0 0 1
  outer loop
   vertex 18.416669845581055 3.2000000476837158 4.3499999046325684
   vertex 16.916669845581055 3.2000000476837158 4.3499999046325684
   vertex 16.916669845581055 3.124000072479248 4.3499999046325684
  endloop
 endfacet
 facet normal 0 0 1
  outer loop
   vertex 18.416669845581055 3.2000000476837158 4.3499999046325684
   vertex 16.916669845581055 3.124000072479248 4.3499999046325684
   vertex 18.416669845581055 3.124000072479248 4.3499999046325684
  endloop
 endfacet
 facet normal -1 0 0
  outer loop
   vertex 18.416669845581055 3.124000072479248 5.5500001907348633
   vertex 18.416669845581055 3.2000000476837158 4.3499999046325684
   vertex 18.416669845581055 3.124000072479248 4.3499999046325684
  endloop
 endfacet
 facet normal -1 -0 -0
  outer loop
   vertex 18.416669845581055 3.124000072479248 5.5500001907348633
   vertex 18.416669845581055 3.2000000476837158 5.5500001907348633
   vertex 18.416669845581055 3.2000000476837158 4.3499999046325684
  endloop
 endfacet
 facet normal 1 0 0
  outer loop
   vertex 16.916669845581055 3.124000072479248 5.5500001907348633
   vertex 16.916669845581055 3.124000072479248 4.3499999046325684
   vertex 16.916669845581055 3.2000000476837158 4.3499999046325684
  endloop
 endfacet
 facet normal 1 0 -0
  outer loop
   vertex 16.916669845581055 3.124000072479248 5.5500001907348633
   vertex 16.916669845581055 3.2000000476837158 4.3499999046325684
   vertex 16.916669845581055 3.2000000476837158 5.5500001907348633
  endloop
 endfacet
 facet normal 0 0 -1
  outer loop
   vertex 18.416669845581055 3.2000000476837158 5.5500001907348633
   vertex 16.916669845581055 3.124000072479248 5.5500001907348633
   vertex 16.916669845581055 3.2000000476837158 5.5500001907348633
  endloop
 endfacet
 facet normal 0 0 -1
  outer loop
   vertex 18.416669845581055 3.2000000476837158 5.5500001907348633
   vertex 18.416669845581055 3.124000072479248 5.5500001907348633
   vertex 16.916669845581055 3.124000072479248 5.5500001907348633
  endloop
 endfacet
 facet normal 0 0 -1
  outer loop
   vertex 5.0833330154418945 3.2000000476837158 8.25
   vertex 3.5833330154418945 3.124000072479248 8.25
   vertex 3.5833330154418945 3.2000000476837158 8.25
  endloop
 endfacet
 facet normal 0 0 -1
  outer loop
   vertex 5.0833330154418945 3.2000000476837158 8.25
   vertex 5.0833330154418945 3.124000072479248 8.25
   vertex 3.5833330154418945 3.124000072479248 8.25
  endloop
 endfacet
 facet normal -1 0 0
  outer loop
   vertex 5.0833330154418945 3.124000072479248 8.25
   vertex 5.0833330154418945 3.2000000476837158 7.0500001907348633
   vertex 5.0833330154418945 3.124000072479248 7.0500001907348633
  endloop
 endfacet
 facet normal -1 -0 -0
  outer loop
   vertex 5.0833330154418945 3.124000072479248 8.25
   vertex 5.0833330154418945 3.2000000476837158 8.25
   vertex 5.0833330154418945 3.2000000476837158 7.0500001907348633
  endloop
 endfacet
 facet normal 1 0 0
  outer loop
   vertex 3.5833330154418945 3.124000072479248 8.25
   vertex 3.5833330154418945 3.124000072479248 7.0500001907348633
   vertex 3.5833330154418945 3.2000000476837158 7.0500001907348633
  endloop
 endfacet
 facet normal 1 0 -0
  outer loop
   vertex 3.5833330154418945 3.124000072479248 8.25
   vertex 3.5833330154418945 3.2000000476837158 7.0500001907348633
   vertex 3.5833330154418945 3.2000000476837158 8.25
  endloop
 endfacet
 facet normal -0 0 1
  outer loop
   vertex 5.0833330154418945 3.2000000476837158 7.0500001907348633
   vertex 3.5833330154418945 3.2000000476837158 7.0500001907348633
   vertex 3.5833330154418945 3.124000072479248 7.0500001907348633
  endloop
 endfacet
 facet normal 0 0 1
  outer loop
   vertex 5.0833330154418945 3.2000000476837158 7.0500001907348633
   vertex 3.5833330154418945 3.124000072479248 7.0500001907348633
   vertex 5.0833330154418945 3.124000072479248 7.0500001907348633
  endloop
 endfacet
 facet normal 0 0 -1
  outer loop
   vertex 11.75 3.2000000476837158 8.25
   vertex 10.25 3.124000072479248 8.25
   vertex 10.25 3.2000000476837158 8.25
  endloop
 endfacet
 facet normal 0 0 -1
  outer loop
   vertex 11.75 3.2000000476837158 8.25
   vertex 11.75 3.124000072479248 8.25
   vertex 10.25 3.124000072479248 8.25
  endloop
 endfacet
 facet normal -1 0 0
  outer loop
   vertex 11.75 3.124000072479248 8.25
   vertex 11.75 3.2000000476837158 7.0500001907348633
   vertex 11.75 3.124000072479248 7.0500001907348633
  endloop
 endfacet
 facet normal -1 -0 -0
  outer loop
   vertex 11.75 3.124000072479248 8.25
   vertex 11.75 3.2000000476837158 8.25
   vertex 11.75 3.2000000476837158 7.0500001907348633
  endloop
 endfacet
 facet normal 1 0 0
  outer loop
   vertex 10.25 3.124000072479248 8.25
   vertex 10.25 3.124000072479248 7.0500001907348633
   vertex 10.25 3.2000000476837158 7.0500001907348633
  endloop
 endfacet
 facet normal 1 0 -0
  outer loop
   vertex 10.25 3.124000072479248 8.25
   vertex 10.25 3.2000000476837158 7.0500001907348633
   vertex 10.25 3.2000000476837158 8.25
  endloop
 endfacet
 facet normal -0 0 1
  outer loop
   vertex 11.75 3.2000000476837158 7.0500001907348633
   vertex 10.25 3.2000000476837158 7.0500001907348633
   vertex 10.25 3.124000072479248 7.0500001907348633
  endloop
 endfacet
 facet normal 0 0 1
  outer loop
   vertex 11.75 3.2000000476837158 7.0500001907348633
   vertex 10.25 3.124000072479248 7.0500001907348633
   vertex 11.75 3.124000072479248 7.0500001907348633
  endloop
 endfacet
 facet normal -0 0 1
  outer loop
   vertex 18.416669845581055 3.2000000476837158 7.0500001907348633
   vertex 16.916669845581055 3.2000000476837158 7.0500001907348633
   vertex 16.916669845581055 3.124000072479248 7.0500001907348633
  endloop
 endfacet
 facet normal 0 0 1
  outer loop
   vertex 18.416669845581055 3.2000000476837158 7.0500001907348633
   vertex 16.916669845581055 3.124000072479248 7.0500001907348633
   vertex 18.416669845581055 3.124000072479248 7.0500001907348633
  endloop
 endfacet
 facet normal -1 0 0
  outer loop
   vertex 18.416669845581055 3.124000072479248 8.25
   vertex 18.416669845581055 3.2000000476837158 7.0500001907348633
   vertex 18.416669845581055 3.124000072479248 7.0500001907348633
  endloop
 endfacet
 facet normal -1 -0 -0
  outer loop
   vertex 18.416669845581055 3.124000072479248 8.25
   vertex 18.416669845581055 3.2000000476837158 8.25
   vertex 18.416669845581055 3.2000000476837158 7.0500001907348633
  endloop
 endfacet
 facet normal 1 0 0
  outer loop
   vertex 16.916669845581055 3.124000072479248 8.25
   vertex 16.916669845581055 3.124000072479248 7.0500001907348633
   vertex 16.916669845581055 3.2000000476837158 7.0500001907348633
  endloop
 endfacet
 facet normal 1 0 -0
  outer loop
   vertex 16.916669845581055 3.124000072479248 8.25
   vertex 16.916669845581055 3.2000000476837158 7.0500001907348633
   vertex 16.916669845581055 3.2000000476837158 8.25
  endloop
 endfacet
 facet normal 0 0 -1
  outer loop
   vertex 18.416669845581055 3.2000000476837158 8.25
   vertex 16.916669845581055 3.124000072479248 8.25
   vertex 16.916669845581055 3.2000000476837158 8.25
  endloop
 endfacet
 facet normal 0 0 -1
  outer loop
   vertex 18.416669845581055 3.2000000476837158 8.25
   vertex 18.416669845581055 3.124000072479248 8.25
   vertex 16.916669845581055 3.124000072479248 8.25
  endloop
 endfacet
 facet normal 0 0 -1
  outer loop
   vertex 5.0833330154418945 3.2000000476837158 10.949999809265137
   vertex 3.5833330154418945 3.124000072479248 10.949999809265137
   vertex 3.5833330154418945 3.2000000476837158 10.949999809265137
  endloop
 endfacet
 facet normal 0 0 -1
  outer loop
   vertex 5.0833330154418945 3.2000000476837158 10.949999809265137
   vertex 5.0833330154418945 3.124000072479248 10.949999809265137
   vertex 3.5833330154418945 3.124000072479248 10.949999809265137
  endloop
 endfacet
 facet normal -1 0 0
  outer loop
   vertex 5.0833330154418945 3.124000072479248 10.949999809265137
   vertex 5.0833330154418945 3.2000000476837158 9.75
   vertex 5.0833330154418945 3.124000072479248 9.75
  endloop
 endfacet
 facet normal -1 -0 -0
  outer loop
   vertex 5.0833330154418945 3.124000072479248 10.949999809265137
   vertex 5.0833330154418945 3.2000000476837158 10.949999809265137
   vertex 5.0833330154418945 3.2000000476837158 9.75
  endloop
 endfacet
 facet normal 1 0 0
  outer loop
   vertex 3.5833330154418945 3.124000072479248 10.949999809265137
   vertex 3.5833330154418945 3.124000072479248 9.75
   vertex 3.5833330154418945 3.2000000476837158 9.75
  endloop
 endfacet
 facet normal 1 0 -0
  outer loop
   vertex 3.5833330154418945 3.124000072479248 10.949999809265137
   vertex 3.5833330154418945 3.2000000476837158 9.75
   vertex 3.5833330154418945 3.2000000476837158 10.949999809265137
  endloop
 endfacet
 facet normal -0 0 1
  outer loop
   vertex 5.0833330154418945 3.2000000476837158 9.75
   vertex 3.5833330154418945 3.2000000476837158 9.75
   vertex 3.5833330154418945 3.124000072479248 9.75
  endloop
 endfacet
 facet normal 0 0 1
  outer loop
   vertex 5.0833330154418945 3.2000000476837158 9.75
   vertex 3.5833330154418945 3.124000072479248 9.75
   vertex 5.0833330154418945 3.124000072479248 9.75
  endloop
 endfacet
 facet normal 0 0 -1
  outer loop
   vertex 11.75 3.2000000476837158 10.949999809265137
   vertex 10.25 3.124000072479248 10.949999809265137
   vertex 10.25 3.2000000476837158 10.949999809265137
  endloop
 endfacet
 facet normal 0 0 -1
  outer loop
   vertex 11.75 3.2000000476837158 10.949999809265137
   vertex 11.75 3.124000072479248 10.949999809265137
   vertex 10.25 3.124000072479248 10.949999809265137
  endloop
 endfacet
 facet normal -1 0 0
  outer loop
   vertex 11.75 3.124000072479248 10.949999809265137
   vertex 11.75 3.2000000476837158 9.75
   vertex 11.75 3.124000072479248 9.75
  endloop
 endfacet
 facet normal -1 -0 -0
  outer loop
   vertex 11.75 3.124000072479248 10.949999809265137
   vertex 11.75 3.2000000476837158 10.949999809265137
   vertex 11.75 3.2000000476837158 9.75
  endloop
 endfacet
 facet normal 1 0 0
  outer loop
   vertex 10.25 3.124000072479248 10.949999809265137
   vertex 10.25 3.124000072479248 9.75
   vertex 10.25 3.2000000476837158 9.75
  endloop
 endfacet
 facet normal 1 0 -0
  outer loop
   vertex 10.25 3.124000072479248 10.949999809265137
   vertex 10.25 3.2000000476837158 9.75
   vertex 10.25 3.2000000476837158 10.949999809265137
  endloop
 endfacet
 facet normal -0 0 1
  outer loop
   vertex 11.75 3.2000000476837158 9.75
   vertex 10.25 3.2000000476837158 9.75
   vertex 10.25 3.124000072479248 9.75
  endloop
 endfacet
 facet normal 0 0 1
  outer loop
   vertex 11.75 3.2000000476837158 9.75
   vertex 10.25 3.124000072479248 9.75
   vertex 11.75 3.124000072479248 9.75
  endloop
 endfacet
 facet normal -0 0 1
  outer loop
   vertex 18.416669845581055 3.2000000476837158 9.75
   vertex 16.916669845581055 3.2000000476837158 9.75
   vertex 16.916669845581055 3.124000072479248 9.75
  endloop
 endfacet
 facet normal 0 0 1
  outer loop
   vertex 18.416669845581055 3.2000000476837158 9.75
   vertex 16.916669845581055 3.124000072479248 9.75
   vertex 18.416669845581055 3.124000072479248 9.75
  endloop
 endfacet
 facet normal -1 0 0
  outer loop
   vertex 18.416669845581055 3.124000072479248 10.949999809265137
   vertex 18.416669845581055 3.2000000476837158 9.75
   vertex 18.416669845581055 3.124000072479248 9.75
  endloop
 endfacet
 facet normal -1 -0 -0
  outer loop
   vertex 18.416669845581055 3.124000072479248 10.949999809265137
   vertex 18.416669845581055 3.2000000476837158 10.949999809265137
   vertex 18.416669845581055 3.2000000476837158 9.75
  endloop
 endfacet
 facet normal 1 0 0
  outer loop
   vertex 16.916669845581055 3.124000072479248 10.949999809265137
   vertex 16.916669845581055 3.124000072479248 9.75
   vertex 16.916669845581055 3.2000000476837158 9.75
  endloop
 endfacet
 facet normal 1 0 -0
  outer loop
   vertex 16.916669845581055 3.124000072479248 10.949999809265137
   vertex 16.916669845581055 3.2000000476837158 9.75
   vertex 16.916669845581055 3.2000000476837158 10.949999809265137
  endloop
 endfacet
 facet normal 0 0 -1
  outer loop
   vertex 18.416669845581055 3.2000000476837158 10.949999809265137
   vertex 16.916669845581055 3.124000072479248 10.949999809265137
   vertex 16.916669845581055 3.2000000476837158 10.949999809265137
  endloop
 endfacet
 facet normal 0 0 -1
  outer loop
   vertex 18.416669845581055 3.2000000476837158 10.949999809265137
   vertex 18.416669845581055 3.124000072479248 10.949999809265137
   vertex 16.916669845581055 3.124000072479248 10.949999809265137
  endloop
 endfacet
 facet normal 0 0 -1
  outer loop
   vertex 5.0833330154418945 3.2000000476837158 13.649999618530273
   vertex 3.5833330154418945 3.124000072479248 13.649999618530273
   vertex 3.5833330154418945 3.2000000476837158 13.649999618530273
  endloop
 endfacet
 facet normal 0 0 -1
  outer loop
   vertex 5.0833330154418945 3.2000000476837158 13.649999618530273
   vertex 5.0833330154418945 3.124000072479248 13.649999618530273
   vertex 3.5833330154418945 3.124000072479248 13.649999618530273
  endloop
 endfacet
 facet normal -1 0 0
  outer loop
   vertex 5.0833330154418945 3.124000072479248 13.649999618530273
   vertex 5.0833330154418945 3.2000000476837158 12.449999809265137
   vertex 5.0833330154418945 3.124000072479248 12.449999809265137
  endloop
 endfacet
 facet normal -1 -0 -0
  outer loop
   vertex 5.0833330154418945 3.124000072479248 13.649999618530273
   vertex 5.0833330154418945 3.2000000476837158 13.649999618530273
   vertex 5.0833330154418945 3.2000000476837158 12.449999809265137
  endloop
 endfacet
 facet normal 1 0 0
  outer loop
   vertex 3.5833330154418945 3.124000072479248 13.649999618530273
   vertex 3.5833330154418945 3.124000072479248 12.449999809265137
   vertex 3.5833330154418945 3.2000000476837158 12.449999809265137
  endloop
 endfacet
 facet normal 1 0 -0
  outer loop
   vertex 3.5833330154418945 3.124000072479248 13.649999618530273
   vertex 3.5833330154418945 3.2000000476837158 12.449999809265137
   vertex 3.5833330154418945 3.2000000476837158 13.649999618530273
  endloop
 endfacet
 facet normal -0 0 1
  outer loop
   vertex 5.0833330154418945 3.2000000476837158 12.449999809265137
   vertex 3.5833330154418945 3.2000000476837158 12.449999809265137
   vertex 3.5833330154418945 3.124000072479248 12.449999809265137
  endloop
 endfacet
 facet normal 0 0 1
  outer loop
   vertex 5.0833330154418945 3.2000000476837158 12.449999809265137
   vertex 3.5833330154418945 3.124000072479248 12.449999809265137
   vertex 5.0833330154418945 3.124000072479248 12.449999809265137
  endloop
 endfacet
 facet normal 0 0 -1
  outer loop
   vertex 11.75 3.2000000476837158 13.649999618530273
   vertex 10.25 3.124000072479248 13.649999618530273
   vertex 10.25 3.2000000476837158 13.649999618530273
  endloop
 endfacet
 facet normal 0 0 -1
  outer loop
   vertex 11.75 3.2000000476837158 13.649999618530273
   vertex 11.75 3.124000072479248 13.649999618530273
   vertex 10.25 3.124000072479248 13.649999618530273
  endloop
 endfacet
 facet normal -1 0 0
  outer loop
   vertex 11.75 3.124000072479248 13.649999618530273
   vertex 11.75 3.2000000476837158 12.449999809265137
   vertex 11.75 3.124000072479248 12.449999809265137
  endloop
 endfacet
 facet normal -1 -0 -0
  outer loop
   vertex 11.75 3.124000072479248 13.649999618530273
   vertex 11.75 3.2000000476837158 13.649999618530273
   vertex 11.75 3.2000000476837158 12.449999809265137
  endloop
 endfacet
 facet normal 1 0 0
  outer loop
   vertex 10.25 3.124000072479248 13.649999618530273
   vertex 10.25 3.124000072479248 12.449999809265137
   vertex 10.25 3.2000000476837158 12.449999809265137
  endloop
 endfacet
 facet normal 1 0 -0
  outer loop
   vertex 10.25 3.124000072479248 13.649999618530273
   vertex 10.25 3.2000000476837158 12.449999809265137
   vertex 10.25 3.2000000476837158 13.649999618530273
  endloop
 endfacet
 facet normal -0 0 1
  outer loop
   vertex 11.75 3.2000000476837158 12.449999809265137
   vertex 10.25 3.2000000476837158 12.449999809265137
   vertex 10.25 3.124000072479248 12.449999809265137
  endloop
 endfacet
 facet normal 0 0 1
  outer loop
   vertex 11.75 3.2000000476837158 12.449999809265137
   vertex 10.25 3.124000072479248 12.449999809265137
   vertex 11.75 3.124000072479248 12.449999809265137
  endloop
 endfacet
 facet normal -0 0 1
  outer loop
   vertex 18.416669845581055 3.2000000476837158 12.449999809265137
   vertex 16.916669845581055 3.2000000476837158 12.449999809265137
   vertex 16.916669845581055 3.124000072479248 12.449999809265137
  endloop
 endfacet
 facet normal 0 0 1
  outer loop
   vertex 18.416669845581055 3.2000000476837158 12.449999809265137
   vertex 16.916669845581055 3.124000072479248 12.449999809265137
   vertex 18.416669845581055 3.124000072479248 12.449999809265137
  endloop
 endfacet
 facet normal -1 0 0
  outer loop
   vertex 18.416669845581055 3.124000072479248 13.649999618530273
   vertex 18.416669845581055 3.2000000476837158 12.449999809265137
   vertex 18.416669845581055 3.124000072479248 12.449999809265137
  endloop
 endfacet
 facet normal -1 -0 -0
  outer loop
   vertex 18.416669845581055 3.124000072479248 13.649999618530273
   vertex 18.416669845581055 3.2000000476837158 13.649999618530273
   vertex 18.416669845581055 3.2000000476837158 12.449999809265137
  endloop
 endfacet
 facet normal 1 0 0
  outer loop
   vertex 16.916669845581055 3.124000072479248 13.649999618530273
   vertex 16.916669845581055 3.124000072479248 12.449999809265137
   vertex 16.916669845581055 3.2000000476837158 12.449999809265137
  endloop
 endfacet
 facet normal 1 0 -0
  outer loop
   vertex 16.916669845581055 3.124000072479248 13.649999618530273
   vertex 16.916669845581055 3.2000000476837158 12.449999809265137
   vertex 16.916669845581055 3.2000000476837158 13.649999618530273
  endloop
 endfacet
 facet normal 0 0 -1
  outer loop
   vertex 18.416669845581055 3.2000000476837158 13.649999618530273
   vertex 16.916669845581055 3.124000072479248 13.649999618530273
   vertex 16.916669845581055 3.2000000476837158 13.649999618530273
  endloop
 endfacet
 facet normal 0 0 -1
  outer loop
   vertex 18.416669845581055 3.2000000476837158 13.649999618530273
   vertex 18.416669845581055 3.124000072479248 13.649999618530273
   vertex 16.916669845581055 3.124000072479248 13.649999618530273
  endloop
 endfacet
 facet normal -0 0 1
  outer loop
   vertex 7.6666669845581055 17.700000762939453 12
   vertex 1.2999999523162842 17.700000762939453 12
   vertex 1.2999999523162842 10.699999809265137 12
  endloop
 endfacet
 facet normal 0 0 1
  outer loop
   vertex 7.6666669845581055 17.700000762939453 12
   vertex 1.2999999523162842 10.699999809265137 12
   vertex 7.6666669845581055 10.699999809265137 12
  endloop
 endfacet
 facet normal -1 0 -0
  outer loop
   vertex 7.6666669845581055 10.699999809265137 12
   vertex 7.6666669845581055 17.700000762939453 14.5
   vertex 7.6666669845581055 17.700000762939453 12
  endloop
 endfacet
 facet normal -1 -0 0
  outer loop
   vertex 7.6666669845581055 10.699999809265137 14.5
   vertex 7.6666669845581055 17.700000762939453 14.5
   vertex 7.6666669845581055 10.699999809265137 12
  endloop
 endfacet
 facet normal 0 0 -1
  outer loop
   vertex 7.6666669845581055 17.700000762939453 14.5
   vertex 1.2999999523162842 10.699999809265137 14.5
   vertex 1.2999999523162842 17.700000762939453 14.5
  endloop
 endfacet
 facet normal 0 0 -1
  outer loop
   vertex 7.6666669845581055 17.700000762939453 14.5
   vertex 7.6666669845581055 10.699999809265137 14.5
   vertex 1.2999999523162842 10.699999809265137 14.5
  endloop
 endfacet
 facet normal -0 0 1
  outer loop
   vertex 14.333330154418945 17.700000762939453 12
   vertex 7.8666667938232422 17.700000762939453 12
   vertex 7.8666667938232422 10.699999809265137 12
  endloop
 endfacet
 facet normal 0 0 1
  outer loop
   vertex 14.333330154418945 17.700000762939453 12
   vertex 7.8666667938232422 10.699999809265137 12
   vertex 14.333330154418945 10.699999809265137 12
  endloop
 endfacet
 facet normal 1 0 -0
  outer loop
   vertex 7.8666667938232422 10.699999809265137 12
   vertex 7.8666667938232422 17.700000762939453 12
   vertex 7.8666667938232422 17.700000762939453 14.5
  endloop
 endfacet
 facet normal 1 0 0
  outer loop
   vertex 7.8666667938232422 10.699999809265137 14.5
   vertex 7.8666667938232422 10.699999809265137 12
   vertex 7.8666667938232422 17.700000762939453 14.5
  endloop
 endfacet
 facet normal -1 0 -0
  outer loop
   vertex 14.333330154418945 10.699999809265137 12
   vertex 14.333330154418945 17.700000762939453 14.5
   vertex 14.333330154418945 17.700000762939453 12
  endloop
 endfacet
 facet normal -1 -0 0
  outer loop
   vertex 14.333330154418945 10.699999809265137 14.5
   vertex 14.333330154418945 17.700000762939453 14.5
   vertex 14.333330154418945 10.699999809265137 12
  endloop
 endfacet
 facet normal 0 0 -1
  outer loop
   vertex 14.333330154418945 17.700000762939453 14.5
   vertex 7.8666667938232422 10.699999809265137 14.5
   vertex 7.8666667938232422 17.700000762939453 14.5
  endloop
 endfacet
 facet normal 0 0 -1
  outer loop
   vertex 14.333330154418945 17.700000762939453 14.5
   vertex 14.333330154418945 10.699999809265137 14.5
   vertex 7.8666667938232422 10.699999809265137 14.5
  endloop
 endfacet
 facet normal -0 0 1
  outer loop
   vertex 20.700000762939453 17.700000762939453 12
   vertex 14.533329963684082 17.700000762939453 12
   vertex 14.533329963684082 10.699999809265137 12
  endloop
 endfacet
 facet normal 0 0 1
  outer loop
   vertex 20.700000762939453 17.700000762939453 12
   vertex 14.533329963684082 10.699999809265137 12
   vertex 20.700000762939453 10.699999809265137 12
  endloop
 endfacet
 facet normal 1 0 -0
  outer loop
   vertex 14.533329963684082 10.699999809265137 12
   vertex 14.533329963684082 17.700000762939453 12
   vertex 14.533329963684082 17.700000762939453 14.5
  endloop
 endfacet
 facet normal 1 0 0
  outer loop
   vertex 14.533329963684082 10.699999809265137 14.5
   vertex 14.533329963684082 10.699999809265137 12
   vertex 14.533329963684082 17.700000762939453 14.5
  endloop
 endfacet
 facet normal 0 0 -1
  outer loop
   vertex 20.700000762939453 17.700000762939453 14.5
   vertex 14.533329963684082 10.699999809265137 14.5
   vertex 14.533329963684082 17.700000762939453 14.5
  endloop
 endfacet
 facet normal 0 0 -1
  outer loop
   vertex 20.700000762939453 17.700000762939453 14.5
   vertex 20.700000762939453 10.699999809265137 14.5
   vertex 14.533329963684082 10.699999809265137 14.5
  endloop
 endfacet
 facet normal -0 0 1
  outer loop
   vertex 7.6666669845581055 17.700000762939453 9.3000001907348633
   vertex 1.2999999523162842 17.700000762939453 9.3000001907348633
   vertex 1.2999999523162842 10.699999809265137 9.3000001907348633
  endloop
 endfacet
 facet normal 0 0 1
  outer loop
   vertex 7.6666669845581055 17.700000762939453 9.3000001907348633
   vertex 1.2999999523162842 10.699999809265137 9.3000001907348633
   vertex 7.6666669845581055 10.699999809265137 9.3000001907348633
  endloop
 endfacet
 facet normal -1 0 -0
  outer loop
   vertex 7.6666669845581055 10.699999809265137 9.3000001907348633
   vertex 7.6666669845581055 17.700000762939453 11.800000190734863
   vertex 7.6666669845581055 17.700000762939453 9.3000001907348633
  endloop
 endfacet
 facet normal -1 -0 0
  outer loop
   vertex 7.6666669845581055 10.699999809265137 11.800000190734863
   vertex 7.6666669845581055 17.700000762939453 11.800000190734863
   vertex 7.6666669845581055 10.699999809265137 9.3000001907348633
  endloop
 endfacet
 facet normal 0 0 -1
  outer loop
   vertex 7.6666669845581055 17.700000762939453 11.800000190734863
   vertex 1.2999999523162842 10.699999809265137 11.800000190734863
   vertex 1.2999999523162842 17.700000762939453 11.800000190734863
  endloop
 endfacet
 facet normal 0 0 -1
  outer loop
   vertex 7.6666669845581055 17.700000762939453 11.800000190734863
   vertex 7.6666669845581055 10.699999809265137 11.800000190734863
   vertex 1.2999999523162842 10.699999809265137 11.800000190734863
  endloop
 endfacet
 facet normal -0 0 1
  outer loop
   vertex 14.333330154418945 17.700000762939453 9.3000001907348633
   vertex 7.8666667938232422 17.700000762939453 9.3000001907348633
   vertex 7.8666667938232422 10.699999809265137 9.3000001907348633
  endloop
 endfacet
 facet normal 0 0 1
  outer loop
   vertex 14.333330154418945 17.700000762939453 9.3000001907348633
   vertex 7.8666667938232422 10.699999809265137 9.3000001907348633
   vertex 14.333330154418945 10.699999809265137 9.3000001907348633
  endloop
 endfacet
 facet normal 1 0 -0
  outer loop
   vertex 7.8666667938232422 10.699999809265137 9.3000001907348633
   vertex 7.8666667938232422 17.700000762939453 9.3000001907348633
   vertex 7.8666667938232422 17.700000762939453 11.800000190734863
  endloop
 endfacet
 facet normal 1 0 0
  outer loop
   vertex 7.8666667938232422 10.699999809265137 11.800000190734863
   vertex 7.8666667938232422 10.699999809265137 9.3000001907348633
   vertex 7.8666667938232422 17.700000762939453 11.800000190734863
  endloop
 endfacet
 facet normal -1 0 -0
  outer loop
   vertex 14.333330154418945 10.699999809265137 9.3000001907348633
   vertex 14.333330154418945 17.700000762939453 11.800000190734863
   vertex 14.333330154418945 17.700000762939453 9.3000001907348633
  endloop
 endfacet
 facet normal -1 -0 0
  outer loop
   vertex 14.333330154418945 10.699999809265137 11.800000190734863
   vertex 14.333330154418945 17.700000762939453 11.800000190734863
   vertex 14.333330154418945 10.699999809265137 9.3000001907348633
  endloop
 endfacet
 facet normal 0 0 -1
  outer loop
   vertex 14.333330154418945 17.700000762939453 11.800000190734863
   vertex 7.8666667938232422 10.699999809265137 11.800000190734863
   vertex 7.8666667938232422 17.700000762939453 11.800000190734863
  endloop
 endfacet
 facet normal 0 0 -1
  outer loop
   vertex 14.333330154418945 17.700000762939453 11.800000190734863
   vertex 14.333330154418945 10.699999809265137 11.800000190734863
   vertex 7.8666667938232422 10.699999809265137 11.800000190734863
  endloop
 endfacet
 facet normal -0 0 1
  outer loop
   vertex 20.700000762939453 17.700000762939453 9.3000001907348633
   vertex 14.533329963684082 17.700000762939453 9.3000001907348633
   vertex 14.533329963684082 10.699999809265137 9.3000001907348633
  endloop
 endfacet
 facet normal 0 0 1
  outer loop
   vertex 20.700000762939453 17.700000762939453 9.3000001907348633
   vertex 14.533329963684082 10.699999809265137 9.3000001907348633
   vertex 20.700000762939453 10.699999809265137 9.3000001907348633
  endloop
 endfacet
 facet normal 1 0 -0
  outer loop
   vertex 14.533329963684082 10.699999809265137 9.3000001907348633
   vertex 14.533329963684082 17.700000762939453 9.3000001907348633
   vertex 14.533329963684082 17.700000762939453 11.800000190734863
  endloop
 endfacet
 facet normal 1 0 0
  outer loop
   vertex 14.533329963684082 10.699999809265137 11.800000190734863
   vertex 14.533329963684082 10.699999809265137 9.3000001907348633
   vertex 14.533329963684082 17.700000762939453 11.800000190734863
  endloop
 endfacet
 facet normal 0 0 -1
  outer loop
   vertex 20.700000762939453 17.700000762939453 11.800000190734863
   vertex 14.533329963684082 10.699999809265137 11.800000190734863
   vertex 14.533329963684082 17.700000762939453 11.800000190734863
  endloop
 endfacet
 facet normal 0 0 -1
  outer loop
   vertex 20.700000762939453 17.700000762939453 11.800000190734863
   vertex 20.700000762939453 10.699999809265137 11.800000190734863
   vertex 14.533329963684082 10.699999809265137 11.800000190734863
  endloop
 endfacet
 facet normal -0 0 1
  outer loop
   vertex 7.6666669845581055 17.700000762939453 6.5999999046325684
   vertex 1.2999999523162842 17.700000762939453 6.5999999046325684
   vertex 1.2999999523162842 10.699999809265137 6.5999999046325684
  endloop
 endfacet
 facet normal 0 0 1
  outer loop
   vertex 7.6666669845581055 17.700000762939453 6.5999999046325684
   vertex 1.2999999523162842 10.699999809265137 6.5999999046325684
   vertex 7.6666669845581055 10.699999809265137 6.5999999046325684
  endloop
 endfacet
 facet normal -1 0 -0
  outer loop
   vertex 7.6666669845581055 10.699999809265137 6.5999999046325684
   vertex 7.6666669845581055 17.700000762939453 9.1000003814697266
   vertex 7.6666669845581055 17.700000762939453 6.5999999046325684
  endloop
 endfacet
 facet normal -1 -0 0
  outer loop
   vertex 7.6666669845581055 10.699999809265137 9.1000003814697266
   vertex 7.6666669845581055 17.700000762939453 9.1000003814697266
   vertex 7.6666669845581055 10.699999809265137 6.5999999046325684
  endloop
 endfacet
 facet normal 0 0 -1
  outer loop
   vertex 7.6666669845581055 17.700000762939453 9.1000003814697266
   vertex 1.2999999523162842 10.699999809265137 9.1000003814697266
   vertex 1.2999999523162842 17.700000762939453 9.1000003814697266
  endloop
 endfacet
 facet normal 0 0 -1
  outer loop
   vertex 7.6666669845581055 17.700000762939453 9.1000003814697266
   vertex 7.6666669845581055 10.699999809265137 9.1000003814697266
   vertex 1.2999999523162842 10.699999809265137 9.1000003814697266
  endloop
 endfacet
 facet normal -0 0 1
  outer loop
   vertex 14.333330154418945 17.700000762939453 6.5999999046325684
   vertex 7.8666667938232422 17.700000762939453 6.5999999046325684
   vertex 7.8666667938232422 10.699999809265137 6.5999999046325684
  endloop
 endfacet
 facet normal 0 0 1
  outer loop
   vertex 14.333330154418945 17.700000762939453 6.5999999046325684
   vertex 7.8666667938232422 10.699999809265137 6.5999999046325684
   vertex 14.333330154418945 10.699999809265137 6.5999999046325684
  endloop
 endfacet
 facet normal 1 0 -0
  outer loop
   vertex 7.8666667938232422 10.699999809265137 6.5999999046325684
   vertex 7.8666667938232422 17.700000762939453 6.5999999046325684
   vertex 7.8666667938232422 17.700000762939453 9.1000003814697266
  endloop
 endfacet
 facet normal 1 0 0
  outer loop
   vertex 7.8666667938232422 10.699999809265137 9.1000003814697266
   vertex 7.8666667938232422 10.699999809265137 6.5999999046325684
   vertex 7.8666667938232422 17.700000762939453 9.1000003814697266
  endloop
 endfacet
 facet normal -1 0 -0
  outer loop
   vertex 14.333330154418945 10.699999809265137 6.5999999046325684
   vertex 14.333330154418945 17.700000762939453 9.1000003814697266
   vertex 14.333330154418945 17.700000762939453 6.5999999046325684
  endloop
 endfacet
 facet normal -1 -0 0
  outer loop
   vertex 14.333330154418945 10.699999809265137 9.1000003814697266
   vertex 14.333330154418945 17.700000762939453 9.1000003814697266
   vertex 14.333330154418945 10.699999809265137 6.5999999046325684
  endloop
 endfacet
 facet normal 0 0 -1
  outer loop
   vertex 14.333330154418945 17.700000762939453 9.1000003814697266
   vertex 7.8666667938232422 10.699999809265137 9.1000003814697266
   vertex 7.8666667938232422 17.700000762939453 9.1000003814697266
  endloop
 endfacet
 facet normal 0 0 -1
  outer loop
   vertex 14.333330154418945 17.700000762939453 9.1000003814697266
   vertex 14.333330154418945 10.699999809265137 9.1000003814697266
   vertex 7.8666667938232422 10.699999809265137 9.1000003814697266
  endloop
 endfacet
 facet normal -0 0 1
  outer loop
   vertex 20.700000762939453 17.700000762939453 6.5999999046325684
   vertex 14.533329963684082 17.700000762939453 6.5999999046325684
   vertex 14.533329963684082 10.699999809265137 6.5999999046325684
  endloop
 endfacet
 facet normal 0 0 1
  outer loop
   vertex 20.700000762939453 17.700000762939453 6.5999999046325684
   vertex 14.533329963684082 10.699999809265137 6.5999999046325684
   vertex 20.700000762939453 10.699999809265137 6.5999999046325684
  endloop
 endfacet
 facet normal 1 0 -0
  outer loop
   vertex 14.533329963684082 10.699999809265137 6.5999999046325684
   vertex 14.533329963684082 17.700000762939453 6.5999999046325684
   vertex 14.533329963684082 17.700000762939453 9.1000003814697266
  endloop
 endfacet
 facet normal 1 0 0
  outer loop
   vertex 14.533329963684082 10.699999809265137 9.1000003814697266
   vertex 14.533329963684082 10.699999809265137 6.5999999046325684
   vertex 14.533329963684082 17.700000762939453 9.1000003814697266
  endloop
 endfacet
 facet normal 0 0 -1
  outer loop
   vertex 20.700000762939453 17.700000762939453 9.1000003814697266
   vertex 14.533329963684082 10.699999809265137 9.1000003814697266
   vertex 14.533329963684082 17.700000762939453 9.1000003814697266
  endloop
 endfacet
 facet normal 0 0 -1
  outer loop
   vertex 20.700000762939453 17.700000762939453 9.1000003814697266
   vertex 20.700000762939453 10.699999809265137 9.1000003814697266
   vertex 14.533329963684082 10.699999809265137 9.1000003814697266
  endloop
 endfacet
 facet normal -0 0 1
  outer loop
   vertex 7.6666669845581055 17.700000762939453 3.9000000953674316
   vertex 1.2999999523162842 17.700000762939453 3.9000000953674316
   vertex 1.2999999523162842 10.699999809265137 3.9000000953674316
  endloop
 endfacet
 facet normal 0 0 1
  outer loop
   vertex 7.6666669845581055 17.700000762939453 3.9000000953674316
   vertex 1.2999999523162842 10.699999809265137 3.9000000953674316
   vertex 7.6666669845581055 10.699999809265137 3.9000000953674316
  endloop
 endfacet
 facet normal -1 0 -0
  outer loop
   vertex 7.6666669845581055 10.699999809265137 3.9000000953674316
   vertex 7.6666669845581055 17.700000762939453 6.4000000953674316
   vertex 7.6666669845581055 17.700000762939453 3.9000000953674316
  endloop
 endfacet
 facet normal -1 -0 0
  outer loop
   vertex 7.6666669845581055 10.699999809265137 6.4000000953674316
   vertex 7.6666669845581055 17.700000762939453 6.4000000953674316
   vertex 7.6666669845581055 10.699999809265137 3.9000000953674316
  endloop
 endfacet
 facet normal 0 0 -1
  outer loop
   vertex 7.6666669845581055 17.700000762939453 6.4000000953674316
   vertex 1.2999999523162842 10.699999809265137 6.4000000953674316
   vertex 1.2999999523162842 17.700000762939453 6.4000000953674316
  endloop
 endfacet
 facet normal 0 0 -1
  outer loop
   vertex 7.6666669845581055 17.700000762939453 6.4000000953674316
   vertex 7.6666669845581055 10.699999809265137 6.4000000953674316
   vertex 1.2999999523162842 10.699999809265137 6.4000000953674316
  endloop
 endfacet
 facet normal -0 0 1
  outer loop
   vertex 14.333330154418945 17.700000762939453 3.9000000953674316
   vertex 7.8666667938232422 17.700000762939453 3.9000000953674316
   vertex 7.8666667938232422 10.699999809265137 3.9000000953674316
  endloop
 endfacet
 facet normal 0 0 1
  outer loop
   vertex 14.333330154418945 17.700000762939453 3.9000000953674316
   vertex 7.8666667938232422 10.699999809265137 3.9000000953674316
   vertex 14.333330154418945 10.699999809265137 3.9000000953674316
  endloop
 endfacet
 facet normal 1 0 -0
  outer loop
   vertex 7.8666667938232422 10.699999809265137 3.9000000953674316
   vertex 7.8666667938232422 17.700000762939453 3.9000000953674316
   vertex 7.8666667938232422 17.700000762939453 6.4000000953674316
  endloop
 endfacet
 facet normal 1 0 0
  outer loop
   vertex 7.8666667938232422 10.699999809265137 6.4000000953674316
   vertex 7.8666667938232422 10.699999809265137 3.9000000953674316
   vertex 7.8666667938232422 17.700000762939453 6.4000000953674316
  endloop
 endfacet
 facet normal -1 0 -0
  outer loop
   vertex 14.333330154418945 10.699999809265137 3.9000000953674316
   vertex 14.333330154418945 17.700000762939453 6.4000000953674316
   vertex 14.333330154418945 17.700000762939453 3.9000000953674316
  endloop
 endfacet
 facet normal -1 -0 0
  outer loop
   vertex 14.333330154418945 10.699999809265137 6.4000000953674316
   vertex 14.333330154418945 17.700000762939453 6.4000000953674316
   vertex 14.333330154418945 10.699999809265137 3.9000000953674316
  endloop
 endfacet
 facet normal 0 0 -1
  outer loop
   vertex 14.333330154418945 17.700000762939453 6.4000000953674316
   vertex 7.8666667938232422 10.699999809265137 6.4000000953674316
   vertex 7.8666667938232422 17.700000762939453 6.4000000953674316
  endloop
 endfacet
 facet normal 0 0 -1
  outer loop
   vertex 14.333330154418945 17.700000762939453 6.4000000953674316
   vertex 14.333330154418945 10.699999809265137 6.4000000953674316
   vertex 7.8666667938232422 10.699999809265137 6.4000000953674316
  endloop
 endfacet
 facet normal -0 0 1
  outer loop
   vertex 20.700000762939453 17.700000762939453 3.9000000953674316
   vertex 14.533329963684082 17.700000762939453 3.9000000953674316
   vertex 14.533329963684082 10.699999809265137 3.9000000953674316
  endloop
 endfacet
 facet normal 0 0 1
  outer loop
   vertex 20.700000762939453 17.700000762939453 3.9000000953674316
   vertex 14.533329963684082 10.699999809265137 3.9000000953674316
   vertex 20.700000762939453 10.699999809265137 3.9000000953674316
  endloop
 endfacet
 facet normal 1 0 -0
  outer loop
   vertex 14.533329963684082 10.699999809265137 3.9000000953674316
   vertex 14.533329963684082 17.700000762939453 3.9000000953674316
   vertex 14.533329963684082 17.700000762939453 6.4000000953674316
  endloop
 endfacet
 facet normal 1 0 0
  outer loop
   vertex 14.533329963684082 10.699999809265137 6.4000000953674316
   vertex 14.533329963684082 10.699999809265137 3.9000000953674316
   vertex 14.533329963684082 17.700000762939453 6.4000000953674316
  endloop
 endfacet
 facet normal 0 0 -1
  outer loop
   vertex 20.700000762939453 17.700000762939453 6.4000000953674316
   vertex 14.533329963684082 10.699999809265137 6.4000000953674316
   vertex 14.533329963684082 17.700000762939453 6.4000000953674316
  endloop
 endfacet
 facet normal 0 0 -1
  outer loop
   vertex 20.700000762939453 17.700000762939453 6.4000000953674316
   vertex 20.700000762939453 10.699999809265137 6.4000000953674316
   vertex 14.533329963684082 10.699999809265137 6.4000000953674316
  endloop
 endfacet
 facet normal -0 0 1
  outer loop
   vertex 7.6666669845581055 17.700000762939453 1.2000000476837158
   vertex 1.2999999523162842 17.700000762939453 1.2000000476837158
   vertex 1.2999999523162842 10.699999809265137 1.2000000476837158
  endloop
 endfacet
 facet normal 0 0 1
  outer loop
   vertex 7.6666669845581055 17.700000762939453 1.2000000476837158
   vertex 1.2999999523162842 10.699999809265137 1.2000000476837158
   vertex 7.6666669845581055 10.699999809265137 1.2000000476837158
  endloop
 endfacet
 facet normal -1 0 -0
  outer loop
   vertex 7.6666669845581055 10.699999809265137 1.2000000476837158
   vertex 7.6666669845581055 17.700000762939453 3.7000000476837158
   vertex 7.6666669845581055 17.700000762939453 1.2000000476837158
  endloop
 endfacet
 facet normal -1 -0 0
  outer loop
   vertex 7.6666669845581055 10.699999809265137 3.7000000476837158
   vertex 7.6666669845581055 17.700000762939453 3.7000000476837158
   vertex 7.6666669845581055 10.699999809265137 1.2000000476837158
  endloop
 endfacet
 facet normal 0 0 -1
  outer loop
   vertex 7.6666669845581055 17.700000762939453 3.7000000476837158
   vertex 1.2999999523162842 10.699999809265137 3.7000000476837158
   vertex 1.2999999523162842 17.700000762939453 3.7000000476837158
  endloop
 endfacet
 facet normal 0 0 -1
  outer loop
   vertex 7.6666669845581055 17.700000762939453 3.7000000476837158
   vertex 7.6666669845581055 10.699999809265137 3.7000000476837158
   vertex 1.2999999523162842 10.699999809265137 3.7000000476837158
  endloop
 endfacet
 facet normal -0 0 1
  outer loop
   vertex 14.333330154418945 17.700000762939453 1.2000000476837158
   vertex 7.8666667938232422 17.700000762939453 1.2000000476837158
   vertex 7.8666667938232422 10.699999809265137 1.2000000476837158
  endloop
 endfacet
 facet normal 0 0 1
  outer loop
   vertex 14.333330154418945 17.700000762939453 1.2000000476837158
   vertex 7.8666667938232422 10.699999809265137 1.2000000476837158
   vertex 14.333330154418945 10.699999809265137 1.2000000476837158
  endloop
 endfacet
 facet normal 1 0 -0
  outer loop
   vertex 7.8666667938232422 10.699999809265137 1.2000000476837158
   vertex 7.8666667938232422 17.700000762939453 1.2000000476837158
   vertex 7.8666667938232422 17.700000762939453 3.7000000476837158
  endloop
 endfacet
 facet normal 1 0 0
  outer loop
   vertex 7.8666667938232422 10.699999809265137 3.7000000476837158
   vertex 7.8666667938232422 10.699999809265137 1.2000000476837158
   vertex 7.8666667938232422 17.700000762939453 3.7000000476837158
  endloop
 endfacet
 facet normal -1 0 -0
  outer loop
   vertex 14.333330154418945 10.699999809265137 1.2000000476837158
   vertex 14.333330154418945 17.700000762939453 3.7000000476837158
   vertex 14.333330154418945 17.700000762939453 1.2000000476837158
  endloop
 endfacet
 facet normal -1 -0 0
  outer loop
   vertex 14.333330154418945 10.699999809265137 3.7000000476837158
   vertex 14.333330154418945 17.700000762939453 3.7000000476837158
   vertex 14.333330154418945 10.699999809265137 1.2000000476837158
  endloop
 endfacet
 facet normal 0 0 -1
  outer loop
   vertex 14.333330154418945 17.700000762939453 3.7000000476837158
   vertex 7.8666667938232422 10.699999809265137 3.7000000476837158
   vertex 7.8666667938232422 17.700000762939453 3.7000000476837158
  endloop
 endfacet
 facet normal 0 0 -1
  outer loop
   vertex 14.333330154418945 17.700000762939453 3.7000000476837158
   vertex 14.333330154418945 10.699999809265137 3.7000000476837158
   vertex 7.8666667938232422 10.699999809265137 3.7000000476837158
  endloop
 endfacet
 facet normal -0 0 1
  outer loop
   vertex 20.700000762939453 17.700000762939453 1.2000000476837158
   vertex 14.533329963684082 17.700000762939453 1.2000000476837158
   vertex 14.533329963684082 10.699999809265137 1.2000000476837158
  endloop
 endfacet
 facet normal 0 0 1
  outer loop
   vertex 20.700000762939453 17.700000762939453 1.2000000476837158
   vertex 14.533329963684082 10.699999809265137 1.2000000476837158
   vertex 20.700000762939453 10.699999809265137 1.2000000476837158
  endloop
 endfacet
 facet normal 1 0 -0
  outer loop
   vertex 14.533329963684082 10.699999809265137 1.2000000476837158
   vertex 14.533329963684082 17.700000762939453 1.2000000476837158
   vertex 14.533329963684082 17.700000762939453 3.7000000476837158
  endloop
 endfacet
 facet normal 1 0 0
  outer loop
   vertex 14.533329963684082 10.699999809265137 3.7000000476837158
   vertex 14.533329963684082 10.699999809265137 1.2000000476837158
   vertex 14.533329963684082 17.700000762939453 3.7000000476837158
  endloop
 endfacet
 facet normal 0 0 -1
  outer loop
   vertex 20.700000762939453 17.700000762939453 3.7000000476837158
   vertex 14.533329963684082 10.699999809265137 3.7000000476837158
   vertex 14.533329963684082 17.700000762939453 3.7000000476837158
  endloop
 endfacet
 facet normal 0 0 -1
  outer loop
   vertex 20.700000762939453 17.700000762939453 3.7000000476837158
   vertex 20.700000762939453 10.699999809265137 3.7000000476837158
   vertex 14.533329963684082 10.699999809265137 3.7000000476837158
  endloop
 endfacet
 facet normal -0 0 1
  outer loop
   vertex 7.6666669845581055 10.5 1.2000000476837158
   vertex 1.2999999523162842 10.5 1.2000000476837158
   vertex 1.2999999523162842 3.2999999523162842 1.2000000476837158
  endloop
 endfacet
 facet normal 0 0 1
  outer loop
   vertex 7.6666669845581055 10.5 1.2000000476837158
   vertex 1.2999999523162842 3.2999999523162842 1.2000000476837158
   vertex 7.6666669845581055 3.2999999523162842 1.2000000476837158
  endloop
 endfacet
 facet normal -1 0 0
  outer loop
   vertex 7.6666669845581055 3.2999999523162842 3.7000000476837158
   vertex 7.6666669845581055 10.5 1.2000000476837158
   vertex 7.6666669845581055 3.2999999523162842 1.2000000476837158
  endloop
 endfacet
 facet normal -1 -0 -0
  outer loop
   vertex 7.6666669845581055 3.2999999523162842 3.7000000476837158
   vertex 7.6666669845581055 10.5 3.7000000476837158
   vertex 7.6666669845581055 10.5 1.2000000476837158
  endloop
 endfacet
 facet normal 0 0 -1
  outer loop
   vertex 7.6666669845581055 10.5 3.7000000476837158
   vertex 1.2999999523162842 3.2999999523162842 3.7000000476837158
   vertex 1.2999999523162842 10.5 3.7000000476837158
  endloop
 endfacet
 facet normal 0 0 -1
  outer loop
   vertex 7.6666669845581055 10.5 3.7000000476837158
   vertex 7.6666669845581055 3.2999999523162842 3.7000000476837158
   vertex 1.2999999523162842 3.2999999523162842 3.7000000476837158
  endloop
 endfacet
 facet normal -0 0 1
  outer loop
   vertex 14.333330154418945 10.5 1.2000000476837158
   vertex 7.8666667938232422 10.5 1.2000000476837158
   vertex 7.8666667938232422 3.2999999523162842 1.2000000476837158
  endloop
 endfacet
 facet normal 0 0 1
  outer loop
   vertex 14.333330154418945 10.5 1.2000000476837158
   vertex 7.8666667938232422 3.2999999523162842 1.2000000476837158
   vertex 14.333330154418945 3.2999999523162842 1.2000000476837158
  endloop
 endfacet
 facet normal 1 0 0
  outer loop
   vertex 7.8666667938232422 3.2999999523162842 3.7000000476837158
   vertex 7.8666667938232422 3.2999999523162842 1.2000000476837158
   vertex 7.8666667938232422 10.5 1.2000000476837158
  endloop
 endfacet
 facet normal 1 0 -0
  outer loop
   vertex 7.8666667938232422 3.2999999523162842 3.7000000476837158
   vertex 7.8666667938232422 10.5 1.2000000476837158
   vertex 7.8666667938232422 10.5 3.7000000476837158
  endloop
 endfacet
 facet normal -1 0 0
  outer loop
   vertex 14.333330154418945 3.2999999523162842 3.7000000476837158
   vertex 14.333330154418945 10.5 1.2000000476837158
   vertex 14.333330154418945 3.2999999523162842 1.2000000476837158
  endloop
 endfacet
 facet normal -1 -0 -0
  outer loop
   vertex 14.333330154418945 3.2999999523162842 3.7000000476837158
   vertex 14.333330154418945 10.5 3.7000000476837158
   vertex 14.333330154418945 10.5 1.2000000476837158
  endloop
 endfacet
 facet normal 0 0 -1
  outer loop
   vertex 14.333330154418945 10.5 3.7000000476837158
   vertex 7.8666667938232422 3.2999999523162842 3.7000000476837158
   vertex 7.8666667938232422 10.5 3.7000000476837158
  endloop
 endfacet
 facet normal 0 0 -1
  outer loop
   vertex 14.333330154418945 10.5 3.7000000476837158
   vertex 14.333330154418945 3.2999999523162842 3.7000000476837158
   vertex 7.8666667938232422 3.2999999523162842 3.7000000476837158
  endloop
 endfacet
 facet normal -0 0 1
  outer loop
   vertex 20.700000762939453 10.5 1.2000000476837158
   vertex 14.533329963684082 10.5 1.2000000476837158
   vertex 14.533329963684082 3.2999999523162842 1.2000000476837158
  endloop
 endfacet
 facet normal 0 0 1
  outer loop
   vertex 20.700000762939453 10.5 1.2000000476837158
   vertex 14.533329963684082 3.2999999523162842 1.2000000476837158
   vertex 20.700000762939453 3.2999999523162842 1.2000000476837158
  endloop
 endfacet
 facet normal 1 0 0
  outer loop
   vertex 14.533329963684082 3.2999999523162842 3.7000000476837158
   vertex 14.533329963684082 3.2999999523162842 1.2000000476837158
   vertex 14.533329963684082 10.5 1.2000000476837158
  endloop
 endfacet
 facet normal 1 0 -0
  outer loop
   vertex 14.533329963684082 3.2999999523162842 3.7000000476837158
   vertex 14.533329963684082 10.5 1.2000000476837158
   vertex 14.533329963684082 10.5 3.7000000476837158
  endloop
 endfacet
 facet normal 0 0 -1
  outer loop
   vertex 20.700000762939453 10.5 3.7000000476837158
   vertex 14.533329963684082 3.2999999523162842 3.7000000476837158
   vertex 14.533329963684082 10.5 3.7000000476837158
  endloop
 endfacet
 facet normal 0 0 -1
  outer loop
   vertex 20.700000762939453 10.5 3.7000000476837158
   vertex 20.700000762939453 3.2999999523162842 3.7000000476837158
   vertex 14.533329963684082 3.2999999523162842 3.7000000476837158
  endloop
 endfacet
 facet normal -0 0 1
  outer loop
   vertex 7.6666669845581055 10.5 3.9000000953674316
   vertex 1.2999999523162842 10.5 3.9000000953674316
   vertex 1.2999999523162842 3.2999999523162842 3.9000000953674316
  endloop
 endfacet
 facet normal 0 0 1
  outer loop
   vertex 7.6666669845581055 10.5 3.9000000953674316
   vertex 1.2999999523162842 3.2999999523162842 3.9000000953674316
   vertex 7.6666669845581055 3.2999999523162842 3.9000000953674316
  endloop
 endfacet
 facet normal -1 0 0
  outer loop
   vertex 7.6666669845581055 3.2999999523162842 6.4000000953674316
   vertex 7.6666669845581055 10.5 3.9000000953674316
   vertex 7.6666669845581055 3.2999999523162842 3.9000000953674316
  endloop
 endfacet
 facet normal -1 -0 -0
  outer loop
   vertex 7.6666669845581055 3.2999999523162842 6.4000000953674316
   vertex 7.6666669845581055 10.5 6.4000000953674316
   vertex 7.6666669845581055 10.5 3.9000000953674316
  endloop
 endfacet
 facet normal 0 0 -1
  outer loop
   vertex 7.6666669845581055 10.5 6.4000000953674316
   vertex 1.2999999523162842 3.2999999523162842 6.4000000953674316
   vertex 1.2999999523162842 10.5 6.4000000953674316
  endloop
 endfacet
 facet normal 0 0 -1
  outer loop
   vertex 7.6666669845581055 10.5 6.4000000953674316
   vertex 7.6666669845581055 3.2999999523162842 6.4000000953674316
   vertex 1.2999999523162842 3.2999999523162842 6.4000000953674316
  endloop
 endfacet
 facet normal -0 0 1
  outer loop
   vertex 14.333330154418945 10.5 3.9000000953674316
   vertex 7.8666667938232422 10.5 3.9000000953674316
   vertex 7.8666667938232422 3.2999999523162842 3.9000000953674316
  endloop
 endfacet
 facet normal 0 0 1
  outer loop
   vertex 14.333330154418945 10.5 3.9000000953674316
   vertex 7.8666667938232422 3.2999999523162842 3.9000000953674316
   vertex 14.333330154418945 3.2999999523162842 3.9000000953674316
  endloop
 endfacet
 facet normal 1 0 0
  outer loop
   vertex 7.8666667938232422 3.2999999523162842 6.4000000953674316
   vertex 7.8666667938232422 3.2999999523162842 3.9000000953674316
   vertex 7.8666667938232422 10.5 3.9000000953674316
  endloop
 endfacet
 facet normal 1 0 -0
  outer loop
   vertex 7.8666667938232422 3.2999999523162842 6.4000000953674316
   vertex 7.8666667938232422 10.5 3.9000000953674316
   vertex 7.8666667938232422 10.5 6.4000000953674316
  endloop
 endfacet
 facet normal -1 0 0
  outer loop
   vertex 14.333330154418945 3.2999999523162842 6.4000000953674316
   vertex 14.333330154418945 10.5 3.9000000953674316
   vertex 14.333330154418945 3.2999999523162842 3.9000000953674316
  endloop
 endfacet
 facet normal -1 -0 -0
  outer loop
   vertex 14.333330154418945 3.2999999523162842 6.4000000953674316
   vertex 14.333330154418945 10.5 6.4000000953674316
   vertex 14.333330154418945 10.5 3.9000000953674316
  endloop
 endfacet
 facet normal 0 0 -1
  outer loop
   vertex 14.333330154418945 10.5 6.4000000953674316
   vertex 7.8666667938232422 3.2999999523162842 6.4000000953674316
   vertex 7.8666667938232422 10.5 6.4000000953674316
  endloop
 endfacet
 facet normal 0 0 -1
  outer loop
   vertex 14.333330154418945 10.5 6.4000000953674316
   vertex 14.333330154418945 3.2999999523162842 6.4000000953674316
   vertex 7.8666667938232422 3.2999999523162842 6.4000000953674316
  endloop
 endfacet
 facet normal -0 0 1
  outer loop
   vertex 20.700000762939453 10.5 3.9000000953674316
   vertex 14.533329963684082 10.5 3.9000000953674316
   vertex 14.533329963684082 3.2999999523162842 3.9000000953674316
  endloop
 endfacet
 facet normal 0 0 1
  outer loop
   vertex 20.700000762939453 10.5 3.9000000953674316
   vertex 14.533329963684082 3.2999999523162842 3.9000000953674316
   vertex 20.700000762939453 3.2999999523162842 3.9000000953674316
  endloop
 endfacet
 facet normal 1 0 0
  outer loop
   vertex 14.533329963684082 3.2999999523162842 6.4000000953674316
   vertex 14.533329963684082 3.2999999523162842 3.9000000953674316
   vertex 14.533329963684082 10.5 3.9000000953674316
  endloop
 endfacet
 facet normal 1 0 -0
  outer loop
   vertex 14.533329963684082 3.2999999523162842 6.4000000953674316
   vertex 14.533329963684082 10.5 3.9000000953674316
   vertex 14.533329963684082 10.5 6.4000000953674316
  endloop
 endfacet
 facet normal 0 0 -1
  outer loop
   vertex 20.700000762939453 10.5 6.4000000953674316
   vertex 14.533329963684082 3.2999999523162842 6.4000000953674316
   vertex 14.533329963684082 10.5 6.4000000953674316
  endloop
 endfacet
 facet normal 0 0 -1
  outer loop
   vertex 20.700000762939453 10.5 6.4000000953674316
   vertex 20.700000762939453 3.2999999523162842 6.4000000953674316
   vertex 14.533329963684082 3.2999999523162842 6.4000000953674316
  endloop
 endfacet
 facet normal -0 0 1
  outer loop
   vertex 7.6666669845581055 10.5 6.5999999046325684
   vertex 1.2999999523162842 10.5 6.5999999046325684
   vertex 1.2999999523162842 3.2999999523162842 6.5999999046325684
  endloop
 endfacet
 facet normal 0 0 1
  outer loop
   vertex 7.6666669845581055 10.5 6.5999999046325684
   vertex 1.2999999523162842 3.2999999523162842 6.5999999046325684
   vertex 7.6666669845581055 3.2999999523162842 6.5999999046325684
  endloop
 endfacet
 facet normal -1 0 0
  outer loop
   vertex 7.6666669845581055 3.2999999523162842 9.1000003814697266
   vertex 7.6666669845581055 10.5 6.5999999046325684
   vertex 7.6666669845581055 3.2999999523162842 6.5999999046325684
  endloop
 endfacet
 facet normal -1 -0 -0
  outer loop
   vertex 7.6666669845581055 3.2999999523162842 9.1000003814697266
   vertex 7.6666669845581055 10.5 9.1000003814697266
   vertex 7.6666669845581055 10.5 6.5999999046325684
  endloop
 endfacet
 facet normal 0 0 -1
  outer loop
   vertex 7.6666669845581055 10.5 9.1000003814697266
   vertex 1.2999999523162842 3.2999999523162842 9.1000003814697266
   vertex 1.2999999523162842 10.5 9.1000003814697266
  endloop
 endfacet
 facet normal 0 0 -1
  outer loop
   vertex 7.6666669845581055 10.5 9.1000003814697266
   vertex 7.6666669845581055 3.2999999523162842 9.1000003814697266
   vertex 1.2999999523162842 3.2999999523162842 9.1000003814697266
  endloop
 endfacet
 facet normal -0 0 1
  outer loop
   vertex 14.333330154418945 10.5 6.5999999046325684
   vertex 7.8666667938232422 10.5 6.5999999046325684
   vertex 7.8666667938232422 3.2999999523162842 6.5999999046325684
  endloop
 endfacet
 facet normal 0 0 1
  outer loop
   vertex 14.333330154418945 10.5 6.5999999046325684
   vertex 7.8666667938232422 3.2999999523162842 6.5999999046325684
   vertex 14.333330154418945 3.2999999523162842 6.5999999046325684
  endloop
 endfacet
 facet normal 1 0 0
  outer loop
   vertex 7.8666667938232422 3.2999999523162842 9.1000003814697266
   vertex 7.8666667938232422 3.2999999523162842 6.5999999046325684
   vertex 7.8666667938232422 10.5 6.5999999046325684
  endloop
 endfacet
 facet normal 1 0 -0
  outer loop
   vertex 7.8666667938232422 3.2999999523162842 9.1000003814697266
   vertex 7.8666667938232422 10.5 6.5999999046325684
   vertex 7.8666667938232422 10.5 9.1000003814697266
  endloop
 endfacet
 facet normal -1 0 0
  outer loop
   vertex 14.333330154418945 3.2999999523162842 9.1000003814697266
   vertex 14.333330154418945 10.5 6.5999999046325684
   vertex 14.333330154418945 3.2999999523162842 6.5999999046325684
  endloop
 endfacet
 facet normal -1 -0 -0
  outer loop
   vertex 14.333330154418945 3.2999999523162842 9.1000003814697266
   vertex 14.333330154418945 10.5 9.1000003814697266
   vertex 14.333330154418945 10.5 6.5999999046325684
  endloop
 endfacet
 facet normal 0 0 -1
  outer loop
   vertex 14.333330154418945 10.5 9.1000003814697266
   vertex 7.8666667938232422 3.2999999523162842 9.1000003814697266
   vertex 7.8666667938232422 10.5 9.1000003814697266
  endloop
 endfacet
 facet normal 0 0 -1
  outer loop
   vertex 14.333330154418945 10.5 9.1000003814697266
   vertex 14.333330154418945 3.2999999523162842 9.1000003814697266
   vertex 7.8666667938232422 3.2999999523162842 9.1000003814697266
  endloop
 endfacet
 facet normal -0 0 1
  outer loop
   vertex 20.700000762939453 10.5 6.5999999046325684
   vertex 14.533329963684082 10.5 6.5999999046325684
   vertex 14.533329963684082 3.2999999523162842 6.5999999046325684
  endloop
 endfacet
 facet normal 0 0 1
  outer loop
   vertex 20.700000762939453 10.5 6.5999999046325684
   vertex 14.533329963684082 3.2999999523162842 6.5999999046325684
   vertex 20.700000762939453 3.2999999523162842 6.5999999046325684
  endloop
 endfacet
 facet normal 1 0 0
  outer loop
   vertex 14.533329963684082 3.2999999523162842 9.1000003814697266
   vertex 14.533329963684082 3.2999999523162842 6.5999999046325684
   vertex 14.533329963684082 10.5 6.5999999046325684
  endloop
 endfacet
 facet normal 1 0 -0
  outer loop
   vertex 14.533329963684082 3.2999999523162842 9.1000003814697266
   vertex 14.533329963684082 10.5 6.5999999046325684
   vertex 14.533329963684082 10.5 9.1000003814697266
  endloop
 endfacet
 facet normal 0 0 -1
  outer loop
   vertex 20.700000762939453 10.5 9.1000003814697266
   vertex 14.533329963684082 3.2999999523162842 9.1000003814697266
   vertex 14.533329963684082 10.5 9.1000003814697266
  endloop
 endfacet
 facet normal 0 0 -1
  outer loop
   vertex 20.700000762939453 10.5 9.1000003814697266
   vertex 20.700000762939453 3.2999999523162842 9.1000003814697266
   vertex 14.533329963684082 3.2999999523162842 9.1000003814697266
  endloop
 endfacet
 facet normal -0 0 1
  outer loop
   vertex 7.6666669845581055 10.5 9.3000001907348633
   vertex 1.2999999523162842 10.5 9.3000001907348633
   vertex 1.2999999523162842 3.2999999523162842 9.3000001907348633
  endloop
 endfacet
 facet normal 0 0 1
  outer loop
   vertex 7.6666669845581055 10.5 9.3000001907348633
   vertex 1.2999999523162842 3.2999999523162842 9.3000001907348633
   vertex 7.6666669845581055 3.2999999523162842 9.3000001907348633
  endloop
 endfacet
 facet normal -1 0 0
  outer loop
   vertex 7.6666669845581055 3.2999999523162842 11.800000190734863
   vertex 7.6666669845581055 10.5 9.3000001907348633
   vertex 7.6666669845581055 3.2999999523162842 9.3000001907348633
  endloop
 endfacet
 facet normal -1 -0 -0
  outer loop
   vertex 7.6666669845581055 3.2999999523162842 11.800000190734863
   vertex 7.6666669845581055 10.5 11.800000190734863
   vertex 7.6666669845581055 10.5 9.3000001907348633
  endloop
 endfacet
 facet normal 0 0 -1
  outer loop
   vertex 7.6666669845581055 10.5 11.800000190734863
   vertex 1.2999999523162842 3.2999999523162842 11.800000190734863
   vertex 1.2999999523162842 10.5 11.800000190734863
  endloop
 endfacet
 facet normal 0 0 -1
  outer loop
   vertex 7.6666669845581055 10.5 11.800000190734863
   vertex 7.6666669845581055 3.2999999523162842 11.800000190734863
   vertex 1.2999999523162842 3.2999999523162842 11.800000190734863
  endloop
 endfacet
 facet normal -0 0 1
  outer loop
   vertex 14.333330154418945 10.5 9.3000001907348633
   vertex 7.8666667938232422 10.5 9.3000001907348633
   vertex 7.8666667938232422 3.2999999523162842 9.3000001907348633
  endloop
 endfacet
 facet normal 0 0 1
  outer loop
   vertex 14.333330154418945 10.5 9.3000001907348633
   vertex 7.8666667938232422 3.2999999523162842 9.3000001907348633
   vertex 14.333330154418945 3.2999999523162842 9.3000001907348633
  endloop
 endfacet
 facet normal 1 0 0
  outer loop
   vertex 7.8666667938232422 3.2999999523162842 11.800000190734863
   vertex 7.8666667938232422 3.2999999523162842 9.3000001907348633
   vertex 7.8666667938232422 10.5 9.3000001907348633
  endloop
 endfacet
 facet normal 1 0 -0
  outer loop
   vertex 7.8666667938232422 3.2999999523162842 11.800000190734863
   vertex 7.8666667938232422 10.5 9.3000001907348633
   vertex 7.8666667938232422 10.5 11.800000190734863
  endloop
 endfacet
 facet normal -1 0 0
  outer loop
   vertex 14.333330154418945 3.2999999523162842 11.800000190734863
   vertex 14.333330154418945 10.5 9.3000001907348633
   vertex 14.333330154418945 3.2999999523162842 9.3000001907348633
  endloop
 endfacet
 facet normal -1 -0 -0
  outer loop
   vertex 14.333330154418945 3.2999999523162842 11.800000190734863
   vertex 14.333330154418945 10.5 11.800000190734863
   vertex 14.333330154418945 10.5 9.3000001907348633
  endloop
 endfacet
 facet normal 0 0 -1
  outer loop
   vertex 14.333330154418945 10.5 11.800000190734863
   vertex 7.8666667938232422 3.2999999523162842 11.800000190734863
   vertex 7.8666667938232422 10.5 11.800000190734863
  endloop
 endfacet
 facet normal 0 0 -1
  outer loop
   vertex 14.333330154418945 10.5 11.800000190734863
   vertex 14.333330154418945 3.2999999523162842 11.800000190734863
   vertex 7.8666667938232422 3.2999999523162842 11.800000190734863
  endloop
 endfacet
 facet normal -0 0 1
  outer loop
   vertex 20.700000762939453 10.5 9.3000001907348633
   vertex 14.533329963684082 10.5 9.3000001907348633
   vertex 14.533329963684082 3.2999999523162842 9.3000001907348633
  endloop
 endfacet
 facet normal 0 0 1
  outer loop
   vertex 20.700000762939453 10.5 9.3000001907348633
   vertex 14.533329963684082 3.2999999523162842 9.3000001907348633
   vertex 20.700000762939453 3.2999999523162842 9.3000001907348633
  endloop
 endfacet
 facet normal 1 0 0
  outer loop
   vertex 14.533329963684082 3.2999999523162842 11.800000190734863
   vertex 14.533329963684082 3.2999999523162842 9.3000001907348633
   vertex 14.533329963684082 10.5 9.3000001907348633
  endloop
 endfacet
 facet normal 1 0 -0
  outer loop
   vertex 14.533329963684082 3.2999999523162842 11.800000190734863
   vertex 14.533329963684082 10.5 9.3000001907348633
   vertex 14.533329963684082 10.5 11.800000190734863
  endloop
 endfacet
 facet normal 0 0 -1
  outer loop
   vertex 20.700000762939453 10.5 11.800000190734863
   vertex 14.533329963684082 3.2999999523162842 11.800000190734863
   vertex 14.533329963684082 10.5 11.800000190734863
  endloop
 endfacet
 facet normal 0 0 -1
  outer loop
   vertex 20.700000762939453 10.5 11.800000190734863
   vertex 20.700000762939453 3.2999999523162842 11.800000190734863
   vertex 14.533329963684082 3.2999999523162842 11.800000190734863
  endloop
 endfacet
 facet normal -0 0 1
  outer loop
   vertex 7.6666669845581055 10.5 12
   vertex 1.2999999523162842 10.5 12
   vertex 1.2999999523162842 3.2999999523162842 12
  endloop
 endfacet
 facet normal 0 0 1
  outer loop
   vertex 7.6666669845581055 10.5 12
   vertex 1.2999999523162842 3.2999999523162842 12
   vertex 7.6666669845581055 3.2999999523162842 12
  endloop
 endfacet
 facet normal -1 0 0
  outer loop
   vertex 7.6666669845581055 3.2999999523162842 14.5
   vertex 7.6666669845581055 10.5 12
   vertex 7.6666669845581055 3.2999999523162842 12
  endloop
 endfacet
 facet normal -1 -0 -0
  outer loop
   vertex 7.6666669845581055 3.2999999523162842 14.5
   vertex 7.6666669845581055 10.5 14.5
   vertex 7.6666669845581055 10.5 12
  endloop
 endfacet
 facet normal 0 0 -1
  outer loop
   vertex 7.6666669845581055 10.5 14.5
   vertex 1.2999999523162842 3.2999999523162842 14.5
   vertex 1.2999999523162842 10.5 14.5
  endloop
 endfacet
 facet normal 0 0 -1
  outer loop
   vertex 7.6666669845581055 10.5 14.5
   vertex 7.6666669845581055 3.2999999523162842 14.5
   vertex 1.2999999523162842 3.2999999523162842 14.5
  endloop
 endfacet
 facet normal -0 0 1
  outer loop
   vertex 14.333330154418945 10.5 12
   vertex 7.8666667938232422 10.5 12
   vertex 7.8666667938232422 3.2999999523162842 12
  endloop
 endfacet
 facet normal 0 0 1
  outer loop
   vertex 14.333330154418945 10.5 12
   vertex 7.8666667938232422 3.2999999523162842 12
   vertex 14.333330154418945 3.2999999523162842 12
  endloop
 endfacet
 facet normal 1 0 0
  outer loop
   vertex 7.8666667938232422 3.2999999523162842 14.5
   vertex 7.8666667938232422 3.2999999523162842 12
   vertex 7.8666667938232422 10.5 12
  endloop
 endfacet
 facet normal 1 0 -0
  outer loop
   vertex 7.8666667938232422 3.2999999523162842 14.5
   vertex 7.8666667938232422 10.5 12
   vertex 7.8666667938232422 10.5 14.5
  endloop
 endfacet
 facet normal -1 0 0
  outer loop
   vertex 14.333330154418945 3.2999999523162842 14.5
   vertex 14.333330154418945 10.5 12
   vertex 14.333330154418945 3.2999999523162842 12
  endloop
 endfacet
 facet normal -1 -0 -0
  outer loop
   vertex 14.333330154418945 3.2999999523162842 14.5
   vertex 14.333330154418945 10.5 14.5
   vertex 14.333330154418945 10.5 12
  endloop
 endfacet
 facet normal 0 0 -1
  outer loop
   vertex 14.333330154418945 10.5 14.5
   vertex 7.8666667938232422 3.2999999523162842 14.5
   vertex 7.8666667938232422 10.5 14.5
  endloop
 endfacet
 facet normal 0 0 -1
  outer loop
   vertex 14.333330154418945 10.5 14.5
   vertex 14.333330154418945 3.2999999523162842 14.5
   vertex 7.8666667938232422 3.2999999523162842 14.5
  endloop
 endfacet
 facet normal -0 0 1
  outer loop
   vertex 20.700000762939453 10.5 12
   vertex 14.533329963684082 10.5 12
   vertex 14.533329963684082 3.2999999523162842 12
  endloop
 endfacet
 facet normal 0 0 1
  outer loop
   vertex 20.700000762939453 10.5 12
   vertex 14.533329963684082 3.2999999523162842 12
   vertex 20.700000762939453 3.2999999523162842 12
  endloop
 endfacet
 facet normal 1 0 0
  outer loop
   vertex 14.533329963684082 3.2999999523162842 14.5
   vertex 14.533329963684082 3.2999999523162842 12
   vertex 14.533329963684082 10.5 12
  endloop
 endfacet
 facet normal 1 0 -0
  outer loop
   vertex 14.533329963684082 3.2999999523162842 14.5
   vertex 14.533329963684082 10.5 12
   vertex 14.533329963684082 10.5 14.5
  endloop
 endfacet
 facet normal 0 0 -1
  outer loop
   vertex 20.700000762939453 10.5 14.5
   vertex 14.533329963684082 3.2999999523162842 14.5
   vertex 14.533329963684082 10.5 14.5
  endloop
 endfacet
 facet normal 0 0 -1
  outer loop
   vertex 20.700000762939453 10.5 14.5
   vertex 20.700000762939453 3.2999999523162842 14.5
   vertex 14.533329963684082 3.2999999523162842 14.5
  endloop
 endfacet
 facet normal 0 1 -0
  outer loop
   vertex 7.6666669845581055 10.699999809265137 14.5
   vertex 7.6666669845581055 10.699999809265137 12
   vertex 1.2999999523162842 10.699999809265137 12
  endloop
 endfacet
 facet normal 0 1 0
  outer loop
   vertex 7.6666669845581055 10.699999809265137 14.5
   vertex 1.2999999523162842 10.699999809265137 12
   vertex 1.2999999523162842 10.699999809265137 14.5
  endloop
 endfacet
 facet normal 0 1 -0
  outer loop
   vertex 14.333330154418945 10.699999809265137 14.5
   vertex 14.333330154418945 10.699999809265137 12
   vertex 7.8666667938232422 10.699999809265137 12
  endloop
 endfacet
 facet normal 0 1 0
  outer loop
   vertex 14.333330154418945 10.699999809265137 14.5
   vertex 7.8666667938232422 10.699999809265137 12
   vertex 7.8666667938232422 10.699999809265137 14.5
  endloop
 endfacet
 facet normal 0 1 -0
  outer loop
   vertex 20.700000762939453 10.699999809265137 14.5
   vertex 20.700000762939453 10.699999809265137 12
   vertex 14.533329963684082 10.699999809265137 12
  endloop
 endfacet
 facet normal 0 1 0
  outer loop
   vertex 20.700000762939453 10.699999809265137 14.5
   vertex 14.533329963684082 10.699999809265137 12
   vertex 14.533329963684082 10.699999809265137 14.5
  endloop
 endfacet
 facet normal 0 1 -0
  outer loop
   vertex 7.6666669845581055 10.699999809265137 11.800000190734863
   vertex 7.6666669845581055 10.699999809265137 9.3000001907348633
   vertex 1.2999999523162842 10.699999809265137 9.3000001907348633
  endloop
 endfacet
 facet normal 0 1 0
  outer loop
   vertex 7.6666669845581055 10.699999809265137 11.800000190734863
   vertex 1.2999999523162842 10.699999809265137 9.3000001907348633
   vertex 1.2999999523162842 10.699999809265137 11.800000190734863
  endloop
 endfacet
 facet normal 0 1 0
  outer loop
   vertex 14.333330154418945 10.699999809265137 9.3000001907348633
   vertex 7.8666667938232422 10.699999809265137 9.3000001907348633
   vertex 7.8666667938232422 10.699999809265137 11.800000190734863
  endloop
 endfacet
 facet normal 0 1 -0
  outer loop
   vertex 14.333330154418945 10.699999809265137 11.800000190734863
   vertex 14.333330154418945 10.699999809265137 9.3000001907348633
   vertex 7.8666667938232422 10.699999809265137 11.800000190734863
  endloop
 endfacet
 facet normal 0 1 -0
  outer loop
   vertex 20.700000762939453 10.699999809265137 11.800000190734863
   vertex 20.700000762939453 10.699999809265137 9.3000001907348633
   vertex 14.533329963684082 10.699999809265137 9.3000001907348633
  endloop
 endfacet
 facet normal 0 1 0
  outer loop
   vertex 20.700000762939453 10.699999809265137 11.800000190734863
   vertex 14.533329963684082 10.699999809265137 9.3000001907348633
   vertex 14.533329963684082 10.699999809265137 11.800000190734863
  endloop
 endfacet
 facet normal 0 1 -0
  outer loop
   vertex 7.6666669845581055 10.699999809265137 9.1000003814697266
   vertex 7.6666669845581055 10.699999809265137 6.5999999046325684
   vertex 1.2999999523162842 10.699999809265137 6.5999999046325684
  endloop
 endfacet
 facet normal 0 1 0
  outer loop
   vertex 7.6666669845581055 10.699999809265137 9.1000003814697266
   vertex 1.2999999523162842 10.699999809265137 6.5999999046325684
   vertex 1.2999999523162842 10.699999809265137 9.1000003814697266
  endloop
 endfacet
 facet normal 0 1 -0
  outer loop
   vertex 14.333330154418945 10.699999809265137 9.1000003814697266
   vertex 14.333330154418945 10.699999809265137 6.5999999046325684
   vertex 7.8666667938232422 10.699999809265137 6.5999999046325684
  endloop
 endfacet
 facet normal 0 1 0
  outer loop
   vertex 14.333330154418945 10.699999809265137 9.1000003814697266
   vertex 7.8666667938232422 10.699999809265137 6.5999999046325684
   vertex 7.8666667938232422 10.699999809265137 9.1000003814697266
  endloop
 endfacet
 facet normal 0 1 -0
  outer loop
   vertex 20.700000762939453 10.699999809265137 9.1000003814697266
   vertex 20.700000762939453 10.699999809265137 6.5999999046325684
   vertex 14.533329963684082 10.699999809265137 6.5999999046325684
  endloop
 endfacet
 facet normal 0 1 0
  outer loop
   vertex 20.700000762939453 10.699999809265137 9.1000003814697266
   vertex 14.533329963684082 10.699999809265137 6.5999999046325684
   vertex 14.533329963684082 10.699999809265137 9.1000003814697266
  endloop
 endfacet
 facet normal 0 1 -0
  outer loop
   vertex 7.6666669845581055 10.699999809265137 6.4000000953674316
   vertex 7.6666669845581055 10.699999809265137 3.9000000953674316
   vertex 1.2999999523162842 10.699999809265137 3.9000000953674316
  endloop
 endfacet
 facet normal 0 1 0
  outer loop
   vertex 7.6666669845581055 10.699999809265137 6.4000000953674316
   vertex 1.2999999523162842 10.699999809265137 3.9000000953674316
   vertex 1.2999999523162842 10.699999809265137 6.4000000953674316
  endloop
 endfacet
 facet normal 0 1 0
  outer loop
   vertex 14.333330154418945 10.699999809265137 3.9000000953674316
   vertex 7.8666667938232422 10.699999809265137 3.9000000953674316
   vertex 7.8666667938232422 10.699999809265137 6.4000000953674316
  endloop
 endfacet
 facet normal 0 1 -0
  outer loop
   vertex 14.333330154418945 10.699999809265137 6.4000000953674316
   vertex 14.333330154418945 10.699999809265137 3.9000000953674316
   vertex 7.8666667938232422 10.699999809265137 6.4000000953674316
  endloop
 endfacet
 facet normal 0 1 -0
  outer loop
   vertex 20.700000762939453 10.699999809265137 6.4000000953674316
   vertex 20.700000762939453 10.699999809265137 3.9000000953674316
   vertex 14.533329963684082 10.699999809265137 3.9000000953674316
  endloop
 endfacet
 facet normal 0 1 0
  outer loop
   vertex 20.700000762939453 10.699999809265137 6.4000000953674316
   vertex 14.533329963684082 10.699999809265137 3.9000000953674316
   vertex 14.533329963684082 10.699999809265137 6.4000000953674316
  endloop
 endfacet
 facet normal 0 1 -0
  outer loop
   vertex 7.6666669845581055 10.699999809265137 3.7000000476837158
   vertex 7.6666669845581055 10.699999809265137 1.2000000476837158
   vertex 1.2999999523162842 10.699999809265137 1.2000000476837158
  endloop
 endfacet
 facet normal 0 1 0
  outer loop
   vertex 7.6666669845581055 10.699999809265137 3.7000000476837158
   vertex 1.2999999523162842 10.699999809265137 1.2000000476837158
   vertex 1.2999999523162842 10.699999809265137 3.7000000476837158
  endloop
 endfacet
 facet normal 0 1 0
  outer loop
   vertex 14.333330154418945 10.699999809265137 1.2000000476837158
   vertex 7.8666667938232422 10.699999809265137 1.2000000476837158
   vertex 7.8666667938232422 10.699999809265137 3.7000000476837158
  endloop
 endfacet
 facet normal 0 1 -0
  outer loop
   vertex 14.333330154418945 10.699999809265137 3.7000000476837158
   vertex 14.333330154418945 10.699999809265137 1.2000000476837158
   vertex 7.8666667938232422 10.699999809265137 3.7000000476837158
  endloop
 endfacet
 facet normal 0 1 -0
  outer loop
   vertex 20.700000762939453 10.699999809265137 3.7000000476837158
   vertex 20.700000762939453 10.699999809265137 1.2000000476837158
   vertex 14.533329963684082 10.699999809265137 1.2000000476837158
  endloop
 endfacet
 facet normal 0 1 0
  outer loop
   vertex 20.700000762939453 10.699999809265137 3.7000000476837158
   vertex 14.533329963684082 10.699999809265137 1.2000000476837158
   vertex 14.533329963684082 10.699999809265137 3.7000000476837158
  endloop
 endfacet
 facet normal 0 -1 0
  outer loop
   vertex 7.6666669845581055 10.5 3.7000000476837158
   vertex 1.2999999523162842 10.5 1.2000000476837158
   vertex 7.6666669845581055 10.5 1.2000000476837158
  endloop
 endfacet
 facet normal 0 -1 0
  outer loop
   vertex 7.6666669845581055 10.5 3.7000000476837158
   vertex 1.2999999523162842 10.5 3.7000000476837158
   vertex 1.2999999523162842 10.5 1.2000000476837158
  endloop
 endfacet
 facet normal 0 -1 0
  outer loop
   vertex 14.333330154418945 10.5 1.2000000476837158
   vertex 7.8666667938232422 10.5 3.7000000476837158
   vertex 7.8666667938232422 10.5 1.2000000476837158
  endloop
 endfacet
 facet normal 0 -1 0
  outer loop
   vertex 14.333330154418945 10.5 3.7000000476837158
   vertex 7.8666667938232422 10.5 3.7000000476837158
   vertex 14.333330154418945 10.5 1.2000000476837158
  endloop
 endfacet
 facet normal 0 -1 0
  outer loop
   vertex 20.700000762939453 10.5 3.7000000476837158
   vertex 14.533329963684082 10.5 1.2000000476837158
   vertex 20.700000762939453 10.5 1.2000000476837158
  endloop
 endfacet
 facet normal 0 -1 0
  outer loop
   vertex 20.700000762939453 10.5 3.7000000476837158
   vertex 14.533329963684082 10.5 3.7000000476837158
   vertex 14.533329963684082 10.5 1.2000000476837158
  endloop
 endfacet
 facet normal 0 -1 0
  outer loop
   vertex 7.6666669845581055 10.5 6.4000000953674316
   vertex 1.2999999523162842 10.5 3.9000000953674316
   vertex 7.6666669845581055 10.5 3.9000000953674316
  endloop
 endfacet
 facet normal 0 -1 0
  outer loop
   vertex 7.6666669845581055 10.5 6.4000000953674316
   vertex 1.2999999523162842 10.5 6.4000000953674316
   vertex 1.2999999523162842 10.5 3.9000000953674316
  endloop
 endfacet
 facet normal 0 -1 0
  outer loop
   vertex 14.333330154418945 10.5 3.9000000953674316
   vertex 7.8666667938232422 10.5 6.4000000953674316
   vertex 7.8666667938232422 10.5 3.9000000953674316
  endloop
 endfacet
 facet normal 0 -1 0
  outer loop
   vertex 14.333330154418945 10.5 6.4000000953674316
   vertex 7.8666667938232422 10.5 6.4000000953674316
   vertex 14.333330154418945 10.5 3.9000000953674316
  endloop
 endfacet
 facet normal 0 -1 0
  outer loop
   vertex 20.700000762939453 10.5 6.4000000953674316
   vertex 14.533329963684082 10.5 3.9000000953674316
   vertex 20.700000762939453 10.5 3.9000000953674316
  endloop
 endfacet
 facet normal 0 -1 0
  outer loop
   vertex 20.700000762939453 10.5 6.4000000953674316
   vertex 14.533329963684082 10.5 6.4000000953674316
   vertex 14.533329963684082 10.5 3.9000000953674316
  endloop
 endfacet
 facet normal 0 -1 0
  outer loop
   vertex 7.6666669845581055 10.5 9.1000003814697266
   vertex 1.2999999523162842 10.5 6.5999999046325684
   vertex 7.6666669845581055 10.5 6.5999999046325684
  endloop
 endfacet
 facet normal 0 -1 0
  outer loop
   vertex 7.6666669845581055 10.5 9.1000003814697266
   vertex 1.2999999523162842 10.5 9.1000003814697266
   vertex 1.2999999523162842 10.5 6.5999999046325684
  endloop
 endfacet
 facet normal 0 -1 0
  outer loop
   vertex 14.333330154418945 10.5 9.1000003814697266
   vertex 7.8666667938232422 10.5 6.5999999046325684
   vertex 14.333330154418945 10.5 6.5999999046325684
  endloop
 endfacet
 facet normal 0 -1 0
  outer loop
   vertex 14.333330154418945 10.5 9.1000003814697266
   vertex 7.8666667938232422 10.5 9.1000003814697266
   vertex 7.8666667938232422 10.5 6.5999999046325684
  endloop
 endfacet
 facet normal 0 -1 0
  outer loop
   vertex 20.700000762939453 10.5 9.1000003814697266
   vertex 14.533329963684082 10.5 6.5999999046325684
   vertex 20.700000762939453 10.5 6.5999999046325684
  endloop
 endfacet
 facet normal 0 -1 0
  outer loop
   vertex 20.700000762939453 10.5 9.1000003814697266
   vertex 14.533329963684082 10.5 9.1000003814697266
   vertex 14.533329963684082 10.5 6.5999999046325684
  endloop
 endfacet
 facet normal 0 -1 0
  outer loop
   vertex 7.6666669845581055 10.5 11.800000190734863
   vertex 1.2999999523162842 10.5 9.3000001907348633
   vertex 7.6666669845581055 10.5 9.3000001907348633
  endloop
 endfacet
 facet normal 0 -1 0
  outer loop
   vertex 7.6666669845581055 10.5 11.800000190734863
   vertex 1.2999999523162842 10.5 11.800000190734863
   vertex 1.2999999523162842 10.5 9.3000001907348633
  endloop
 endfacet
 facet normal 0 -1 0
  outer loop
   vertex 14.333330154418945 10.5 9.3000001907348633
   vertex 7.8666667938232422 10.5 11.800000190734863
   vertex 7.8666667938232422 10.5 9.3000001907348633
  endloop
 endfacet
 facet normal 0 -1 0
  outer loop
   vertex 14.333330154418945 10.5 11.800000190734863
   vertex 7.8666667938232422 10.5 11.800000190734863
   vertex 14.333330154418945 10.5 9.3000001907348633
  endloop
 endfacet
 facet normal 0 -1 0
  outer loop
   vertex 20.700000762939453 10.5 11.800000190734863
   vertex 14.533329963684082 10.5 9.3000001907348633
   vertex 20.700000762939453 10.5 9.3000001907348633
  endloop
 endfacet
 facet normal 0 -1 0
  outer loop
   vertex 20.700000762939453 10.5 11.800000190734863
   vertex 14.533329963684082 10.5 11.800000190734863
   vertex 14.533329963684082 10.5 9.3000001907348633
  endloop
 endfacet
 facet normal 0 -1 0
  outer loop
   vertex 7.6666669845581055 10.5 14.5
   vertex 1.2999999523162842 10.5 12
   vertex 7.6666669845581055 10.5 12
  endloop
 endfacet
 facet normal 0 -1 0
  outer loop
   vertex 7.6666669845581055 10.5 14.5
   vertex 1.2999999523162842 10.5 14.5
   vertex 1.2999999523162842 10.5 12
  endloop
 endfacet
 facet normal 0 -1 0
  outer loop
   vertex 14.333330154418945 10.5 14.5
   vertex 7.8666667938232422 10.5 12
   vertex 14.333330154418945 10.5 12
  endloop
 endfacet
 facet normal 0 -1 0
  outer loop
   vertex 14.333330154418945 10.5 14.5
   vertex 7.8666667938232422 10.5 14.5
   vertex 7.8666667938232422 10.5 12
  endloop
 endfacet
 facet normal 0 -1 0
  outer loop
   vertex 20.700000762939453 10.5 14.5
   vertex 14.533329963684082 10.5 12
   vertex 20.700000762939453 10.5 12
  endloop
 endfacet
 facet normal 0 -1 0
  outer loop
   vertex 20.700000762939453 10.5 14.5
   vertex 14.533329963684082 10.5 14.5
   vertex 14.533329963684082 10.5 12
  endloop
 endfacet
 facet normal 0 0 -1
  outer loop
   vertex 35.083328247070312 67.875999450683594 13.649999618530273
   vertex 33.583328247070312 67.800003051757812 13.649999618530273
   vertex 33.583328247070312 67.875999450683594 13.649999618530273
  endloop
 endfacet
 facet normal 0 0 -1
  outer loop
   vertex 35.083328247070312 67.875999450683594 13.649999618530273
   vertex 35.083328247070312 67.800003051757812 13.649999618530273
   vertex 33.583328247070312 67.800003051757812 13.649999618530273
  endloop
 endfacet
 facet normal -1 0 0
  outer loop
   vertex 35.083328247070312 67.800003051757812 13.649999618530273
   vertex 35.083328247070312 67.875999450683594 12.449999809265137
   vertex 35.083328247070312 67.800003051757812 12.449999809265137
  endloop
 endfacet
 facet normal -1 -0 -0
  outer loop
   vertex 35.083328247070312 67.800003051757812 13.649999618530273
   vertex 35.083328247070312 67.875999450683594 13.649999618530273
   vertex 35.083328247070312 67.875999450683594 12.449999809265137
  endloop
 endfacet
 facet normal 1 0 0
  outer loop
   vertex 33.583328247070312 67.800003051757812 13.649999618530273
   vertex 33.583328247070312 67.800003051757812 12.449999809265137
   vertex 33.583328247070312 67.875999450683594 12.449999809265137
  endloop
 endfacet
 facet normal 1 0 -0
  outer loop
   vertex 33.583328247070312 67.800003051757812 13.649999618530273
   vertex 33.583328247070312 67.875999450683594 12.449999809265137
   vertex 33.583328247070312 67.875999450683594 13.649999618530273
  endloop
 endfacet
 facet normal -0 0 1
  outer loop
   vertex 35.083328247070312 67.875999450683594 12.449999809265137
   vertex 33.583328247070312 67.875999450683594 12.449999809265137
   vertex 33.583328247070312 67.800003051757812 12.449999809265137
  endloop
 endfacet
 facet normal 0 0 1
  outer loop
   vertex 35.083328247070312 67.875999450683594 12.449999809265137
   vertex 33.583328247070312 67.800003051757812 12.449999809265137
   vertex 35.083328247070312 67.800003051757812 12.449999809265137
  endloop
 endfacet
 facet normal 0 0 -1
  outer loop
   vertex 41.75 67.875999450683594 13.649999618530273
   vertex 40.25 67.800003051757812 13.649999618530273
   vertex 40.25 67.875999450683594 13.649999618530273
  endloop
 endfacet
 facet normal 0 0 -1
  outer loop
   vertex 41.75 67.875999450683594 13.649999618530273
   vertex 41.75 67.800003051757812 13.649999618530273
   vertex 40.25 67.800003051757812 13.649999618530273
  endloop
 endfacet
 facet normal -1 0 0
  outer loop
   vertex 41.75 67.800003051757812 13.649999618530273
   vertex 41.75 67.875999450683594 12.449999809265137
   vertex 41.75 67.800003051757812 12.449999809265137
  endloop
 endfacet
 facet normal -1 -0 -0
  outer loop
   vertex 41.75 67.800003051757812 13.649999618530273
   vertex 41.75 67.875999450683594 13.649999618530273
   vertex 41.75 67.875999450683594 12.449999809265137
  endloop
 endfacet
 facet normal 1 0 0
  outer loop
   vertex 40.25 67.800003051757812 13.649999618530273
   vertex 40.25 67.800003051757812 12.449999809265137
   vertex 40.25 67.875999450683594 12.449999809265137
  endloop
 endfacet
 facet normal 1 0 -0
  outer loop
   vertex 40.25 67.800003051757812 13.649999618530273
   vertex 40.25 67.875999450683594 12.449999809265137
   vertex 40.25 67.875999450683594 13.649999618530273
  endloop
 endfacet
 facet normal -0 0 1
  outer loop
   vertex 41.75 67.875999450683594 12.449999809265137
   vertex 40.25 67.875999450683594 12.449999809265137
   vertex 40.25 67.800003051757812 12.449999809265137
  endloop
 endfacet
 facet normal 0 0 1
  outer loop
   vertex 41.75 67.875999450683594 12.449999809265137
   vertex 40.25 67.800003051757812 12.449999809265137
   vertex 41.75 67.800003051757812 12.449999809265137
  endloop
 endfacet
 facet normal -0 0 1
  outer loop
   vertex 48.416671752929688 67.875999450683594 12.449999809265137
   vertex 46.916671752929688 67.875999450683594 12.449999809265137
   vertex 46.916671752929688 67.800003051757812 12.449999809265137
  endloop
 endfacet
 facet normal 0 0 1
  outer loop
   vertex 48.416671752929688 67.875999450683594 12.449999809265137
   vertex 46.916671752929688 67.800003051757812 12.449999809265137
   vertex 48.416671752929688 67.800003051757812 12.449999809265137
  endloop
 endfacet
 facet normal -1 0 0
  outer loop
   vertex 48.416671752929688 67.800003051757812 13.649999618530273
   vertex 48.416671752929688 67.875999450683594 12.449999809265137
   vertex 48.416671752929688 67.800003051757812 12.449999809265137
  endloop
 endfacet
 facet normal -1 -0 -0
  outer loop
   vertex 48.416671752929688 67.800003051757812 13.649999618530273
   vertex 48.416671752929688 67.875999450683594 13.649999618530273
   vertex 48.416671752929688 67.875999450683594 12.449999809265137
  endloop
 endfacet
 facet normal 1 0 0
  outer loop
   vertex 46.916671752929688 67.800003051757812 13.649999618530273
   vertex 46.916671752929688 67.800003051757812 12.449999809265137
   vertex 46.916671752929688 67.875999450683594 12.449999809265137
  endloop
 endfacet
 facet normal 1 0 -0
  outer loop
   vertex 46.916671752929688 67.800003051757812 13.649999618530273
   vertex 46.916671752929688 67.875999450683594 12.449999809265137
   vertex 46.916671752929688 67.875999450683594 13.649999618530273
  endloop
 endfacet
 facet normal 0 0 -1
  outer loop
   vertex 48.416671752929688 67.875999450683594 13.649999618530273
   vertex 46.916671752929688 67.800003051757812 13.649999618530273
   vertex 46.916671752929688 67.875999450683594 13.649999618530273
  endloop
 endfacet
 facet normal 0 0 -1
  outer loop
   vertex 48.416671752929688 67.875999450683594 13.649999618530273
   vertex 48.416671752929688 67.800003051757812 13.649999618530273
   vertex 46.916671752929688 67.800003051757812 13.649999618530273
  endloop
 endfacet
 facet normal 0 0 -1
  outer loop
   vertex 35.083328247070312 67.875999450683594 10.949999809265137
   vertex 33.583328247070312 67.800003051757812 10.949999809265137
   vertex 33.583328247070312 67.875999450683594 10.949999809265137
  endloop
 endfacet
 facet normal 0 0 -1
  outer loop
   vertex 35.083328247070312 67.875999450683594 10.949999809265137
   vertex 35.083328247070312 67.800003051757812 10.949999809265137
   vertex 33.583328247070312 67.800003051757812 10.949999809265137
  endloop
 endfacet
 facet normal -1 0 0
  outer loop
   vertex 35.083328247070312 67.800003051757812 10.949999809265137
   vertex 35.083328247070312 67.875999450683594 9.75
   vertex 35.083328247070312 67.800003051757812 9.75
  endloop
 endfacet
 facet normal -1 -0 -0
  outer loop
   vertex 35.083328247070312 67.800003051757812 10.949999809265137
   vertex 35.083328247070312 67.875999450683594 10.949999809265137
   vertex 35.083328247070312 67.875999450683594 9.75
  endloop
 endfacet
 facet normal 1 0 0
  outer loop
   vertex 33.583328247070312 67.800003051757812 10.949999809265137
   vertex 33.583328247070312 67.800003051757812 9.75
   vertex 33.583328247070312 67.875999450683594 9.75
  endloop
 endfacet
 facet normal 1 0 -0
  outer loop
   vertex 33.583328247070312 67.800003051757812 10.949999809265137
   vertex 33.583328247070312 67.875999450683594 9.75
   vertex 33.583328247070312 67.875999450683594 10.949999809265137
  endloop
 endfacet
 facet normal -0 0 1
  outer loop
   vertex 35.083328247070312 67.875999450683594 9.75
   vertex 33.583328247070312 67.875999450683594 9.75
   vertex 33.583328247070312 67.800003051757812 9.75
  endloop
 endfacet
 facet normal 0 0 1
  outer loop
   vertex 35.083328247070312 67.875999450683594 9.75
   vertex 33.583328247070312 67.800003051757812 9.75
   vertex 35.083328247070312 67.800003051757812 9.75
  endloop
 endfacet
 facet normal 0 0 -1
  outer loop
   vertex 41.75 67.875999450683594 10.949999809265137
   vertex 40.25 67.800003051757812 10.949999809265137
   vertex 40.25 67.875999450683594 10.949999809265137
  endloop
 endfacet
 facet normal 0 0 -1
  outer loop
   vertex 41.75 67.875999450683594 10.949999809265137
   vertex 41.75 67.800003051757812 10.949999809265137
   vertex 40.25 67.800003051757812 10.949999809265137
  endloop
 endfacet
 facet normal -1 0 0
  outer loop
   vertex 41.75 67.800003051757812 10.949999809265137
   vertex 41.75 67.875999450683594 9.75
   vertex 41.75 67.800003051757812 9.75
  endloop
 endfacet
 facet normal -1 -0 -0
  outer loop
   vertex 41.75 67.800003051757812 10.949999809265137
   vertex 41.75 67.875999450683594 10.949999809265137
   vertex 41.75 67.875999450683594 9.75
  endloop
 endfacet
 facet normal 1 0 0
  outer loop
   vertex 40.25 67.800003051757812 10.949999809265137
   vertex 40.25 67.800003051757812 9.75
   vertex 40.25 67.875999450683594 9.75
  endloop
 endfacet
 facet normal 1 0 -0
  outer loop
   vertex 40.25 67.800003051757812 10.949999809265137
   vertex 40.25 67.875999450683594 9.75
   vertex 40.25 67.875999450683594 10.949999809265137
  endloop
 endfacet
 facet normal -0 0 1
  outer loop
   vertex 41.75 67.875999450683594 9.75
   vertex 40.25 67.875999450683594 9.75
   vertex 40.25 67.800003051757812 9.75
  endloop
 endfacet
 facet normal 0 0 1
  outer loop
   vertex 41.75 67.875999450683594 9.75
   vertex 40.25 67.800003051757812 9.75
   vertex 41.75 67.800003051757812 9.75
  endloop
 endfacet
 facet normal -0 0 1
  outer loop
   vertex 48.416671752929688 67.875999450683594 9.75
   vertex 46.916671752929688 67.875999450683594 9.75
   vertex 46.916671752929688 67.800003051757812 9.75
  endloop
 endfacet
 facet normal 0 0 1
  outer loop
   vertex 48.416671752929688 67.875999450683594 9.75
   vertex 46.916671752929688 67.800003051757812 9.75
   vertex 48.416671752929688 67.800003051757812 9.75
  endloop
 endfacet
 facet normal -1 0 0
  outer loop
   vertex 48.416671752929688 67.800003051757812 10.949999809265137
   vertex 48.416671752929688 67.875999450683594 9.75
   vertex 48.416671752929688 67.800003051757812 9.75
  endloop
 endfacet
 facet normal -1 -0 -0
  outer loop
   vertex 48.416671752929688 67.800003051757812 10.949999809265137
   vertex 48.416671752929688 67.875999450683594 10.949999809265137
   vertex 48.416671752929688 67.875999450683594 9.75
  endloop
 endfacet
 facet normal 1 0 0
  outer loop
   vertex 46.916671752929688 67.800003051757812 10.949999809265137
   vertex 46.916671752929688 67.800003051757812 9.75
   vertex 46.916671752929688 67.875999450683594 9.75
  endloop
 endfacet
 facet normal 1 0 -0
  outer loop
   vertex 46.916671752929688 67.800003051757812 10.949999809265137
   vertex 46.916671752929688 67.875999450683594 9.75
   vertex 46.916671752929688 67.875999450683594 10.949999809265137
  endloop
 endfacet
 facet normal 0 0 -1
  outer loop
   vertex 48.416671752929688 67.875999450683594 10.949999809265137
   vertex 46.916671752929688 67.800003051757812 10.949999809265137
   vertex 46.916671752929688 67.875999450683594 10.949999809265137
  endloop
 endfacet
 facet normal 0 0 -1
  outer loop
   vertex 48.416671752929688 67.875999450683594 10.949999809265137
   vertex 48.416671752929688 67.800003051757812 10.949999809265137
   vertex 46.916671752929688 67.800003051757812 10.949999809265137
  endloop
 endfacet
 facet normal 0 0 -1
  outer loop
   vertex 35.083328247070312 67.875999450683594 8.25
   vertex 33.583328247070312 67.800003051757812 8.25
   vertex 33.583328247070312 67.875999450683594 8.25
  endloop
 endfacet
 facet normal 0 0 -1
  outer loop
   vertex 35.083328247070312 67.875999450683594 8.25
   vertex 35.083328247070312 67.800003051757812 8.25
   vertex 33.583328247070312 67.800003051757812 8.25
  endloop
 endfacet
 facet normal -1 0 0
  outer loop
   vertex 35.083328247070312 67.800003051757812 8.25
   vertex 35.083328247070312 67.875999450683594 7.0500001907348633
   vertex 35.083328247070312 67.800003051757812 7.0500001907348633
  endloop
 endfacet
 facet normal -1 -0 -0
  outer loop
   vertex 35.083328247070312 67.800003051757812 8.25
   vertex 35.083328247070312 67.875999450683594 8.25
   vertex 35.083328247070312 67.875999450683594 7.0500001907348633
  endloop
 endfacet
 facet normal 1 0 0
  outer loop
   vertex 33.583328247070312 67.800003051757812 8.25
   vertex 33.583328247070312 67.800003051757812 7.0500001907348633
   vertex 33.583328247070312 67.875999450683594 7.0500001907348633
  endloop
 endfacet
 facet normal 1 0 -0
  outer loop
   vertex 33.583328247070312 67.800003051757812 8.25
   vertex 33.583328247070312 67.875999450683594 7.0500001907348633
   vertex 33.583328247070312 67.875999450683594 8.25
  endloop
 endfacet
 facet normal -0 0 1
  outer loop
   vertex 35.083328247070312 67.875999450683594 7.0500001907348633
   vertex 33.583328247070312 67.875999450683594 7.0500001907348633
   vertex 33.583328247070312 67.800003051757812 7.0500001907348633
  endloop
 endfacet
 facet normal 0 0 1
  outer loop
   vertex 35.083328247070312 67.875999450683594 7.0500001907348633
   vertex 33.583328247070312 67.800003051757812 7.0500001907348633
   vertex 35.083328247070312 67.800003051757812 7.0500001907348633
  endloop
 endfacet
 facet normal 0 0 -1
  outer loop
   vertex 41.75 67.875999450683594 8.25
   vertex 40.25 67.800003051757812 8.25
   vertex 40.25 67.875999450683594 8.25
  endloop
 endfacet
 facet normal 0 0 -1
  outer loop
   vertex 41.75 67.875999450683594 8.25
   vertex 41.75 67.800003051757812 8.25
   vertex 40.25 67.800003051757812 8.25
  endloop
 endfacet
 facet normal -1 0 0
  outer loop
   vertex 41.75 67.800003051757812 8.25
   vertex 41.75 67.875999450683594 7.0500001907348633
   vertex 41.75 67.800003051757812 7.0500001907348633
  endloop
 endfacet
 facet normal -1 -0 -0
  outer loop
   vertex 41.75 67.800003051757812 8.25
   vertex 41.75 67.875999450683594 8.25
   vertex 41.75 67.875999450683594 7.0500001907348633
  endloop
 endfacet
 facet normal 1 0 0
  outer loop
   vertex 40.25 67.800003051757812 8.25
   vertex 40.25 67.800003051757812 7.0500001907348633
   vertex 40.25 67.875999450683594 7.0500001907348633
  endloop
 endfacet
 facet normal 1 0 -0
  outer loop
   vertex 40.25 67.800003051757812 8.25
   vertex 40.25 67.875999450683594 7.0500001907348633
   vertex 40.25 67.875999450683594 8.25
  endloop
 endfacet
 facet normal -0 0 1
  outer loop
   vertex 41.75 67.875999450683594 7.0500001907348633
   vertex 40.25 67.875999450683594 7.0500001907348633
   vertex 40.25 67.800003051757812 7.0500001907348633
  endloop
 endfacet
 facet normal 0 0 1
  outer loop
   vertex 41.75 67.875999450683594 7.0500001907348633
   vertex 40.25 67.800003051757812 7.0500001907348633
   vertex 41.75 67.800003051757812 7.0500001907348633
  endloop
 endfacet
 facet normal -0 0 1
  outer loop
   vertex 48.416671752929688 67.875999450683594 7.0500001907348633
   vertex 46.916671752929688 67.875999450683594 7.0500001907348633
   vertex 46.916671752929688 67.800003051757812 7.0500001907348633
  endloop
 endfacet
 facet normal 0 0 1
  outer loop
   vertex 48.416671752929688 67.875999450683594 7.0500001907348633
   vertex 46.916671752929688 67.800003051757812 7.0500001907348633
   vertex 48.416671752929688 67.800003051757812 7.0500001907348633
  endloop
 endfacet
 facet normal -1 0 0
  outer loop
   vertex 48.416671752929688 67.800003051757812 8.25
   vertex 48.416671752929688 67.875999450683594 7.0500001907348633
   vertex 48.416671752929688 67.800003051757812 7.0500001907348633
  endloop
 endfacet
 facet normal -1 -0 -0
  outer loop
   vertex 48.416671752929688 67.800003051757812 8.25
   vertex 48.416671752929688 67.875999450683594 8.25
   vertex 48.416671752929688 67.875999450683594 7.0500001907348633
  endloop
 endfacet
 facet normal 1 0 0
  outer loop
   vertex 46.916671752929688 67.800003051757812 8.25
   vertex 46.916671752929688 67.800003051757812 7.0500001907348633
   vertex 46.916671752929688 67.875999450683594 7.0500001907348633
  endloop
 endfacet
 facet normal 1 0 -0
  outer loop
   vertex 46.916671752929688 67.800003051757812 8.25
   vertex 46.916671752929688 67.875999450683594 7.0500001907348633
   vertex 46.916671752929688 67.875999450683594 8.25
  endloop
 endfacet
 facet normal 0 0 -1
  outer loop
   vertex 48.416671752929688 67.875999450683594 8.25
   vertex 46.916671752929688 67.800003051757812 8.25
   vertex 46.916671752929688 67.875999450683594 8.25
  endloop
 endfacet
 facet normal 0 0 -1
  outer loop
   vertex 48.416671752929688 67.875999450683594 8.25
   vertex 48.416671752929688 67.800003051757812 8.25
   vertex 46.916671752929688 67.800003051757812 8.25
  endloop
 endfacet
 facet normal 0 0 -1
  outer loop
   vertex 35.083328247070312 67.875999450683594 5.5500001907348633
   vertex 33.583328247070312 67.800003051757812 5.5500001907348633
   vertex 33.583328247070312 67.875999450683594 5.5500001907348633
  endloop
 endfacet
 facet normal 0 0 -1
  outer loop
   vertex 35.083328247070312 67.875999450683594 5.5500001907348633
   vertex 35.083328247070312 67.800003051757812 5.5500001907348633
   vertex 33.583328247070312 67.800003051757812 5.5500001907348633
  endloop
 endfacet
 facet normal -1 0 0
  outer loop
   vertex 35.083328247070312 67.800003051757812 5.5500001907348633
   vertex 35.083328247070312 67.875999450683594 4.3499999046325684
   vertex 35.083328247070312 67.800003051757812 4.3499999046325684
  endloop
 endfacet
 facet normal -1 -0 -0
  outer loop
   vertex 35.083328247070312 67.800003051757812 5.5500001907348633
   vertex 35.083328247070312 67.875999450683594 5.5500001907348633
   vertex 35.083328247070312 67.875999450683594 4.3499999046325684
  endloop
 endfacet
 facet normal 1 0 0
  outer loop
   vertex 33.583328247070312 67.800003051757812 5.5500001907348633
   vertex 33.583328247070312 67.800003051757812 4.3499999046325684
   vertex 33.583328247070312 67.875999450683594 4.3499999046325684
  endloop
 endfacet
 facet normal 1 0 -0
  outer loop
   vertex 33.583328247070312 67.800003051757812 5.5500001907348633
   vertex 33.583328247070312 67.875999450683594 4.3499999046325684
   vertex 33.583328247070312 67.875999450683594 5.5500001907348633
  endloop
 endfacet
 facet normal -0 0 1
  outer loop
   vertex 35.083328247070312 67.875999450683594 4.3499999046325684
   vertex 33.583328247070312 67.875999450683594 4.3499999046325684
   vertex 33.583328247070312 67.800003051757812 4.3499999046325684
  endloop
 endfacet
 facet normal 0 0 1
  outer loop
   vertex 35.083328247070312 67.875999450683594 4.3499999046325684
   vertex 33.583328247070312 67.800003051757812 4.3499999046325684
   vertex 35.083328247070312 67.800003051757812 4.3499999046325684
  endloop
 endfacet
 facet normal 0 0 -1
  outer loop
   vertex 41.75 67.875999450683594 5.5500001907348633
   vertex 40.25 67.800003051757812 5.5500001907348633
   vertex 40.25 67.875999450683594 5.5500001907348633
  endloop
 endfacet
 facet normal 0 0 -1
  outer loop
   vertex 41.75 67.875999450683594 5.5500001907348633
   vertex 41.75 67.800003051757812 5.5500001907348633
   vertex 40.25 67.800003051757812 5.5500001907348633
  endloop
 endfacet
 facet normal -1 0 0
  outer loop
   vertex 41.75 67.800003051757812 5.5500001907348633
   vertex 41.75 67.875999450683594 4.3499999046325684
   vertex 41.75 67.800003051757812 4.3499999046325684
  endloop
 endfacet
 facet normal -1 -0 -0
  outer loop
   vertex 41.75 67.800003051757812 5.5500001907348633
   vertex 41.75 67.875999450683594 5.5500001907348633
   vertex 41.75 67.875999450683594 4.3499999046325684
  endloop
 endfacet
 facet normal 1 0 0
  outer loop
   vertex 40.25 67.800003051757812 5.5500001907348633
   vertex 40.25 67.800003051757812 4.3499999046325684
   vertex 40.25 67.875999450683594 4.3499999046325684
  endloop
 endfacet
 facet normal 1 0 -0
  outer loop
   vertex 40.25 67.800003051757812 5.5500001907348633
   vertex 40.25 67.875999450683594 4.3499999046325684
   vertex 40.25 67.875999450683594 5.5500001907348633
  endloop
 endfacet
 facet normal -0 0 1
  outer loop
   vertex 41.75 67.875999450683594 4.3499999046325684
   vertex 40.25 67.875999450683594 4.3499999046325684
   vertex 40.25 67.800003051757812 4.3499999046325684
  endloop
 endfacet
 facet normal 0 0 1
  outer loop
   vertex 41.75 67.875999450683594 4.3499999046325684
   vertex 40.25 67.800003051757812 4.3499999046325684
   vertex 41.75 67.800003051757812 4.3499999046325684
  endloop
 endfacet
 facet normal -0 0 1
  outer loop
   vertex 48.416671752929688 67.875999450683594 4.3499999046325684
   vertex 46.916671752929688 67.875999450683594 4.3499999046325684
   vertex 46.916671752929688 67.800003051757812 4.3499999046325684
  endloop
 endfacet
 facet normal 0 0 1
  outer loop
   vertex 48.416671752929688 67.875999450683594 4.3499999046325684
   vertex 46.916671752929688 67.800003051757812 4.3499999046325684
   vertex 48.416671752929688 67.800003051757812 4.3499999046325684
  endloop
 endfacet
 facet normal -1 0 0
  outer loop
   vertex 48.416671752929688 67.800003051757812 5.5500001907348633
   vertex 48.416671752929688 67.875999450683594 4.3499999046325684
   vertex 48.416671752929688 67.800003051757812 4.3499999046325684
  endloop
 endfacet
 facet normal -1 -0 -0
  outer loop
   vertex 48.416671752929688 67.800003051757812 5.5500001907348633
   vertex 48.416671752929688 67.875999450683594 5.5500001907348633
   vertex 48.416671752929688 67.875999450683594 4.3499999046325684
  endloop
 endfacet
 facet normal 1 0 0
  outer loop
   vertex 46.916671752929688 67.800003051757812 5.5500001907348633
   vertex 46.916671752929688 67.800003051757812 4.3499999046325684
   vertex 46.916671752929688 67.875999450683594 4.3499999046325684
  endloop
 endfacet
 facet normal 1 0 -0
  outer loop
   vertex 46.916671752929688 67.800003051757812 5.5500001907348633
   vertex 46.916671752929688 67.875999450683594 4.3499999046325684
   vertex 46.916671752929688 67.875999450683594 5.5500001907348633
  endloop
 endfacet
 facet normal 0 0 -1
  outer loop
   vertex 48.416671752929688 67.875999450683594 5.5500001907348633
   vertex 46.916671752929688 67.800003051757812 5.5500001907348633
   vertex 46.916671752929688 67.875999450683594 5.5500001907348633
  endloop
 endfacet
 facet normal 0 0 -1
  outer loop
   vertex 48.416671752929688 67.875999450683594 5.5500001907348633
   vertex 48.416671752929688 67.800003051757812 5.5500001907348633
   vertex 46.916671752929688 67.800003051757812 5.5500001907348633
  endloop
 endfacet
 facet normal 0 0 -1
  outer loop
   vertex 35.083328247070312 67.875999450683594 2.8499999046325684
   vertex 33.583328247070312 67.800003051757812 2.8499999046325684
   vertex 33.583328247070312 67.875999450683594 2.8499999046325684
  endloop
 endfacet
 facet normal 0 0 -1
  outer loop
   vertex 35.083328247070312 67.875999450683594 2.8499999046325684
   vertex 35.083328247070312 67.800003051757812 2.8499999046325684
   vertex 33.583328247070312 67.800003051757812 2.8499999046325684
  endloop
 endfacet
 facet normal -1 0 0
  outer loop
   vertex 35.083328247070312 67.800003051757812 2.8499999046325684
   vertex 35.083328247070312 67.875999450683594 1.6499999761581421
   vertex 35.083328247070312 67.800003051757812 1.6499999761581421
  endloop
 endfacet
 facet normal -1 -0 -0
  outer loop
   vertex 35.083328247070312 67.800003051757812 2.8499999046325684
   vertex 35.083328247070312 67.875999450683594 2.8499999046325684
   vertex 35.083328247070312 67.875999450683594 1.6499999761581421
  endloop
 endfacet
 facet normal 1 0 0
  outer loop
   vertex 33.583328247070312 67.800003051757812 2.8499999046325684
   vertex 33.583328247070312 67.800003051757812 1.6499999761581421
   vertex 33.583328247070312 67.875999450683594 1.6499999761581421
  endloop
 endfacet
 facet normal 1 0 -0
  outer loop
   vertex 33.583328247070312 67.800003051757812 2.8499999046325684
   vertex 33.583328247070312 67.875999450683594 1.6499999761581421
   vertex 33.583328247070312 67.875999450683594 2.8499999046325684
  endloop
 endfacet
 facet normal -0 0 1
  outer loop
   vertex 35.083328247070312 67.875999450683594 1.6499999761581421
   vertex 33.583328247070312 67.875999450683594 1.6499999761581421
   vertex 33.583328247070312 67.800003051757812 1.6499999761581421
  endloop
 endfacet
 facet normal 0 0 1
  outer loop
   vertex 35.083328247070312 67.875999450683594 1.6499999761581421
   vertex 33.583328247070312 67.800003051757812 1.6499999761581421
   vertex 35.083328247070312 67.800003051757812 1.6499999761581421
  endloop
 endfacet
 facet normal 0 0 -1
  outer loop
   vertex 41.75 67.875999450683594 2.8499999046325684
   vertex 40.25 67.800003051757812 2.8499999046325684
   vertex 40.25 67.875999450683594 2.8499999046325684
  endloop
 endfacet
 facet normal 0 0 -1
  outer loop
   vertex 41.75 67.875999450683594 2.8499999046325684
   vertex 41.75 67.800003051757812 2.8499999046325684
   vertex 40.25 67.800003051757812 2.8499999046325684
  endloop
 endfacet
 facet normal -1 0 0
  outer loop
   vertex 41.75 67.800003051757812 2.8499999046325684
   vertex 41.75 67.875999450683594 1.6499999761581421
   vertex 41.75 67.800003051757812 1.6499999761581421
  endloop
 endfacet
 facet normal -1 -0 -0
  outer loop
   vertex 41.75 67.800003051757812 2.8499999046325684
   vertex 41.75 67.875999450683594 2.8499999046325684
   vertex 41.75 67.875999450683594 1.6499999761581421
  endloop
 endfacet
 facet normal 1 0 0
  outer loop
   vertex 40.25 67.800003051757812 2.8499999046325684
   vertex 40.25 67.800003051757812 1.6499999761581421
   vertex 40.25 67.875999450683594 1.6499999761581421
  endloop
 endfacet
 facet normal 1 0 -0
  outer loop
   vertex 40.25 67.800003051757812 2.8499999046325684
   vertex 40.25 67.875999450683594 1.6499999761581421
   vertex 40.25 67.875999450683594 2.8499999046325684
  endloop
 endfacet
 facet normal -0 0 1
  outer loop
   vertex 41.75 67.875999450683594 1.6499999761581421
   vertex 40.25 67.875999450683594 1.6499999761581421
   vertex 40.25 67.800003051757812 1.6499999761581421
  endloop
 endfacet
 facet normal 0 0 1
  outer loop
   vertex 41.75 67.875999450683594 1.6499999761581421
   vertex 40.25 67.800003051757812 1.6499999761581421
   vertex 41.75 67.800003051757812 1.6499999761581421
  endloop
 endfacet
 facet normal -0 0 1
  outer loop
   vertex 48.416671752929688 67.875999450683594 1.6499999761581421
   vertex 46.916671752929688 67.875999450683594 1.6499999761581421
   vertex 46.916671752929688 67.800003051757812 1.6499999761581421
  endloop
 endfacet
 facet normal 0 0 1
  outer loop
   vertex 48.416671752929688 67.875999450683594 1.6499999761581421
   vertex 46.916671752929688 67.800003051757812 1.6499999761581421
   vertex 48.416671752929688 67.800003051757812 1.6499999761581421
  endloop
 endfacet
 facet normal -1 0 0
  outer loop
   vertex 48.416671752929688 67.800003051757812 2.8499999046325684
   vertex 48.416671752929688 67.875999450683594 1.6499999761581421
   vertex 48.416671752929688 67.800003051757812 1.6499999761581421
  endloop
 endfacet
 facet normal -1 -0 -0
  outer loop
   vertex 48.416671752929688 67.800003051757812 2.8499999046325684
   vertex 48.416671752929688 67.875999450683594 2.8499999046325684
   vertex 48.416671752929688 67.875999450683594 1.6499999761581421
  endloop
 endfacet
 facet normal 1 0 0
  outer loop
   vertex 46.916671752929688 67.800003051757812 2.8499999046325684
   vertex 46.916671752929688 67.800003051757812 1.6499999761581421
   vertex 46.916671752929688 67.875999450683594 1.6499999761581421
  endloop
 endfacet
 facet normal 1 0 -0
  outer loop
   vertex 46.916671752929688 67.800003051757812 2.8499999046325684
   vertex 46.916671752929688 67.875999450683594 1.6499999761581421
   vertex 46.916671752929688 67.875999450683594 2.8499999046325684
  endloop
 endfacet
 facet normal 0 0 -1
  outer loop
   vertex 48.416671752929688 67.875999450683594 2.8499999046325684
   vertex 46.916671752929688 67.800003051757812 2.8499999046325684
   vertex 46.916671752929688 67.875999450683594 2.8499999046325684
  endloop
 endfacet
 facet normal 0 0 -1
  outer loop
   vertex 48.416671752929688 67.875999450683594 2.8499999046325684
   vertex 48.416671752929688 67.800003051757812 2.8499999046325684
   vertex 46.916671752929688 67.800003051757812 2.8499999046325684
  endloop
 endfacet
 facet normal 0 0 -1
  outer loop
   vertex 35.083328247070312 53.200000762939453 2.8499999046325684
   vertex 33.583328247070312 53.124000549316406 2.8499999046325684
   vertex 33.583328247070312 53.200000762939453 2.8499999046325684
  endloop
 endfacet
 facet normal 0 0 -1
  outer loop
   vertex 35.083328247070312 53.200000762939453 2.8499999046325684
   vertex 35.083328247070312 53.124000549316406 2.8499999046325684
   vertex 33.583328247070312 53.124000549316406 2.8499999046325684
  endloop
 endfacet
 facet normal -1 0 0
  outer loop
   vertex 35.083328247070312 53.124000549316406 2.8499999046325684
   vertex 35.083328247070312 53.200000762939453 1.6499999761581421
   vertex 35.083328247070312 53.124000549316406 1.6499999761581421
  endloop
 endfacet
 facet normal -1 -0 -0
  outer loop
   vertex 35.083328247070312 53.124000549316406 2.8499999046325684
   vertex 35.083328247070312 53.200000762939453 2.8499999046325684
   vertex 35.083328247070312 53.200000762939453 1.6499999761581421
  endloop
 endfacet
 facet normal 1 0 0
  outer loop
   vertex 33.583328247070312 53.124000549316406 2.8499999046325684
   vertex 33.583328247070312 53.124000549316406 1.6499999761581421
   vertex 33.583328247070312 53.200000762939453 1.6499999761581421
  endloop
 endfacet
 facet normal 1 0 -0
  outer loop
   vertex 33.583328247070312 53.124000549316406 2.8499999046325684
   vertex 33.583328247070312 53.200000762939453 1.6499999761581421
   vertex 33.583328247070312 53.200000762939453 2.8499999046325684
  endloop
 endfacet
 facet normal -0 0 1
  outer loop
   vertex 35.083328247070312 53.200000762939453 1.6499999761581421
   vertex 33.583328247070312 53.200000762939453 1.6499999761581421
   vertex 33.583328247070312 53.124000549316406 1.6499999761581421
  endloop
 endfacet
 facet normal 0 0 1
  outer loop
   vertex 35.083328247070312 53.200000762939453 1.6499999761581421
   vertex 33.583328247070312 53.124000549316406 1.6499999761581421
   vertex 35.083328247070312 53.124000549316406 1.6499999761581421
  endloop
 endfacet
 facet normal 0 0 -1
  outer loop
   vertex 41.75 53.200000762939453 2.8499999046325684
   vertex 40.25 53.124000549316406 2.8499999046325684
   vertex 40.25 53.200000762939453 2.8499999046325684
  endloop
 endfacet
 facet normal 0 0 -1
  outer loop
   vertex 41.75 53.200000762939453 2.8499999046325684
   vertex 41.75 53.124000549316406 2.8499999046325684
   vertex 40.25 53.124000549316406 2.8499999046325684
  endloop
 endfacet
 facet normal -1 0 0
  outer loop
   vertex 41.75 53.124000549316406 2.8499999046325684
   vertex 41.75 53.200000762939453 1.6499999761581421
   vertex 41.75 53.124000549316406 1.6499999761581421
  endloop
 endfacet
 facet normal -1 -0 -0
  outer loop
   vertex 41.75 53.124000549316406 2.8499999046325684
   vertex 41.75 53.200000762939453 2.8499999046325684
   vertex 41.75 53.200000762939453 1.6499999761581421
  endloop
 endfacet
 facet normal 1 0 0
  outer loop
   vertex 40.25 53.124000549316406 2.8499999046325684
   vertex 40.25 53.124000549316406 1.6499999761581421
   vertex 40.25 53.200000762939453 1.6499999761581421
  endloop
 endfacet
 facet normal 1 0 -0
  outer loop
   vertex 40.25 53.124000549316406 2.8499999046325684
   vertex 40.25 53.200000762939453 1.6499999761581421
   vertex 40.25 53.200000762939453 2.8499999046325684
  endloop
 endfacet
 facet normal -0 0 1
  outer loop
   vertex 41.75 53.200000762939453 1.6499999761581421
   vertex 40.25 53.200000762939453 1.6499999761581421
   vertex 40.25 53.124000549316406 1.6499999761581421
  endloop
 endfacet
 facet normal 0 0 1
  outer loop
   vertex 41.75 53.200000762939453 1.6499999761581421
   vertex 40.25 53.124000549316406 1.6499999761581421
   vertex 41.75 53.124000549316406 1.6499999761581421
  endloop
 endfacet
 facet normal -0 0 1
  outer loop
   vertex 48.416671752929688 53.200000762939453 1.6499999761581421
   vertex 46.916671752929688 53.200000762939453 1.6499999761581421
   vertex 46.916671752929688 53.124000549316406 1.6499999761581421
  endloop
 endfacet
 facet normal 0 0 1
  outer loop
   vertex 48.416671752929688 53.200000762939453 1.6499999761581421
   vertex 46.916671752929688 53.124000549316406 1.6499999761581421
   vertex 48.416671752929688 53.124000549316406 1.6499999761581421
  endloop
 endfacet
 facet normal -1 0 0
  outer loop
   vertex 48.416671752929688 53.124000549316406 2.8499999046325684
   vertex 48.416671752929688 53.200000762939453 1.6499999761581421
   vertex 48.416671752929688 53.124000549316406 1.6499999761581421
  endloop
 endfacet
 facet normal -1 -0 -0
  outer loop
   vertex 48.416671752929688 53.124000549316406 2.8499999046325684
   vertex 48.416671752929688 53.200000762939453 2.8499999046325684
   vertex 48.416671752929688 53.200000762939453 1.6499999761581421
  endloop
 endfacet
 facet normal 1 0 0
  outer loop
   vertex 46.916671752929688 53.124000549316406 2.8499999046325684
   vertex 46.916671752929688 53.124000549316406 1.6499999761581421
   vertex 46.916671752929688 53.200000762939453 1.6499999761581421
  endloop
 endfacet
 facet normal 1 0 -0
  outer loop
   vertex 46.916671752929688 53.124000549316406 2.8499999046325684
   vertex 46.916671752929688 53.200000762939453 1.6499999761581421
   vertex 46.916671752929688 53.200000762939453 2.8499999046325684
  endloop
 endfacet
 facet normal 0 0 -1
  outer loop
   vertex 48.416671752929688 53.200000762939453 2.8499999046325684
   vertex 46.916671752929688 53.124000549316406 2.8499999046325684
   vertex 46.916671752929688 53.200000762939453 2.8499999046325684
  endloop
 endfacet
 facet normal 0 0 -1
  outer loop
   vertex 48.416671752929688 53.200000762939453 2.8499999046325684
   vertex 48.416671752929688 53.124000549316406 2.8499999046325684
   vertex 46.916671752929688 53.124000549316406 2.8499999046325684
  endloop
 endfacet
 facet normal 0 0 -1
  outer loop
   vertex 35.083328247070312 53.200000762939453 5.5500001907348633
   vertex 33.583328247070312 53.124000549316406 5.5500001907348633
   vertex 33.583328247070312 53.200000762939453 5.5500001907348633
  endloop
 endfacet
 facet normal 0 0 -1
  outer loop
   vertex 35.083328247070312 53.200000762939453 5.5500001907348633
   vertex 35.083328247070312 53.124000549316406 5.5500001907348633
   vertex 33.583328247070312 53.124000549316406 5.5500001907348633
  endloop
 endfacet
 facet normal -1 0 0
  outer loop
   vertex 35.083328247070312 53.124000549316406 5.5500001907348633
   vertex 35.083328247070312 53.200000762939453 4.3499999046325684
   vertex 35.083328247070312 53.124000549316406 4.3499999046325684
  endloop
 endfacet
 facet normal -1 -0 -0
  outer loop
   vertex 35.083328247070312 53.124000549316406 5.5500001907348633
   vertex 35.083328247070312 53.200000762939453 5.5500001907348633
   vertex 35.083328247070312 53.200000762939453 4.3499999046325684
  endloop
 endfacet
 facet normal 1 0 0
  outer loop
   vertex 33.583328247070312 53.124000549316406 5.5500001907348633
   vertex 33.583328247070312 53.124000549316406 4.3499999046325684
   vertex 33.583328247070312 53.200000762939453 4.3499999046325684
  endloop
 endfacet
 facet normal 1 0 -0
  outer loop
   vertex 33.583328247070312 53.124000549316406 5.5500001907348633
   vertex 33.583328247070312 53.200000762939453 4.3499999046325684
   vertex 33.583328247070312 53.200000762939453 5.5500001907348633
  endloop
 endfacet
 facet normal -0 0 1
  outer loop
   vertex 35.083328247070312 53.200000762939453 4.3499999046325684
   vertex 33.583328247070312 53.200000762939453 4.3499999046325684
   vertex 33.583328247070312 53.124000549316406 4.3499999046325684
  endloop
 endfacet
 facet normal 0 0 1
  outer loop
   vertex 35.083328247070312 53.200000762939453 4.3499999046325684
   vertex 33.583328247070312 53.124000549316406 4.3499999046325684
   vertex 35.083328247070312 53.124000549316406 4.3499999046325684
  endloop
 endfacet
 facet normal 0 0 -1
  outer loop
   vertex 41.75 53.200000762939453 5.5500001907348633
   vertex 40.25 53.124000549316406 5.5500001907348633
   vertex 40.25 53.200000762939453 5.5500001907348633
  endloop
 endfacet
 facet normal 0 0 -1
  outer loop
   vertex 41.75 53.200000762939453 5.5500001907348633
   vertex 41.75 53.124000549316406 5.5500001907348633
   vertex 40.25 53.124000549316406 5.5500001907348633
  endloop
 endfacet
 facet normal -1 0 0
  outer loop
   vertex 41.75 53.124000549316406 5.5500001907348633
   vertex 41.75 53.200000762939453 4.3499999046325684
   vertex 41.75 53.124000549316406 4.3499999046325684
  endloop
 endfacet
 facet normal -1 -0 -0
  outer loop
   vertex 41.75 53.124000549316406 5.5500001907348633
   vertex 41.75 53.200000762939453 5.5500001907348633
   vertex 41.75 53.200000762939453 4.3499999046325684
  endloop
 endfacet
 facet normal 1 0 0
  outer loop
   vertex 40.25 53.124000549316406 5.5500001907348633
   vertex 40.25 53.124000549316406 4.3499999046325684
   vertex 40.25 53.200000762939453 4.3499999046325684
  endloop
 endfacet
 facet normal 1 0 -0
  outer loop
   vertex 40.25 53.124000549316406 5.5500001907348633
   vertex 40.25 53.200000762939453 4.3499999046325684
   vertex 40.25 53.200000762939453 5.5500001907348633
  endloop
 endfacet
 facet normal -0 0 1
  outer loop
   vertex 41.75 53.200000762939453 4.3499999046325684
   vertex 40.25 53.200000762939453 4.3499999046325684
   vertex 40.25 53.124000549316406 4.3499999046325684
  endloop
 endfacet
 facet normal 0 0 1
  outer loop
   vertex 41.75 53.200000762939453 4.3499999046325684
   vertex 40.25 53.124000549316406 4.3499999046325684
   vertex 41.75 53.124000549316406 4.3499999046325684
  endloop
 endfacet
 facet normal -0 0 1
  outer loop
   vertex 48.416671752929688 53.200000762939453 4.3499999046325684
   vertex 46.916671752929688 53.200000762939453 4.3499999046325684
   vertex 46.916671752929688 53.124000549316406 4.3499999046325684
  endloop
 endfacet
 facet normal 0 0 1
  outer loop
   vertex 48.416671752929688 53.200000762939453 4.3499999046325684
   vertex 46.916671752929688 53.124000549316406 4.3499999046325684
   vertex 48.416671752929688 53.124000549316406 4.3499999046325684
  endloop
 endfacet
 facet normal -1 0 0
  outer loop
   vertex 48.416671752929688 53.124000549316406 5.5500001907348633
   vertex 48.416671752929688 53.200000762939453 4.3499999046325684
   vertex 48.416671752929688 53.124000549316406 4.3499999046325684
  endloop
 endfacet
 facet normal -1 -0 -0
  outer loop
   vertex 48.416671752929688 53.124000549316406 5.5500001907348633
   vertex 48.416671752929688 53.200000762939453 5.5500001907348633
   vertex 48.416671752929688 53.200000762939453 4.3499999046325684
  endloop
 endfacet
 facet normal 1 0 0
  outer loop
   vertex 46.916671752929688 53.124000549316406 5.5500001907348633
   vertex 46.916671752929688 53.124000549316406 4.3499999046325684
   vertex 46.916671752929688 53.200000762939453 4.3499999046325684
  endloop
 endfacet
 facet normal 1 0 -0
  outer loop
   vertex 46.916671752929688 53.124000549316406 5.5500001907348633
   vertex 46.916671752929688 53.200000762939453 4.3499999046325684
   vertex 46.916671752929688 53.200000762939453 5.5500001907348633
  endloop
 endfacet
 facet normal 0 0 -1
  outer loop
   vertex 48.416671752929688 53.200000762939453 5.5500001907348633
   vertex 46.916671752929688 53.124000549316406 5.5500001907348633
   vertex 46.916671752929688 53.200000762939453 5.5500001907348633
  endloop
 endfacet
 facet normal 0 0 -1
  outer loop
   vertex 48.416671752929688 53.200000762939453 5.5500001907348633
   vertex 48.416671752929688 53.124000549316406 5.5500001907348633
   vertex 46.916671752929688 53.124000549316406 5.5500001907348633
  endloop
 endfacet
 facet normal 0 0 -1
  outer loop
   vertex 35.083328247070312 53.200000762939453 8.25
   vertex 33.583328247070312 53.124000549316406 8.25
   vertex 33.583328247070312 53.200000762939453 8.25
  endloop
 endfacet
 facet normal 0 0 -1
  outer loop
   vertex 35.083328247070312 53.200000762939453 8.25
   vertex 35.083328247070312 53.124000549316406 8.25
   vertex 33.583328247070312 53.124000549316406 8.25
  endloop
 endfacet
 facet normal -1 0 0
  outer loop
   vertex 35.083328247070312 53.124000549316406 8.25
   vertex 35.083328247070312 53.200000762939453 7.0500001907348633
   vertex 35.083328247070312 53.124000549316406 7.0500001907348633
  endloop
 endfacet
 facet normal -1 -0 -0
  outer loop
   vertex 35.083328247070312 53.124000549316406 8.25
   vertex 35.083328247070312 53.200000762939453 8.25
   vertex 35.083328247070312 53.200000762939453 7.0500001907348633
  endloop
 endfacet
 facet normal 1 0 0
  outer loop
   vertex 33.583328247070312 53.124000549316406 8.25
   vertex 33.583328247070312 53.124000549316406 7.0500001907348633
   vertex 33.583328247070312 53.200000762939453 7.0500001907348633
  endloop
 endfacet
 facet normal 1 0 -0
  outer loop
   vertex 33.583328247070312 53.124000549316406 8.25
   vertex 33.583328247070312 53.200000762939453 7.0500001907348633
   vertex 33.583328247070312 53.200000762939453 8.25
  endloop
 endfacet
 facet normal -0 0 1
  outer loop
   vertex 35.083328247070312 53.200000762939453 7.0500001907348633
   vertex 33.583328247070312 53.200000762939453 7.0500001907348633
   vertex 33.583328247070312 53.124000549316406 7.0500001907348633
  endloop
 endfacet
 facet normal 0 0 1
  outer loop
   vertex 35.083328247070312 53.200000762939453 7.0500001907348633
   vertex 33.583328247070312 53.124000549316406 7.0500001907348633
   vertex 35.083328247070312 53.124000549316406 7.0500001907348633
  endloop
 endfacet
 facet normal 0 0 -1
  outer loop
   vertex 41.75 53.200000762939453 8.25
   vertex 40.25 53.124000549316406 8.25
   vertex 40.25 53.200000762939453 8.25
  endloop
 endfacet
 facet normal 0 0 -1
  outer loop
   vertex 41.75 53.200000762939453 8.25
   vertex 41.75 53.124000549316406 8.25
   vertex 40.25 53.124000549316406 8.25
  endloop
 endfacet
 facet normal -1 0 0
  outer loop
   vertex 41.75 53.124000549316406 8.25
   vertex 41.75 53.200000762939453 7.0500001907348633
   vertex 41.75 53.124000549316406 7.0500001907348633
  endloop
 endfacet
 facet normal -1 -0 -0
  outer loop
   vertex 41.75 53.124000549316406 8.25
   vertex 41.75 53.200000762939453 8.25
   vertex 41.75 53.200000762939453 7.0500001907348633
  endloop
 endfacet
 facet normal 1 0 0
  outer loop
   vertex 40.25 53.124000549316406 8.25
   vertex 40.25 53.124000549316406 7.0500001907348633
   vertex 40.25 53.200000762939453 7.0500001907348633
  endloop
 endfacet
 facet normal 1 0 -0
  outer loop
   vertex 40.25 53.124000549316406 8.25
   vertex 40.25 53.200000762939453 7.0500001907348633
   vertex 40.25 53.200000762939453 8.25
  endloop
 endfacet
 facet normal -0 0 1
  outer loop
   vertex 41.75 53.200000762939453 7.0500001907348633
   vertex 40.25 53.200000762939453 7.0500001907348633
   vertex 40.25 53.124000549316406 7.0500001907348633
  endloop
 endfacet
 facet normal 0 0 1
  outer loop
   vertex 41.75 53.200000762939453 7.0500001907348633
   vertex 40.25 53.124000549316406 7.0500001907348633
   vertex 41.75 53.124000549316406 7.0500001907348633
  endloop
 endfacet
 facet normal -0 0 1
  outer loop
   vertex 48.416671752929688 53.200000762939453 7.0500001907348633
   vertex 46.916671752929688 53.200000762939453 7.0500001907348633
   vertex 46.916671752929688 53.124000549316406 7.0500001907348633
  endloop
 endfacet
 facet normal 0 0 1
  outer loop
   vertex 48.416671752929688 53.200000762939453 7.0500001907348633
   vertex 46.916671752929688 53.124000549316406 7.0500001907348633
   vertex 48.416671752929688 53.124000549316406 7.0500001907348633
  endloop
 endfacet
 facet normal -1 0 0
  outer loop
   vertex 48.416671752929688 53.124000549316406 8.25
   vertex 48.416671752929688 53.200000762939453 7.0500001907348633
   vertex 48.416671752929688 53.124000549316406 7.0500001907348633
  endloop
 endfacet
 facet normal -1 -0 -0
  outer loop
   vertex 48.416671752929688 53.124000549316406 8.25
   vertex 48.416671752929688 53.200000762939453 8.25
   vertex 48.416671752929688 53.200000762939453 7.0500001907348633
  endloop
 endfacet
 facet normal 1 0 0
  outer loop
   vertex 46.916671752929688 53.124000549316406 8.25
   vertex 46.916671752929688 53.124000549316406 7.0500001907348633
   vertex 46.916671752929688 53.200000762939453 7.0500001907348633
  endloop
 endfacet
 facet normal 1 0 -0
  outer loop
   vertex 46.916671752929688 53.124000549316406 8.25
   vertex 46.916671752929688 53.200000762939453 7.0500001907348633
   vertex 46.916671752929688 53.200000762939453 8.25
  endloop
 endfacet
 facet normal 0 0 -1
  outer loop
   vertex 48.416671752929688 53.200000762939453 8.25
   vertex 46.916671752929688 53.124000549316406 8.25
   vertex 46.916671752929688 53.200000762939453 8.25
  endloop
 endfacet
 facet normal 0 0 -1
  outer loop
   vertex 48.416671752929688 53.200000762939453 8.25
   vertex 48.416671752929688 53.124000549316406 8.25
   vertex 46.916671752929688 53.124000549316406 8.25
  endloop
 endfacet
 facet normal 0 0 -1
  outer loop
   vertex 35.083328247070312 53.200000762939453 10.949999809265137
   vertex 33.583328247070312 53.124000549316406 10.949999809265137
   vertex 33.583328247070312 53.200000762939453 10.949999809265137
  endloop
 endfacet
 facet normal 0 0 -1
  outer loop
   vertex 35.083328247070312 53.200000762939453 10.949999809265137
   vertex 35.083328247070312 53.124000549316406 10.949999809265137
   vertex 33.583328247070312 53.124000549316406 10.949999809265137
  endloop
 endfacet
 facet normal -1 0 0
  outer loop
   vertex 35.083328247070312 53.124000549316406 10.949999809265137
   vertex 35.083328247070312 53.200000762939453 9.75
   vertex 35.083328247070312 53.124000549316406 9.75
  endloop
 endfacet
 facet normal -1 -0 -0
  outer loop
   vertex 35.083328247070312 53.124000549316406 10.949999809265137
   vertex 35.083328247070312 53.200000762939453 10.949999809265137
   vertex 35.083328247070312 53.200000762939453 9.75
  endloop
 endfacet
 facet normal 1 0 0
  outer loop
   vertex 33.583328247070312 53.124000549316406 10.949999809265137
   vertex 33.583328247070312 53.124000549316406 9.75
   vertex 33.583328247070312 53.200000762939453 9.75
  endloop
 endfacet
 facet normal 1 0 -0
  outer loop
   vertex 33.583328247070312 53.124000549316406 10.949999809265137
   vertex 33.583328247070312 53.200000762939453 9.75
   vertex 33.583328247070312 53.200000762939453 10.949999809265137
  endloop
 endfacet
 facet normal -0 0 1
  outer loop
   vertex 35.083328247070312 53.200000762939453 9.75
   vertex 33.583328247070312 53.200000762939453 9.75
   vertex 33.583328247070312 53.124000549316406 9.75
  endloop
 endfacet
 facet normal 0 0 1
  outer loop
   vertex 35.083328247070312 53.200000762939453 9.75
   vertex 33.583328247070312 53.124000549316406 9.75
   vertex 35.083328247070312 53.124000549316406 9.75
  endloop
 endfacet
 facet normal 0 0 -1
  outer loop
   vertex 41.75 53.200000762939453 10.949999809265137
   vertex 40.25 53.124000549316406 10.949999809265137
   vertex 40.25 53.200000762939453 10.949999809265137
  endloop
 endfacet
 facet normal 0 0 -1
  outer loop
   vertex 41.75 53.200000762939453 10.949999809265137
   vertex 41.75 53.124000549316406 10.949999809265137
   vertex 40.25 53.124000549316406 10.949999809265137
  endloop
 endfacet
 facet normal -1 0 0
  outer loop
   vertex 41.75 53.124000549316406 10.949999809265137
   vertex 41.75 53.200000762939453 9.75
   vertex 41.75 53.124000549316406 9.75
  endloop
 endfacet
 facet normal -1 -0 -0
  outer loop
   vertex 41.75 53.124000549316406 10.949999809265137
   vertex 41.75 53.200000762939453 10.949999809265137
   vertex 41.75 53.200000762939453 9.75
  endloop
 endfacet
 facet normal 1 0 0
  outer loop
   vertex 40.25 53.124000549316406 10.949999809265137
   vertex 40.25 53.124000549316406 9.75
   vertex 40.25 53.200000762939453 9.75
  endloop
 endfacet
 facet normal 1 0 -0
  outer loop
   vertex 40.25 53.124000549316406 10.949999809265137
   vertex 40.25 53.200000762939453 9.75
   vertex 40.25 53.200000762939453 10.949999809265137
  endloop
 endfacet
 facet normal -0 0 1
  outer loop
   vertex 41.75 53.200000762939453 9.75
   vertex 40.25 53.200000762939453 9.75
   vertex 40.25 53.124000549316406 9.75
  endloop
 endfacet
 facet normal 0 0 1
  outer loop
   vertex 41.75 53.200000762939453 9.75
   vertex 40.25 53.124000549316406 9.75
   vertex 41.75 53.124000549316406 9.75
  endloop
 endfacet
 facet normal -0 0 1
  outer loop
   vertex 48.416671752929688 53.200000762939453 9.75
   vertex 46.916671752929688 53.200000762939453 9.75
   vertex 46.916671752929688 53.124000549316406 9.75
  endloop
 endfacet
 facet normal 0 0 1
  outer loop
   vertex 48.416671752929688 53.200000762939453 9.75
   vertex 46.916671752929688 53.124000549316406 9.75
   vertex 48.416671752929688 53.124000549316406 9.75
  endloop
 endfacet
 facet normal -1 0 0
  outer loop
   vertex 48.416671752929688 53.124000549316406 10.949999809265137
   vertex 48.416671752929688 53.200000762939453 9.75
   vertex 48.416671752929688 53.124000549316406 9.75
  endloop
 endfacet
 facet normal -1 -0 -0
  outer loop
   vertex 48.416671752929688 53.124000549316406 10.949999809265137
   vertex 48.416671752929688 53.200000762939453 10.949999809265137
   vertex 48.416671752929688 53.200000762939453 9.75
  endloop
 endfacet
 facet normal 1 0 0
  outer loop
   vertex 46.916671752929688 53.124000549316406 10.949999809265137
   vertex 46.916671752929688 53.124000549316406 9.75
   vertex 46.916671752929688 53.200000762939453 9.75
  endloop
 endfacet
 facet normal 1 0 -0
  outer loop
   vertex 46.916671752929688 53.124000549316406 10.949999809265137
   vertex 46.916671752929688 53.200000762939453 9.75
   vertex 46.916671752929688 53.200000762939453 10.949999809265137
  endloop
 endfacet
 facet normal 0 0 -1
  outer loop
   vertex 48.416671752929688 53.200000762939453 10.949999809265137
   vertex 46.916671752929688 53.124000549316406 10.949999809265137
   vertex 46.916671752929688 53.200000762939453 10.949999809265137
  endloop
 endfacet
 facet normal 0 0 -1
  outer loop
   vertex 48.416671752929688 53.200000762939453 10.949999809265137
   vertex 48.416671752929688 53.124000549316406 10.949999809265137
   vertex 46.916671752929688 53.124000549316406 10.949999809265137
  endloop
 endfacet
 facet normal 0 0 -1
  outer loop
   vertex 35.083328247070312 53.200000762939453 13.649999618530273
   vertex 33.583328247070312 53.124000549316406 13.649999618530273
   vertex 33.583328247070312 53.200000762939453 13.649999618530273
  endloop
 endfacet
 facet normal 0 0 -1
  outer loop
   vertex 35.083328247070312 53.200000762939453 13.649999618530273
   vertex 35.083328247070312 53.124000549316406 13.649999618530273
   vertex 33.583328247070312 53.124000549316406 13.649999618530273
  endloop
 endfacet
 facet normal -1 0 0
  outer loop
   vertex 35.083328247070312 53.124000549316406 13.649999618530273
   vertex 35.083328247070312 53.200000762939453 12.449999809265137
   vertex 35.083328247070312 53.124000549316406 12.449999809265137
  endloop
 endfacet
 facet normal -1 -0 -0
  outer loop
   vertex 35.083328247070312 53.124000549316406 13.649999618530273
   vertex 35.083328247070312 53.200000762939453 13.649999618530273
   vertex 35.083328247070312 53.200000762939453 12.449999809265137
  endloop
 endfacet
 facet normal 1 0 0
  outer loop
   vertex 33.583328247070312 53.124000549316406 13.649999618530273
   vertex 33.583328247070312 53.124000549316406 12.449999809265137
   vertex 33.583328247070312 53.200000762939453 12.449999809265137
  endloop
 endfacet
 facet normal 1 0 -0
  outer loop
   vertex 33.583328247070312 53.124000549316406 13.649999618530273
   vertex 33.583328247070312 53.200000762939453 12.449999809265137
   vertex 33.583328247070312 53.200000762939453 13.649999618530273
  endloop
 endfacet
 facet normal -0 0 1
  outer loop
   vertex 35.083328247070312 53.200000762939453 12.449999809265137
   vertex 33.583328247070312 53.200000762939453 12.449999809265137
   vertex 33.583328247070312 53.124000549316406 12.449999809265137
  endloop
 endfacet
 facet normal 0 0 1
  outer loop
   vertex 35.083328247070312 53.200000762939453 12.449999809265137
   vertex 33.583328247070312 53.124000549316406 12.449999809265137
   vertex 35.083328247070312 53.124000549316406 12.449999809265137
  endloop
 endfacet
 facet normal 0 0 -1
  outer loop
   vertex 41.75 53.200000762939453 13.649999618530273
   vertex 40.25 53.124000549316406 13.649999618530273
   vertex 40.25 53.200000762939453 13.649999618530273
  endloop
 endfacet
 facet normal 0 0 -1
  outer loop
   vertex 41.75 53.200000762939453 13.649999618530273
   vertex 41.75 53.124000549316406 13.649999618530273
   vertex 40.25 53.124000549316406 13.649999618530273
  endloop
 endfacet
 facet normal -1 0 0
  outer loop
   vertex 41.75 53.124000549316406 13.649999618530273
   vertex 41.75 53.200000762939453 12.449999809265137
   vertex 41.75 53.124000549316406 12.449999809265137
  endloop
 endfacet
 facet normal -1 -0 -0
  outer loop
   vertex 41.75 53.124000549316406 13.649999618530273
   vertex 41.75 53.200000762939453 13.649999618530273
   vertex 41.75 53.200000762939453 12.449999809265137
  endloop
 endfacet
 facet normal 1 0 0
  outer loop
   vertex 40.25 53.124000549316406 13.649999618530273
   vertex 40.25 53.124000549316406 12.449999809265137
   vertex 40.25 53.200000762939453 12.449999809265137
  endloop
 endfacet
 facet normal 1 0 -0
  outer loop
   vertex 40.25 53.124000549316406 13.649999618530273
   vertex 40.25 53.200000762939453 12.449999809265137
   vertex 40.25 53.200000762939453 13.649999618530273
  endloop
 endfacet
 facet normal -0 0 1
  outer loop
   vertex 41.75 53.200000762939453 12.449999809265137
   vertex 40.25 53.200000762939453 12.449999809265137
   vertex 40.25 53.124000549316406 12.449999809265137
  endloop
 endfacet
 facet normal 0 0 1
  outer loop
   vertex 41.75 53.200000762939453 12.449999809265137
   vertex 40.25 53.124000549316406 12.449999809265137
   vertex 41.75 53.124000549316406 12.449999809265137
  endloop
 endfacet
 facet normal -0 0 1
  outer loop
   vertex 48.416671752929688 53.200000762939453 12.449999809265137
   vertex 46.916671752929688 53.200000762939453 12.449999809265137
   vertex 46.916671752929688 53.124000549316406 12.449999809265137
  endloop
 endfacet
 facet normal 0 0 1
  outer loop
   vertex 48.416671752929688 53.200000762939453 12.449999809265137
   vertex 46.916671752929688 53.124000549316406 12.449999809265137
   vertex 48.416671752929688 53.124000549316406 12.449999809265137
  endloop
 endfacet
 facet normal -1 0 0
  outer loop
   vertex 48.416671752929688 53.124000549316406 13.649999618530273
   vertex 48.416671752929688 53.200000762939453 12.449999809265137
   vertex 48.416671752929688 53.124000549316406 12.449999809265137
  endloop
 endfacet
 facet normal -1 -0 -0
  outer loop
   vertex 48.416671752929688 53.124000549316406 13.649999618530273
   vertex 48.416671752929688 53.200000762939453 13.649999618530273
   vertex 48.416671752929688 53.200000762939453 12.449999809265137
  endloop
 endfacet
 facet normal 1 0 0
  outer loop
   vertex 46.916671752929688 53.124000549316406 13.649999618530273
   vertex 46.916671752929688 53.124000549316406 12.449999809265137
   vertex 46.916671752929688 53.200000762939453 12.449999809265137
  endloop
 endfacet
 facet normal 1 0 -0
  outer loop
   vertex 46.916671752929688 53.124000549316406 13.649999618530273
   vertex 46.916671752929688 53.200000762939453 12.449999809265137
   vertex 46.916671752929688 53.200000762939453 13.649999618530273
  endloop
 endfacet
 facet normal 0 0 -1
  outer loop
   vertex 48.416671752929688 53.200000762939453 13.649999618530273
   vertex 46.916671752929688 53.124000549316406 13.649999618530273
   vertex 46.916671752929688 53.200000762939453 13.649999618530273
  endloop
 endfacet
 facet normal 0 0 -1
  outer loop
   vertex 48.416671752929688 53.200000762939453 13.649999618530273
   vertex 48.416671752929688 53.124000549316406 13.649999618530273
   vertex 46.916671752929688 53.124000549316406 13.649999618530273
  endloop
 endfacet
 facet normal -0 0 1
  outer loop
   vertex 37.666671752929688 67.699996948242188 12
   vertex 31.299999237060547 67.699996948242188 12
   vertex 31.299999237060547 60.700000762939453 12
  endloop
 endfacet
 facet normal 0 0 1
  outer loop
   vertex 37.666671752929688 67.699996948242188 12
   vertex 31.299999237060547 60.700000762939453 12
   vertex 37.666671752929688 60.700000762939453 12
  endloop
 endfacet
 facet normal -1 0 0
  outer loop
   vertex 37.666671752929688 60.700000762939453 14.5
   vertex 37.666671752929688 67.699996948242188 12
   vertex 37.666671752929688 60.700000762939453 12
  endloop
 endfacet
 facet normal -1 -0 -0
  outer loop
   vertex 37.666671752929688 60.700000762939453 14.5
   vertex 37.666671752929688 67.699996948242188 14.5
   vertex 37.666671752929688 67.699996948242188 12
  endloop
 endfacet
 facet normal 0 0 -1
  outer loop
   vertex 37.666671752929688 67.699996948242188 14.5
   vertex 31.299999237060547 60.700000762939453 14.5
   vertex 31.299999237060547 67.699996948242188 14.5
  endloop
 endfacet
 facet normal 0 0 -1
  outer loop
   vertex 37.666671752929688 67.699996948242188 14.5
   vertex 37.666671752929688 60.700000762939453 14.5
   vertex 31.299999237060547 60.700000762939453 14.5
  endloop
 endfacet
 facet normal -0 0 1
  outer loop
   vertex 44.333328247070312 67.699996948242188 12
   vertex 37.866668701171875 67.699996948242188 12
   vertex 37.866668701171875 60.700000762939453 12
  endloop
 endfacet
 facet normal 0 0 1
  outer loop
   vertex 44.333328247070312 67.699996948242188 12
   vertex 37.866668701171875 60.700000762939453 12
   vertex 44.333328247070312 60.700000762939453 12
  endloop
 endfacet
 facet normal 1 0 0
  outer loop
   vertex 37.866668701171875 60.700000762939453 14.5
   vertex 37.866668701171875 60.700000762939453 12
   vertex 37.866668701171875 67.699996948242188 12
  endloop
 endfacet
 facet normal 1 0 -0
  outer loop
   vertex 37.866668701171875 60.700000762939453 14.5
   vertex 37.866668701171875 67.699996948242188 12
   vertex 37.866668701171875 67.699996948242188 14.5
  endloop
 endfacet
 facet normal -1 0 0
  outer loop
   vertex 44.333328247070312 60.700000762939453 14.5
   vertex 44.333328247070312 67.699996948242188 12
   vertex 44.333328247070312 60.700000762939453 12
  endloop
 endfacet
 facet normal -1 -0 -0
  outer loop
   vertex 44.333328247070312 60.700000762939453 14.5
   vertex 44.333328247070312 67.699996948242188 14.5
   vertex 44.333328247070312 67.699996948242188 12
  endloop
 endfacet
 facet normal 0 0 -1
  outer loop
   vertex 44.333328247070312 67.699996948242188 14.5
   vertex 37.866668701171875 60.700000762939453 14.5
   vertex 37.866668701171875 67.699996948242188 14.5
  endloop
 endfacet
 facet normal 0 0 -1
  outer loop
   vertex 44.333328247070312 67.699996948242188 14.5
   vertex 44.333328247070312 60.700000762939453 14.5
   vertex 37.866668701171875 60.700000762939453 14.5
  endloop
 endfacet
 facet normal -0 0 1
  outer loop
   vertex 50.700000762939453 67.699996948242188 12
   vertex 44.533329010009766 67.699996948242188 12
   vertex 44.533329010009766 60.700000762939453 12
  endloop
 endfacet
 facet normal 0 0 1
  outer loop
   vertex 50.700000762939453 67.699996948242188 12
   vertex 44.533329010009766 60.700000762939453 12
   vertex 50.700000762939453 60.700000762939453 12
  endloop
 endfacet
 facet normal 1 0 0
  outer loop
   vertex 44.533329010009766 60.700000762939453 14.5
   vertex 44.533329010009766 60.700000762939453 12
   vertex 44.533329010009766 67.699996948242188 12
  endloop
 endfacet
 facet normal 1 0 -0
  outer loop
   vertex 44.533329010009766 60.700000762939453 14.5
   vertex 44.533329010009766 67.699996948242188 12
   vertex 44.533329010009766 67.699996948242188 14.5
  endloop
 endfacet
 facet normal 0 0 -1
  outer loop
   vertex 50.700000762939453 67.699996948242188 14.5
   vertex 44.533329010009766 60.700000762939453 14.5
   vertex 44.533329010009766 67.699996948242188 14.5
  endloop
 endfacet
 facet normal 0 0 -1
  outer loop
   vertex 50.700000762939453 67.699996948242188 14.5
   vertex 50.700000762939453 60.700000762939453 14.5
   vertex 44.533329010009766 60.700000762939453 14.5
  endloop
 endfacet
 facet normal -0 0 1
  outer loop
   vertex 37.666671752929688 67.699996948242188 9.3000001907348633
   vertex 31.299999237060547 67.699996948242188 9.3000001907348633
   vertex 31.299999237060547 60.700000762939453 9.3000001907348633
  endloop
 endfacet
 facet normal 0 0 1
  outer loop
   vertex 37.666671752929688 67.699996948242188 9.3000001907348633
   vertex 31.299999237060547 60.700000762939453 9.3000001907348633
   vertex 37.666671752929688 60.700000762939453 9.3000001907348633
  endloop
 endfacet
 facet normal -1 0 -0
  outer loop
   vertex 37.666671752929688 60.700000762939453 9.3000001907348633
   vertex 37.666671752929688 67.699996948242188 11.800000190734863
   vertex 37.666671752929688 67.699996948242188 9.3000001907348633
  endloop
 endfacet
 facet normal -1 -0 0
  outer loop
   vertex 37.666671752929688 60.700000762939453 11.800000190734863
   vertex 37.666671752929688 67.699996948242188 11.800000190734863
   vertex 37.666671752929688 60.700000762939453 9.3000001907348633
  endloop
 endfacet
 facet normal 0 0 -1
  outer loop
   vertex 37.666671752929688 67.699996948242188 11.800000190734863
   vertex 31.299999237060547 60.700000762939453 11.800000190734863
   vertex 31.299999237060547 67.699996948242188 11.800000190734863
  endloop
 endfacet
 facet normal 0 0 -1
  outer loop
   vertex 37.666671752929688 67.699996948242188 11.800000190734863
   vertex 37.666671752929688 60.700000762939453 11.800000190734863
   vertex 31.299999237060547 60.700000762939453 11.800000190734863
  endloop
 endfacet
 facet normal -0 0 1
  outer loop
   vertex 44.333328247070312 67.699996948242188 9.3000001907348633
   vertex 37.866668701171875 67.699996948242188 9.3000001907348633
   vertex 37.866668701171875 60.700000762939453 9.3000001907348633
  endloop
 endfacet
 facet normal 0 0 1
  outer loop
   vertex 44.333328247070312 67.699996948242188 9.3000001907348633
   vertex 37.866668701171875 60.700000762939453 9.3000001907348633
   vertex 44.333328247070312 60.700000762939453 9.3000001907348633
  endloop
 endfacet
 facet normal 1 0 -0
  outer loop
   vertex 37.866668701171875 60.700000762939453 9.3000001907348633
   vertex 37.866668701171875 67.699996948242188 9.3000001907348633
   vertex 37.866668701171875 67.699996948242188 11.800000190734863
  endloop
 endfacet
 facet normal 1 0 0
  outer loop
   vertex 37.866668701171875 60.700000762939453 11.800000190734863
   vertex 37.866668701171875 60.700000762939453 9.3000001907348633
   vertex 37.866668701171875 67.699996948242188 11.800000190734863
  endloop
 endfacet
 facet normal -1 0 -0
  outer loop
   vertex 44.333328247070312 60.700000762939453 9.3000001907348633
   vertex 44.333328247070312 67.699996948242188 11.800000190734863
   vertex 44.333328247070312 67.699996948242188 9.3000001907348633
  endloop
 endfacet
 facet normal -1 -0 0
  outer loop
   vertex 44.333328247070312 60.700000762939453 11.800000190734863
   vertex 44.333328247070312 67.699996948242188 11.800000190734863
   vertex 44.333328247070312 60.700000762939453 9.3000001907348633
  endloop
 endfacet
 facet normal 0 0 -1
  outer loop
   vertex 44.333328247070312 67.699996948242188 11.800000190734863
   vertex 37.866668701171875 60.700000762939453 11.800000190734863
   vertex 37.866668701171875 67.699996948242188 11.800000190734863
  endloop
 endfacet
 facet normal 0 0 -1
  outer loop
   vertex 44.333328247070312 67.699996948242188 11.800000190734863
   vertex 44.333328247070312 60.700000762939453 11.800000190734863
   vertex 37.866668701171875 60.700000762939453 11.800000190734863
  endloop
 endfacet
 facet normal -0 0 1
  outer loop
   vertex 50.700000762939453 67.699996948242188 9.3000001907348633
   vertex 44.533329010009766 67.699996948242188 9.3000001907348633
   vertex 44.533329010009766 60.700000762939453 9.3000001907348633
  endloop
 endfacet
 facet normal 0 0 1
  outer loop
   vertex 50.700000762939453 67.699996948242188 9.3000001907348633
   vertex 44.533329010009766 60.700000762939453 9.3000001907348633
   vertex 50.700000762939453 60.700000762939453 9.3000001907348633
  endloop
 endfacet
 facet normal 1 0 -0
  outer loop
   vertex 44.533329010009766 60.700000762939453 9.3000001907348633
   vertex 44.533329010009766 67.699996948242188 9.3000001907348633
   vertex 44.533329010009766 67.699996948242188 11.800000190734863
  endloop
 endfacet
 facet normal 1 0 0
  outer loop
   vertex 44.533329010009766 60.700000762939453 11.800000190734863
   vertex 44.533329010009766 60.700000762939453 9.3000001907348633
   vertex 44.533329010009766 67.699996948242188 11.800000190734863
  endloop
 endfacet
 facet normal 0 0 -1
  outer loop
   vertex 50.700000762939453 67.699996948242188 11.800000190734863
   vertex 44.533329010009766 60.700000762939453 11.800000190734863
   vertex 44.533329010009766 67.699996948242188 11.800000190734863
  endloop
 endfacet
 facet normal 0 0 -1
  outer loop
   vertex 50.700000762939453 67.699996948242188 11.800000190734863
   vertex 50.700000762939453 60.700000762939453 11.800000190734863
   vertex 44.533329010009766 60.700000762939453 11.800000190734863
  endloop
 endfacet
 facet normal -0 0 1
  outer loop
   vertex 37.666671752929688 67.699996948242188 6.5999999046325684
   vertex 31.299999237060547 67.699996948242188 6.5999999046325684
   vertex 31.299999237060547 60.700000762939453 6.5999999046325684
  endloop
 endfacet
 facet normal 0 0 1
  outer loop
   vertex 37.666671752929688 67.699996948242188 6.5999999046325684
   vertex 31.299999237060547 60.700000762939453 6.5999999046325684
   vertex 37.666671752929688 60.700000762939453 6.5999999046325684
  endloop
 endfacet
 facet normal -1 0 0
  outer loop
   vertex 37.666671752929688 60.700000762939453 9.1000003814697266
   vertex 37.666671752929688 67.699996948242188 6.5999999046325684
   vertex 37.666671752929688 60.700000762939453 6.5999999046325684
  endloop
 endfacet
 facet normal -1 -0 -0
  outer loop
   vertex 37.666671752929688 60.700000762939453 9.1000003814697266
   vertex 37.666671752929688 67.699996948242188 9.1000003814697266
   vertex 37.666671752929688 67.699996948242188 6.5999999046325684
  endloop
 endfacet
 facet normal 0 0 -1
  outer loop
   vertex 37.666671752929688 67.699996948242188 9.1000003814697266
   vertex 31.299999237060547 60.700000762939453 9.1000003814697266
   vertex 31.299999237060547 67.699996948242188 9.1000003814697266
  endloop
 endfacet
 facet normal 0 0 -1
  outer loop
   vertex 37.666671752929688 67.699996948242188 9.1000003814697266
   vertex 37.666671752929688 60.700000762939453 9.1000003814697266
   vertex 31.299999237060547 60.700000762939453 9.1000003814697266
  endloop
 endfacet
 facet normal -0 0 1
  outer loop
   vertex 44.333328247070312 67.699996948242188 6.5999999046325684
   vertex 37.866668701171875 67.699996948242188 6.5999999046325684
   vertex 37.866668701171875 60.700000762939453 6.5999999046325684
  endloop
 endfacet
 facet normal 0 0 1
  outer loop
   vertex 44.333328247070312 67.699996948242188 6.5999999046325684
   vertex 37.866668701171875 60.700000762939453 6.5999999046325684
   vertex 44.333328247070312 60.700000762939453 6.5999999046325684
  endloop
 endfacet
 facet normal 1 0 0
  outer loop
   vertex 37.866668701171875 60.700000762939453 9.1000003814697266
   vertex 37.866668701171875 60.700000762939453 6.5999999046325684
   vertex 37.866668701171875 67.699996948242188 6.5999999046325684
  endloop
 endfacet
 facet normal 1 0 -0
  outer loop
   vertex 37.866668701171875 60.700000762939453 9.1000003814697266
   vertex 37.866668701171875 67.699996948242188 6.5999999046325684
   vertex 37.866668701171875 67.699996948242188 9.1000003814697266
  endloop
 endfacet
 facet normal -1 0 0
  outer loop
   vertex 44.333328247070312 60.700000762939453 9.1000003814697266
   vertex 44.333328247070312 67.699996948242188 6.5999999046325684
   vertex 44.333328247070312 60.700000762939453 6.5999999046325684
  endloop
 endfacet
 facet normal -1 -0 -0
  outer loop
   vertex 44.333328247070312 60.700000762939453 9.1000003814697266
   vertex 44.333328247070312 67.699996948242188 9.1000003814697266
   vertex 44.333328247070312 67.699996948242188 6.5999999046325684
  endloop
 endfacet
 facet normal 0 0 -1
  outer loop
   vertex 44.333328247070312 67.699996948242188 9.1000003814697266
   vertex 37.866668701171875 60.700000762939453 9.1000003814697266
   vertex 37.866668701171875 67.699996948242188 9.1000003814697266
  endloop
 endfacet
 facet normal 0 0 -1
  outer loop
   vertex 44.333328247070312 67.699996948242188 9.1000003814697266
   vertex 44.333328247070312 60.700000762939453 9.1000003814697266
   vertex 37.866668701171875 60.700000762939453 9.1000003814697266
  endloop
 endfacet
 facet normal -0 0 1
  outer loop
   vertex 50.700000762939453 67.699996948242188 6.5999999046325684
   vertex 44.533329010009766 67.699996948242188 6.5999999046325684
   vertex 44.533329010009766 60.700000762939453 6.5999999046325684
  endloop
 endfacet
 facet normal 0 0 1
  outer loop
   vertex 50.700000762939453 67.699996948242188 6.5999999046325684
   vertex 44.533329010009766 60.700000762939453 6.5999999046325684
   vertex 50.700000762939453 60.700000762939453 6.5999999046325684
  endloop
 endfacet
 facet normal 1 0 0
  outer loop
   vertex 44.533329010009766 60.700000762939453 9.1000003814697266
   vertex 44.533329010009766 60.700000762939453 6.5999999046325684
   vertex 44.533329010009766 67.699996948242188 6.5999999046325684
  endloop
 endfacet
 facet normal 1 0 -0
  outer loop
   vertex 44.533329010009766 60.700000762939453 9.1000003814697266
   vertex 44.533329010009766 67.699996948242188 6.5999999046325684
   vertex 44.533329010009766 67.699996948242188 9.1000003814697266
  endloop
 endfacet
 facet normal 0 0 -1
  outer loop
   vertex 50.700000762939453 67.699996948242188 9.1000003814697266
   vertex 44.533329010009766 60.700000762939453 9.1000003814697266
   vertex 44.533329010009766 67.699996948242188 9.1000003814697266
  endloop
 endfacet
 facet normal 0 0 -1
  outer loop
   vertex 50.700000762939453 67.699996948242188 9.1000003814697266
   vertex 50.700000762939453 60.700000762939453 9.1000003814697266
   vertex 44.533329010009766 60.700000762939453 9.1000003814697266
  endloop
 endfacet
 facet normal -0 0 1
  outer loop
   vertex 37.666671752929688 67.699996948242188 3.9000000953674316
   vertex 31.299999237060547 67.699996948242188 3.9000000953674316
   vertex 31.299999237060547 60.700000762939453 3.9000000953674316
  endloop
 endfacet
 facet normal 0 0 1
  outer loop
   vertex 37.666671752929688 67.699996948242188 3.9000000953674316
   vertex 31.299999237060547 60.700000762939453 3.9000000953674316
   vertex 37.666671752929688 60.700000762939453 3.9000000953674316
  endloop
 endfacet
 facet normal -1 0 -0
  outer loop
   vertex 37.666671752929688 60.700000762939453 3.9000000953674316
   vertex 37.666671752929688 67.699996948242188 6.4000000953674316
   vertex 37.666671752929688 67.699996948242188 3.9000000953674316
  endloop
 endfacet
 facet normal -1 -0 0
  outer loop
   vertex 37.666671752929688 60.700000762939453 6.4000000953674316
   vertex 37.666671752929688 67.699996948242188 6.4000000953674316
   vertex 37.666671752929688 60.700000762939453 3.9000000953674316
  endloop
 endfacet
 facet normal 0 0 -1
  outer loop
   vertex 37.666671752929688 67.699996948242188 6.4000000953674316
   vertex 31.299999237060547 60.700000762939453 6.4000000953674316
   vertex 31.299999237060547 67.699996948242188 6.4000000953674316
  endloop
 endfacet
 facet normal 0 0 -1
  outer loop
   vertex 37.666671752929688 67.699996948242188 6.4000000953674316
   vertex 37.666671752929688 60.700000762939453 6.4000000953674316
   vertex 31.299999237060547 60.700000762939453 6.4000000953674316
  endloop
 endfacet
 facet normal -0 0 1
  outer loop
   vertex 44.333328247070312 67.699996948242188 3.9000000953674316
   vertex 37.866668701171875 67.699996948242188 3.9000000953674316
   vertex 37.866668701171875 60.700000762939453 3.9000000953674316
  endloop
 endfacet
 facet normal 0 0 1
  outer loop
   vertex 44.333328247070312 67.699996948242188 3.9000000953674316
   vertex 37.866668701171875 60.700000762939453 3.9000000953674316
   vertex 44.333328247070312 60.700000762939453 3.9000000953674316
  endloop
 endfacet
 facet normal 1 0 -0
  outer loop
   vertex 37.866668701171875 60.700000762939453 3.9000000953674316
   vertex 37.866668701171875 67.699996948242188 3.9000000953674316
   vertex 37.866668701171875 67.699996948242188 6.4000000953674316
  endloop
 endfacet
 facet normal 1 0 0
  outer loop
   vertex 37.866668701171875 60.700000762939453 6.4000000953674316
   vertex 37.866668701171875 60.700000762939453 3.9000000953674316
   vertex 37.866668701171875 67.699996948242188 6.4000000953674316
  endloop
 endfacet
 facet normal -1 0 -0
  outer loop
   vertex 44.333328247070312 60.700000762939453 3.9000000953674316
   vertex 44.333328247070312 67.699996948242188 6.4000000953674316
   vertex 44.333328247070312 67.699996948242188 3.9000000953674316
  endloop
 endfacet
 facet normal -1 -0 0
  outer loop
   vertex 44.333328247070312 60.700000762939453 6.4000000953674316
   vertex 44.333328247070312 67.699996948242188 6.4000000953674316
   vertex 44.333328247070312 60.700000762939453 3.9000000953674316
  endloop
 endfacet
 facet normal 0 0 -1
  outer loop
   vertex 44.333328247070312 67.699996948242188 6.4000000953674316
   vertex 37.866668701171875 60.700000762939453 6.4000000953674316
   vertex 37.866668701171875 67.699996948242188 6.4000000953674316
  endloop
 endfacet
 facet normal 0 0 -1
  outer loop
   vertex 44.333328247070312 67.699996948242188 6.4000000953674316
   vertex 44.333328247070312 60.700000762939453 6.4000000953674316
   vertex 37.866668701171875 60.700000762939453 6.4000000953674316
  endloop
 endfacet
 facet normal -0 0 1
  outer loop
   vertex 50.700000762939453 67.699996948242188 3.9000000953674316
   vertex 44.533329010009766 67.699996948242188 3.9000000953674316
   vertex 44.533329010009766 60.700000762939453 3.9000000953674316
  endloop
 endfacet
 facet normal 0 0 1
  outer loop
   vertex 50.700000762939453 67.699996948242188 3.9000000953674316
   vertex 44.533329010009766 60.700000762939453 3.9000000953674316
   vertex 50.700000762939453 60.700000762939453 3.9000000953674316
  endloop
 endfacet
 facet normal 1 0 -0
  outer loop
   vertex 44.533329010009766 60.700000762939453 3.9000000953674316
   vertex 44.533329010009766 67.699996948242188 3.9000000953674316
   vertex 44.533329010009766 67.699996948242188 6.4000000953674316
  endloop
 endfacet
 facet normal 1 0 0
  outer loop
   vertex 44.533329010009766 60.700000762939453 6.4000000953674316
   vertex 44.533329010009766 60.700000762939453 3.9000000953674316
   vertex 44.533329010009766 67.699996948242188 6.4000000953674316
  endloop
 endfacet
 facet normal 0 0 -1
  outer loop
   vertex 50.700000762939453 67.699996948242188 6.4000000953674316
   vertex 44.533329010009766 60.700000762939453 6.4000000953674316
   vertex 44.533329010009766 67.699996948242188 6.4000000953674316
  endloop
 endfacet
 facet normal 0 0 -1
  outer loop
   vertex 50.700000762939453 67.699996948242188 6.4000000953674316
   vertex 50.700000762939453 60.700000762939453 6.4000000953674316
   vertex 44.533329010009766 60.700000762939453 6.4000000953674316
  endloop
 endfacet
 facet normal -0 0 1
  outer loop
   vertex 37.666671752929688 67.699996948242188 1.2000000476837158
   vertex 31.299999237060547 67.699996948242188 1.2000000476837158
   vertex 31.299999237060547 60.700000762939453 1.2000000476837158
  endloop
 endfacet
 facet normal 0 0 1
  outer loop
   vertex 37.666671752929688 67.699996948242188 1.2000000476837158
   vertex 31.299999237060547 60.700000762939453 1.2000000476837158
   vertex 37.666671752929688 60.700000762939453 1.2000000476837158
  endloop
 endfacet
 facet normal -1 0 -0
  outer loop
   vertex 37.666671752929688 60.700000762939453 1.2000000476837158
   vertex 37.666671752929688 67.699996948242188 3.7000000476837158
   vertex 37.666671752929688 67.699996948242188 1.2000000476837158
  endloop
 endfacet
 facet normal -1 -0 0
  outer loop
   vertex 37.666671752929688 60.700000762939453 3.7000000476837158
   vertex 37.666671752929688 67.699996948242188 3.7000000476837158
   vertex 37.666671752929688 60.700000762939453 1.2000000476837158
  endloop
 endfacet
 facet normal 0 0 -1
  outer loop
   vertex 37.666671752929688 67.699996948242188 3.7000000476837158
   vertex 31.299999237060547 60.700000762939453 3.7000000476837158
   vertex 31.299999237060547 67.699996948242188 3.7000000476837158
  endloop
 endfacet
 facet normal 0 0 -1
  outer loop
   vertex 37.666671752929688 67.699996948242188 3.7000000476837158
   vertex 37.666671752929688 60.700000762939453 3.7000000476837158
   vertex 31.299999237060547 60.700000762939453 3.7000000476837158
  endloop
 endfacet
 facet normal -0 0 1
  outer loop
   vertex 44.333328247070312 67.699996948242188 1.2000000476837158
   vertex 37.866668701171875 67.699996948242188 1.2000000476837158
   vertex 37.866668701171875 60.700000762939453 1.2000000476837158
  endloop
 endfacet
 facet normal 0 0 1
  outer loop
   vertex 44.333328247070312 67.699996948242188 1.2000000476837158
   vertex 37.866668701171875 60.700000762939453 1.2000000476837158
   vertex 44.333328247070312 60.700000762939453 1.2000000476837158
  endloop
 endfacet
 facet normal 1 0 -0
  outer loop
   vertex 37.866668701171875 60.700000762939453 1.2000000476837158
   vertex 37.866668701171875 67.699996948242188 1.2000000476837158
   vertex 37.866668701171875 67.699996948242188 3.7000000476837158
  endloop
 endfacet
 facet normal 1 0 0
  outer loop
   vertex 37.866668701171875 60.700000762939453 3.7000000476837158
   vertex 37.866668701171875 60.700000762939453 1.2000000476837158
   vertex 37.866668701171875 67.699996948242188 3.7000000476837158
  endloop
 endfacet
 facet normal -1 0 -0
  outer loop
   vertex 44.333328247070312 60.700000762939453 1.2000000476837158
   vertex 44.333328247070312 67.699996948242188 3.7000000476837158
   vertex 44.333328247070312 67.699996948242188 1.2000000476837158
  endloop
 endfacet
 facet normal -1 -0 0
  outer loop
   vertex 44.333328247070312 60.700000762939453 3.7000000476837158
   vertex 44.333328247070312 67.699996948242188 3.7000000476837158
   vertex 44.333328247070312 60.700000762939453 1.2000000476837158
  endloop
 endfacet
 facet normal 0 0 -1
  outer loop
   vertex 44.333328247070312 67.699996948242188 3.7000000476837158
   vertex 37.866668701171875 60.700000762939453 3.7000000476837158
   vertex 37.866668701171875 67.699996948242188 3.7000000476837158
  endloop
 endfacet
 facet normal 0 0 -1
  outer loop
   vertex 44.333328247070312 67.699996948242188 3.7000000476837158
   vertex 44.333328247070312 60.700000762939453 3.7000000476837158
   vertex 37.866668701171875 60.700000762939453 3.7000000476837158
  endloop
 endfacet
 facet normal -0 0 1
  outer loop
   vertex 50.700000762939453 67.699996948242188 1.2000000476837158
   vertex 44.533329010009766 67.699996948242188 1.2000000476837158
   vertex 44.533329010009766 60.700000762939453 1.2000000476837158
  endloop
 endfacet
 facet normal 0 0 1
  outer loop
   vertex 50.700000762939453 67.699996948242188 1.2000000476837158
   vertex 44.533329010009766 60.700000762939453 1.2000000476837158
   vertex 50.700000762939453 60.700000762939453 1.2000000476837158
  endloop
 endfacet
 facet normal 1 0 -0
  outer loop
   vertex 44.533329010009766 60.700000762939453 1.2000000476837158
   vertex 44.533329010009766 67.699996948242188 1.2000000476837158
   vertex 44.533329010009766 67.699996948242188 3.7000000476837158
  endloop
 endfacet
 facet normal 1 0 0
  outer loop
   vertex 44.533329010009766 60.700000762939453 3.7000000476837158
   vertex 44.533329010009766 60.700000762939453 1.2000000476837158
   vertex 44.533329010009766 67.699996948242188 3.7000000476837158
  endloop
 endfacet
 facet normal 0 0 -1
  outer loop
   vertex 50.700000762939453 67.699996948242188 3.7000000476837158
   vertex 44.533329010009766 60.700000762939453 3.7000000476837158
   vertex 44.533329010009766 67.699996948242188 3.7000000476837158
  endloop
 endfacet
 facet normal 0 0 -1
  outer loop
   vertex 50.700000762939453 67.699996948242188 3.7000000476837158
   vertex 50.700000762939453 60.700000762939453 3.7000000476837158
   vertex 44.533329010009766 60.700000762939453 3.7000000476837158
  endloop
 endfacet
 facet normal 0 0 1
  outer loop
   vertex 31.299999237060547 60.5 1.2000000476837158
   vertex 31.299999237060547 53.299999237060547 1.2000000476837158
   vertex 37.666671752929688 53.299999237060547 1.2000000476837158
  endloop
 endfacet
 facet normal -0 0 1
  outer loop
   vertex 37.666671752929688 60.5 1.2000000476837158
   vertex 31.299999237060547 60.5 1.2000000476837158
   vertex 37.666671752929688 53.299999237060547 1.2000000476837158
  endloop
 endfacet
 facet normal -1 0 0
  outer loop
   vertex 37.666671752929688 53.299999237060547 3.7000000476837158
   vertex 37.666671752929688 60.5 1.2000000476837158
   vertex 37.666671752929688 53.299999237060547 1.2000000476837158
  endloop
 endfacet
 facet normal -1 -0 -0
  outer loop
   vertex 37.666671752929688 53.299999237060547 3.7000000476837158
   vertex 37.666671752929688 60.5 3.7000000476837158
   vertex 37.666671752929688 60.5 1.2000000476837158
  endloop
 endfacet
 facet normal 0 0 -1
  outer loop
   vertex 31.299999237060547 60.5 3.7000000476837158
   vertex 37.666671752929688 53.299999237060547 3.7000000476837158
   vertex 31.299999237060547 53.299999237060547 3.7000000476837158
  endloop
 endfacet
 facet normal 0 0 -1
  outer loop
   vertex 37.666671752929688 60.5 3.7000000476837158
   vertex 37.666671752929688 53.299999237060547 3.7000000476837158
   vertex 31.299999237060547 60.5 3.7000000476837158
  endloop
 endfacet
 facet normal -0 0 1
  outer loop
   vertex 44.333328247070312 60.5 1.2000000476837158
   vertex 37.866668701171875 60.5 1.2000000476837158
   vertex 37.866668701171875 53.299999237060547 1.2000000476837158
  endloop
 endfacet
 facet normal 0 0 1
  outer loop
   vertex 44.333328247070312 60.5 1.2000000476837158
   vertex 37.866668701171875 53.299999237060547 1.2000000476837158
   vertex 44.333328247070312 53.299999237060547 1.2000000476837158
  endloop
 endfacet
 facet normal 1 0 0
  outer loop
   vertex 37.866668701171875 53.299999237060547 3.7000000476837158
   vertex 37.866668701171875 53.299999237060547 1.2000000476837158
   vertex 37.866668701171875 60.5 1.2000000476837158
  endloop
 endfacet
 facet normal 1 0 -0
  outer loop
   vertex 37.866668701171875 53.299999237060547 3.7000000476837158
   vertex 37.866668701171875 60.5 1.2000000476837158
   vertex 37.866668701171875 60.5 3.7000000476837158
  endloop
 endfacet
 facet normal -1 0 0
  outer loop
   vertex 44.333328247070312 53.299999237060547 3.7000000476837158
   vertex 44.333328247070312 60.5 1.2000000476837158
   vertex 44.333328247070312 53.299999237060547 1.2000000476837158
  endloop
 endfacet
 facet normal -1 -0 -0
  outer loop
   vertex 44.333328247070312 53.299999237060547 3.7000000476837158
   vertex 44.333328247070312 60.5 3.7000000476837158
   vertex 44.333328247070312 60.5 1.2000000476837158
  endloop
 endfacet
 facet normal 0 0 -1
  outer loop
   vertex 44.333328247070312 60.5 3.7000000476837158
   vertex 37.866668701171875 53.299999237060547 3.7000000476837158
   vertex 37.866668701171875 60.5 3.7000000476837158
  endloop
 endfacet
 facet normal 0 0 -1
  outer loop
   vertex 44.333328247070312 60.5 3.7000000476837158
   vertex 44.333328247070312 53.299999237060547 3.7000000476837158
   vertex 37.866668701171875 53.299999237060547 3.7000000476837158
  endloop
 endfacet
 facet normal -0 0 1
  outer loop
   vertex 50.700000762939453 60.5 1.2000000476837158
   vertex 44.533329010009766 60.5 1.2000000476837158
   vertex 44.533329010009766 53.299999237060547 1.2000000476837158
  endloop
 endfacet
 facet normal 0 0 1
  outer loop
   vertex 50.700000762939453 60.5 1.2000000476837158
   vertex 44.533329010009766 53.299999237060547 1.2000000476837158
   vertex 50.700000762939453 53.299999237060547 1.2000000476837158
  endloop
 endfacet
 facet normal 1 0 0
  outer loop
   vertex 44.533329010009766 53.299999237060547 3.7000000476837158
   vertex 44.533329010009766 53.299999237060547 1.2000000476837158
   vertex 44.533329010009766 60.5 1.2000000476837158
  endloop
 endfacet
 facet normal 1 0 -0
  outer loop
   vertex 44.533329010009766 53.299999237060547 3.7000000476837158
   vertex 44.533329010009766 60.5 1.2000000476837158
   vertex 44.533329010009766 60.5 3.7000000476837158
  endloop
 endfacet
 facet normal 0 0 -1
  outer loop
   vertex 50.700000762939453 60.5 3.7000000476837158
   vertex 44.533329010009766 53.299999237060547 3.7000000476837158
   vertex 44.533329010009766 60.5 3.7000000476837158
  endloop
 endfacet
 facet normal 0 0 -1
  outer loop
   vertex 50.700000762939453 60.5 3.7000000476837158
   vertex 50.700000762939453 53.299999237060547 3.7000000476837158
   vertex 44.533329010009766 53.299999237060547 3.7000000476837158
  endloop
 endfacet
 facet normal 0 0 1
  outer loop
   vertex 31.299999237060547 60.5 3.9000000953674316
   vertex 31.299999237060547 53.299999237060547 3.9000000953674316
   vertex 37.666671752929688 53.299999237060547 3.9000000953674316
  endloop
 endfacet
 facet normal -0 0 1
  outer loop
   vertex 37.666671752929688 60.5 3.9000000953674316
   vertex 31.299999237060547 60.5 3.9000000953674316
   vertex 37.666671752929688 53.299999237060547 3.9000000953674316
  endloop
 endfacet
 facet normal -1 0 0
  outer loop
   vertex 37.666671752929688 53.299999237060547 6.4000000953674316
   vertex 37.666671752929688 60.5 3.9000000953674316
   vertex 37.666671752929688 53.299999237060547 3.9000000953674316
  endloop
 endfacet
 facet normal -1 -0 -0
  outer loop
   vertex 37.666671752929688 53.299999237060547 6.4000000953674316
   vertex 37.666671752929688 60.5 6.4000000953674316
   vertex 37.666671752929688 60.5 3.9000000953674316
  endloop
 endfacet
 facet normal 0 0 -1
  outer loop
   vertex 31.299999237060547 60.5 6.4000000953674316
   vertex 37.666671752929688 53.299999237060547 6.4000000953674316
   vertex 31.299999237060547 53.299999237060547 6.4000000953674316
  endloop
 endfacet
 facet normal 0 0 -1
  outer loop
   vertex 37.666671752929688 60.5 6.4000000953674316
   vertex 37.666671752929688 53.299999237060547 6.4000000953674316
   vertex 31.299999237060547 60.5 6.4000000953674316
  endloop
 endfacet
 facet normal -0 0 1
  outer loop
   vertex 44.333328247070312 60.5 3.9000000953674316
   vertex 37.866668701171875 60.5 3.9000000953674316
   vertex 37.866668701171875 53.299999237060547 3.9000000953674316
  endloop
 endfacet
 facet normal 0 0 1
  outer loop
   vertex 44.333328247070312 60.5 3.9000000953674316
   vertex 37.866668701171875 53.299999237060547 3.9000000953674316
   vertex 44.333328247070312 53.299999237060547 3.9000000953674316
  endloop
 endfacet
 facet normal 1 0 0
  outer loop
   vertex 37.866668701171875 53.299999237060547 6.4000000953674316
   vertex 37.866668701171875 53.299999237060547 3.9000000953674316
   vertex 37.866668701171875 60.5 3.9000000953674316
  endloop
 endfacet
 facet normal 1 0 -0
  outer loop
   vertex 37.866668701171875 53.299999237060547 6.4000000953674316
   vertex 37.866668701171875 60.5 3.9000000953674316
   vertex 37.866668701171875 60.5 6.4000000953674316
  endloop
 endfacet
 facet normal -1 0 0
  outer loop
   vertex 44.333328247070312 53.299999237060547 6.4000000953674316
   vertex 44.333328247070312 60.5 3.9000000953674316
   vertex 44.333328247070312 53.299999237060547 3.9000000953674316
  endloop
 endfacet
 facet normal -1 -0 -0
  outer loop
   vertex 44.333328247070312 53.299999237060547 6.4000000953674316
   vertex 44.333328247070312 60.5 6.4000000953674316
   vertex 44.333328247070312 60.5 3.9000000953674316
  endloop
 endfacet
 facet normal 0 0 -1
  outer loop
   vertex 44.333328247070312 60.5 6.4000000953674316
   vertex 37.866668701171875 53.299999237060547 6.4000000953674316
   vertex 37.866668701171875 60.5 6.4000000953674316
  endloop
 endfacet
 facet normal 0 0 -1
  outer loop
   vertex 44.333328247070312 60.5 6.4000000953674316
   vertex 44.333328247070312 53.299999237060547 6.4000000953674316
   vertex 37.866668701171875 53.299999237060547 6.4000000953674316
  endloop
 endfacet
 facet normal -0 0 1
  outer loop
   vertex 50.700000762939453 60.5 3.9000000953674316
   vertex 44.533329010009766 60.5 3.9000000953674316
   vertex 44.533329010009766 53.299999237060547 3.9000000953674316
  endloop
 endfacet
 facet normal 0 0 1
  outer loop
   vertex 50.700000762939453 60.5 3.9000000953674316
   vertex 44.533329010009766 53.299999237060547 3.9000000953674316
   vertex 50.700000762939453 53.299999237060547 3.9000000953674316
  endloop
 endfacet
 facet normal 1 0 0
  outer loop
   vertex 44.533329010009766 53.299999237060547 6.4000000953674316
   vertex 44.533329010009766 53.299999237060547 3.9000000953674316
   vertex 44.533329010009766 60.5 3.9000000953674316
  endloop
 endfacet
 facet normal 1 0 -0
  outer loop
   vertex 44.533329010009766 53.299999237060547 6.4000000953674316
   vertex 44.533329010009766 60.5 3.9000000953674316
   vertex 44.533329010009766 60.5 6.4000000953674316
  endloop
 endfacet
 facet normal 0 0 -1
  outer loop
   vertex 50.700000762939453 60.5 6.4000000953674316
   vertex 44.533329010009766 53.299999237060547 6.4000000953674316
   vertex 44.533329010009766 60.5 6.4000000953674316
  endloop
 endfacet
 facet normal 0 0 -1
  outer loop
   vertex 50.700000762939453 60.5 6.4000000953674316
   vertex 50.700000762939453 53.299999237060547 6.4000000953674316
   vertex 44.533329010009766 53.299999237060547 6.4000000953674316
  endloop
 endfacet
 facet normal 0 0 1
  outer loop
   vertex 31.299999237060547 60.5 6.5999999046325684
   vertex 31.299999237060547 53.299999237060547 6.5999999046325684
   vertex 37.666671752929688 53.299999237060547 6.5999999046325684
  endloop
 endfacet
 facet normal -0 0 1
  outer loop
   vertex 37.666671752929688 60.5 6.5999999046325684
   vertex 31.299999237060547 60.5 6.5999999046325684
   vertex 37.666671752929688 53.299999237060547 6.5999999046325684
  endloop
 endfacet
 facet normal -1 0 0
  outer loop
   vertex 37.666671752929688 53.299999237060547 9.1000003814697266
   vertex 37.666671752929688 60.5 6.5999999046325684
   vertex 37.666671752929688 53.299999237060547 6.5999999046325684
  endloop
 endfacet
 facet normal -1 -0 -0
  outer loop
   vertex 37.666671752929688 53.299999237060547 9.1000003814697266
   vertex 37.666671752929688 60.5 9.1000003814697266
   vertex 37.666671752929688 60.5 6.5999999046325684
  endloop
 endfacet
 facet normal 0 0 -1
  outer loop
   vertex 31.299999237060547 60.5 9.1000003814697266
   vertex 37.666671752929688 53.299999237060547 9.1000003814697266
   vertex 31.299999237060547 53.299999237060547 9.1000003814697266
  endloop
 endfacet
 facet normal 0 0 -1
  outer loop
   vertex 37.666671752929688 60.5 9.1000003814697266
   vertex 37.666671752929688 53.299999237060547 9.1000003814697266
   vertex 31.299999237060547 60.5 9.1000003814697266
  endloop
 endfacet
 facet normal -0 0 1
  outer loop
   vertex 44.333328247070312 60.5 6.5999999046325684
   vertex 37.866668701171875 60.5 6.5999999046325684
   vertex 37.866668701171875 53.299999237060547 6.5999999046325684
  endloop
 endfacet
 facet normal 0 0 1
  outer loop
   vertex 44.333328247070312 60.5 6.5999999046325684
   vertex 37.866668701171875 53.299999237060547 6.5999999046325684
   vertex 44.333328247070312 53.299999237060547 6.5999999046325684
  endloop
 endfacet
 facet normal 1 0 0
  outer loop
   vertex 37.866668701171875 53.299999237060547 9.1000003814697266
   vertex 37.866668701171875 53.299999237060547 6.5999999046325684
   vertex 37.866668701171875 60.5 6.5999999046325684
  endloop
 endfacet
 facet normal 1 0 -0
  outer loop
   vertex 37.866668701171875 53.299999237060547 9.1000003814697266
   vertex 37.866668701171875 60.5 6.5999999046325684
   vertex 37.866668701171875 60.5 9.1000003814697266
  endloop
 endfacet
 facet normal -1 0 0
  outer loop
   vertex 44.333328247070312 53.299999237060547 9.1000003814697266
   vertex 44.333328247070312 60.5 6.5999999046325684
   vertex 44.333328247070312 53.299999237060547 6.5999999046325684
  endloop
 endfacet
 facet normal -1 -0 -0
  outer loop
   vertex 44.333328247070312 53.299999237060547 9.1000003814697266
   vertex 44.333328247070312 60.5 9.1000003814697266
   vertex 44.333328247070312 60.5 6.5999999046325684
  endloop
 endfacet
 facet normal 0 0 -1
  outer loop
   vertex 44.333328247070312 60.5 9.1000003814697266
   vertex 37.866668701171875 53.299999237060547 9.1000003814697266
   vertex 37.866668701171875 60.5 9.1000003814697266
  endloop
 endfacet
 facet normal 0 0 -1
  outer loop
   vertex 44.333328247070312 60.5 9.1000003814697266
   vertex 44.333328247070312 53.299999237060547 9.1000003814697266
   vertex 37.866668701171875 53.299999237060547 9.1000003814697266
  endloop
 endfacet
 facet normal -0 0 1
  outer loop
   vertex 50.700000762939453 60.5 6.5999999046325684
   vertex 44.533329010009766 60.5 6.5999999046325684
   vertex 44.533329010009766 53.299999237060547 6.5999999046325684
  endloop
 endfacet
 facet normal 0 0 1
  outer loop
   vertex 50.700000762939453 60.5 6.5999999046325684
   vertex 44.533329010009766 53.299999237060547 6.5999999046325684
   vertex 50.700000762939453 53.299999237060547 6.5999999046325684
  endloop
 endfacet
 facet normal 1 0 0
  outer loop
   vertex 44.533329010009766 53.299999237060547 9.1000003814697266
   vertex 44.533329010009766 53.299999237060547 6.5999999046325684
   vertex 44.533329010009766 60.5 6.5999999046325684
  endloop
 endfacet
 facet normal 1 0 -0
  outer loop
   vertex 44.533329010009766 53.299999237060547 9.1000003814697266
   vertex 44.533329010009766 60.5 6.5999999046325684
   vertex 44.533329010009766 60.5 9.1000003814697266
  endloop
 endfacet
 facet normal 0 0 -1
  outer loop
   vertex 50.700000762939453 60.5 9.1000003814697266
   vertex 44.533329010009766 53.299999237060547 9.1000003814697266
   vertex 44.533329010009766 60.5 9.1000003814697266
  endloop
 endfacet
 facet normal 0 0 -1
  outer loop
   vertex 50.700000762939453 60.5 9.1000003814697266
   vertex 50.700000762939453 53.299999237060547 9.1000003814697266
   vertex 44.533329010009766 53.299999237060547 9.1000003814697266
  endloop
 endfacet
 facet normal 0 0 1
  outer loop
   vertex 31.299999237060547 60.5 9.3000001907348633
   vertex 31.299999237060547 53.299999237060547 9.3000001907348633
   vertex 37.666671752929688 53.299999237060547 9.3000001907348633
  endloop
 endfacet
 facet normal -0 0 1
  outer loop
   vertex 37.666671752929688 60.5 9.3000001907348633
   vertex 31.299999237060547 60.5 9.3000001907348633
   vertex 37.666671752929688 53.299999237060547 9.3000001907348633
  endloop
 endfacet
 facet normal -1 0 0
  outer loop
   vertex 37.666671752929688 53.299999237060547 11.800000190734863
   vertex 37.666671752929688 60.5 9.3000001907348633
   vertex 37.666671752929688 53.299999237060547 9.3000001907348633
  endloop
 endfacet
 facet normal -1 -0 -0
  outer loop
   vertex 37.666671752929688 53.299999237060547 11.800000190734863
   vertex 37.666671752929688 60.5 11.800000190734863
   vertex 37.666671752929688 60.5 9.3000001907348633
  endloop
 endfacet
 facet normal 0 0 -1
  outer loop
   vertex 31.299999237060547 60.5 11.800000190734863
   vertex 37.666671752929688 53.299999237060547 11.800000190734863
   vertex 31.299999237060547 53.299999237060547 11.800000190734863
  endloop
 endfacet
 facet normal 0 0 -1
  outer loop
   vertex 37.666671752929688 60.5 11.800000190734863
   vertex 37.666671752929688 53.299999237060547 11.800000190734863
   vertex 31.299999237060547 60.5 11.800000190734863
  endloop
 endfacet
 facet normal -0 0 1
  outer loop
   vertex 44.333328247070312 60.5 9.3000001907348633
   vertex 37.866668701171875 60.5 9.3000001907348633
   vertex 37.866668701171875 53.299999237060547 9.3000001907348633
  endloop
 endfacet
 facet normal 0 0 1
  outer loop
   vertex 44.333328247070312 60.5 9.3000001907348633
   vertex 37.866668701171875 53.299999237060547 9.3000001907348633
   vertex 44.333328247070312 53.299999237060547 9.3000001907348633
  endloop
 endfacet
 facet normal 1 0 0
  outer loop
   vertex 37.866668701171875 53.299999237060547 11.800000190734863
   vertex 37.866668701171875 53.299999237060547 9.3000001907348633
   vertex 37.866668701171875 60.5 9.3000001907348633
  endloop
 endfacet
 facet normal 1 0 -0
  outer loop
   vertex 37.866668701171875 53.299999237060547 11.800000190734863
   vertex 37.866668701171875 60.5 9.3000001907348633
   vertex 37.866668701171875 60.5 11.800000190734863
  endloop
 endfacet
 facet normal -1 0 0
  outer loop
   vertex 44.333328247070312 53.299999237060547 11.800000190734863
   vertex 44.333328247070312 60.5 9.3000001907348633
   vertex 44.333328247070312 53.299999237060547 9.3000001907348633
  endloop
 endfacet
 facet normal -1 -0 -0
  outer loop
   vertex 44.333328247070312 53.299999237060547 11.800000190734863
   vertex 44.333328247070312 60.5 11.800000190734863
   vertex 44.333328247070312 60.5 9.3000001907348633
  endloop
 endfacet
 facet normal 0 0 -1
  outer loop
   vertex 44.333328247070312 60.5 11.800000190734863
   vertex 37.866668701171875 53.299999237060547 11.800000190734863
   vertex 37.866668701171875 60.5 11.800000190734863
  endloop
 endfacet
 facet normal 0 0 -1
  outer loop
   vertex 44.333328247070312 60.5 11.800000190734863
   vertex 44.333328247070312 53.299999237060547 11.800000190734863
   vertex 37.866668701171875 53.299999237060547 11.800000190734863
  endloop
 endfacet
 facet normal -0 0 1
  outer loop
   vertex 50.700000762939453 60.5 9.3000001907348633
   vertex 44.533329010009766 60.5 9.3000001907348633
   vertex 44.533329010009766 53.299999237060547 9.3000001907348633
  endloop
 endfacet
 facet normal 0 0 1
  outer loop
   vertex 50.700000762939453 60.5 9.3000001907348633
   vertex 44.533329010009766 53.299999237060547 9.3000001907348633
   vertex 50.700000762939453 53.299999237060547 9.3000001907348633
  endloop
 endfacet
 facet normal 1 0 0
  outer loop
   vertex 44.533329010009766 53.299999237060547 11.800000190734863
   vertex 44.533329010009766 53.299999237060547 9.3000001907348633
   vertex 44.533329010009766 60.5 9.3000001907348633
  endloop
 endfacet
 facet normal 1 0 -0
  outer loop
   vertex 44.533329010009766 53.299999237060547 11.800000190734863
   vertex 44.533329010009766 60.5 9.3000001907348633
   vertex 44.533329010009766 60.5 11.800000190734863
  endloop
 endfacet
 facet normal 0 0 -1
  outer loop
   vertex 50.700000762939453 60.5 11.800000190734863
   vertex 44.533329010009766 53.299999237060547 11.800000190734863
   vertex 44.533329010009766 60.5 11.800000190734863
  endloop
 endfacet
 facet normal 0 0 -1
  outer loop
   vertex 50.700000762939453 60.5 11.800000190734863
   vertex 50.700000762939453 53.299999237060547 11.800000190734863
   vertex 44.533329010009766 53.299999237060547 11.800000190734863
  endloop
 endfacet
 facet normal 0 0 1
  outer loop
   vertex 31.299999237060547 60.5 12
   vertex 31.299999237060547 53.299999237060547 12
   vertex 37.666671752929688 53.299999237060547 12
  endloop
 endfacet
 facet normal -0 0 1
  outer loop
   vertex 37.666671752929688 60.5 12
   vertex 31.299999237060547 60.5 12
   vertex 37.666671752929688 53.299999237060547 12
  endloop
 endfacet
 facet normal -1 0 0
  outer loop
   vertex 37.666671752929688 53.299999237060547 14.5
   vertex 37.666671752929688 60.5 12
   vertex 37.666671752929688 53.299999237060547 12
  endloop
 endfacet
 facet normal -1 -0 -0
  outer loop
   vertex 37.666671752929688 53.299999237060547 14.5
   vertex 37.666671752929688 60.5 14.5
   vertex 37.666671752929688 60.5 12
  endloop
 endfacet
 facet normal 0 0 -1
  outer loop
   vertex 31.299999237060547 60.5 14.5
   vertex 37.666671752929688 53.299999237060547 14.5
   vertex 31.299999237060547 53.299999237060547 14.5
  endloop
 endfacet
 facet normal 0 0 -1
  outer loop
   vertex 37.666671752929688 60.5 14.5
   vertex 37.666671752929688 53.299999237060547 14.5
   vertex 31.299999237060547 60.5 14.5
  endloop
 endfacet
 facet normal -0 0 1
  outer loop
   vertex 44.333328247070312 60.5 12
   vertex 37.866668701171875 60.5 12
   vertex 37.866668701171875 53.299999237060547 12
  endloop
 endfacet
 facet normal 0 0 1
  outer loop
   vertex 44.333328247070312 60.5 12
   vertex 37.866668701171875 53.299999237060547 12
   vertex 44.333328247070312 53.299999237060547 12
  endloop
 endfacet
 facet normal 1 0 0
  outer loop
   vertex 37.866668701171875 53.299999237060547 14.5
   vertex 37.866668701171875 53.299999237060547 12
   vertex 37.866668701171875 60.5 12
  endloop
 endfacet
 facet normal 1 0 -0
  outer loop
   vertex 37.866668701171875 53.299999237060547 14.5
   vertex 37.866668701171875 60.5 12
   vertex 37.866668701171875 60.5 14.5
  endloop
 endfacet
 facet normal -1 0 0
  outer loop
   vertex 44.333328247070312 53.299999237060547 14.5
   vertex 44.333328247070312 60.5 12
   vertex 44.333328247070312 53.299999237060547 12
  endloop
 endfacet
 facet normal -1 -0 -0
  outer loop
   vertex 44.333328247070312 53.299999237060547 14.5
   vertex 44.333328247070312 60.5 14.5
   vertex 44.333328247070312 60.5 12
  endloop
 endfacet
 facet normal 0 0 -1
  outer loop
   vertex 44.333328247070312 60.5 14.5
   vertex 37.866668701171875 53.299999237060547 14.5
   vertex 37.866668701171875 60.5 14.5
  endloop
 endfacet
 facet normal 0 0 -1
  outer loop
   vertex 44.333328247070312 60.5 14.5
   vertex 44.333328247070312 53.299999237060547 14.5
   vertex 37.866668701171875 53.299999237060547 14.5
  endloop
 endfacet
 facet normal -0 0 1
  outer loop
   vertex 50.700000762939453 60.5 12
   vertex 44.533329010009766 60.5 12
   vertex 44.533329010009766 53.299999237060547 12
  endloop
 endfacet
 facet normal 0 0 1
  outer loop
   vertex 50.700000762939453 60.5 12
   vertex 44.533329010009766 53.299999237060547 12
   vertex 50.700000762939453 53.299999237060547 12
  endloop
 endfacet
 facet normal 1 0 0
  outer loop
   vertex 44.533329010009766 53.299999237060547 14.5
   vertex 44.533329010009766 53.299999237060547 12
   vertex 44.533329010009766 60.5 12
  endloop
 endfacet
 facet normal 1 0 -0
  outer loop
   vertex 44.533329010009766 53.299999237060547 14.5
   vertex 44.533329010009766 60.5 12
   vertex 44.533329010009766 60.5 14.5
  endloop
 endfacet
 facet normal 0 0 -1
  outer loop
   vertex 50.700000762939453 60.5 14.5
   vertex 44.533329010009766 53.299999237060547 14.5
   vertex 44.533329010009766 60.5 14.5
  endloop
 endfacet
 facet normal 0 0 -1
  outer loop
   vertex 50.700000762939453 60.5 14.5
   vertex 50.700000762939453 53.299999237060547 14.5
   vertex 44.533329010009766 53.299999237060547 14.5
  endloop
 endfacet
 facet normal 0 1 -0
  outer loop
   vertex 37.666671752929688 60.700000762939453 14.5
   vertex 37.666671752929688 60.700000762939453 12
   vertex 31.299999237060547 60.700000762939453 12
  endloop
 endfacet
 facet normal 0 1 0
  outer loop
   vertex 37.666671752929688 60.700000762939453 14.5
   vertex 31.299999237060547 60.700000762939453 12
   vertex 31.299999237060547 60.700000762939453 14.5
  endloop
 endfacet
 facet normal 0 1 -0
  outer loop
   vertex 44.333328247070312 60.700000762939453 14.5
   vertex 44.333328247070312 60.700000762939453 12
   vertex 37.866668701171875 60.700000762939453 12
  endloop
 endfacet
 facet normal 0 1 0
  outer loop
   vertex 44.333328247070312 60.700000762939453 14.5
   vertex 37.866668701171875 60.700000762939453 12
   vertex 37.866668701171875 60.700000762939453 14.5
  endloop
 endfacet
 facet normal 0 1 -0
  outer loop
   vertex 50.700000762939453 60.700000762939453 14.5
   vertex 50.700000762939453 60.700000762939453 12
   vertex 44.533329010009766 60.700000762939453 12
  endloop
 endfacet
 facet normal 0 1 0
  outer loop
   vertex 50.700000762939453 60.700000762939453 14.5
   vertex 44.533329010009766 60.700000762939453 12
   vertex 44.533329010009766 60.700000762939453 14.5
  endloop
 endfacet
 facet normal 0 1 -0
  outer loop
   vertex 37.666671752929688 60.700000762939453 11.800000190734863
   vertex 37.666671752929688 60.700000762939453 9.3000001907348633
   vertex 31.299999237060547 60.700000762939453 9.3000001907348633
  endloop
 endfacet
 facet normal 0 1 0
  outer loop
   vertex 37.666671752929688 60.700000762939453 11.800000190734863
   vertex 31.299999237060547 60.700000762939453 9.3000001907348633
   vertex 31.299999237060547 60.700000762939453 11.800000190734863
  endloop
 endfacet
 facet normal 0 1 0
  outer loop
   vertex 44.333328247070312 60.700000762939453 9.3000001907348633
   vertex 37.866668701171875 60.700000762939453 9.3000001907348633
   vertex 37.866668701171875 60.700000762939453 11.800000190734863
  endloop
 endfacet
 facet normal 0 1 -0
  outer loop
   vertex 44.333328247070312 60.700000762939453 11.800000190734863
   vertex 44.333328247070312 60.700000762939453 9.3000001907348633
   vertex 37.866668701171875 60.700000762939453 11.800000190734863
  endloop
 endfacet
 facet normal 0 1 -0
  outer loop
   vertex 50.700000762939453 60.700000762939453 11.800000190734863
   vertex 50.700000762939453 60.700000762939453 9.3000001907348633
   vertex 44.533329010009766 60.700000762939453 9.3000001907348633
  endloop
 endfacet
 facet normal 0 1 0
  outer loop
   vertex 50.700000762939453 60.700000762939453 11.800000190734863
   vertex 44.533329010009766 60.700000762939453 9.3000001907348633
   vertex 44.533329010009766 60.700000762939453 11.800000190734863
  endloop
 endfacet
 facet normal 0 1 -0
  outer loop
   vertex 37.666671752929688 60.700000762939453 9.1000003814697266
   vertex 37.666671752929688 60.700000762939453 6.5999999046325684
   vertex 31.299999237060547 60.700000762939453 6.5999999046325684
  endloop
 endfacet
 facet normal 0 1 0
  outer loop
   vertex 37.666671752929688 60.700000762939453 9.1000003814697266
   vertex 31.299999237060547 60.700000762939453 6.5999999046325684
   vertex 31.299999237060547 60.700000762939453 9.1000003814697266
  endloop
 endfacet
 facet normal 0 1 -0
  outer loop
   vertex 44.333328247070312 60.700000762939453 9.1000003814697266
   vertex 44.333328247070312 60.700000762939453 6.5999999046325684
   vertex 37.866668701171875 60.700000762939453 6.5999999046325684
  endloop
 endfacet
 facet normal 0 1 0
  outer loop
   vertex 44.333328247070312 60.700000762939453 9.1000003814697266
   vertex 37.866668701171875 60.700000762939453 6.5999999046325684
   vertex 37.866668701171875 60.700000762939453 9.1000003814697266
  endloop
 endfacet
 facet normal 0 1 -0
  outer loop
   vertex 50.700000762939453 60.700000762939453 9.1000003814697266
   vertex 50.700000762939453 60.700000762939453 6.5999999046325684
   vertex 44.533329010009766 60.700000762939453 6.5999999046325684
  endloop
 endfacet
 facet normal 0 1 0
  outer loop
   vertex 50.700000762939453 60.700000762939453 9.1000003814697266
   vertex 44.533329010009766 60.700000762939453 6.5999999046325684
   vertex 44.533329010009766 60.700000762939453 9.1000003814697266
  endloop
 endfacet
 facet normal 0 1 -0
  outer loop
   vertex 37.666671752929688 60.700000762939453 6.4000000953674316
   vertex 37.666671752929688 60.700000762939453 3.9000000953674316
   vertex 31.299999237060547 60.700000762939453 3.9000000953674316
  endloop
 endfacet
 facet normal 0 1 0
  outer loop
   vertex 37.666671752929688 60.700000762939453 6.4000000953674316
   vertex 31.299999237060547 60.700000762939453 3.9000000953674316
   vertex 31.299999237060547 60.700000762939453 6.4000000953674316
  endloop
 endfacet
 facet normal 0 1 0
  outer loop
   vertex 44.333328247070312 60.700000762939453 3.9000000953674316
   vertex 37.866668701171875 60.700000762939453 3.9000000953674316
   vertex 37.866668701171875 60.700000762939453 6.4000000953674316
  endloop
 endfacet
 facet normal 0 1 -0
  outer loop
   vertex 44.333328247070312 60.700000762939453 6.4000000953674316
   vertex 44.333328247070312 60.700000762939453 3.9000000953674316
   vertex 37.866668701171875 60.700000762939453 6.4000000953674316
  endloop
 endfacet
 facet normal 0 1 -0
  outer loop
   vertex 50.700000762939453 60.700000762939453 6.4000000953674316
   vertex 50.700000762939453 60.700000762939453 3.9000000953674316
   vertex 44.533329010009766 60.700000762939453 3.9000000953674316
  endloop
 endfacet
 facet normal 0 1 0
  outer loop
   vertex 50.700000762939453 60.700000762939453 6.4000000953674316
   vertex 44.533329010009766 60.700000762939453 3.9000000953674316
   vertex 44.533329010009766 60.700000762939453 6.4000000953674316
  endloop
 endfacet
 facet normal 0 1 -0
  outer loop
   vertex 37.666671752929688 60.700000762939453 3.7000000476837158
   vertex 37.666671752929688 60.700000762939453 1.2000000476837158
   vertex 31.299999237060547 60.700000762939453 1.2000000476837158
  endloop
 endfacet
 facet normal 0 1 0
  outer loop
   vertex 37.666671752929688 60.700000762939453 3.7000000476837158
   vertex 31.299999237060547 60.700000762939453 1.2000000476837158
   vertex 31.299999237060547 60.700000762939453 3.7000000476837158
  endloop
 endfacet
 facet normal 0 1 0
  outer loop
   vertex 44.333328247070312 60.700000762939453 1.2000000476837158
   vertex 37.866668701171875 60.700000762939453 1.2000000476837158
   vertex 37.866668701171875 60.700000762939453 3.7000000476837158
  endloop
 endfacet
 facet normal 0 1 -0
  outer loop
   vertex 44.333328247070312 60.700000762939453 3.7000000476837158
   vertex 44.333328247070312 60.700000762939453 1.2000000476837158
   vertex 37.866668701171875 60.700000762939453 3.7000000476837158
  endloop
 endfacet
 facet normal 0 1 -0
  outer loop
   vertex 50.700000762939453 60.700000762939453 3.7000000476837158
   vertex 50.700000762939453 60.700000762939453 1.2000000476837158
   vertex 44.533329010009766 60.700000762939453 1.2000000476837158
  endloop
 endfacet
 facet normal 0 1 0
  outer loop
   vertex 50.700000762939453 60.700000762939453 3.7000000476837158
   vertex 44.533329010009766 60.700000762939453 1.2000000476837158
   vertex 44.533329010009766 60.700000762939453 3.7000000476837158
  endloop
 endfacet
 facet normal 0 -1 0
  outer loop
   vertex 37.666671752929688 60.5 3.7000000476837158
   vertex 31.299999237060547 60.5 1.2000000476837158
   vertex 37.666671752929688 60.5 1.2000000476837158
  endloop
 endfacet
 facet normal 0 -1 0
  outer loop
   vertex 37.666671752929688 60.5 3.7000000476837158
   vertex 31.299999237060547 60.5 3.7000000476837158
   vertex 31.299999237060547 60.5 1.2000000476837158
  endloop
 endfacet
 facet normal 0 -1 0
  outer loop
   vertex 44.333328247070312 60.5 1.2000000476837158
   vertex 37.866668701171875 60.5 3.7000000476837158
   vertex 37.866668701171875 60.5 1.2000000476837158
  endloop
 endfacet
 facet normal 0 -1 0
  outer loop
   vertex 44.333328247070312 60.5 3.7000000476837158
   vertex 37.866668701171875 60.5 3.7000000476837158
   vertex 44.333328247070312 60.5 1.2000000476837158
  endloop
 endfacet
 facet normal 0 -1 0
  outer loop
   vertex 50.700000762939453 60.5 3.7000000476837158
   vertex 44.533329010009766 60.5 1.2000000476837158
   vertex 50.700000762939453 60.5 1.2000000476837158
  endloop
 endfacet
 facet normal 0 -1 0
  outer loop
   vertex 50.700000762939453 60.5 3.7000000476837158
   vertex 44.533329010009766 60.5 3.7000000476837158
   vertex 44.533329010009766 60.5 1.2000000476837158
  endloop
 endfacet
 facet normal 0 -1 0
  outer loop
   vertex 37.666671752929688 60.5 6.4000000953674316
   vertex 31.299999237060547 60.5 3.9000000953674316
   vertex 37.666671752929688 60.5 3.9000000953674316
  endloop
 endfacet
 facet normal 0 -1 0
  outer loop
   vertex 37.666671752929688 60.5 6.4000000953674316
   vertex 31.299999237060547 60.5 6.4000000953674316
   vertex 31.299999237060547 60.5 3.9000000953674316
  endloop
 endfacet
 facet normal 0 -1 0
  outer loop
   vertex 44.333328247070312 60.5 3.9000000953674316
   vertex 37.866668701171875 60.5 6.4000000953674316
   vertex 37.866668701171875 60.5 3.9000000953674316
  endloop
 endfacet
 facet normal 0 -1 0
  outer loop
   vertex 44.333328247070312 60.5 6.4000000953674316
   vertex 37.866668701171875 60.5 6.4000000953674316
   vertex 44.333328247070312 60.5 3.9000000953674316
  endloop
 endfacet
 facet normal 0 -1 0
  outer loop
   vertex 50.700000762939453 60.5 6.4000000953674316
   vertex 44.533329010009766 60.5 3.9000000953674316
   vertex 50.700000762939453 60.5 3.9000000953674316
  endloop
 endfacet
 facet normal 0 -1 0
  outer loop
   vertex 50.700000762939453 60.5 6.4000000953674316
   vertex 44.533329010009766 60.5 6.4000000953674316
   vertex 44.533329010009766 60.5 3.9000000953674316
  endloop
 endfacet
 facet normal 0 -1 0
  outer loop
   vertex 37.666671752929688 60.5 9.1000003814697266
   vertex 31.299999237060547 60.5 6.5999999046325684
   vertex 37.666671752929688 60.5 6.5999999046325684
  endloop
 endfacet
 facet normal 0 -1 0
  outer loop
   vertex 37.666671752929688 60.5 9.1000003814697266
   vertex 31.299999237060547 60.5 9.1000003814697266
   vertex 31.299999237060547 60.5 6.5999999046325684
  endloop
 endfacet
 facet normal 0 -1 0
  outer loop
   vertex 44.333328247070312 60.5 9.1000003814697266
   vertex 37.866668701171875 60.5 6.5999999046325684
   vertex 44.333328247070312 60.5 6.5999999046325684
  endloop
 endfacet
 facet normal 0 -1 0
  outer loop
   vertex 44.333328247070312 60.5 9.1000003814697266
   vertex 37.866668701171875 60.5 9.1000003814697266
   vertex 37.866668701171875 60.5 6.5999999046325684
  endloop
 endfacet
 facet normal 0 -1 0
  outer loop
   vertex 50.700000762939453 60.5 9.1000003814697266
   vertex 44.533329010009766 60.5 6.5999999046325684
   vertex 50.700000762939453 60.5 6.5999999046325684
  endloop
 endfacet
 facet normal 0 -1 0
  outer loop
   vertex 50.700000762939453 60.5 9.1000003814697266
   vertex 44.533329010009766 60.5 9.1000003814697266
   vertex 44.533329010009766 60.5 6.5999999046325684
  endloop
 endfacet
 facet normal 0 -1 0
  outer loop
   vertex 37.666671752929688 60.5 11.800000190734863
   vertex 31.299999237060547 60.5 9.3000001907348633
   vertex 37.666671752929688 60.5 9.3000001907348633
  endloop
 endfacet
 facet normal 0 -1 0
  outer loop
   vertex 37.666671752929688 60.5 11.800000190734863
   vertex 31.299999237060547 60.5 11.800000190734863
   vertex 31.299999237060547 60.5 9.3000001907348633
  endloop
 endfacet
 facet normal 0 -1 0
  outer loop
   vertex 44.333328247070312 60.5 9.3000001907348633
   vertex 37.866668701171875 60.5 11.800000190734863
   vertex 37.866668701171875 60.5 9.3000001907348633
  endloop
 endfacet
 facet normal 0 -1 0
  outer loop
   vertex 44.333328247070312 60.5 11.800000190734863
   vertex 37.866668701171875 60.5 11.800000190734863
   vertex 44.333328247070312 60.5 9.3000001907348633
  endloop
 endfacet
 facet normal 0 -1 0
  outer loop
   vertex 50.700000762939453 60.5 11.800000190734863
   vertex 44.533329010009766 60.5 9.3000001907348633
   vertex 50.700000762939453 60.5 9.3000001907348633
  endloop
 endfacet
 facet normal 0 -1 0
  outer loop
   vertex 50.700000762939453 60.5 11.800000190734863
   vertex 44.533329010009766 60.5 11.800000190734863
   vertex 44.533329010009766 60.5 9.3000001907348633
  endloop
 endfacet
 facet normal 0 -1 0
  outer loop
   vertex 37.666671752929688 60.5 14.5
   vertex 31.299999237060547 60.5 12
   vertex 37.666671752929688 60.5 12
  endloop
 endfacet
 facet normal 0 -1 0
  outer loop
   vertex 37.666671752929688 60.5 14.5
   vertex 31.299999237060547 60.5 14.5
   vertex 31.299999237060547 60.5 12
  endloop
 endfacet
 facet normal 0 -1 0
  outer loop
   vertex 44.333328247070312 60.5 14.5
   vertex 37.866668701171875 60.5 12
   vertex 44.333328247070312 60.5 12
  endloop
 endfacet
 facet normal 0 -1 0
  outer loop
   vertex 44.333328247070312 60.5 14.5
   vertex 37.866668701171875 60.5 14.5
   vertex 37.866668701171875 60.5 12
  endloop
 endfacet
 facet normal 0 -1 0
  outer loop
   vertex 50.700000762939453 60.5 14.5
   vertex 44.533329010009766 60.5 12
   vertex 50.700000762939453 60.5 12
  endloop
 endfacet
 facet normal 0 -1 0
  outer loop
   vertex 50.700000762939453 60.5 14.5
   vertex 44.533329010009766 60.5 14.5
   vertex 44.533329010009766 60.5 12
  endloop
 endfacet
 facet normal 0 0 -1
  outer loop
   vertex 65.083328247070312 67.875999450683594 13.649999618530273
   vertex 63.583328247070312 67.800003051757812 13.649999618530273
   vertex 63.583328247070312 67.875999450683594 13.649999618530273
  endloop
 endfacet
 facet normal 0 0 -1
  outer loop
   vertex 65.083328247070312 67.875999450683594 13.649999618530273
   vertex 65.083328247070312 67.800003051757812 13.649999618530273
   vertex 63.583328247070312 67.800003051757812 13.649999618530273
  endloop
 endfacet
 facet normal -1 0 0
  outer loop
   vertex 65.083328247070312 67.800003051757812 13.649999618530273
   vertex 65.083328247070312 67.875999450683594 12.449999809265137
   vertex 65.083328247070312 67.800003051757812 12.449999809265137
  endloop
 endfacet
 facet normal -1 -0 -0
  outer loop
   vertex 65.083328247070312 67.800003051757812 13.649999618530273
   vertex 65.083328247070312 67.875999450683594 13.649999618530273
   vertex 65.083328247070312 67.875999450683594 12.449999809265137
  endloop
 endfacet
 facet normal 1 0 0
  outer loop
   vertex 63.583328247070312 67.800003051757812 13.649999618530273
   vertex 63.583328247070312 67.800003051757812 12.449999809265137
   vertex 63.583328247070312 67.875999450683594 12.449999809265137
  endloop
 endfacet
 facet normal 1 0 -0
  outer loop
   vertex 63.583328247070312 67.800003051757812 13.649999618530273
   vertex 63.583328247070312 67.875999450683594 12.449999809265137
   vertex 63.583328247070312 67.875999450683594 13.649999618530273
  endloop
 endfacet
 facet normal -0 0 1
  outer loop
   vertex 65.083328247070312 67.875999450683594 12.449999809265137
   vertex 63.583328247070312 67.875999450683594 12.449999809265137
   vertex 63.583328247070312 67.800003051757812 12.449999809265137
  endloop
 endfacet
 facet normal 0 0 1
  outer loop
   vertex 65.083328247070312 67.875999450683594 12.449999809265137
   vertex 63.583328247070312 67.800003051757812 12.449999809265137
   vertex 65.083328247070312 67.800003051757812 12.449999809265137
  endloop
 endfacet
 facet normal 0 0 -1
  outer loop
   vertex 71.75 67.875999450683594 13.649999618530273
   vertex 70.25 67.800003051757812 13.649999618530273
   vertex 70.25 67.875999450683594 13.649999618530273
  endloop
 endfacet
 facet normal 0 0 -1
  outer loop
   vertex 71.75 67.875999450683594 13.649999618530273
   vertex 71.75 67.800003051757812 13.649999618530273
   vertex 70.25 67.800003051757812 13.649999618530273
  endloop
 endfacet
 facet normal -1 0 0
  outer loop
   vertex 71.75 67.800003051757812 13.649999618530273
   vertex 71.75 67.875999450683594 12.449999809265137
   vertex 71.75 67.800003051757812 12.449999809265137
  endloop
 endfacet
 facet normal -1 -0 -0
  outer loop
   vertex 71.75 67.800003051757812 13.649999618530273
   vertex 71.75 67.875999450683594 13.649999618530273
   vertex 71.75 67.875999450683594 12.449999809265137
  endloop
 endfacet
 facet normal 1 0 0
  outer loop
   vertex 70.25 67.800003051757812 13.649999618530273
   vertex 70.25 67.800003051757812 12.449999809265137
   vertex 70.25 67.875999450683594 12.449999809265137
  endloop
 endfacet
 facet normal 1 0 -0
  outer loop
   vertex 70.25 67.800003051757812 13.649999618530273
   vertex 70.25 67.875999450683594 12.449999809265137
   vertex 70.25 67.875999450683594 13.649999618530273
  endloop
 endfacet
 facet normal -0 0 1
  outer loop
   vertex 71.75 67.875999450683594 12.449999809265137
   vertex 70.25 67.875999450683594 12.449999809265137
   vertex 70.25 67.800003051757812 12.449999809265137
  endloop
 endfacet
 facet normal 0 0 1
  outer loop
   vertex 71.75 67.875999450683594 12.449999809265137
   vertex 70.25 67.800003051757812 12.449999809265137
   vertex 71.75 67.800003051757812 12.449999809265137
  endloop
 endfacet
 facet normal -0 0 1
  outer loop
   vertex 78.416671752929688 67.875999450683594 12.449999809265137
   vertex 76.916671752929688 67.875999450683594 12.449999809265137
   vertex 76.916671752929688 67.800003051757812 12.449999809265137
  endloop
 endfacet
 facet normal 0 0 1
  outer loop
   vertex 78.416671752929688 67.875999450683594 12.449999809265137
   vertex 76.916671752929688 67.800003051757812 12.449999809265137
   vertex 78.416671752929688 67.800003051757812 12.449999809265137
  endloop
 endfacet
 facet normal -1 0 0
  outer loop
   vertex 78.416671752929688 67.800003051757812 13.649999618530273
   vertex 78.416671752929688 67.875999450683594 12.449999809265137
   vertex 78.416671752929688 67.800003051757812 12.449999809265137
  endloop
 endfacet
 facet normal -1 -0 -0
  outer loop
   vertex 78.416671752929688 67.800003051757812 13.649999618530273
   vertex 78.416671752929688 67.875999450683594 13.649999618530273
   vertex 78.416671752929688 67.875999450683594 12.449999809265137
  endloop
 endfacet
 facet normal 1 0 0
  outer loop
   vertex 76.916671752929688 67.800003051757812 13.649999618530273
   vertex 76.916671752929688 67.800003051757812 12.449999809265137
   vertex 76.916671752929688 67.875999450683594 12.449999809265137
  endloop
 endfacet
 facet normal 1 0 -0
  outer loop
   vertex 76.916671752929688 67.800003051757812 13.649999618530273
   vertex 76.916671752929688 67.875999450683594 12.449999809265137
   vertex 76.916671752929688 67.875999450683594 13.649999618530273
  endloop
 endfacet
 facet normal 0 0 -1
  outer loop
   vertex 78.416671752929688 67.875999450683594 13.649999618530273
   vertex 76.916671752929688 67.800003051757812 13.649999618530273
   vertex 76.916671752929688 67.875999450683594 13.649999618530273
  endloop
 endfacet
 facet normal 0 0 -1
  outer loop
   vertex 78.416671752929688 67.875999450683594 13.649999618530273
   vertex 78.416671752929688 67.800003051757812 13.649999618530273
   vertex 76.916671752929688 67.800003051757812 13.649999618530273
  endloop
 endfacet
 facet normal 0 0 -1
  outer loop
   vertex 65.083328247070312 67.875999450683594 10.949999809265137
   vertex 63.583328247070312 67.800003051757812 10.949999809265137
   vertex 63.583328247070312 67.875999450683594 10.949999809265137
  endloop
 endfacet
 facet normal 0 0 -1
  outer loop
   vertex 65.083328247070312 67.875999450683594 10.949999809265137
   vertex 65.083328247070312 67.800003051757812 10.949999809265137
   vertex 63.583328247070312 67.800003051757812 10.949999809265137
  endloop
 endfacet
 facet normal -1 0 0
  outer loop
   vertex 65.083328247070312 67.800003051757812 10.949999809265137
   vertex 65.083328247070312 67.875999450683594 9.75
   vertex 65.083328247070312 67.800003051757812 9.75
  endloop
 endfacet
 facet normal -1 -0 -0
  outer loop
   vertex 65.083328247070312 67.800003051757812 10.949999809265137
   vertex 65.083328247070312 67.875999450683594 10.949999809265137
   vertex 65.083328247070312 67.875999450683594 9.75
  endloop
 endfacet
 facet normal 1 0 0
  outer loop
   vertex 63.583328247070312 67.800003051757812 10.949999809265137
   vertex 63.583328247070312 67.800003051757812 9.75
   vertex 63.583328247070312 67.875999450683594 9.75
  endloop
 endfacet
 facet normal 1 0 -0
  outer loop
   vertex 63.583328247070312 67.800003051757812 10.949999809265137
   vertex 63.583328247070312 67.875999450683594 9.75
   vertex 63.583328247070312 67.875999450683594 10.949999809265137
  endloop
 endfacet
 facet normal -0 0 1
  outer loop
   vertex 65.083328247070312 67.875999450683594 9.75
   vertex 63.583328247070312 67.875999450683594 9.75
   vertex 63.583328247070312 67.800003051757812 9.75
  endloop
 endfacet
 facet normal 0 0 1
  outer loop
   vertex 65.083328247070312 67.875999450683594 9.75
   vertex 63.583328247070312 67.800003051757812 9.75
   vertex 65.083328247070312 67.800003051757812 9.75
  endloop
 endfacet
 facet normal 0 0 -1
  outer loop
   vertex 71.75 67.875999450683594 10.949999809265137
   vertex 70.25 67.800003051757812 10.949999809265137
   vertex 70.25 67.875999450683594 10.949999809265137
  endloop
 endfacet
 facet normal 0 0 -1
  outer loop
   vertex 71.75 67.875999450683594 10.949999809265137
   vertex 71.75 67.800003051757812 10.949999809265137
   vertex 70.25 67.800003051757812 10.949999809265137
  endloop
 endfacet
 facet normal -1 0 0
  outer loop
   vertex 71.75 67.800003051757812 10.949999809265137
   vertex 71.75 67.875999450683594 9.75
   vertex 71.75 67.800003051757812 9.75
  endloop
 endfacet
 facet normal -1 -0 -0
  outer loop
   vertex 71.75 67.800003051757812 10.949999809265137
   vertex 71.75 67.875999450683594 10.949999809265137
   vertex 71.75 67.875999450683594 9.75
  endloop
 endfacet
 facet normal 1 0 0
  outer loop
   vertex 70.25 67.800003051757812 10.949999809265137
   vertex 70.25 67.800003051757812 9.75
   vertex 70.25 67.875999450683594 9.75
  endloop
 endfacet
 facet normal 1 0 -0
  outer loop
   vertex 70.25 67.800003051757812 10.949999809265137
   vertex 70.25 67.875999450683594 9.75
   vertex 70.25 67.875999450683594 10.949999809265137
  endloop
 endfacet
 facet normal -0 0 1
  outer loop
   vertex 71.75 67.875999450683594 9.75
   vertex 70.25 67.875999450683594 9.75
   vertex 70.25 67.800003051757812 9.75
  endloop
 endfacet
 facet normal 0 0 1
  outer loop
   vertex 71.75 67.875999450683594 9.75
   vertex 70.25 67.800003051757812 9.75
   vertex 71.75 67.800003051757812 9.75
  endloop
 endfacet
 facet normal -0 0 1
  outer loop
   vertex 78.416671752929688 67.875999450683594 9.75
   vertex 76.916671752929688 67.875999450683594 9.75
   vertex 76.916671752929688 67.800003051757812 9.75
  endloop
 endfacet
 facet normal 0 0 1
  outer loop
   vertex 78.416671752929688 67.875999450683594 9.75
   vertex 76.916671752929688 67.800003051757812 9.75
   vertex 78.416671752929688 67.800003051757812 9.75
  endloop
 endfacet
 facet normal -1 0 0
  outer loop
   vertex 78.416671752929688 67.800003051757812 10.949999809265137
   vertex 78.416671752929688 67.875999450683594 9.75
   vertex 78.416671752929688 67.800003051757812 9.75
  endloop
 endfacet
 facet normal -1 -0 -0
  outer loop
   vertex 78.416671752929688 67.800003051757812 10.949999809265137
   vertex 78.416671752929688 67.875999450683594 10.949999809265137
   vertex 78.416671752929688 67.875999450683594 9.75
  endloop
 endfacet
 facet normal 1 0 0
  outer loop
   vertex 76.916671752929688 67.800003051757812 10.949999809265137
   vertex 76.916671752929688 67.800003051757812 9.75
   vertex 76.916671752929688 67.875999450683594 9.75
  endloop
 endfacet
 facet normal 1 0 -0
  outer loop
   vertex 76.916671752929688 67.800003051757812 10.949999809265137
   vertex 76.916671752929688 67.875999450683594 9.75
   vertex 76.916671752929688 67.875999450683594 10.949999809265137
  endloop
 endfacet
 facet normal 0 0 -1
  outer loop
   vertex 78.416671752929688 67.875999450683594 10.949999809265137
   vertex 76.916671752929688 67.800003051757812 10.949999809265137
   vertex 76.916671752929688 67.875999450683594 10.949999809265137
  endloop
 endfacet
 facet normal 0 0 -1
  outer loop
   vertex 78.416671752929688 67.875999450683594 10.949999809265137
   vertex 78.416671752929688 67.800003051757812 10.949999809265137
   vertex 76.916671752929688 67.800003051757812 10.949999809265137
  endloop
 endfacet
 facet normal 0 0 -1
  outer loop
   vertex 65.083328247070312 67.875999450683594 8.25
   vertex 63.583328247070312 67.800003051757812 8.25
   vertex 63.583328247070312 67.875999450683594 8.25
  endloop
 endfacet
 facet normal 0 0 -1
  outer loop
   vertex 65.083328247070312 67.875999450683594 8.25
   vertex 65.083328247070312 67.800003051757812 8.25
   vertex 63.583328247070312 67.800003051757812 8.25
  endloop
 endfacet
 facet normal -1 0 0
  outer loop
   vertex 65.083328247070312 67.800003051757812 8.25
   vertex 65.083328247070312 67.875999450683594 7.0500001907348633
   vertex 65.083328247070312 67.800003051757812 7.0500001907348633
  endloop
 endfacet
 facet normal -1 -0 -0
  outer loop
   vertex 65.083328247070312 67.800003051757812 8.25
   vertex 65.083328247070312 67.875999450683594 8.25
   vertex 65.083328247070312 67.875999450683594 7.0500001907348633
  endloop
 endfacet
 facet normal 1 0 0
  outer loop
   vertex 63.583328247070312 67.800003051757812 8.25
   vertex 63.583328247070312 67.800003051757812 7.0500001907348633
   vertex 63.583328247070312 67.875999450683594 7.0500001907348633
  endloop
 endfacet
 facet normal 1 0 -0
  outer loop
   vertex 63.583328247070312 67.800003051757812 8.25
   vertex 63.583328247070312 67.875999450683594 7.0500001907348633
   vertex 63.583328247070312 67.875999450683594 8.25
  endloop
 endfacet
 facet normal -0 0 1
  outer loop
   vertex 65.083328247070312 67.875999450683594 7.0500001907348633
   vertex 63.583328247070312 67.875999450683594 7.0500001907348633
   vertex 63.583328247070312 67.800003051757812 7.0500001907348633
  endloop
 endfacet
 facet normal 0 0 1
  outer loop
   vertex 65.083328247070312 67.875999450683594 7.0500001907348633
   vertex 63.583328247070312 67.800003051757812 7.0500001907348633
   vertex 65.083328247070312 67.800003051757812 7.0500001907348633
  endloop
 endfacet
 facet normal 0 0 -1
  outer loop
   vertex 71.75 67.875999450683594 8.25
   vertex 70.25 67.800003051757812 8.25
   vertex 70.25 67.875999450683594 8.25
  endloop
 endfacet
 facet normal 0 0 -1
  outer loop
   vertex 71.75 67.875999450683594 8.25
   vertex 71.75 67.800003051757812 8.25
   vertex 70.25 67.800003051757812 8.25
  endloop
 endfacet
 facet normal -1 0 0
  outer loop
   vertex 71.75 67.800003051757812 8.25
   vertex 71.75 67.875999450683594 7.0500001907348633
   vertex 71.75 67.800003051757812 7.0500001907348633
  endloop
 endfacet
 facet normal -1 -0 -0
  outer loop
   vertex 71.75 67.800003051757812 8.25
   vertex 71.75 67.875999450683594 8.25
   vertex 71.75 67.875999450683594 7.0500001907348633
  endloop
 endfacet
 facet normal 1 0 0
  outer loop
   vertex 70.25 67.800003051757812 8.25
   vertex 70.25 67.800003051757812 7.0500001907348633
   vertex 70.25 67.875999450683594 7.0500001907348633
  endloop
 endfacet
 facet normal 1 0 -0
  outer loop
   vertex 70.25 67.800003051757812 8.25
   vertex 70.25 67.875999450683594 7.0500001907348633
   vertex 70.25 67.875999450683594 8.25
  endloop
 endfacet
 facet normal -0 0 1
  outer loop
   vertex 71.75 67.875999450683594 7.0500001907348633
   vertex 70.25 67.875999450683594 7.0500001907348633
   vertex 70.25 67.800003051757812 7.0500001907348633
  endloop
 endfacet
 facet normal 0 0 1
  outer loop
   vertex 71.75 67.875999450683594 7.0500001907348633
   vertex 70.25 67.800003051757812 7.0500001907348633
   vertex 71.75 67.800003051757812 7.0500001907348633
  endloop
 endfacet
 facet normal -0 0 1
  outer loop
   vertex 78.416671752929688 67.875999450683594 7.0500001907348633
   vertex 76.916671752929688 67.875999450683594 7.0500001907348633
   vertex 76.916671752929688 67.800003051757812 7.0500001907348633
  endloop
 endfacet
 facet normal 0 0 1
  outer loop
   vertex 78.416671752929688 67.875999450683594 7.0500001907348633
   vertex 76.916671752929688 67.800003051757812 7.0500001907348633
   vertex 78.416671752929688 67.800003051757812 7.0500001907348633
  endloop
 endfacet
 facet normal -1 0 0
  outer loop
   vertex 78.416671752929688 67.800003051757812 8.25
   vertex 78.416671752929688 67.875999450683594 7.0500001907348633
   vertex 78.416671752929688 67.800003051757812 7.0500001907348633
  endloop
 endfacet
 facet normal -1 -0 -0
  outer loop
   vertex 78.416671752929688 67.800003051757812 8.25
   vertex 78.416671752929688 67.875999450683594 8.25
   vertex 78.416671752929688 67.875999450683594 7.0500001907348633
  endloop
 endfacet
 facet normal 1 0 0
  outer loop
   vertex 76.916671752929688 67.800003051757812 8.25
   vertex 76.916671752929688 67.800003051757812 7.0500001907348633
   vertex 76.916671752929688 67.875999450683594 7.0500001907348633
  endloop
 endfacet
 facet normal 1 0 -0
  outer loop
   vertex 76.916671752929688 67.800003051757812 8.25
   vertex 76.916671752929688 67.875999450683594 7.0500001907348633
   vertex 76.916671752929688 67.875999450683594 8.25
  endloop
 endfacet
 facet normal 0 0 -1
  outer loop
   vertex 78.416671752929688 67.875999450683594 8.25
   vertex 76.916671752929688 67.800003051757812 8.25
   vertex 76.916671752929688 67.875999450683594 8.25
  endloop
 endfacet
 facet normal 0 0 -1
  outer loop
   vertex 78.416671752929688 67.875999450683594 8.25
   vertex 78.416671752929688 67.800003051757812 8.25
   vertex 76.916671752929688 67.800003051757812 8.25
  endloop
 endfacet
 facet normal 0 0 -1
  outer loop
   vertex 65.083328247070312 67.875999450683594 5.5500001907348633
   vertex 63.583328247070312 67.800003051757812 5.5500001907348633
   vertex 63.583328247070312 67.875999450683594 5.5500001907348633
  endloop
 endfacet
 facet normal 0 0 -1
  outer loop
   vertex 65.083328247070312 67.875999450683594 5.5500001907348633
   vertex 65.083328247070312 67.800003051757812 5.5500001907348633
   vertex 63.583328247070312 67.800003051757812 5.5500001907348633
  endloop
 endfacet
 facet normal -1 0 0
  outer loop
   vertex 65.083328247070312 67.800003051757812 5.5500001907348633
   vertex 65.083328247070312 67.875999450683594 4.3499999046325684
   vertex 65.083328247070312 67.800003051757812 4.3499999046325684
  endloop
 endfacet
 facet normal -1 -0 -0
  outer loop
   vertex 65.083328247070312 67.800003051757812 5.5500001907348633
   vertex 65.083328247070312 67.875999450683594 5.5500001907348633
   vertex 65.083328247070312 67.875999450683594 4.3499999046325684
  endloop
 endfacet
 facet normal 1 0 0
  outer loop
   vertex 63.583328247070312 67.800003051757812 5.5500001907348633
   vertex 63.583328247070312 67.800003051757812 4.3499999046325684
   vertex 63.583328247070312 67.875999450683594 4.3499999046325684
  endloop
 endfacet
 facet normal 1 0 -0
  outer loop
   vertex 63.583328247070312 67.800003051757812 5.5500001907348633
   vertex 63.583328247070312 67.875999450683594 4.3499999046325684
   vertex 63.583328247070312 67.875999450683594 5.5500001907348633
  endloop
 endfacet
 facet normal -0 0 1
  outer loop
   vertex 65.083328247070312 67.875999450683594 4.3499999046325684
   vertex 63.583328247070312 67.875999450683594 4.3499999046325684
   vertex 63.583328247070312 67.800003051757812 4.3499999046325684
  endloop
 endfacet
 facet normal 0 0 1
  outer loop
   vertex 65.083328247070312 67.875999450683594 4.3499999046325684
   vertex 63.583328247070312 67.800003051757812 4.3499999046325684
   vertex 65.083328247070312 67.800003051757812 4.3499999046325684
  endloop
 endfacet
 facet normal 0 0 -1
  outer loop
   vertex 71.75 67.875999450683594 5.5500001907348633
   vertex 70.25 67.800003051757812 5.5500001907348633
   vertex 70.25 67.875999450683594 5.5500001907348633
  endloop
 endfacet
 facet normal 0 0 -1
  outer loop
   vertex 71.75 67.875999450683594 5.5500001907348633
   vertex 71.75 67.800003051757812 5.5500001907348633
   vertex 70.25 67.800003051757812 5.5500001907348633
  endloop
 endfacet
 facet normal -1 0 0
  outer loop
   vertex 71.75 67.800003051757812 5.5500001907348633
   vertex 71.75 67.875999450683594 4.3499999046325684
   vertex 71.75 67.800003051757812 4.3499999046325684
  endloop
 endfacet
 facet normal -1 -0 -0
  outer loop
   vertex 71.75 67.800003051757812 5.5500001907348633
   vertex 71.75 67.875999450683594 5.5500001907348633
   vertex 71.75 67.875999450683594 4.3499999046325684
  endloop
 endfacet
 facet normal 1 0 0
  outer loop
   vertex 70.25 67.800003051757812 5.5500001907348633
   vertex 70.25 67.800003051757812 4.3499999046325684
   vertex 70.25 67.875999450683594 4.3499999046325684
  endloop
 endfacet
 facet normal 1 0 -0
  outer loop
   vertex 70.25 67.800003051757812 5.5500001907348633
   vertex 70.25 67.875999450683594 4.3499999046325684
   vertex 70.25 67.875999450683594 5.5500001907348633
  endloop
 endfacet
 facet normal -0 0 1
  outer loop
   vertex 71.75 67.875999450683594 4.3499999046325684
   vertex 70.25 67.875999450683594 4.3499999046325684
   vertex 70.25 67.800003051757812 4.3499999046325684
  endloop
 endfacet
 facet normal 0 0 1
  outer loop
   vertex 71.75 67.875999450683594 4.3499999046325684
   vertex 70.25 67.800003051757812 4.3499999046325684
   vertex 71.75 67.800003051757812 4.3499999046325684
  endloop
 endfacet
 facet normal -0 0 1
  outer loop
   vertex 78.416671752929688 67.875999450683594 4.3499999046325684
   vertex 76.916671752929688 67.875999450683594 4.3499999046325684
   vertex 76.916671752929688 67.800003051757812 4.3499999046325684
  endloop
 endfacet
 facet normal 0 0 1
  outer loop
   vertex 78.416671752929688 67.875999450683594 4.3499999046325684
   vertex 76.916671752929688 67.800003051757812 4.3499999046325684
   vertex 78.416671752929688 67.800003051757812 4.3499999046325684
  endloop
 endfacet
 facet normal -1 0 0
  outer loop
   vertex 78.416671752929688 67.800003051757812 5.5500001907348633
   vertex 78.416671752929688 67.875999450683594 4.3499999046325684
   vertex 78.416671752929688 67.800003051757812 4.3499999046325684
  endloop
 endfacet
 facet normal -1 -0 -0
  outer loop
   vertex 78.416671752929688 67.800003051757812 5.5500001907348633
   vertex 78.416671752929688 67.875999450683594 5.5500001907348633
   vertex 78.416671752929688 67.875999450683594 4.3499999046325684
  endloop
 endfacet
 facet normal 1 0 0
  outer loop
   vertex 76.916671752929688 67.800003051757812 5.5500001907348633
   vertex 76.916671752929688 67.800003051757812 4.3499999046325684
   vertex 76.916671752929688 67.875999450683594 4.3499999046325684
  endloop
 endfacet
 facet normal 1 0 -0
  outer loop
   vertex 76.916671752929688 67.800003051757812 5.5500001907348633
   vertex 76.916671752929688 67.875999450683594 4.3499999046325684
   vertex 76.916671752929688 67.875999450683594 5.5500001907348633
  endloop
 endfacet
 facet normal 0 0 -1
  outer loop
   vertex 78.416671752929688 67.875999450683594 5.5500001907348633
   vertex 76.916671752929688 67.800003051757812 5.5500001907348633
   vertex 76.916671752929688 67.875999450683594 5.5500001907348633
  endloop
 endfacet
 facet normal 0 0 -1
  outer loop
   vertex 78.416671752929688 67.875999450683594 5.5500001907348633
   vertex 78.416671752929688 67.800003051757812 5.5500001907348633
   vertex 76.916671752929688 67.800003051757812 5.5500001907348633
  endloop
 endfacet
 facet normal 0 0 -1
  outer loop
   vertex 65.083328247070312 67.875999450683594 2.8499999046325684
   vertex 63.583328247070312 67.800003051757812 2.8499999046325684
   vertex 63.583328247070312 67.875999450683594 2.8499999046325684
  endloop
 endfacet
 facet normal 0 0 -1
  outer loop
   vertex 65.083328247070312 67.875999450683594 2.8499999046325684
   vertex 65.083328247070312 67.800003051757812 2.8499999046325684
   vertex 63.583328247070312 67.800003051757812 2.8499999046325684
  endloop
 endfacet
 facet normal -1 0 0
  outer loop
   vertex 65.083328247070312 67.800003051757812 2.8499999046325684
   vertex 65.083328247070312 67.875999450683594 1.6499999761581421
   vertex 65.083328247070312 67.800003051757812 1.6499999761581421
  endloop
 endfacet
 facet normal -1 -0 -0
  outer loop
   vertex 65.083328247070312 67.800003051757812 2.8499999046325684
   vertex 65.083328247070312 67.875999450683594 2.8499999046325684
   vertex 65.083328247070312 67.875999450683594 1.6499999761581421
  endloop
 endfacet
 facet normal 1 0 0
  outer loop
   vertex 63.583328247070312 67.800003051757812 2.8499999046325684
   vertex 63.583328247070312 67.800003051757812 1.6499999761581421
   vertex 63.583328247070312 67.875999450683594 1.6499999761581421
  endloop
 endfacet
 facet normal 1 0 -0
  outer loop
   vertex 63.583328247070312 67.800003051757812 2.8499999046325684
   vertex 63.583328247070312 67.875999450683594 1.6499999761581421
   vertex 63.583328247070312 67.875999450683594 2.8499999046325684
  endloop
 endfacet
 facet normal -0 0 1
  outer loop
   vertex 65.083328247070312 67.875999450683594 1.6499999761581421
   vertex 63.583328247070312 67.875999450683594 1.6499999761581421
   vertex 63.583328247070312 67.800003051757812 1.6499999761581421
  endloop
 endfacet
 facet normal 0 0 1
  outer loop
   vertex 65.083328247070312 67.875999450683594 1.6499999761581421
   vertex 63.583328247070312 67.800003051757812 1.6499999761581421
   vertex 65.083328247070312 67.800003051757812 1.6499999761581421
  endloop
 endfacet
 facet normal 0 0 -1
  outer loop
   vertex 71.75 67.875999450683594 2.8499999046325684
   vertex 70.25 67.800003051757812 2.8499999046325684
   vertex 70.25 67.875999450683594 2.8499999046325684
  endloop
 endfacet
 facet normal 0 0 -1
  outer loop
   vertex 71.75 67.875999450683594 2.8499999046325684
   vertex 71.75 67.800003051757812 2.8499999046325684
   vertex 70.25 67.800003051757812 2.8499999046325684
  endloop
 endfacet
 facet normal -1 0 0
  outer loop
   vertex 71.75 67.800003051757812 2.8499999046325684
   vertex 71.75 67.875999450683594 1.6499999761581421
   vertex 71.75 67.800003051757812 1.6499999761581421
  endloop
 endfacet
 facet normal -1 -0 -0
  outer loop
   vertex 71.75 67.800003051757812 2.8499999046325684
   vertex 71.75 67.875999450683594 2.8499999046325684
   vertex 71.75 67.875999450683594 1.6499999761581421
  endloop
 endfacet
 facet normal 1 0 0
  outer loop
   vertex 70.25 67.800003051757812 2.8499999046325684
   vertex 70.25 67.800003051757812 1.6499999761581421
   vertex 70.25 67.875999450683594 1.6499999761581421
  endloop
 endfacet
 facet normal 1 0 -0
  outer loop
   vertex 70.25 67.800003051757812 2.8499999046325684
   vertex 70.25 67.875999450683594 1.6499999761581421
   vertex 70.25 67.875999450683594 2.8499999046325684
  endloop
 endfacet
 facet normal -0 0 1
  outer loop
   vertex 71.75 67.875999450683594 1.6499999761581421
   vertex 70.25 67.875999450683594 1.6499999761581421
   vertex 70.25 67.800003051757812 1.6499999761581421
  endloop
 endfacet
 facet normal 0 0 1
  outer loop
   vertex 71.75 67.875999450683594 1.6499999761581421
   vertex 70.25 67.800003051757812 1.6499999761581421
   vertex 71.75 67.800003051757812 1.6499999761581421
  endloop
 endfacet
 facet normal -0 0 1
  outer loop
   vertex 78.416671752929688 67.875999450683594 1.6499999761581421
   vertex 76.916671752929688 67.875999450683594 1.6499999761581421
   vertex 76.916671752929688 67.800003051757812 1.6499999761581421
  endloop
 endfacet
 facet normal 0 0 1
  outer loop
   vertex 78.416671752929688 67.875999450683594 1.6499999761581421
   vertex 76.916671752929688 67.800003051757812 1.6499999761581421
   vertex 78.416671752929688 67.800003051757812 1.6499999761581421
  endloop
 endfacet
 facet normal -1 0 0
  outer loop
   vertex 78.416671752929688 67.800003051757812 2.8499999046325684
   vertex 78.416671752929688 67.875999450683594 1.6499999761581421
   vertex 78.416671752929688 67.800003051757812 1.6499999761581421
  endloop
 endfacet
 facet normal -1 -0 -0
  outer loop
   vertex 78.416671752929688 67.800003051757812 2.8499999046325684
   vertex 78.416671752929688 67.875999450683594 2.8499999046325684
   vertex 78.416671752929688 67.875999450683594 1.6499999761581421
  endloop
 endfacet
 facet normal 1 0 0
  outer loop
   vertex 76.916671752929688 67.800003051757812 2.8499999046325684
   vertex 76.916671752929688 67.800003051757812 1.6499999761581421
   vertex 76.916671752929688 67.875999450683594 1.6499999761581421
  endloop
 endfacet
 facet normal 1 0 -0
  outer loop
   vertex 76.916671752929688 67.800003051757812 2.8499999046325684
   vertex 76.916671752929688 67.875999450683594 1.6499999761581421
   vertex 76.916671752929688 67.875999450683594 2.8499999046325684
  endloop
 endfacet
 facet normal 0 0 -1
  outer loop
   vertex 78.416671752929688 67.875999450683594 2.8499999046325684
   vertex 76.916671752929688 67.800003051757812 2.8499999046325684
   vertex 76.916671752929688 67.875999450683594 2.8499999046325684
  endloop
 endfacet
 facet normal 0 0 -1
  outer loop
   vertex 78.416671752929688 67.875999450683594 2.8499999046325684
   vertex 78.416671752929688 67.800003051757812 2.8499999046325684
   vertex 76.916671752929688 67.800003051757812 2.8499999046325684
  endloop
 endfacet
 facet normal 0 0 -1
  outer loop
   vertex 65.083328247070312 53.200000762939453 2.8499999046325684
   vertex 63.583328247070312 53.124000549316406 2.8499999046325684
   vertex 63.583328247070312 53.200000762939453 2.8499999046325684
  endloop
 endfacet
 facet normal 0 0 -1
  outer loop
   vertex 65.083328247070312 53.200000762939453 2.8499999046325684
   vertex 65.083328247070312 53.124000549316406 2.8499999046325684
   vertex 63.583328247070312 53.124000549316406 2.8499999046325684
  endloop
 endfacet
 facet normal -1 0 0
  outer loop
   vertex 65.083328247070312 53.124000549316406 2.8499999046325684
   vertex 65.083328247070312 53.200000762939453 1.6499999761581421
   vertex 65.083328247070312 53.124000549316406 1.6499999761581421
  endloop
 endfacet
 facet normal -1 -0 -0
  outer loop
   vertex 65.083328247070312 53.124000549316406 2.8499999046325684
   vertex 65.083328247070312 53.200000762939453 2.8499999046325684
   vertex 65.083328247070312 53.200000762939453 1.6499999761581421
  endloop
 endfacet
 facet normal 1 0 0
  outer loop
   vertex 63.583328247070312 53.124000549316406 2.8499999046325684
   vertex 63.583328247070312 53.124000549316406 1.6499999761581421
   vertex 63.583328247070312 53.200000762939453 1.6499999761581421
  endloop
 endfacet
 facet normal 1 0 -0
  outer loop
   vertex 63.583328247070312 53.124000549316406 2.8499999046325684
   vertex 63.583328247070312 53.200000762939453 1.6499999761581421
   vertex 63.583328247070312 53.200000762939453 2.8499999046325684
  endloop
 endfacet
 facet normal -0 0 1
  outer loop
   vertex 65.083328247070312 53.200000762939453 1.6499999761581421
   vertex 63.583328247070312 53.200000762939453 1.6499999761581421
   vertex 63.583328247070312 53.124000549316406 1.6499999761581421
  endloop
 endfacet
 facet normal 0 0 1
  outer loop
   vertex 65.083328247070312 53.200000762939453 1.6499999761581421
   vertex 63.583328247070312 53.124000549316406 1.6499999761581421
   vertex 65.083328247070312 53.124000549316406 1.6499999761581421
  endloop
 endfacet
 facet normal 0 0 -1
  outer loop
   vertex 71.75 53.200000762939453 2.8499999046325684
   vertex 70.25 53.124000549316406 2.8499999046325684
   vertex 70.25 53.200000762939453 2.8499999046325684
  endloop
 endfacet
 facet normal 0 0 -1
  outer loop
   vertex 71.75 53.200000762939453 2.8499999046325684
   vertex 71.75 53.124000549316406 2.8499999046325684
   vertex 70.25 53.124000549316406 2.8499999046325684
  endloop
 endfacet
 facet normal -1 0 0
  outer loop
   vertex 71.75 53.124000549316406 2.8499999046325684
   vertex 71.75 53.200000762939453 1.6499999761581421
   vertex 71.75 53.124000549316406 1.6499999761581421
  endloop
 endfacet
 facet normal -1 -0 -0
  outer loop
   vertex 71.75 53.124000549316406 2.8499999046325684
   vertex 71.75 53.200000762939453 2.8499999046325684
   vertex 71.75 53.200000762939453 1.6499999761581421
  endloop
 endfacet
 facet normal 1 0 0
  outer loop
   vertex 70.25 53.124000549316406 2.8499999046325684
   vertex 70.25 53.124000549316406 1.6499999761581421
   vertex 70.25 53.200000762939453 1.6499999761581421
  endloop
 endfacet
 facet normal 1 0 -0
  outer loop
   vertex 70.25 53.124000549316406 2.8499999046325684
   vertex 70.25 53.200000762939453 1.6499999761581421
   vertex 70.25 53.200000762939453 2.8499999046325684
  endloop
 endfacet
 facet normal -0 0 1
  outer loop
   vertex 71.75 53.200000762939453 1.6499999761581421
   vertex 70.25 53.200000762939453 1.6499999761581421
   vertex 70.25 53.124000549316406 1.6499999761581421
  endloop
 endfacet
 facet normal 0 0 1
  outer loop
   vertex 71.75 53.200000762939453 1.6499999761581421
   vertex 70.25 53.124000549316406 1.6499999761581421
   vertex 71.75 53.124000549316406 1.6499999761581421
  endloop
 endfacet
 facet normal -0 0 1
  outer loop
   vertex 78.416671752929688 53.200000762939453 1.6499999761581421
   vertex 76.916671752929688 53.200000762939453 1.6499999761581421
   vertex 76.916671752929688 53.124000549316406 1.6499999761581421
  endloop
 endfacet
 facet normal 0 0 1
  outer loop
   vertex 78.416671752929688 53.200000762939453 1.6499999761581421
   vertex 76.916671752929688 53.124000549316406 1.6499999761581421
   vertex 78.416671752929688 53.124000549316406 1.6499999761581421
  endloop
 endfacet
 facet normal -1 0 0
  outer loop
   vertex 78.416671752929688 53.124000549316406 2.8499999046325684
   vertex 78.416671752929688 53.200000762939453 1.6499999761581421
   vertex 78.416671752929688 53.124000549316406 1.6499999761581421
  endloop
 endfacet
 facet normal -1 -0 -0
  outer loop
   vertex 78.416671752929688 53.124000549316406 2.8499999046325684
   vertex 78.416671752929688 53.200000762939453 2.8499999046325684
   vertex 78.416671752929688 53.200000762939453 1.6499999761581421
  endloop
 endfacet
 facet normal 1 0 0
  outer loop
   vertex 76.916671752929688 53.124000549316406 2.8499999046325684
   vertex 76.916671752929688 53.124000549316406 1.6499999761581421
   vertex 76.916671752929688 53.200000762939453 1.6499999761581421
  endloop
 endfacet
 facet normal 1 0 -0
  outer loop
   vertex 76.916671752929688 53.124000549316406 2.8499999046325684
   vertex 76.916671752929688 53.200000762939453 1.6499999761581421
   vertex 76.916671752929688 53.200000762939453 2.8499999046325684
  endloop
 endfacet
 facet normal 0 0 -1
  outer loop
   vertex 78.416671752929688 53.200000762939453 2.8499999046325684
   vertex 76.916671752929688 53.124000549316406 2.8499999046325684
   vertex 76.916671752929688 53.200000762939453 2.8499999046325684
  endloop
 endfacet
 facet normal 0 0 -1
  outer loop
   vertex 78.416671752929688 53.200000762939453 2.8499999046325684
   vertex 78.416671752929688 53.124000549316406 2.8499999046325684
   vertex 76.916671752929688 53.124000549316406 2.8499999046325684
  endloop
 endfacet
 facet normal 0 0 -1
  outer loop
   vertex 65.083328247070312 53.200000762939453 5.5500001907348633
   vertex 63.583328247070312 53.124000549316406 5.5500001907348633
   vertex 63.583328247070312 53.200000762939453 5.5500001907348633
  endloop
 endfacet
 facet normal 0 0 -1
  outer loop
   vertex 65.083328247070312 53.200000762939453 5.5500001907348633
   vertex 65.083328247070312 53.124000549316406 5.5500001907348633
   vertex 63.583328247070312 53.124000549316406 5.5500001907348633
  endloop
 endfacet
 facet normal -1 0 0
  outer loop
   vertex 65.083328247070312 53.124000549316406 5.5500001907348633
   vertex 65.083328247070312 53.200000762939453 4.3499999046325684
   vertex 65.083328247070312 53.124000549316406 4.3499999046325684
  endloop
 endfacet
 facet normal -1 -0 -0
  outer loop
   vertex 65.083328247070312 53.124000549316406 5.5500001907348633
   vertex 65.083328247070312 53.200000762939453 5.5500001907348633
   vertex 65.083328247070312 53.200000762939453 4.3499999046325684
  endloop
 endfacet
 facet normal 1 0 0
  outer loop
   vertex 63.583328247070312 53.124000549316406 5.5500001907348633
   vertex 63.583328247070312 53.124000549316406 4.3499999046325684
   vertex 63.583328247070312 53.200000762939453 4.3499999046325684
  endloop
 endfacet
 facet normal 1 0 -0
  outer loop
   vertex 63.583328247070312 53.124000549316406 5.5500001907348633
   vertex 63.583328247070312 53.200000762939453 4.3499999046325684
   vertex 63.583328247070312 53.200000762939453 5.5500001907348633
  endloop
 endfacet
 facet normal -0 0 1
  outer loop
   vertex 65.083328247070312 53.200000762939453 4.3499999046325684
   vertex 63.583328247070312 53.200000762939453 4.3499999046325684
   vertex 63.583328247070312 53.124000549316406 4.3499999046325684
  endloop
 endfacet
 facet normal 0 0 1
  outer loop
   vertex 65.083328247070312 53.200000762939453 4.3499999046325684
   vertex 63.583328247070312 53.124000549316406 4.3499999046325684
   vertex 65.083328247070312 53.124000549316406 4.3499999046325684
  endloop
 endfacet
 facet normal 0 0 -1
  outer loop
   vertex 71.75 53.200000762939453 5.5500001907348633
   vertex 70.25 53.124000549316406 5.5500001907348633
   vertex 70.25 53.200000762939453 5.5500001907348633
  endloop
 endfacet
 facet normal 0 0 -1
  outer loop
   vertex 71.75 53.200000762939453 5.5500001907348633
   vertex 71.75 53.124000549316406 5.5500001907348633
   vertex 70.25 53.124000549316406 5.5500001907348633
  endloop
 endfacet
 facet normal -1 0 0
  outer loop
   vertex 71.75 53.124000549316406 5.5500001907348633
   vertex 71.75 53.200000762939453 4.3499999046325684
   vertex 71.75 53.124000549316406 4.3499999046325684
  endloop
 endfacet
 facet normal -1 -0 -0
  outer loop
   vertex 71.75 53.124000549316406 5.5500001907348633
   vertex 71.75 53.200000762939453 5.5500001907348633
   vertex 71.75 53.200000762939453 4.3499999046325684
  endloop
 endfacet
 facet normal 1 0 0
  outer loop
   vertex 70.25 53.124000549316406 5.5500001907348633
   vertex 70.25 53.124000549316406 4.3499999046325684
   vertex 70.25 53.200000762939453 4.3499999046325684
  endloop
 endfacet
 facet normal 1 0 -0
  outer loop
   vertex 70.25 53.124000549316406 5.5500001907348633
   vertex 70.25 53.200000762939453 4.3499999046325684
   vertex 70.25 53.200000762939453 5.5500001907348633
  endloop
 endfacet
 facet normal -0 0 1
  outer loop
   vertex 71.75 53.200000762939453 4.3499999046325684
   vertex 70.25 53.200000762939453 4.3499999046325684
   vertex 70.25 53.124000549316406 4.3499999046325684
  endloop
 endfacet
 facet normal 0 0 1
  outer loop
   vertex 71.75 53.200000762939453 4.3499999046325684
   vertex 70.25 53.124000549316406 4.3499999046325684
   vertex 71.75 53.124000549316406 4.3499999046325684
  endloop
 endfacet
 facet normal -0 0 1
  outer loop
   vertex 78.416671752929688 53.200000762939453 4.3499999046325684
   vertex 76.916671752929688 53.200000762939453 4.3499999046325684
   vertex 76.916671752929688 53.124000549316406 4.3499999046325684
  endloop
 endfacet
 facet normal 0 0 1
  outer loop
   vertex 78.416671752929688 53.200000762939453 4.3499999046325684
   vertex 76.916671752929688 53.124000549316406 4.3499999046325684
   vertex 78.416671752929688 53.124000549316406 4.3499999046325684
  endloop
 endfacet
 facet normal -1 0 0
  outer loop
   vertex 78.416671752929688 53.124000549316406 5.5500001907348633
   vertex 78.416671752929688 53.200000762939453 4.3499999046325684
   vertex 78.416671752929688 53.124000549316406 4.3499999046325684
  endloop
 endfacet
 facet normal -1 -0 -0
  outer loop
   vertex 78.416671752929688 53.124000549316406 5.5500001907348633
   vertex 78.416671752929688 53.200000762939453 5.5500001907348633
   vertex 78.416671752929688 53.200000762939453 4.3499999046325684
  endloop
 endfacet
 facet normal 1 0 0
  outer loop
   vertex 76.916671752929688 53.124000549316406 5.5500001907348633
   vertex 76.916671752929688 53.124000549316406 4.3499999046325684
   vertex 76.916671752929688 53.200000762939453 4.3499999046325684
  endloop
 endfacet
 facet normal 1 0 -0
  outer loop
   vertex 76.916671752929688 53.124000549316406 5.5500001907348633
   vertex 76.916671752929688 53.200000762939453 4.3499999046325684
   vertex 76.916671752929688 53.200000762939453 5.5500001907348633
  endloop
 endfacet
 facet normal 0 0 -1
  outer loop
   vertex 78.416671752929688 53.200000762939453 5.5500001907348633
   vertex 76.916671752929688 53.124000549316406 5.5500001907348633
   vertex 76.916671752929688 53.200000762939453 5.5500001907348633
  endloop
 endfacet
 facet normal 0 0 -1
  outer loop
   vertex 78.416671752929688 53.200000762939453 5.5500001907348633
   vertex 78.416671752929688 53.124000549316406 5.5500001907348633
   vertex 76.916671752929688 53.124000549316406 5.5500001907348633
  endloop
 endfacet
 facet normal 0 0 -1
  outer loop
   vertex 65.083328247070312 53.200000762939453 8.25
   vertex 63.583328247070312 53.124000549316406 8.25
   vertex 63.583328247070312 53.200000762939453 8.25
  endloop
 endfacet
 facet normal 0 0 -1
  outer loop
   vertex 65.083328247070312 53.200000762939453 8.25
   vertex 65.083328247070312 53.124000549316406 8.25
   vertex 63.583328247070312 53.124000549316406 8.25
  endloop
 endfacet
 facet normal -1 0 0
  outer loop
   vertex 65.083328247070312 53.124000549316406 8.25
   vertex 65.083328247070312 53.200000762939453 7.0500001907348633
   vertex 65.083328247070312 53.124000549316406 7.0500001907348633
  endloop
 endfacet
 facet normal -1 -0 -0
  outer loop
   vertex 65.083328247070312 53.124000549316406 8.25
   vertex 65.083328247070312 53.200000762939453 8.25
   vertex 65.083328247070312 53.200000762939453 7.0500001907348633
  endloop
 endfacet
 facet normal 1 0 0
  outer loop
   vertex 63.583328247070312 53.124000549316406 8.25
   vertex 63.583328247070312 53.124000549316406 7.0500001907348633
   vertex 63.583328247070312 53.200000762939453 7.0500001907348633
  endloop
 endfacet
 facet normal 1 0 -0
  outer loop
   vertex 63.583328247070312 53.124000549316406 8.25
   vertex 63.583328247070312 53.200000762939453 7.0500001907348633
   vertex 63.583328247070312 53.200000762939453 8.25
  endloop
 endfacet
 facet normal -0 0 1
  outer loop
   vertex 65.083328247070312 53.200000762939453 7.0500001907348633
   vertex 63.583328247070312 53.200000762939453 7.0500001907348633
   vertex 63.583328247070312 53.124000549316406 7.0500001907348633
  endloop
 endfacet
 facet normal 0 0 1
  outer loop
   vertex 65.083328247070312 53.200000762939453 7.0500001907348633
   vertex 63.583328247070312 53.124000549316406 7.0500001907348633
   vertex 65.083328247070312 53.124000549316406 7.0500001907348633
  endloop
 endfacet
 facet normal 0 0 -1
  outer loop
   vertex 71.75 53.200000762939453 8.25
   vertex 70.25 53.124000549316406 8.25
   vertex 70.25 53.200000762939453 8.25
  endloop
 endfacet
 facet normal 0 0 -1
  outer loop
   vertex 71.75 53.200000762939453 8.25
   vertex 71.75 53.124000549316406 8.25
   vertex 70.25 53.124000549316406 8.25
  endloop
 endfacet
 facet normal -1 0 0
  outer loop
   vertex 71.75 53.124000549316406 8.25
   vertex 71.75 53.200000762939453 7.0500001907348633
   vertex 71.75 53.124000549316406 7.0500001907348633
  endloop
 endfacet
 facet normal -1 -0 -0
  outer loop
   vertex 71.75 53.124000549316406 8.25
   vertex 71.75 53.200000762939453 8.25
   vertex 71.75 53.200000762939453 7.0500001907348633
  endloop
 endfacet
 facet normal 1 0 0
  outer loop
   vertex 70.25 53.124000549316406 8.25
   vertex 70.25 53.124000549316406 7.0500001907348633
   vertex 70.25 53.200000762939453 7.0500001907348633
  endloop
 endfacet
 facet normal 1 0 -0
  outer loop
   vertex 70.25 53.124000549316406 8.25
   vertex 70.25 53.200000762939453 7.0500001907348633
   vertex 70.25 53.200000762939453 8.25
  endloop
 endfacet
 facet normal -0 0 1
  outer loop
   vertex 71.75 53.200000762939453 7.0500001907348633
   vertex 70.25 53.200000762939453 7.0500001907348633
   vertex 70.25 53.124000549316406 7.0500001907348633
  endloop
 endfacet
 facet normal 0 0 1
  outer loop
   vertex 71.75 53.200000762939453 7.0500001907348633
   vertex 70.25 53.124000549316406 7.0500001907348633
   vertex 71.75 53.124000549316406 7.0500001907348633
  endloop
 endfacet
 facet normal -0 0 1
  outer loop
   vertex 78.416671752929688 53.200000762939453 7.0500001907348633
   vertex 76.916671752929688 53.200000762939453 7.0500001907348633
   vertex 76.916671752929688 53.124000549316406 7.0500001907348633
  endloop
 endfacet
 facet normal 0 0 1
  outer loop
   vertex 78.416671752929688 53.200000762939453 7.0500001907348633
   vertex 76.916671752929688 53.124000549316406 7.0500001907348633
   vertex 78.416671752929688 53.124000549316406 7.0500001907348633
  endloop
 endfacet
 facet normal -1 0 0
  outer loop
   vertex 78.416671752929688 53.124000549316406 8.25
   vertex 78.416671752929688 53.200000762939453 7.0500001907348633
   vertex 78.416671752929688 53.124000549316406 7.0500001907348633
  endloop
 endfacet
 facet normal -1 -0 -0
  outer loop
   vertex 78.416671752929688 53.124000549316406 8.25
   vertex 78.416671752929688 53.200000762939453 8.25
   vertex 78.416671752929688 53.200000762939453 7.0500001907348633
  endloop
 endfacet
 facet normal 1 0 0
  outer loop
   vertex 76.916671752929688 53.124000549316406 8.25
   vertex 76.916671752929688 53.124000549316406 7.0500001907348633
   vertex 76.916671752929688 53.200000762939453 7.0500001907348633
  endloop
 endfacet
 facet normal 1 0 -0
  outer loop
   vertex 76.916671752929688 53.124000549316406 8.25
   vertex 76.916671752929688 53.200000762939453 7.0500001907348633
   vertex 76.916671752929688 53.200000762939453 8.25
  endloop
 endfacet
 facet normal 0 0 -1
  outer loop
   vertex 78.416671752929688 53.200000762939453 8.25
   vertex 76.916671752929688 53.124000549316406 8.25
   vertex 76.916671752929688 53.200000762939453 8.25
  endloop
 endfacet
 facet normal 0 0 -1
  outer loop
   vertex 78.416671752929688 53.200000762939453 8.25
   vertex 78.416671752929688 53.124000549316406 8.25
   vertex 76.916671752929688 53.124000549316406 8.25
  endloop
 endfacet
 facet normal 0 0 -1
  outer loop
   vertex 65.083328247070312 53.200000762939453 10.949999809265137
   vertex 63.583328247070312 53.124000549316406 10.949999809265137
   vertex 63.583328247070312 53.200000762939453 10.949999809265137
  endloop
 endfacet
 facet normal 0 0 -1
  outer loop
   vertex 65.083328247070312 53.200000762939453 10.949999809265137
   vertex 65.083328247070312 53.124000549316406 10.949999809265137
   vertex 63.583328247070312 53.124000549316406 10.949999809265137
  endloop
 endfacet
 facet normal -1 0 0
  outer loop
   vertex 65.083328247070312 53.124000549316406 10.949999809265137
   vertex 65.083328247070312 53.200000762939453 9.75
   vertex 65.083328247070312 53.124000549316406 9.75
  endloop
 endfacet
 facet normal -1 -0 -0
  outer loop
   vertex 65.083328247070312 53.124000549316406 10.949999809265137
   vertex 65.083328247070312 53.200000762939453 10.949999809265137
   vertex 65.083328247070312 53.200000762939453 9.75
  endloop
 endfacet
 facet normal 1 0 0
  outer loop
   vertex 63.583328247070312 53.124000549316406 10.949999809265137
   vertex 63.583328247070312 53.124000549316406 9.75
   vertex 63.583328247070312 53.200000762939453 9.75
  endloop
 endfacet
 facet normal 1 0 -0
  outer loop
   vertex 63.583328247070312 53.124000549316406 10.949999809265137
   vertex 63.583328247070312 53.200000762939453 9.75
   vertex 63.583328247070312 53.200000762939453 10.949999809265137
  endloop
 endfacet
 facet normal -0 0 1
  outer loop
   vertex 65.083328247070312 53.200000762939453 9.75
   vertex 63.583328247070312 53.200000762939453 9.75
   vertex 63.583328247070312 53.124000549316406 9.75
  endloop
 endfacet
 facet normal 0 0 1
  outer loop
   vertex 65.083328247070312 53.200000762939453 9.75
   vertex 63.583328247070312 53.124000549316406 9.75
   vertex 65.083328247070312 53.124000549316406 9.75
  endloop
 endfacet
 facet normal 0 0 -1
  outer loop
   vertex 71.75 53.200000762939453 10.949999809265137
   vertex 70.25 53.124000549316406 10.949999809265137
   vertex 70.25 53.200000762939453 10.949999809265137
  endloop
 endfacet
 facet normal 0 0 -1
  outer loop
   vertex 71.75 53.200000762939453 10.949999809265137
   vertex 71.75 53.124000549316406 10.949999809265137
   vertex 70.25 53.124000549316406 10.949999809265137
  endloop
 endfacet
 facet normal -1 0 0
  outer loop
   vertex 71.75 53.124000549316406 10.949999809265137
   vertex 71.75 53.200000762939453 9.75
   vertex 71.75 53.124000549316406 9.75
  endloop
 endfacet
 facet normal -1 -0 -0
  outer loop
   vertex 71.75 53.124000549316406 10.949999809265137
   vertex 71.75 53.200000762939453 10.949999809265137
   vertex 71.75 53.200000762939453 9.75
  endloop
 endfacet
 facet normal 1 0 0
  outer loop
   vertex 70.25 53.124000549316406 10.949999809265137
   vertex 70.25 53.124000549316406 9.75
   vertex 70.25 53.200000762939453 9.75
  endloop
 endfacet
 facet normal 1 0 -0
  outer loop
   vertex 70.25 53.124000549316406 10.949999809265137
   vertex 70.25 53.200000762939453 9.75
   vertex 70.25 53.200000762939453 10.949999809265137
  endloop
 endfacet
 facet normal -0 0 1
  outer loop
   vertex 71.75 53.200000762939453 9.75
   vertex 70.25 53.200000762939453 9.75
   vertex 70.25 53.124000549316406 9.75
  endloop
 endfacet
 facet normal 0 0 1
  outer loop
   vertex 71.75 53.200000762939453 9.75
   vertex 70.25 53.124000549316406 9.75
   vertex 71.75 53.124000549316406 9.75
  endloop
 endfacet
 facet normal -0 0 1
  outer loop
   vertex 78.416671752929688 53.200000762939453 9.75
   vertex 76.916671752929688 53.200000762939453 9.75
   vertex 76.916671752929688 53.124000549316406 9.75
  endloop
 endfacet
 facet normal 0 0 1
  outer loop
   vertex 78.416671752929688 53.200000762939453 9.75
   vertex 76.916671752929688 53.124000549316406 9.75
   vertex 78.416671752929688 53.124000549316406 9.75
  endloop
 endfacet
 facet normal -1 0 0
  outer loop
   vertex 78.416671752929688 53.124000549316406 10.949999809265137
   vertex 78.416671752929688 53.200000762939453 9.75
   vertex 78.416671752929688 53.124000549316406 9.75
  endloop
 endfacet
 facet normal -1 -0 -0
  outer loop
   vertex 78.416671752929688 53.124000549316406 10.949999809265137
   vertex 78.416671752929688 53.200000762939453 10.949999809265137
   vertex 78.416671752929688 53.200000762939453 9.75
  endloop
 endfacet
 facet normal 1 0 0
  outer loop
   vertex 76.916671752929688 53.124000549316406 10.949999809265137
   vertex 76.916671752929688 53.124000549316406 9.75
   vertex 76.916671752929688 53.200000762939453 9.75
  endloop
 endfacet
 facet normal 1 0 -0
  outer loop
   vertex 76.916671752929688 53.124000549316406 10.949999809265137
   vertex 76.916671752929688 53.200000762939453 9.75
   vertex 76.916671752929688 53.200000762939453 10.949999809265137
  endloop
 endfacet
 facet normal 0 0 -1
  outer loop
   vertex 78.416671752929688 53.200000762939453 10.949999809265137
   vertex 76.916671752929688 53.124000549316406 10.949999809265137
   vertex 76.916671752929688 53.200000762939453 10.949999809265137
  endloop
 endfacet
 facet normal 0 0 -1
  outer loop
   vertex 78.416671752929688 53.200000762939453 10.949999809265137
   vertex 78.416671752929688 53.124000549316406 10.949999809265137
   vertex 76.916671752929688 53.124000549316406 10.949999809265137
  endloop
 endfacet
 facet normal 0 0 -1
  outer loop
   vertex 65.083328247070312 53.200000762939453 13.649999618530273
   vertex 63.583328247070312 53.124000549316406 13.649999618530273
   vertex 63.583328247070312 53.200000762939453 13.649999618530273
  endloop
 endfacet
 facet normal 0 0 -1
  outer loop
   vertex 65.083328247070312 53.200000762939453 13.649999618530273
   vertex 65.083328247070312 53.124000549316406 13.649999618530273
   vertex 63.583328247070312 53.124000549316406 13.649999618530273
  endloop
 endfacet
 facet normal -1 0 0
  outer loop
   vertex 65.083328247070312 53.124000549316406 13.649999618530273
   vertex 65.083328247070312 53.200000762939453 12.449999809265137
   vertex 65.083328247070312 53.124000549316406 12.449999809265137
  endloop
 endfacet
 facet normal -1 -0 -0
  outer loop
   vertex 65.083328247070312 53.124000549316406 13.649999618530273
   vertex 65.083328247070312 53.200000762939453 13.649999618530273
   vertex 65.083328247070312 53.200000762939453 12.449999809265137
  endloop
 endfacet
 facet normal 1 0 0
  outer loop
   vertex 63.583328247070312 53.124000549316406 13.649999618530273
   vertex 63.583328247070312 53.124000549316406 12.449999809265137
   vertex 63.583328247070312 53.200000762939453 12.449999809265137
  endloop
 endfacet
 facet normal 1 0 -0
  outer loop
   vertex 63.583328247070312 53.124000549316406 13.649999618530273
   vertex 63.583328247070312 53.200000762939453 12.449999809265137
   vertex 63.583328247070312 53.200000762939453 13.649999618530273
  endloop
 endfacet
 facet normal -0 0 1
  outer loop
   vertex 65.083328247070312 53.200000762939453 12.449999809265137
   vertex 63.583328247070312 53.200000762939453 12.449999809265137
   vertex 63.583328247070312 53.124000549316406 12.449999809265137
  endloop
 endfacet
 facet normal 0 0 1
  outer loop
   vertex 65.083328247070312 53.200000762939453 12.449999809265137
   vertex 63.583328247070312 53.124000549316406 12.449999809265137
   vertex 65.083328247070312 53.124000549316406 12.449999809265137
  endloop
 endfacet
 facet normal 0 0 -1
  outer loop
   vertex 71.75 53.200000762939453 13.649999618530273
   vertex 70.25 53.124000549316406 13.649999618530273
   vertex 70.25 53.200000762939453 13.649999618530273
  endloop
 endfacet
 facet normal 0 0 -1
  outer loop
   vertex 71.75 53.200000762939453 13.649999618530273
   vertex 71.75 53.124000549316406 13.649999618530273
   vertex 70.25 53.124000549316406 13.649999618530273
  endloop
 endfacet
 facet normal -1 0 0
  outer loop
   vertex 71.75 53.124000549316406 13.649999618530273
   vertex 71.75 53.200000762939453 12.449999809265137
   vertex 71.75 53.124000549316406 12.449999809265137
  endloop
 endfacet
 facet normal -1 -0 -0
  outer loop
   vertex 71.75 53.124000549316406 13.649999618530273
   vertex 71.75 53.200000762939453 13.649999618530273
   vertex 71.75 53.200000762939453 12.449999809265137
  endloop
 endfacet
 facet normal 1 0 0
  outer loop
   vertex 70.25 53.124000549316406 13.649999618530273
   vertex 70.25 53.124000549316406 12.449999809265137
   vertex 70.25 53.200000762939453 12.449999809265137
  endloop
 endfacet
 facet normal 1 0 -0
  outer loop
   vertex 70.25 53.124000549316406 13.649999618530273
   vertex 70.25 53.200000762939453 12.449999809265137
   vertex 70.25 53.200000762939453 13.649999618530273
  endloop
 endfacet
 facet normal -0 0 1
  outer loop
   vertex 71.75 53.200000762939453 12.449999809265137
   vertex 70.25 53.200000762939453 12.449999809265137
   vertex 70.25 53.124000549316406 12.449999809265137
  endloop
 endfacet
 facet normal 0 0 1
  outer loop
   vertex 71.75 53.200000762939453 12.449999809265137
   vertex 70.25 53.124000549316406 12.449999809265137
   vertex 71.75 53.124000549316406 12.449999809265137
  endloop
 endfacet
 facet normal -0 0 1
  outer loop
   vertex 78.416671752929688 53.200000762939453 12.449999809265137
   vertex 76.916671752929688 53.200000762939453 12.449999809265137
   vertex 76.916671752929688 53.124000549316406 12.449999809265137
  endloop
 endfacet
 facet normal 0 0 1
  outer loop
   vertex 78.416671752929688 53.200000762939453 12.449999809265137
   vertex 76.916671752929688 53.124000549316406 12.449999809265137
   vertex 78.416671752929688 53.124000549316406 12.449999809265137
  endloop
 endfacet
 facet normal -1 0 0
  outer loop
   vertex 78.416671752929688 53.124000549316406 13.649999618530273
   vertex 78.416671752929688 53.200000762939453 12.449999809265137
   vertex 78.416671752929688 53.124000549316406 12.449999809265137
  endloop
 endfacet
 facet normal -1 -0 -0
  outer loop
   vertex 78.416671752929688 53.124000549316406 13.649999618530273
   vertex 78.416671752929688 53.200000762939453 13.649999618530273
   vertex 78.416671752929688 53.200000762939453 12.449999809265137
  endloop
 endfacet
 facet normal 1 0 0
  outer loop
   vertex 76.916671752929688 53.124000549316406 13.649999618530273
   vertex 76.916671752929688 53.124000549316406 12.449999809265137
   vertex 76.916671752929688 53.200000762939453 12.449999809265137
  endloop
 endfacet
 facet normal 1 0 -0
  outer loop
   vertex 76.916671752929688 53.124000549316406 13.649999618530273
   vertex 76.916671752929688 53.200000762939453 12.449999809265137
   vertex 76.916671752929688 53.200000762939453 13.649999618530273
  endloop
 endfacet
 facet normal 0 0 -1
  outer loop
   vertex 78.416671752929688 53.200000762939453 13.649999618530273
   vertex 76.916671752929688 53.124000549316406 13.649999618530273
   vertex 76.916671752929688 53.200000762939453 13.649999618530273
  endloop
 endfacet
 facet normal 0 0 -1
  outer loop
   vertex 78.416671752929688 53.200000762939453 13.649999618530273
   vertex 78.416671752929688 53.124000549316406 13.649999618530273
   vertex 76.916671752929688 53.124000549316406 13.649999618530273
  endloop
 endfacet
 facet normal -0 0 1
  outer loop
   vertex 67.666671752929688 67.699996948242188 12
   vertex 61.299999237060547 67.699996948242188 12
   vertex 61.299999237060547 60.700000762939453 12
  endloop
 endfacet
 facet normal 0 0 1
  outer loop
   vertex 67.666671752929688 67.699996948242188 12
   vertex 61.299999237060547 60.700000762939453 12
   vertex 67.666671752929688 60.700000762939453 12
  endloop
 endfacet
 facet normal -1 0 0
  outer loop
   vertex 67.666671752929688 60.700000762939453 14.5
   vertex 67.666671752929688 67.699996948242188 12
   vertex 67.666671752929688 60.700000762939453 12
  endloop
 endfacet
 facet normal -1 -0 -0
  outer loop
   vertex 67.666671752929688 60.700000762939453 14.5
   vertex 67.666671752929688 67.699996948242188 14.5
   vertex 67.666671752929688 67.699996948242188 12
  endloop
 endfacet
 facet normal 0 0 -1
  outer loop
   vertex 67.666671752929688 67.699996948242188 14.5
   vertex 61.299999237060547 60.700000762939453 14.5
   vertex 61.299999237060547 67.699996948242188 14.5
  endloop
 endfacet
 facet normal 0 0 -1
  outer loop
   vertex 67.666671752929688 67.699996948242188 14.5
   vertex 67.666671752929688 60.700000762939453 14.5
   vertex 61.299999237060547 60.700000762939453 14.5
  endloop
 endfacet
 facet normal -0 0 1
  outer loop
   vertex 74.333328247070312 67.699996948242188 12
   vertex 67.866668701171875 67.699996948242188 12
   vertex 67.866668701171875 60.700000762939453 12
  endloop
 endfacet
 facet normal 0 0 1
  outer loop
   vertex 74.333328247070312 67.699996948242188 12
   vertex 67.866668701171875 60.700000762939453 12
   vertex 74.333328247070312 60.700000762939453 12
  endloop
 endfacet
 facet normal 1 0 0
  outer loop
   vertex 67.866668701171875 60.700000762939453 14.5
   vertex 67.866668701171875 60.700000762939453 12
   vertex 67.866668701171875 67.699996948242188 12
  endloop
 endfacet
 facet normal 1 0 -0
  outer loop
   vertex 67.866668701171875 60.700000762939453 14.5
   vertex 67.866668701171875 67.699996948242188 12
   vertex 67.866668701171875 67.699996948242188 14.5
  endloop
 endfacet
 facet normal -1 0 0
  outer loop
   vertex 74.333328247070312 60.700000762939453 14.5
   vertex 74.333328247070312 67.699996948242188 12
   vertex 74.333328247070312 60.700000762939453 12
  endloop
 endfacet
 facet normal -1 -0 -0
  outer loop
   vertex 74.333328247070312 60.700000762939453 14.5
   vertex 74.333328247070312 67.699996948242188 14.5
   vertex 74.333328247070312 67.699996948242188 12
  endloop
 endfacet
 facet normal 0 0 -1
  outer loop
   vertex 74.333328247070312 67.699996948242188 14.5
   vertex 67.866668701171875 60.700000762939453 14.5
   vertex 67.866668701171875 67.699996948242188 14.5
  endloop
 endfacet
 facet normal 0 0 -1
  outer loop
   vertex 74.333328247070312 67.699996948242188 14.5
   vertex 74.333328247070312 60.700000762939453 14.5
   vertex 67.866668701171875 60.700000762939453 14.5
  endloop
 endfacet
 facet normal -0 0 1
  outer loop
   vertex 80.699996948242188 67.699996948242188 12
   vertex 74.533332824707031 67.699996948242188 12
   vertex 74.533332824707031 60.700000762939453 12
  endloop
 endfacet
 facet normal 0 0 1
  outer loop
   vertex 80.699996948242188 67.699996948242188 12
   vertex 74.533332824707031 60.700000762939453 12
   vertex 80.699996948242188 60.700000762939453 12
  endloop
 endfacet
 facet normal 1 0 0
  outer loop
   vertex 74.533332824707031 60.700000762939453 14.5
   vertex 74.533332824707031 60.700000762939453 12
   vertex 74.533332824707031 67.699996948242188 12
  endloop
 endfacet
 facet normal 1 0 -0
  outer loop
   vertex 74.533332824707031 60.700000762939453 14.5
   vertex 74.533332824707031 67.699996948242188 12
   vertex 74.533332824707031 67.699996948242188 14.5
  endloop
 endfacet
 facet normal 0 0 -1
  outer loop
   vertex 80.699996948242188 67.699996948242188 14.5
   vertex 74.533332824707031 60.700000762939453 14.5
   vertex 74.533332824707031 67.699996948242188 14.5
  endloop
 endfacet
 facet normal 0 0 -1
  outer loop
   vertex 80.699996948242188 67.699996948242188 14.5
   vertex 80.699996948242188 60.700000762939453 14.5
   vertex 74.533332824707031 60.700000762939453 14.5
  endloop
 endfacet
 facet normal -0 0 1
  outer loop
   vertex 67.666671752929688 67.699996948242188 9.3000001907348633
   vertex 61.299999237060547 67.699996948242188 9.3000001907348633
   vertex 61.299999237060547 60.700000762939453 9.3000001907348633
  endloop
 endfacet
 facet normal 0 0 1
  outer loop
   vertex 67.666671752929688 67.699996948242188 9.3000001907348633
   vertex 61.299999237060547 60.700000762939453 9.3000001907348633
   vertex 67.666671752929688 60.700000762939453 9.3000001907348633
  endloop
 endfacet
 facet normal -1 0 -0
  outer loop
   vertex 67.666671752929688 60.700000762939453 9.3000001907348633
   vertex 67.666671752929688 67.699996948242188 11.800000190734863
   vertex 67.666671752929688 67.699996948242188 9.3000001907348633
  endloop
 endfacet
 facet normal -1 -0 0
  outer loop
   vertex 67.666671752929688 60.700000762939453 11.800000190734863
   vertex 67.666671752929688 67.699996948242188 11.800000190734863
   vertex 67.666671752929688 60.700000762939453 9.3000001907348633
  endloop
 endfacet
 facet normal 0 0 -1
  outer loop
   vertex 67.666671752929688 67.699996948242188 11.800000190734863
   vertex 61.299999237060547 60.700000762939453 11.800000190734863
   vertex 61.299999237060547 67.699996948242188 11.800000190734863
  endloop
 endfacet
 facet normal 0 0 -1
  outer loop
   vertex 67.666671752929688 67.699996948242188 11.800000190734863
   vertex 67.666671752929688 60.700000762939453 11.800000190734863
   vertex 61.299999237060547 60.700000762939453 11.800000190734863
  endloop
 endfacet
 facet normal -0 0 1
  outer loop
   vertex 74.333328247070312 67.699996948242188 9.3000001907348633
   vertex 67.866668701171875 67.699996948242188 9.3000001907348633
   vertex 67.866668701171875 60.700000762939453 9.3000001907348633
  endloop
 endfacet
 facet normal 0 0 1
  outer loop
   vertex 74.333328247070312 67.699996948242188 9.3000001907348633
   vertex 67.866668701171875 60.700000762939453 9.3000001907348633
   vertex 74.333328247070312 60.700000762939453 9.3000001907348633
  endloop
 endfacet
 facet normal 1 0 -0
  outer loop
   vertex 67.866668701171875 60.700000762939453 9.3000001907348633
   vertex 67.866668701171875 67.699996948242188 9.3000001907348633
   vertex 67.866668701171875 67.699996948242188 11.800000190734863
  endloop
 endfacet
 facet normal 1 0 0
  outer loop
   vertex 67.866668701171875 60.700000762939453 11.800000190734863
   vertex 67.866668701171875 60.700000762939453 9.3000001907348633
   vertex 67.866668701171875 67.699996948242188 11.800000190734863
  endloop
 endfacet
 facet normal -1 0 -0
  outer loop
   vertex 74.333328247070312 60.700000762939453 9.3000001907348633
   vertex 74.333328247070312 67.699996948242188 11.800000190734863
   vertex 74.333328247070312 67.699996948242188 9.3000001907348633
  endloop
 endfacet
 facet normal -1 -0 0
  outer loop
   vertex 74.333328247070312 60.700000762939453 11.800000190734863
   vertex 74.333328247070312 67.699996948242188 11.800000190734863
   vertex 74.333328247070312 60.700000762939453 9.3000001907348633
  endloop
 endfacet
 facet normal 0 0 -1
  outer loop
   vertex 74.333328247070312 67.699996948242188 11.800000190734863
   vertex 67.866668701171875 60.700000762939453 11.800000190734863
   vertex 67.866668701171875 67.699996948242188 11.800000190734863
  endloop
 endfacet
 facet normal 0 0 -1
  outer loop
   vertex 74.333328247070312 67.699996948242188 11.800000190734863
   vertex 74.333328247070312 60.700000762939453 11.800000190734863
   vertex 67.866668701171875 60.700000762939453 11.800000190734863
  endloop
 endfacet
 facet normal -0 0 1
  outer loop
   vertex 80.699996948242188 67.699996948242188 9.3000001907348633
   vertex 74.533332824707031 67.699996948242188 9.3000001907348633
   vertex 74.533332824707031 60.700000762939453 9.3000001907348633
  endloop
 endfacet
 facet normal 0 0 1
  outer loop
   vertex 80.699996948242188 67.699996948242188 9.3000001907348633
   vertex 74.533332824707031 60.700000762939453 9.3000001907348633
   vertex 80.699996948242188 60.700000762939453 9.3000001907348633
  endloop
 endfacet
 facet normal 1 0 -0
  outer loop
   vertex 74.533332824707031 60.700000762939453 9.3000001907348633
   vertex 74.533332824707031 67.699996948242188 9.3000001907348633
   vertex 74.533332824707031 67.699996948242188 11.800000190734863
  endloop
 endfacet
 facet normal 1 0 0
  outer loop
   vertex 74.533332824707031 60.700000762939453 11.800000190734863
   vertex 74.533332824707031 60.700000762939453 9.3000001907348633
   vertex 74.533332824707031 67.699996948242188 11.800000190734863
  endloop
 endfacet
 facet normal 0 0 -1
  outer loop
   vertex 80.699996948242188 67.699996948242188 11.800000190734863
   vertex 74.533332824707031 60.700000762939453 11.800000190734863
   vertex 74.533332824707031 67.699996948242188 11.800000190734863
  endloop
 endfacet
 facet normal 0 0 -1
  outer loop
   vertex 80.699996948242188 67.699996948242188 11.800000190734863
   vertex 80.699996948242188 60.700000762939453 11.800000190734863
   vertex 74.533332824707031 60.700000762939453 11.800000190734863
  endloop
 endfacet
 facet normal -0 0 1
  outer loop
   vertex 67.666671752929688 67.699996948242188 6.5999999046325684
   vertex 61.299999237060547 67.699996948242188 6.5999999046325684
   vertex 61.299999237060547 60.700000762939453 6.5999999046325684
  endloop
 endfacet
 facet normal 0 0 1
  outer loop
   vertex 67.666671752929688 67.699996948242188 6.5999999046325684
   vertex 61.299999237060547 60.700000762939453 6.5999999046325684
   vertex 67.666671752929688 60.700000762939453 6.5999999046325684
  endloop
 endfacet
 facet normal -1 0 0
  outer loop
   vertex 67.666671752929688 60.700000762939453 9.1000003814697266
   vertex 67.666671752929688 67.699996948242188 6.5999999046325684
   vertex 67.666671752929688 60.700000762939453 6.5999999046325684
  endloop
 endfacet
 facet normal -1 -0 -0
  outer loop
   vertex 67.666671752929688 60.700000762939453 9.1000003814697266
   vertex 67.666671752929688 67.699996948242188 9.1000003814697266
   vertex 67.666671752929688 67.699996948242188 6.5999999046325684
  endloop
 endfacet
 facet normal 0 0 -1
  outer loop
   vertex 67.666671752929688 67.699996948242188 9.1000003814697266
   vertex 61.299999237060547 60.700000762939453 9.1000003814697266
   vertex 61.299999237060547 67.699996948242188 9.1000003814697266
  endloop
 endfacet
 facet normal 0 0 -1
  outer loop
   vertex 67.666671752929688 67.699996948242188 9.1000003814697266
   vertex 67.666671752929688 60.700000762939453 9.1000003814697266
   vertex 61.299999237060547 60.700000762939453 9.1000003814697266
  endloop
 endfacet
 facet normal -0 0 1
  outer loop
   vertex 74.333328247070312 67.699996948242188 6.5999999046325684
   vertex 67.866668701171875 67.699996948242188 6.5999999046325684
   vertex 67.866668701171875 60.700000762939453 6.5999999046325684
  endloop
 endfacet
 facet normal 0 0 1
  outer loop
   vertex 74.333328247070312 67.699996948242188 6.5999999046325684
   vertex 67.866668701171875 60.700000762939453 6.5999999046325684
   vertex 74.333328247070312 60.700000762939453 6.5999999046325684
  endloop
 endfacet
 facet normal 1 0 0
  outer loop
   vertex 67.866668701171875 60.700000762939453 9.1000003814697266
   vertex 67.866668701171875 60.700000762939453 6.5999999046325684
   vertex 67.866668701171875 67.699996948242188 6.5999999046325684
  endloop
 endfacet
 facet normal 1 0 -0
  outer loop
   vertex 67.866668701171875 60.700000762939453 9.1000003814697266
   vertex 67.866668701171875 67.699996948242188 6.5999999046325684
   vertex 67.866668701171875 67.699996948242188 9.1000003814697266
  endloop
 endfacet
 facet normal -1 0 0
  outer loop
   vertex 74.333328247070312 60.700000762939453 9.1000003814697266
   vertex 74.333328247070312 67.699996948242188 6.5999999046325684
   vertex 74.333328247070312 60.700000762939453 6.5999999046325684
  endloop
 endfacet
 facet normal -1 -0 -0
  outer loop
   vertex 74.333328247070312 60.700000762939453 9.1000003814697266
   vertex 74.333328247070312 67.699996948242188 9.1000003814697266
   vertex 74.333328247070312 67.699996948242188 6.5999999046325684
  endloop
 endfacet
 facet normal 0 0 -1
  outer loop
   vertex 74.333328247070312 67.699996948242188 9.1000003814697266
   vertex 67.866668701171875 60.700000762939453 9.1000003814697266
   vertex 67.866668701171875 67.699996948242188 9.1000003814697266
  endloop
 endfacet
 facet normal 0 0 -1
  outer loop
   vertex 74.333328247070312 67.699996948242188 9.1000003814697266
   vertex 74.333328247070312 60.700000762939453 9.1000003814697266
   vertex 67.866668701171875 60.700000762939453 9.1000003814697266
  endloop
 endfacet
 facet normal -0 0 1
  outer loop
   vertex 80.699996948242188 67.699996948242188 6.5999999046325684
   vertex 74.533332824707031 67.699996948242188 6.5999999046325684
   vertex 74.533332824707031 60.700000762939453 6.5999999046325684
  endloop
 endfacet
 facet normal 0 0 1
  outer loop
   vertex 80.699996948242188 67.699996948242188 6.5999999046325684
   vertex 74.533332824707031 60.700000762939453 6.5999999046325684
   vertex 80.699996948242188 60.700000762939453 6.5999999046325684
  endloop
 endfacet
 facet normal 1 0 0
  outer loop
   vertex 74.533332824707031 60.700000762939453 9.1000003814697266
   vertex 74.533332824707031 60.700000762939453 6.5999999046325684
   vertex 74.533332824707031 67.699996948242188 6.5999999046325684
  endloop
 endfacet
 facet normal 1 0 -0
  outer loop
   vertex 74.533332824707031 60.700000762939453 9.1000003814697266
   vertex 74.533332824707031 67.699996948242188 6.5999999046325684
   vertex 74.533332824707031 67.699996948242188 9.1000003814697266
  endloop
 endfacet
 facet normal 0 0 -1
  outer loop
   vertex 80.699996948242188 67.699996948242188 9.1000003814697266
   vertex 74.533332824707031 60.700000762939453 9.1000003814697266
   vertex 74.533332824707031 67.699996948242188 9.1000003814697266
  endloop
 endfacet
 facet normal 0 0 -1
  outer loop
   vertex 80.699996948242188 67.699996948242188 9.1000003814697266
   vertex 80.699996948242188 60.700000762939453 9.1000003814697266
   vertex 74.533332824707031 60.700000762939453 9.1000003814697266
  endloop
 endfacet
 facet normal -0 0 1
  outer loop
   vertex 67.666671752929688 67.699996948242188 3.9000000953674316
   vertex 61.299999237060547 67.699996948242188 3.9000000953674316
   vertex 61.299999237060547 60.700000762939453 3.9000000953674316
  endloop
 endfacet
 facet normal 0 0 1
  outer loop
   vertex 67.666671752929688 67.699996948242188 3.9000000953674316
   vertex 61.299999237060547 60.700000762939453 3.9000000953674316
   vertex 67.666671752929688 60.700000762939453 3.9000000953674316
  endloop
 endfacet
 facet normal -1 0 -0
  outer loop
   vertex 67.666671752929688 60.700000762939453 3.9000000953674316
   vertex 67.666671752929688 67.699996948242188 6.4000000953674316
   vertex 67.666671752929688 67.699996948242188 3.9000000953674316
  endloop
 endfacet
 facet normal -1 -0 0
  outer loop
   vertex 67.666671752929688 60.700000762939453 6.4000000953674316
   vertex 67.666671752929688 67.699996948242188 6.4000000953674316
   vertex 67.666671752929688 60.700000762939453 3.9000000953674316
  endloop
 endfacet
 facet normal 0 0 -1
  outer loop
   vertex 67.666671752929688 67.699996948242188 6.4000000953674316
   vertex 61.299999237060547 60.700000762939453 6.4000000953674316
   vertex 61.299999237060547 67.699996948242188 6.4000000953674316
  endloop
 endfacet
 facet normal 0 0 -1
  outer loop
   vertex 67.666671752929688 67.699996948242188 6.4000000953674316
   vertex 67.666671752929688 60.700000762939453 6.4000000953674316
   vertex 61.299999237060547 60.700000762939453 6.4000000953674316
  endloop
 endfacet
 facet normal -0 0 1
  outer loop
   vertex 74.333328247070312 67.699996948242188 3.9000000953674316
   vertex 67.866668701171875 67.699996948242188 3.9000000953674316
   vertex 67.866668701171875 60.700000762939453 3.9000000953674316
  endloop
 endfacet
 facet normal 0 0 1
  outer loop
   vertex 74.333328247070312 67.699996948242188 3.9000000953674316
   vertex 67.866668701171875 60.700000762939453 3.9000000953674316
   vertex 74.333328247070312 60.700000762939453 3.9000000953674316
  endloop
 endfacet
 facet normal 1 0 -0
  outer loop
   vertex 67.866668701171875 60.700000762939453 3.9000000953674316
   vertex 67.866668701171875 67.699996948242188 3.9000000953674316
   vertex 67.866668701171875 67.699996948242188 6.4000000953674316
  endloop
 endfacet
 facet normal 1 0 0
  outer loop
   vertex 67.866668701171875 60.700000762939453 6.4000000953674316
   vertex 67.866668701171875 60.700000762939453 3.9000000953674316
   vertex 67.866668701171875 67.699996948242188 6.4000000953674316
  endloop
 endfacet
 facet normal -1 0 -0
  outer loop
   vertex 74.333328247070312 60.700000762939453 3.9000000953674316
   vertex 74.333328247070312 67.699996948242188 6.4000000953674316
   vertex 74.333328247070312 67.699996948242188 3.9000000953674316
  endloop
 endfacet
 facet normal -1 -0 0
  outer loop
   vertex 74.333328247070312 60.700000762939453 6.4000000953674316
   vertex 74.333328247070312 67.699996948242188 6.4000000953674316
   vertex 74.333328247070312 60.700000762939453 3.9000000953674316
  endloop
 endfacet
 facet normal 0 0 -1
  outer loop
   vertex 74.333328247070312 67.699996948242188 6.4000000953674316
   vertex 67.866668701171875 60.700000762939453 6.4000000953674316
   vertex 67.866668701171875 67.699996948242188 6.4000000953674316
  endloop
 endfacet
 facet normal 0 0 -1
  outer loop
   vertex 74.333328247070312 67.699996948242188 6.4000000953674316
   vertex 74.333328247070312 60.700000762939453 6.4000000953674316
   vertex 67.866668701171875 60.700000762939453 6.4000000953674316
  endloop
 endfacet
 facet normal -0 0 1
  outer loop
   vertex 80.699996948242188 67.699996948242188 3.9000000953674316
   vertex 74.533332824707031 67.699996948242188 3.9000000953674316
   vertex 74.533332824707031 60.700000762939453 3.9000000953674316
  endloop
 endfacet
 facet normal 0 0 1
  outer loop
   vertex 80.699996948242188 67.699996948242188 3.9000000953674316
   vertex 74.533332824707031 60.700000762939453 3.9000000953674316
   vertex 80.699996948242188 60.700000762939453 3.9000000953674316
  endloop
 endfacet
 facet normal 1 0 -0
  outer loop
   vertex 74.533332824707031 60.700000762939453 3.9000000953674316
   vertex 74.533332824707031 67.699996948242188 3.9000000953674316
   vertex 74.533332824707031 67.699996948242188 6.4000000953674316
  endloop
 endfacet
 facet normal 1 0 0
  outer loop
   vertex 74.533332824707031 60.700000762939453 6.4000000953674316
   vertex 74.533332824707031 60.700000762939453 3.9000000953674316
   vertex 74.533332824707031 67.699996948242188 6.4000000953674316
  endloop
 endfacet
 facet normal 0 0 -1
  outer loop
   vertex 80.699996948242188 67.699996948242188 6.4000000953674316
   vertex 74.533332824707031 60.700000762939453 6.4000000953674316
   vertex 74.533332824707031 67.699996948242188 6.4000000953674316
  endloop
 endfacet
 facet normal 0 0 -1
  outer loop
   vertex 80.699996948242188 67.699996948242188 6.4000000953674316
   vertex 80.699996948242188 60.700000762939453 6.4000000953674316
   vertex 74.533332824707031 60.700000762939453 6.4000000953674316
  endloop
 endfacet
 facet normal -0 0 1
  outer loop
   vertex 67.666671752929688 67.699996948242188 1.2000000476837158
   vertex 61.299999237060547 67.699996948242188 1.2000000476837158
   vertex 61.299999237060547 60.700000762939453 1.2000000476837158
  endloop
 endfacet
 facet normal 0 0 1
  outer loop
   vertex 67.666671752929688 67.699996948242188 1.2000000476837158
   vertex 61.299999237060547 60.700000762939453 1.2000000476837158
   vertex 67.666671752929688 60.700000762939453 1.2000000476837158
  endloop
 endfacet
 facet normal -1 0 -0
  outer loop
   vertex 67.666671752929688 60.700000762939453 1.2000000476837158
   vertex 67.666671752929688 67.699996948242188 3.7000000476837158
   vertex 67.666671752929688 67.699996948242188 1.2000000476837158
  endloop
 endfacet
 facet normal -1 -0 0
  outer loop
   vertex 67.666671752929688 60.700000762939453 3.7000000476837158
   vertex 67.666671752929688 67.699996948242188 3.7000000476837158
   vertex 67.666671752929688 60.700000762939453 1.2000000476837158
  endloop
 endfacet
 facet normal 0 0 -1
  outer loop
   vertex 67.666671752929688 67.699996948242188 3.7000000476837158
   vertex 61.299999237060547 60.700000762939453 3.7000000476837158
   vertex 61.299999237060547 67.699996948242188 3.7000000476837158
  endloop
 endfacet
 facet normal 0 0 -1
  outer loop
   vertex 67.666671752929688 67.699996948242188 3.7000000476837158
   vertex 67.666671752929688 60.700000762939453 3.7000000476837158
   vertex 61.299999237060547 60.700000762939453 3.7000000476837158
  endloop
 endfacet
 facet normal -0 0 1
  outer loop
   vertex 74.333328247070312 67.699996948242188 1.2000000476837158
   vertex 67.866668701171875 67.699996948242188 1.2000000476837158
   vertex 67.866668701171875 60.700000762939453 1.2000000476837158
  endloop
 endfacet
 facet normal 0 0 1
  outer loop
   vertex 74.333328247070312 67.699996948242188 1.2000000476837158
   vertex 67.866668701171875 60.700000762939453 1.2000000476837158
   vertex 74.333328247070312 60.700000762939453 1.2000000476837158
  endloop
 endfacet
 facet normal 1 0 -0
  outer loop
   vertex 67.866668701171875 60.700000762939453 1.2000000476837158
   vertex 67.866668701171875 67.699996948242188 1.2000000476837158
   vertex 67.866668701171875 67.699996948242188 3.7000000476837158
  endloop
 endfacet
 facet normal 1 0 0
  outer loop
   vertex 67.866668701171875 60.700000762939453 3.7000000476837158
   vertex 67.866668701171875 60.700000762939453 1.2000000476837158
   vertex 67.866668701171875 67.699996948242188 3.7000000476837158
  endloop
 endfacet
 facet normal -1 0 -0
  outer loop
   vertex 74.333328247070312 60.700000762939453 1.2000000476837158
   vertex 74.333328247070312 67.699996948242188 3.7000000476837158
   vertex 74.333328247070312 67.699996948242188 1.2000000476837158
  endloop
 endfacet
 facet normal -1 -0 0
  outer loop
   vertex 74.333328247070312 60.700000762939453 3.7000000476837158
   vertex 74.333328247070312 67.699996948242188 3.7000000476837158
   vertex 74.333328247070312 60.700000762939453 1.2000000476837158
  endloop
 endfacet
 facet normal 0 0 -1
  outer loop
   vertex 74.333328247070312 67.699996948242188 3.7000000476837158
   vertex 67.866668701171875 60.700000762939453 3.7000000476837158
   vertex 67.866668701171875 67.699996948242188 3.7000000476837158
  endloop
 endfacet
 facet normal 0 0 -1
  outer loop
   vertex 74.333328247070312 67.699996948242188 3.7000000476837158
   vertex 74.333328247070312 60.700000762939453 3.7000000476837158
   vertex 67.866668701171875 60.700000762939453 3.7000000476837158
  endloop
 endfacet
 facet normal -0 0 1
  outer loop
   vertex 80.699996948242188 67.699996948242188 1.2000000476837158
   vertex 74.533332824707031 67.699996948242188 1.2000000476837158
   vertex 74.533332824707031 60.700000762939453 1.2000000476837158
  endloop
 endfacet
 facet normal 0 0 1
  outer loop
   vertex 80.699996948242188 67.699996948242188 1.2000000476837158
   vertex 74.533332824707031 60.700000762939453 1.2000000476837158
   vertex 80.699996948242188 60.700000762939453 1.2000000476837158
  endloop
 endfacet
 facet normal 1 0 -0
  outer loop
   vertex 74.533332824707031 60.700000762939453 1.2000000476837158
   vertex 74.533332824707031 67.699996948242188 1.2000000476837158
   vertex 74.533332824707031 67.699996948242188 3.7000000476837158
  endloop
 endfacet
 facet normal 1 0 0
  outer loop
   vertex 74.533332824707031 60.700000762939453 3.7000000476837158
   vertex 74.533332824707031 60.700000762939453 1.2000000476837158
   vertex 74.533332824707031 67.699996948242188 3.7000000476837158
  endloop
 endfacet
 facet normal 0 0 -1
  outer loop
   vertex 80.699996948242188 67.699996948242188 3.7000000476837158
   vertex 74.533332824707031 60.700000762939453 3.7000000476837158
   vertex 74.533332824707031 67.699996948242188 3.7000000476837158
  endloop
 endfacet
 facet normal 0 0 -1
  outer loop
   vertex 80.699996948242188 67.699996948242188 3.7000000476837158
   vertex 80.699996948242188 60.700000762939453 3.7000000476837158
   vertex 74.533332824707031 60.700000762939453 3.7000000476837158
  endloop
 endfacet
 facet normal -0 0 1
  outer loop
   vertex 67.666671752929688 60.5 1.2000000476837158
   vertex 61.299999237060547 60.5 1.2000000476837158
   vertex 61.299999237060547 53.299999237060547 1.2000000476837158
  endloop
 endfacet
 facet normal 0 0 1
  outer loop
   vertex 67.666671752929688 60.5 1.2000000476837158
   vertex 61.299999237060547 53.299999237060547 1.2000000476837158
   vertex 67.666671752929688 53.299999237060547 1.2000000476837158
  endloop
 endfacet
 facet normal -1 0 0
  outer loop
   vertex 67.666671752929688 53.299999237060547 3.7000000476837158
   vertex 67.666671752929688 60.5 1.2000000476837158
   vertex 67.666671752929688 53.299999237060547 1.2000000476837158
  endloop
 endfacet
 facet normal -1 -0 -0
  outer loop
   vertex 67.666671752929688 53.299999237060547 3.7000000476837158
   vertex 67.666671752929688 60.5 3.7000000476837158
   vertex 67.666671752929688 60.5 1.2000000476837158
  endloop
 endfacet
 facet normal 0 0 -1
  outer loop
   vertex 67.666671752929688 60.5 3.7000000476837158
   vertex 61.299999237060547 53.299999237060547 3.7000000476837158
   vertex 61.299999237060547 60.5 3.7000000476837158
  endloop
 endfacet
 facet normal 0 0 -1
  outer loop
   vertex 67.666671752929688 60.5 3.7000000476837158
   vertex 67.666671752929688 53.299999237060547 3.7000000476837158
   vertex 61.299999237060547 53.299999237060547 3.7000000476837158
  endloop
 endfacet
 facet normal 0 0 1
  outer loop
   vertex 67.866668701171875 60.5 1.2000000476837158
   vertex 67.866668701171875 53.299999237060547 1.2000000476837158
   vertex 74.333328247070312 53.299999237060547 1.2000000476837158
  endloop
 endfacet
 facet normal -0 0 1
  outer loop
   vertex 74.333328247070312 60.5 1.2000000476837158
   vertex 67.866668701171875 60.5 1.2000000476837158
   vertex 74.333328247070312 53.299999237060547 1.2000000476837158
  endloop
 endfacet
 facet normal 1 0 0
  outer loop
   vertex 67.866668701171875 53.299999237060547 3.7000000476837158
   vertex 67.866668701171875 53.299999237060547 1.2000000476837158
   vertex 67.866668701171875 60.5 1.2000000476837158
  endloop
 endfacet
 facet normal 1 0 -0
  outer loop
   vertex 67.866668701171875 53.299999237060547 3.7000000476837158
   vertex 67.866668701171875 60.5 1.2000000476837158
   vertex 67.866668701171875 60.5 3.7000000476837158
  endloop
 endfacet
 facet normal -1 0 0
  outer loop
   vertex 74.333328247070312 53.299999237060547 3.7000000476837158
   vertex 74.333328247070312 60.5 1.2000000476837158
   vertex 74.333328247070312 53.299999237060547 1.2000000476837158
  endloop
 endfacet
 facet normal -1 -0 -0
  outer loop
   vertex 74.333328247070312 53.299999237060547 3.7000000476837158
   vertex 74.333328247070312 60.5 3.7000000476837158
   vertex 74.333328247070312 60.5 1.2000000476837158
  endloop
 endfacet
 facet normal 0 0 -1
  outer loop
   vertex 67.866668701171875 60.5 3.7000000476837158
   vertex 74.333328247070312 53.299999237060547 3.7000000476837158
   vertex 67.866668701171875 53.299999237060547 3.7000000476837158
  endloop
 endfacet
 facet normal 0 0 -1
  outer loop
   vertex 74.333328247070312 60.5 3.7000000476837158
   vertex 74.333328247070312 53.299999237060547 3.7000000476837158
   vertex 67.866668701171875 60.5 3.7000000476837158
  endloop
 endfacet
 facet normal -0 0 1
  outer loop
   vertex 80.699996948242188 60.5 1.2000000476837158
   vertex 74.533332824707031 60.5 1.2000000476837158
   vertex 74.533332824707031 53.299999237060547 1.2000000476837158
  endloop
 endfacet
 facet normal 0 0 1
  outer loop
   vertex 80.699996948242188 60.5 1.2000000476837158
   vertex 74.533332824707031 53.299999237060547 1.2000000476837158
   vertex 80.699996948242188 53.299999237060547 1.2000000476837158
  endloop
 endfacet
 facet normal 1 0 0
  outer loop
   vertex 74.533332824707031 53.299999237060547 3.7000000476837158
   vertex 74.533332824707031 53.299999237060547 1.2000000476837158
   vertex 74.533332824707031 60.5 1.2000000476837158
  endloop
 endfacet
 facet normal 1 0 -0
  outer loop
   vertex 74.533332824707031 53.299999237060547 3.7000000476837158
   vertex 74.533332824707031 60.5 1.2000000476837158
   vertex 74.533332824707031 60.5 3.7000000476837158
  endloop
 endfacet
 facet normal 0 0 -1
  outer loop
   vertex 80.699996948242188 60.5 3.7000000476837158
   vertex 74.533332824707031 53.299999237060547 3.7000000476837158
   vertex 74.533332824707031 60.5 3.7000000476837158
  endloop
 endfacet
 facet normal 0 0 -1
  outer loop
   vertex 80.699996948242188 60.5 3.7000000476837158
   vertex 80.699996948242188 53.299999237060547 3.7000000476837158
   vertex 74.533332824707031 53.299999237060547 3.7000000476837158
  endloop
 endfacet
 facet normal -0 0 1
  outer loop
   vertex 67.666671752929688 60.5 3.9000000953674316
   vertex 61.299999237060547 60.5 3.9000000953674316
   vertex 61.299999237060547 53.299999237060547 3.9000000953674316
  endloop
 endfacet
 facet normal 0 0 1
  outer loop
   vertex 67.666671752929688 60.5 3.9000000953674316
   vertex 61.299999237060547 53.299999237060547 3.9000000953674316
   vertex 67.666671752929688 53.299999237060547 3.9000000953674316
  endloop
 endfacet
 facet normal -1 0 0
  outer loop
   vertex 67.666671752929688 53.299999237060547 6.4000000953674316
   vertex 67.666671752929688 60.5 3.9000000953674316
   vertex 67.666671752929688 53.299999237060547 3.9000000953674316
  endloop
 endfacet
 facet normal -1 -0 -0
  outer loop
   vertex 67.666671752929688 53.299999237060547 6.4000000953674316
   vertex 67.666671752929688 60.5 6.4000000953674316
   vertex 67.666671752929688 60.5 3.9000000953674316
  endloop
 endfacet
 facet normal 0 0 -1
  outer loop
   vertex 67.666671752929688 60.5 6.4000000953674316
   vertex 61.299999237060547 53.299999237060547 6.4000000953674316
   vertex 61.299999237060547 60.5 6.4000000953674316
  endloop
 endfacet
 facet normal 0 0 -1
  outer loop
   vertex 67.666671752929688 60.5 6.4000000953674316
   vertex 67.666671752929688 53.299999237060547 6.4000000953674316
   vertex 61.299999237060547 53.299999237060547 6.4000000953674316
  endloop
 endfacet
 facet normal 0 0 1
  outer loop
   vertex 67.866668701171875 60.5 3.9000000953674316
   vertex 67.866668701171875 53.299999237060547 3.9000000953674316
   vertex 74.333328247070312 53.299999237060547 3.9000000953674316
  endloop
 endfacet
 facet normal -0 0 1
  outer loop
   vertex 74.333328247070312 60.5 3.9000000953674316
   vertex 67.866668701171875 60.5 3.9000000953674316
   vertex 74.333328247070312 53.299999237060547 3.9000000953674316
  endloop
 endfacet
 facet normal 1 0 0
  outer loop
   vertex 67.866668701171875 53.299999237060547 6.4000000953674316
   vertex 67.866668701171875 53.299999237060547 3.9000000953674316
   vertex 67.866668701171875 60.5 3.9000000953674316
  endloop
 endfacet
 facet normal 1 0 -0
  outer loop
   vertex 67.866668701171875 53.299999237060547 6.4000000953674316
   vertex 67.866668701171875 60.5 3.9000000953674316
   vertex 67.866668701171875 60.5 6.4000000953674316
  endloop
 endfacet
 facet normal -1 0 0
  outer loop
   vertex 74.333328247070312 53.299999237060547 6.4000000953674316
   vertex 74.333328247070312 60.5 3.9000000953674316
   vertex 74.333328247070312 53.299999237060547 3.9000000953674316
  endloop
 endfacet
 facet normal -1 -0 -0
  outer loop
   vertex 74.333328247070312 53.299999237060547 6.4000000953674316
   vertex 74.333328247070312 60.5 6.4000000953674316
   vertex 74.333328247070312 60.5 3.9000000953674316
  endloop
 endfacet
 facet normal 0 0 -1
  outer loop
   vertex 67.866668701171875 60.5 6.4000000953674316
   vertex 74.333328247070312 53.299999237060547 6.4000000953674316
   vertex 67.866668701171875 53.299999237060547 6.4000000953674316
  endloop
 endfacet
 facet normal 0 0 -1
  outer loop
   vertex 74.333328247070312 60.5 6.4000000953674316
   vertex 74.333328247070312 53.299999237060547 6.4000000953674316
   vertex 67.866668701171875 60.5 6.4000000953674316
  endloop
 endfacet
 facet normal -0 0 1
  outer loop
   vertex 80.699996948242188 60.5 3.9000000953674316
   vertex 74.533332824707031 60.5 3.9000000953674316
   vertex 74.533332824707031 53.299999237060547 3.9000000953674316
  endloop
 endfacet
 facet normal 0 0 1
  outer loop
   vertex 80.699996948242188 60.5 3.9000000953674316
   vertex 74.533332824707031 53.299999237060547 3.9000000953674316
   vertex 80.699996948242188 53.299999237060547 3.9000000953674316
  endloop
 endfacet
 facet normal 1 0 0
  outer loop
   vertex 74.533332824707031 53.299999237060547 6.4000000953674316
   vertex 74.533332824707031 53.299999237060547 3.9000000953674316
   vertex 74.533332824707031 60.5 3.9000000953674316
  endloop
 endfacet
 facet normal 1 0 -0
  outer loop
   vertex 74.533332824707031 53.299999237060547 6.4000000953674316
   vertex 74.533332824707031 60.5 3.9000000953674316
   vertex 74.533332824707031 60.5 6.4000000953674316
  endloop
 endfacet
 facet normal 0 0 -1
  outer loop
   vertex 80.699996948242188 60.5 6.4000000953674316
   vertex 74.533332824707031 53.299999237060547 6.4000000953674316
   vertex 74.533332824707031 60.5 6.4000000953674316
  endloop
 endfacet
 facet normal 0 0 -1
  outer loop
   vertex 80.699996948242188 60.5 6.4000000953674316
   vertex 80.699996948242188 53.299999237060547 6.4000000953674316
   vertex 74.533332824707031 53.299999237060547 6.4000000953674316
  endloop
 endfacet
 facet normal -0 0 1
  outer loop
   vertex 67.666671752929688 60.5 6.5999999046325684
   vertex 61.299999237060547 60.5 6.5999999046325684
   vertex 61.299999237060547 53.299999237060547 6.5999999046325684
  endloop
 endfacet
 facet normal 0 0 1
  outer loop
   vertex 67.666671752929688 60.5 6.5999999046325684
   vertex 61.299999237060547 53.299999237060547 6.5999999046325684
   vertex 67.666671752929688 53.299999237060547 6.5999999046325684
  endloop
 endfacet
 facet normal -1 0 0
  outer loop
   vertex 67.666671752929688 53.299999237060547 9.1000003814697266
   vertex 67.666671752929688 60.5 6.5999999046325684
   vertex 67.666671752929688 53.299999237060547 6.5999999046325684
  endloop
 endfacet
 facet normal -1 -0 -0
  outer loop
   vertex 67.666671752929688 53.299999237060547 9.1000003814697266
   vertex 67.666671752929688 60.5 9.1000003814697266
   vertex 67.666671752929688 60.5 6.5999999046325684
  endloop
 endfacet
 facet normal 0 0 -1
  outer loop
   vertex 67.666671752929688 60.5 9.1000003814697266
   vertex 61.299999237060547 53.299999237060547 9.1000003814697266
   vertex 61.299999237060547 60.5 9.1000003814697266
  endloop
 endfacet
 facet normal 0 0 -1
  outer loop
   vertex 67.666671752929688 60.5 9.1000003814697266
   vertex 67.666671752929688 53.299999237060547 9.1000003814697266
   vertex 61.299999237060547 53.299999237060547 9.1000003814697266
  endloop
 endfacet
 facet normal 0 0 1
  outer loop
   vertex 67.866668701171875 60.5 6.5999999046325684
   vertex 67.866668701171875 53.299999237060547 6.5999999046325684
   vertex 74.333328247070312 53.299999237060547 6.5999999046325684
  endloop
 endfacet
 facet normal -0 0 1
  outer loop
   vertex 74.333328247070312 60.5 6.5999999046325684
   vertex 67.866668701171875 60.5 6.5999999046325684
   vertex 74.333328247070312 53.299999237060547 6.5999999046325684
  endloop
 endfacet
 facet normal 1 0 0
  outer loop
   vertex 67.866668701171875 53.299999237060547 9.1000003814697266
   vertex 67.866668701171875 53.299999237060547 6.5999999046325684
   vertex 67.866668701171875 60.5 6.5999999046325684
  endloop
 endfacet
 facet normal 1 0 -0
  outer loop
   vertex 67.866668701171875 53.299999237060547 9.1000003814697266
   vertex 67.866668701171875 60.5 6.5999999046325684
   vertex 67.866668701171875 60.5 9.1000003814697266
  endloop
 endfacet
 facet normal -1 0 0
  outer loop
   vertex 74.333328247070312 53.299999237060547 9.1000003814697266
   vertex 74.333328247070312 60.5 6.5999999046325684
   vertex 74.333328247070312 53.299999237060547 6.5999999046325684
  endloop
 endfacet
 facet normal -1 -0 -0
  outer loop
   vertex 74.333328247070312 53.299999237060547 9.1000003814697266
   vertex 74.333328247070312 60.5 9.1000003814697266
   vertex 74.333328247070312 60.5 6.5999999046325684
  endloop
 endfacet
 facet normal 0 0 -1
  outer loop
   vertex 67.866668701171875 60.5 9.1000003814697266
   vertex 74.333328247070312 53.299999237060547 9.1000003814697266
   vertex 67.866668701171875 53.299999237060547 9.1000003814697266
  endloop
 endfacet
 facet normal 0 0 -1
  outer loop
   vertex 74.333328247070312 60.5 9.1000003814697266
   vertex 74.333328247070312 53.299999237060547 9.1000003814697266
   vertex 67.866668701171875 60.5 9.1000003814697266
  endloop
 endfacet
 facet normal -0 0 1
  outer loop
   vertex 80.699996948242188 60.5 6.5999999046325684
   vertex 74.533332824707031 60.5 6.5999999046325684
   vertex 74.533332824707031 53.299999237060547 6.5999999046325684
  endloop
 endfacet
 facet normal 0 0 1
  outer loop
   vertex 80.699996948242188 60.5 6.5999999046325684
   vertex 74.533332824707031 53.299999237060547 6.5999999046325684
   vertex 80.699996948242188 53.299999237060547 6.5999999046325684
  endloop
 endfacet
 facet normal 1 0 0
  outer loop
   vertex 74.533332824707031 53.299999237060547 9.1000003814697266
   vertex 74.533332824707031 53.299999237060547 6.5999999046325684
   vertex 74.533332824707031 60.5 6.5999999046325684
  endloop
 endfacet
 facet normal 1 0 -0
  outer loop
   vertex 74.533332824707031 53.299999237060547 9.1000003814697266
   vertex 74.533332824707031 60.5 6.5999999046325684
   vertex 74.533332824707031 60.5 9.1000003814697266
  endloop
 endfacet
 facet normal 0 0 -1
  outer loop
   vertex 80.699996948242188 60.5 9.1000003814697266
   vertex 74.533332824707031 53.299999237060547 9.1000003814697266
   vertex 74.533332824707031 60.5 9.1000003814697266
  endloop
 endfacet
 facet normal 0 0 -1
  outer loop
   vertex 80.699996948242188 60.5 9.1000003814697266
   vertex 80.699996948242188 53.299999237060547 9.1000003814697266
   vertex 74.533332824707031 53.299999237060547 9.1000003814697266
  endloop
 endfacet
 facet normal -0 0 1
  outer loop
   vertex 67.666671752929688 60.5 9.3000001907348633
   vertex 61.299999237060547 60.5 9.3000001907348633
   vertex 61.299999237060547 53.299999237060547 9.3000001907348633
  endloop
 endfacet
 facet normal 0 0 1
  outer loop
   vertex 67.666671752929688 60.5 9.3000001907348633
   vertex 61.299999237060547 53.299999237060547 9.3000001907348633
   vertex 67.666671752929688 53.299999237060547 9.3000001907348633
  endloop
 endfacet
 facet normal -1 0 0
  outer loop
   vertex 67.666671752929688 53.299999237060547 11.800000190734863
   vertex 67.666671752929688 60.5 9.3000001907348633
   vertex 67.666671752929688 53.299999237060547 9.3000001907348633
  endloop
 endfacet
 facet normal -1 -0 -0
  outer loop
   vertex 67.666671752929688 53.299999237060547 11.800000190734863
   vertex 67.666671752929688 60.5 11.800000190734863
   vertex 67.666671752929688 60.5 9.3000001907348633
  endloop
 endfacet
 facet normal 0 0 -1
  outer loop
   vertex 67.666671752929688 60.5 11.800000190734863
   vertex 61.299999237060547 53.299999237060547 11.800000190734863
   vertex 61.299999237060547 60.5 11.800000190734863
  endloop
 endfacet
 facet normal 0 0 -1
  outer loop
   vertex 67.666671752929688 60.5 11.800000190734863
   vertex 67.666671752929688 53.299999237060547 11.800000190734863
   vertex 61.299999237060547 53.299999237060547 11.800000190734863
  endloop
 endfacet
 facet normal 0 0 1
  outer loop
   vertex 67.866668701171875 60.5 9.3000001907348633
   vertex 67.866668701171875 53.299999237060547 9.3000001907348633
   vertex 74.333328247070312 53.299999237060547 9.3000001907348633
  endloop
 endfacet
 facet normal -0 0 1
  outer loop
   vertex 74.333328247070312 60.5 9.3000001907348633
   vertex 67.866668701171875 60.5 9.3000001907348633
   vertex 74.333328247070312 53.299999237060547 9.3000001907348633
  endloop
 endfacet
 facet normal 1 0 0
  outer loop
   vertex 67.866668701171875 53.299999237060547 11.800000190734863
   vertex 67.866668701171875 53.299999237060547 9.3000001907348633
   vertex 67.866668701171875 60.5 9.3000001907348633
  endloop
 endfacet
 facet normal 1 0 -0
  outer loop
   vertex 67.866668701171875 53.299999237060547 11.800000190734863
   vertex 67.866668701171875 60.5 9.3000001907348633
   vertex 67.866668701171875 60.5 11.800000190734863
  endloop
 endfacet
 facet normal -1 0 0
  outer loop
   vertex 74.333328247070312 53.299999237060547 11.800000190734863
   vertex 74.333328247070312 60.5 9.3000001907348633
   vertex 74.333328247070312 53.299999237060547 9.3000001907348633
  endloop
 endfacet
 facet normal -1 -0 -0
  outer loop
   vertex 74.333328247070312 53.299999237060547 11.800000190734863
   vertex 74.333328247070312 60.5 11.800000190734863
   vertex 74.333328247070312 60.5 9.3000001907348633
  endloop
 endfacet
 facet normal 0 0 -1
  outer loop
   vertex 67.866668701171875 60.5 11.800000190734863
   vertex 74.333328247070312 53.299999237060547 11.800000190734863
   vertex 67.866668701171875 53.299999237060547 11.800000190734863
  endloop
 endfacet
 facet normal 0 0 -1
  outer loop
   vertex 74.333328247070312 60.5 11.800000190734863
   vertex 74.333328247070312 53.299999237060547 11.800000190734863
   vertex 67.866668701171875 60.5 11.800000190734863
  endloop
 endfacet
 facet normal -0 0 1
  outer loop
   vertex 80.699996948242188 60.5 9.3000001907348633
   vertex 74.533332824707031 60.5 9.3000001907348633
   vertex 74.533332824707031 53.299999237060547 9.3000001907348633
  endloop
 endfacet
 facet normal 0 0 1
  outer loop
   vertex 80.699996948242188 60.5 9.3000001907348633
   vertex 74.533332824707031 53.299999237060547 9.3000001907348633
   vertex 80.699996948242188 53.299999237060547 9.3000001907348633
  endloop
 endfacet
 facet normal 1 0 0
  outer loop
   vertex 74.533332824707031 53.299999237060547 11.800000190734863
   vertex 74.533332824707031 53.299999237060547 9.3000001907348633
   vertex 74.533332824707031 60.5 9.3000001907348633
  endloop
 endfacet
 facet normal 1 0 -0
  outer loop
   vertex 74.533332824707031 53.299999237060547 11.800000190734863
   vertex 74.533332824707031 60.5 9.3000001907348633
   vertex 74.533332824707031 60.5 11.800000190734863
  endloop
 endfacet
 facet normal 0 0 -1
  outer loop
   vertex 80.699996948242188 60.5 11.800000190734863
   vertex 74.533332824707031 53.299999237060547 11.800000190734863
   vertex 74.533332824707031 60.5 11.800000190734863
  endloop
 endfacet
 facet normal 0 0 -1
  outer loop
   vertex 80.699996948242188 60.5 11.800000190734863
   vertex 80.699996948242188 53.299999237060547 11.800000190734863
   vertex 74.533332824707031 53.299999237060547 11.800000190734863
  endloop
 endfacet
 facet normal -0 0 1
  outer loop
   vertex 67.666671752929688 60.5 12
   vertex 61.299999237060547 60.5 12
   vertex 61.299999237060547 53.299999237060547 12
  endloop
 endfacet
 facet normal 0 0 1
  outer loop
   vertex 67.666671752929688 60.5 12
   vertex 61.299999237060547 53.299999237060547 12
   vertex 67.666671752929688 53.299999237060547 12
  endloop
 endfacet
 facet normal -1 0 0
  outer loop
   vertex 67.666671752929688 53.299999237060547 14.5
   vertex 67.666671752929688 60.5 12
   vertex 67.666671752929688 53.299999237060547 12
  endloop
 endfacet
 facet normal -1 -0 -0
  outer loop
   vertex 67.666671752929688 53.299999237060547 14.5
   vertex 67.666671752929688 60.5 14.5
   vertex 67.666671752929688 60.5 12
  endloop
 endfacet
 facet normal 0 0 -1
  outer loop
   vertex 67.666671752929688 60.5 14.5
   vertex 61.299999237060547 53.299999237060547 14.5
   vertex 61.299999237060547 60.5 14.5
  endloop
 endfacet
 facet normal 0 0 -1
  outer loop
   vertex 67.666671752929688 60.5 14.5
   vertex 67.666671752929688 53.299999237060547 14.5
   vertex 61.299999237060547 53.299999237060547 14.5
  endloop
 endfacet
 facet normal 0 0 1
  outer loop
   vertex 67.866668701171875 60.5 12
   vertex 67.866668701171875 53.299999237060547 12
   vertex 74.333328247070312 53.299999237060547 12
  endloop
 endfacet
 facet normal -0 0 1
  outer loop
   vertex 74.333328247070312 60.5 12
   vertex 67.866668701171875 60.5 12
   vertex 74.333328247070312 53.299999237060547 12
  endloop
 endfacet
 facet normal 1 0 0
  outer loop
   vertex 67.866668701171875 53.299999237060547 14.5
   vertex 67.866668701171875 53.299999237060547 12
   vertex 67.866668701171875 60.5 12
  endloop
 endfacet
 facet normal 1 0 -0
  outer loop
   vertex 67.866668701171875 53.299999237060547 14.5
   vertex 67.866668701171875 60.5 12
   vertex 67.866668701171875 60.5 14.5
  endloop
 endfacet
 facet normal -1 0 0
  outer loop
   vertex 74.333328247070312 53.299999237060547 14.5
   vertex 74.333328247070312 60.5 12
   vertex 74.333328247070312 53.299999237060547 12
  endloop
 endfacet
 facet normal -1 -0 -0
  outer loop
   vertex 74.333328247070312 53.299999237060547 14.5
   vertex 74.333328247070312 60.5 14.5
   vertex 74.333328247070312 60.5 12
  endloop
 endfacet
 facet normal 0 0 -1
  outer loop
   vertex 67.866668701171875 60.5 14.5
   vertex 74.333328247070312 53.299999237060547 14.5
   vertex 67.866668701171875 53.299999237060547 14.5
  endloop
 endfacet
 facet normal 0 0 -1
  outer loop
   vertex 74.333328247070312 60.5 14.5
   vertex 74.333328247070312 53.299999237060547 14.5
   vertex 67.866668701171875 60.5 14.5
  endloop
 endfacet
 facet normal -0 0 1
  outer loop
   vertex 80.699996948242188 60.5 12
   vertex 74.533332824707031 60.5 12
   vertex 74.533332824707031 53.299999237060547 12
  endloop
 endfacet
 facet normal 0 0 1
  outer loop
   vertex 80.699996948242188 60.5 12
   vertex 74.533332824707031 53.299999237060547 12
   vertex 80.699996948242188 53.299999237060547 12
  endloop
 endfacet
 facet normal 1 0 0
  outer loop
   vertex 74.533332824707031 53.299999237060547 14.5
   vertex 74.533332824707031 53.299999237060547 12
   vertex 74.533332824707031 60.5 12
  endloop
 endfacet
 facet normal 1 0 -0
  outer loop
   vertex 74.533332824707031 53.299999237060547 14.5
   vertex 74.533332824707031 60.5 12
   vertex 74.533332824707031 60.5 14.5
  endloop
 endfacet
 facet normal 0 0 -1
  outer loop
   vertex 80.699996948242188 60.5 14.5
   vertex 74.533332824707031 53.299999237060547 14.5
   vertex 74.533332824707031 60.5 14.5
  endloop
 endfacet
 facet normal 0 0 -1
  outer loop
   vertex 80.699996948242188 60.5 14.5
   vertex 80.699996948242188 53.299999237060547 14.5
   vertex 74.533332824707031 53.299999237060547 14.5
  endloop
 endfacet
 facet normal 0 1 -0
  outer loop
   vertex 67.666671752929688 60.700000762939453 14.5
   vertex 67.666671752929688 60.700000762939453 12
   vertex 61.299999237060547 60.700000762939453 12
  endloop
 endfacet
 facet normal 0 1 0
  outer loop
   vertex 67.666671752929688 60.700000762939453 14.5
   vertex 61.299999237060547 60.700000762939453 12
   vertex 61.299999237060547 60.700000762939453 14.5
  endloop
 endfacet
 facet normal 0 1 -0
  outer loop
   vertex 74.333328247070312 60.700000762939453 14.5
   vertex 74.333328247070312 60.700000762939453 12
   vertex 67.866668701171875 60.700000762939453 12
  endloop
 endfacet
 facet normal 0 1 0
  outer loop
   vertex 74.333328247070312 60.700000762939453 14.5
   vertex 67.866668701171875 60.700000762939453 12
   vertex 67.866668701171875 60.700000762939453 14.5
  endloop
 endfacet
 facet normal 0 1 -0
  outer loop
   vertex 80.699996948242188 60.700000762939453 14.5
   vertex 80.699996948242188 60.700000762939453 12
   vertex 74.533332824707031 60.700000762939453 12
  endloop
 endfacet
 facet normal 0 1 0
  outer loop
   vertex 80.699996948242188 60.700000762939453 14.5
   vertex 74.533332824707031 60.700000762939453 12
   vertex 74.533332824707031 60.700000762939453 14.5
  endloop
 endfacet
 facet normal 0 1 -0
  outer loop
   vertex 67.666671752929688 60.700000762939453 11.800000190734863
   vertex 67.666671752929688 60.700000762939453 9.3000001907348633
   vertex 61.299999237060547 60.700000762939453 9.3000001907348633
  endloop
 endfacet
 facet normal 0 1 0
  outer loop
   vertex 67.666671752929688 60.700000762939453 11.800000190734863
   vertex 61.299999237060547 60.700000762939453 9.3000001907348633
   vertex 61.299999237060547 60.700000762939453 11.800000190734863
  endloop
 endfacet
 facet normal 0 1 0
  outer loop
   vertex 74.333328247070312 60.700000762939453 9.3000001907348633
   vertex 67.866668701171875 60.700000762939453 9.3000001907348633
   vertex 67.866668701171875 60.700000762939453 11.800000190734863
  endloop
 endfacet
 facet normal 0 1 -0
  outer loop
   vertex 74.333328247070312 60.700000762939453 11.800000190734863
   vertex 74.333328247070312 60.700000762939453 9.3000001907348633
   vertex 67.866668701171875 60.700000762939453 11.800000190734863
  endloop
 endfacet
 facet normal 0 1 -0
  outer loop
   vertex 80.699996948242188 60.700000762939453 11.800000190734863
   vertex 80.699996948242188 60.700000762939453 9.3000001907348633
   vertex 74.533332824707031 60.700000762939453 9.3000001907348633
  endloop
 endfacet
 facet normal 0 1 0
  outer loop
   vertex 80.699996948242188 60.700000762939453 11.800000190734863
   vertex 74.533332824707031 60.700000762939453 9.3000001907348633
   vertex 74.533332824707031 60.700000762939453 11.800000190734863
  endloop
 endfacet
 facet normal 0 1 -0
  outer loop
   vertex 67.666671752929688 60.700000762939453 9.1000003814697266
   vertex 67.666671752929688 60.700000762939453 6.5999999046325684
   vertex 61.299999237060547 60.700000762939453 6.5999999046325684
  endloop
 endfacet
 facet normal 0 1 0
  outer loop
   vertex 67.666671752929688 60.700000762939453 9.1000003814697266
   vertex 61.299999237060547 60.700000762939453 6.5999999046325684
   vertex 61.299999237060547 60.700000762939453 9.1000003814697266
  endloop
 endfacet
 facet normal 0 1 -0
  outer loop
   vertex 74.333328247070312 60.700000762939453 9.1000003814697266
   vertex 74.333328247070312 60.700000762939453 6.5999999046325684
   vertex 67.866668701171875 60.700000762939453 6.5999999046325684
  endloop
 endfacet
 facet normal 0 1 0
  outer loop
   vertex 74.333328247070312 60.700000762939453 9.1000003814697266
   vertex 67.866668701171875 60.700000762939453 6.5999999046325684
   vertex 67.866668701171875 60.700000762939453 9.1000003814697266
  endloop
 endfacet
 facet normal 0 1 -0
  outer loop
   vertex 80.699996948242188 60.700000762939453 9.1000003814697266
   vertex 80.699996948242188 60.700000762939453 6.5999999046325684
   vertex 74.533332824707031 60.700000762939453 6.5999999046325684
  endloop
 endfacet
 facet normal 0 1 0
  outer loop
   vertex 80.699996948242188 60.700000762939453 9.1000003814697266
   vertex 74.533332824707031 60.700000762939453 6.5999999046325684
   vertex 74.533332824707031 60.700000762939453 9.1000003814697266
  endloop
 endfacet
 facet normal 0 1 -0
  outer loop
   vertex 67.666671752929688 60.700000762939453 6.4000000953674316
   vertex 67.666671752929688 60.700000762939453 3.9000000953674316
   vertex 61.299999237060547 60.700000762939453 3.9000000953674316
  endloop
 endfacet
 facet normal 0 1 0
  outer loop
   vertex 67.666671752929688 60.700000762939453 6.4000000953674316
   vertex 61.299999237060547 60.700000762939453 3.9000000953674316
   vertex 61.299999237060547 60.700000762939453 6.4000000953674316
  endloop
 endfacet
 facet normal 0 1 0
  outer loop
   vertex 74.333328247070312 60.700000762939453 3.9000000953674316
   vertex 67.866668701171875 60.700000762939453 3.9000000953674316
   vertex 67.866668701171875 60.700000762939453 6.4000000953674316
  endloop
 endfacet
 facet normal 0 1 -0
  outer loop
   vertex 74.333328247070312 60.700000762939453 6.4000000953674316
   vertex 74.333328247070312 60.700000762939453 3.9000000953674316
   vertex 67.866668701171875 60.700000762939453 6.4000000953674316
  endloop
 endfacet
 facet normal 0 1 -0
  outer loop
   vertex 80.699996948242188 60.700000762939453 6.4000000953674316
   vertex 80.699996948242188 60.700000762939453 3.9000000953674316
   vertex 74.533332824707031 60.700000762939453 3.9000000953674316
  endloop
 endfacet
 facet normal 0 1 0
  outer loop
   vertex 80.699996948242188 60.700000762939453 6.4000000953674316
   vertex 74.533332824707031 60.700000762939453 3.9000000953674316
   vertex 74.533332824707031 60.700000762939453 6.4000000953674316
  endloop
 endfacet
 facet normal 0 1 -0
  outer loop
   vertex 67.666671752929688 60.700000762939453 3.7000000476837158
   vertex 67.666671752929688 60.700000762939453 1.2000000476837158
   vertex 61.299999237060547 60.700000762939453 1.2000000476837158
  endloop
 endfacet
 facet normal 0 1 0
  outer loop
   vertex 67.666671752929688 60.700000762939453 3.7000000476837158
   vertex 61.299999237060547 60.700000762939453 1.2000000476837158
   vertex 61.299999237060547 60.700000762939453 3.7000000476837158
  endloop
 endfacet
 facet normal 0 1 0
  outer loop
   vertex 74.333328247070312 60.700000762939453 1.2000000476837158
   vertex 67.866668701171875 60.700000762939453 1.2000000476837158
   vertex 67.866668701171875 60.700000762939453 3.7000000476837158
  endloop
 endfacet
 facet normal 0 1 -0
  outer loop
   vertex 74.333328247070312 60.700000762939453 3.7000000476837158
   vertex 74.333328247070312 60.700000762939453 1.2000000476837158
   vertex 67.866668701171875 60.700000762939453 3.7000000476837158
  endloop
 endfacet
 facet normal 0 1 -0
  outer loop
   vertex 80.699996948242188 60.700000762939453 3.7000000476837158
   vertex 80.699996948242188 60.700000762939453 1.2000000476837158
   vertex 74.533332824707031 60.700000762939453 1.2000000476837158
  endloop
 endfacet
 facet normal 0 1 0
  outer loop
   vertex 80.699996948242188 60.700000762939453 3.7000000476837158
   vertex 74.533332824707031 60.700000762939453 1.2000000476837158
   vertex 74.533332824707031 60.700000762939453 3.7000000476837158
  endloop
 endfacet
 facet normal 0 -1 0
  outer loop
   vertex 67.666671752929688 60.5 3.7000000476837158
   vertex 61.299999237060547 60.5 1.2000000476837158
   vertex 67.666671752929688 60.5 1.2000000476837158
  endloop
 endfacet
 facet normal 0 -1 0
  outer loop
   vertex 67.666671752929688 60.5 3.7000000476837158
   vertex 61.299999237060547 60.5 3.7000000476837158
   vertex 61.299999237060547 60.5 1.2000000476837158
  endloop
 endfacet
 facet normal 0 -1 0
  outer loop
   vertex 74.333328247070312 60.5 1.2000000476837158
   vertex 67.866668701171875 60.5 3.7000000476837158
   vertex 67.866668701171875 60.5 1.2000000476837158
  endloop
 endfacet
 facet normal 0 -1 0
  outer loop
   vertex 74.333328247070312 60.5 3.7000000476837158
   vertex 67.866668701171875 60.5 3.7000000476837158
   vertex 74.333328247070312 60.5 1.2000000476837158
  endloop
 endfacet
 facet normal 0 -1 0
  outer loop
   vertex 80.699996948242188 60.5 3.7000000476837158
   vertex 74.533332824707031 60.5 1.2000000476837158
   vertex 80.699996948242188 60.5 1.2000000476837158
  endloop
 endfacet
 facet normal 0 -1 0
  outer loop
   vertex 80.699996948242188 60.5 3.7000000476837158
   vertex 74.533332824707031 60.5 3.7000000476837158
   vertex 74.533332824707031 60.5 1.2000000476837158
  endloop
 endfacet
 facet normal 0 -1 0
  outer loop
   vertex 67.666671752929688 60.5 6.4000000953674316
   vertex 61.299999237060547 60.5 3.9000000953674316
   vertex 67.666671752929688 60.5 3.9000000953674316
  endloop
 endfacet
 facet normal 0 -1 0
  outer loop
   vertex 67.666671752929688 60.5 6.4000000953674316
   vertex 61.299999237060547 60.5 6.4000000953674316
   vertex 61.299999237060547 60.5 3.9000000953674316
  endloop
 endfacet
 facet normal 0 -1 0
  outer loop
   vertex 74.333328247070312 60.5 3.9000000953674316
   vertex 67.866668701171875 60.5 6.4000000953674316
   vertex 67.866668701171875 60.5 3.9000000953674316
  endloop
 endfacet
 facet normal 0 -1 0
  outer loop
   vertex 74.333328247070312 60.5 6.4000000953674316
   vertex 67.866668701171875 60.5 6.4000000953674316
   vertex 74.333328247070312 60.5 3.9000000953674316
  endloop
 endfacet
 facet normal 0 -1 0
  outer loop
   vertex 80.699996948242188 60.5 6.4000000953674316
   vertex 74.533332824707031 60.5 3.9000000953674316
   vertex 80.699996948242188 60.5 3.9000000953674316
  endloop
 endfacet
 facet normal 0 -1 0
  outer loop
   vertex 80.699996948242188 60.5 6.4000000953674316
   vertex 74.533332824707031 60.5 6.4000000953674316
   vertex 74.533332824707031 60.5 3.9000000953674316
  endloop
 endfacet
 facet normal 0 -1 0
  outer loop
   vertex 67.666671752929688 60.5 9.1000003814697266
   vertex 61.299999237060547 60.5 6.5999999046325684
   vertex 67.666671752929688 60.5 6.5999999046325684
  endloop
 endfacet
 facet normal 0 -1 0
  outer loop
   vertex 67.666671752929688 60.5 9.1000003814697266
   vertex 61.299999237060547 60.5 9.1000003814697266
   vertex 61.299999237060547 60.5 6.5999999046325684
  endloop
 endfacet
 facet normal 0 -1 0
  outer loop
   vertex 74.333328247070312 60.5 9.1000003814697266
   vertex 67.866668701171875 60.5 6.5999999046325684
   vertex 74.333328247070312 60.5 6.5999999046325684
  endloop
 endfacet
 facet normal 0 -1 0
  outer loop
   vertex 74.333328247070312 60.5 9.1000003814697266
   vertex 67.866668701171875 60.5 9.1000003814697266
   vertex 67.866668701171875 60.5 6.5999999046325684
  endloop
 endfacet
 facet normal 0 -1 0
  outer loop
   vertex 80.699996948242188 60.5 9.1000003814697266
   vertex 74.533332824707031 60.5 6.5999999046325684
   vertex 80.699996948242188 60.5 6.5999999046325684
  endloop
 endfacet
 facet normal 0 -1 0
  outer loop
   vertex 80.699996948242188 60.5 9.1000003814697266
   vertex 74.533332824707031 60.5 9.1000003814697266
   vertex 74.533332824707031 60.5 6.5999999046325684
  endloop
 endfacet
 facet normal 0 -1 0
  outer loop
   vertex 67.666671752929688 60.5 11.800000190734863
   vertex 61.299999237060547 60.5 9.3000001907348633
   vertex 67.666671752929688 60.5 9.3000001907348633
  endloop
 endfacet
 facet normal 0 -1 0
  outer loop
   vertex 67.666671752929688 60.5 11.800000190734863
   vertex 61.299999237060547 60.5 11.800000190734863
   vertex 61.299999237060547 60.5 9.3000001907348633
  endloop
 endfacet
 facet normal 0 -1 0
  outer loop
   vertex 74.333328247070312 60.5 9.3000001907348633
   vertex 67.866668701171875 60.5 11.800000190734863
   vertex 67.866668701171875 60.5 9.3000001907348633
  endloop
 endfacet
 facet normal 0 -1 0
  outer loop
   vertex 74.333328247070312 60.5 11.800000190734863
   vertex 67.866668701171875 60.5 11.800000190734863
   vertex 74.333328247070312 60.5 9.3000001907348633
  endloop
 endfacet
 facet normal 0 -1 0
  outer loop
   vertex 80.699996948242188 60.5 11.800000190734863
   vertex 74.533332824707031 60.5 9.3000001907348633
   vertex 80.699996948242188 60.5 9.3000001907348633
  endloop
 endfacet
 facet normal 0 -1 0
  outer loop
   vertex 80.699996948242188 60.5 11.800000190734863
   vertex 74.533332824707031 60.5 11.800000190734863
   vertex 74.533332824707031 60.5 9.3000001907348633
  endloop
 endfacet
 facet normal 0 -1 0
  outer loop
   vertex 67.666671752929688 60.5 14.5
   vertex 61.299999237060547 60.5 12
   vertex 67.666671752929688 60.5 12
  endloop
 endfacet
 facet normal 0 -1 0
  outer loop
   vertex 67.666671752929688 60.5 14.5
   vertex 61.299999237060547 60.5 14.5
   vertex 61.299999237060547 60.5 12
  endloop
 endfacet
 facet normal 0 -1 0
  outer loop
   vertex 74.333328247070312 60.5 14.5
   vertex 67.866668701171875 60.5 12
   vertex 74.333328247070312 60.5 12
  endloop
 endfacet
 facet normal 0 -1 0
  outer loop
   vertex 74.333328247070312 60.5 14.5
   vertex 67.866668701171875 60.5 14.5
   vertex 67.866668701171875 60.5 12
  endloop
 endfacet
 facet normal 0 -1 0
  outer loop
   vertex 80.699996948242188 60.5 14.5
   vertex 74.533332824707031 60.5 12
   vertex 80.699996948242188 60.5 12
  endloop
 endfacet
 facet normal 0 -1 0
  outer loop
   vertex 80.699996948242188 60.5 14.5
   vertex 74.533332824707031 60.5 14.5
   vertex 74.533332824707031 60.5 12
  endloop
 endfacet
 facet normal 0 0 -1
  outer loop
   vertex 95.083328247070312 67.875999450683594 13.649999618530273
   vertex 93.583328247070312 67.800003051757812 13.649999618530273
   vertex 93.583328247070312 67.875999450683594 13.649999618530273
  endloop
 endfacet
 facet normal 0 0 -1
  outer loop
   vertex 95.083328247070312 67.875999450683594 13.649999618530273
   vertex 95.083328247070312 67.800003051757812 13.649999618530273
   vertex 93.583328247070312 67.800003051757812 13.649999618530273
  endloop
 endfacet
 facet normal -1 0 0
  outer loop
   vertex 95.083328247070312 67.800003051757812 13.649999618530273
   vertex 95.083328247070312 67.875999450683594 12.449999809265137
   vertex 95.083328247070312 67.800003051757812 12.449999809265137
  endloop
 endfacet
 facet normal -1 -0 -0
  outer loop
   vertex 95.083328247070312 67.800003051757812 13.649999618530273
   vertex 95.083328247070312 67.875999450683594 13.649999618530273
   vertex 95.083328247070312 67.875999450683594 12.449999809265137
  endloop
 endfacet
 facet normal 1 0 0
  outer loop
   vertex 93.583328247070312 67.800003051757812 13.649999618530273
   vertex 93.583328247070312 67.800003051757812 12.449999809265137
   vertex 93.583328247070312 67.875999450683594 12.449999809265137
  endloop
 endfacet
 facet normal 1 0 -0
  outer loop
   vertex 93.583328247070312 67.800003051757812 13.649999618530273
   vertex 93.583328247070312 67.875999450683594 12.449999809265137
   vertex 93.583328247070312 67.875999450683594 13.649999618530273
  endloop
 endfacet
 facet normal -0 0 1
  outer loop
   vertex 95.083328247070312 67.875999450683594 12.449999809265137
   vertex 93.583328247070312 67.875999450683594 12.449999809265137
   vertex 93.583328247070312 67.800003051757812 12.449999809265137
  endloop
 endfacet
 facet normal 0 0 1
  outer loop
   vertex 95.083328247070312 67.875999450683594 12.449999809265137
   vertex 93.583328247070312 67.800003051757812 12.449999809265137
   vertex 95.083328247070312 67.800003051757812 12.449999809265137
  endloop
 endfacet
 facet normal 0 0 -1
  outer loop
   vertex 101.75 67.875999450683594 13.649999618530273
   vertex 100.25 67.800003051757812 13.649999618530273
   vertex 100.25 67.875999450683594 13.649999618530273
  endloop
 endfacet
 facet normal 0 0 -1
  outer loop
   vertex 101.75 67.875999450683594 13.649999618530273
   vertex 101.75 67.800003051757812 13.649999618530273
   vertex 100.25 67.800003051757812 13.649999618530273
  endloop
 endfacet
 facet normal -1 0 0
  outer loop
   vertex 101.75 67.800003051757812 13.649999618530273
   vertex 101.75 67.875999450683594 12.449999809265137
   vertex 101.75 67.800003051757812 12.449999809265137
  endloop
 endfacet
 facet normal -1 -0 -0
  outer loop
   vertex 101.75 67.800003051757812 13.649999618530273
   vertex 101.75 67.875999450683594 13.649999618530273
   vertex 101.75 67.875999450683594 12.449999809265137
  endloop
 endfacet
 facet normal 1 0 0
  outer loop
   vertex 100.25 67.800003051757812 13.649999618530273
   vertex 100.25 67.800003051757812 12.449999809265137
   vertex 100.25 67.875999450683594 12.449999809265137
  endloop
 endfacet
 facet normal 1 0 -0
  outer loop
   vertex 100.25 67.800003051757812 13.649999618530273
   vertex 100.25 67.875999450683594 12.449999809265137
   vertex 100.25 67.875999450683594 13.649999618530273
  endloop
 endfacet
 facet normal -0 0 1
  outer loop
   vertex 101.75 67.875999450683594 12.449999809265137
   vertex 100.25 67.875999450683594 12.449999809265137
   vertex 100.25 67.800003051757812 12.449999809265137
  endloop
 endfacet
 facet normal 0 0 1
  outer loop
   vertex 101.75 67.875999450683594 12.449999809265137
   vertex 100.25 67.800003051757812 12.449999809265137
   vertex 101.75 67.800003051757812 12.449999809265137
  endloop
 endfacet
 facet normal -0 0 1
  outer loop
   vertex 108.41670227050781 67.875999450683594 12.449999809265137
   vertex 106.91670227050781 67.875999450683594 12.449999809265137
   vertex 106.91670227050781 67.800003051757812 12.449999809265137
  endloop
 endfacet
 facet normal 0 0 1
  outer loop
   vertex 108.41670227050781 67.875999450683594 12.449999809265137
   vertex 106.91670227050781 67.800003051757812 12.449999809265137
   vertex 108.41670227050781 67.800003051757812 12.449999809265137
  endloop
 endfacet
 facet normal -1 0 0
  outer loop
   vertex 108.41670227050781 67.800003051757812 13.649999618530273
   vertex 108.41670227050781 67.875999450683594 12.449999809265137
   vertex 108.41670227050781 67.800003051757812 12.449999809265137
  endloop
 endfacet
 facet normal -1 -0 -0
  outer loop
   vertex 108.41670227050781 67.800003051757812 13.649999618530273
   vertex 108.41670227050781 67.875999450683594 13.649999618530273
   vertex 108.41670227050781 67.875999450683594 12.449999809265137
  endloop
 endfacet
 facet normal 1 0 0
  outer loop
   vertex 106.91670227050781 67.800003051757812 13.649999618530273
   vertex 106.91670227050781 67.800003051757812 12.449999809265137
   vertex 106.91670227050781 67.875999450683594 12.449999809265137
  endloop
 endfacet
 facet normal 1 0 -0
  outer loop
   vertex 106.91670227050781 67.800003051757812 13.649999618530273
   vertex 106.91670227050781 67.875999450683594 12.449999809265137
   vertex 106.91670227050781 67.875999450683594 13.649999618530273
  endloop
 endfacet
 facet normal 0 0 -1
  outer loop
   vertex 108.41670227050781 67.875999450683594 13.649999618530273
   vertex 106.91670227050781 67.800003051757812 13.649999618530273
   vertex 106.91670227050781 67.875999450683594 13.649999618530273
  endloop
 endfacet
 facet normal 0 0 -1
  outer loop
   vertex 108.41670227050781 67.875999450683594 13.649999618530273
   vertex 108.41670227050781 67.800003051757812 13.649999618530273
   vertex 106.91670227050781 67.800003051757812 13.649999618530273
  endloop
 endfacet
 facet normal 0 0 -1
  outer loop
   vertex 95.083328247070312 67.875999450683594 10.949999809265137
   vertex 93.583328247070312 67.800003051757812 10.949999809265137
   vertex 93.583328247070312 67.875999450683594 10.949999809265137
  endloop
 endfacet
 facet normal 0 0 -1
  outer loop
   vertex 95.083328247070312 67.875999450683594 10.949999809265137
   vertex 95.083328247070312 67.800003051757812 10.949999809265137
   vertex 93.583328247070312 67.800003051757812 10.949999809265137
  endloop
 endfacet
 facet normal -1 0 0
  outer loop
   vertex 95.083328247070312 67.800003051757812 10.949999809265137
   vertex 95.083328247070312 67.875999450683594 9.75
   vertex 95.083328247070312 67.800003051757812 9.75
  endloop
 endfacet
 facet normal -1 -0 -0
  outer loop
   vertex 95.083328247070312 67.800003051757812 10.949999809265137
   vertex 95.083328247070312 67.875999450683594 10.949999809265137
   vertex 95.083328247070312 67.875999450683594 9.75
  endloop
 endfacet
 facet normal 1 0 0
  outer loop
   vertex 93.583328247070312 67.800003051757812 10.949999809265137
   vertex 93.583328247070312 67.800003051757812 9.75
   vertex 93.583328247070312 67.875999450683594 9.75
  endloop
 endfacet
 facet normal 1 0 -0
  outer loop
   vertex 93.583328247070312 67.800003051757812 10.949999809265137
   vertex 93.583328247070312 67.875999450683594 9.75
   vertex 93.583328247070312 67.875999450683594 10.949999809265137
  endloop
 endfacet
 facet normal -0 0 1
  outer loop
   vertex 95.083328247070312 67.875999450683594 9.75
   vertex 93.583328247070312 67.875999450683594 9.75
   vertex 93.583328247070312 67.800003051757812 9.75
  endloop
 endfacet
 facet normal 0 0 1
  outer loop
   vertex 95.083328247070312 67.875999450683594 9.75
   vertex 93.583328247070312 67.800003051757812 9.75
   vertex 95.083328247070312 67.800003051757812 9.75
  endloop
 endfacet
 facet normal 0 0 -1
  outer loop
   vertex 101.75 67.875999450683594 10.949999809265137
   vertex 100.25 67.800003051757812 10.949999809265137
   vertex 100.25 67.875999450683594 10.949999809265137
  endloop
 endfacet
 facet normal 0 0 -1
  outer loop
   vertex 101.75 67.875999450683594 10.949999809265137
   vertex 101.75 67.800003051757812 10.949999809265137
   vertex 100.25 67.800003051757812 10.949999809265137
  endloop
 endfacet
 facet normal -1 0 0
  outer loop
   vertex 101.75 67.800003051757812 10.949999809265137
   vertex 101.75 67.875999450683594 9.75
   vertex 101.75 67.800003051757812 9.75
  endloop
 endfacet
 facet normal -1 -0 -0
  outer loop
   vertex 101.75 67.800003051757812 10.949999809265137
   vertex 101.75 67.875999450683594 10.949999809265137
   vertex 101.75 67.875999450683594 9.75
  endloop
 endfacet
 facet normal 1 0 0
  outer loop
   vertex 100.25 67.800003051757812 10.949999809265137
   vertex 100.25 67.800003051757812 9.75
   vertex 100.25 67.875999450683594 9.75
  endloop
 endfacet
 facet normal 1 0 -0
  outer loop
   vertex 100.25 67.800003051757812 10.949999809265137
   vertex 100.25 67.875999450683594 9.75
   vertex 100.25 67.875999450683594 10.949999809265137
  endloop
 endfacet
 facet normal -0 0 1
  outer loop
   vertex 101.75 67.875999450683594 9.75
   vertex 100.25 67.875999450683594 9.75
   vertex 100.25 67.800003051757812 9.75
  endloop
 endfacet
 facet normal 0 0 1
  outer loop
   vertex 101.75 67.875999450683594 9.75
   vertex 100.25 67.800003051757812 9.75
   vertex 101.75 67.800003051757812 9.75
  endloop
 endfacet
 facet normal -0 0 1
  outer loop
   vertex 108.41670227050781 67.875999450683594 9.75
   vertex 106.91670227050781 67.875999450683594 9.75
   vertex 106.91670227050781 67.800003051757812 9.75
  endloop
 endfacet
 facet normal 0 0 1
  outer loop
   vertex 108.41670227050781 67.875999450683594 9.75
   vertex 106.91670227050781 67.800003051757812 9.75
   vertex 108.41670227050781 67.800003051757812 9.75
  endloop
 endfacet
 facet normal -1 0 0
  outer loop
   vertex 108.41670227050781 67.800003051757812 10.949999809265137
   vertex 108.41670227050781 67.875999450683594 9.75
   vertex 108.41670227050781 67.800003051757812 9.75
  endloop
 endfacet
 facet normal -1 -0 -0
  outer loop
   vertex 108.41670227050781 67.800003051757812 10.949999809265137
   vertex 108.41670227050781 67.875999450683594 10.949999809265137
   vertex 108.41670227050781 67.875999450683594 9.75
  endloop
 endfacet
 facet normal 1 0 0
  outer loop
   vertex 106.91670227050781 67.800003051757812 10.949999809265137
   vertex 106.91670227050781 67.800003051757812 9.75
   vertex 106.91670227050781 67.875999450683594 9.75
  endloop
 endfacet
 facet normal 1 0 -0
  outer loop
   vertex 106.91670227050781 67.800003051757812 10.949999809265137
   vertex 106.91670227050781 67.875999450683594 9.75
   vertex 106.91670227050781 67.875999450683594 10.949999809265137
  endloop
 endfacet
 facet normal 0 0 -1
  outer loop
   vertex 108.41670227050781 67.875999450683594 10.949999809265137
   vertex 106.91670227050781 67.800003051757812 10.949999809265137
   vertex 106.91670227050781 67.875999450683594 10.949999809265137
  endloop
 endfacet
 facet normal 0 0 -1
  outer loop
   vertex 108.41670227050781 67.875999450683594 10.949999809265137
   vertex 108.41670227050781 67.800003051757812 10.949999809265137
   vertex 106.91670227050781 67.800003051757812 10.949999809265137
  endloop
 endfacet
 facet normal 0 0 -1
  outer loop
   vertex 95.083328247070312 67.875999450683594 8.25
   vertex 93.583328247070312 67.800003051757812 8.25
   vertex 93.583328247070312 67.875999450683594 8.25
  endloop
 endfacet
 facet normal 0 0 -1
  outer loop
   vertex 95.083328247070312 67.875999450683594 8.25
   vertex 95.083328247070312 67.800003051757812 8.25
   vertex 93.583328247070312 67.800003051757812 8.25
  endloop
 endfacet
 facet normal -1 0 0
  outer loop
   vertex 95.083328247070312 67.800003051757812 8.25
   vertex 95.083328247070312 67.875999450683594 7.0500001907348633
   vertex 95.083328247070312 67.800003051757812 7.0500001907348633
  endloop
 endfacet
 facet normal -1 -0 -0
  outer loop
   vertex 95.083328247070312 67.800003051757812 8.25
   vertex 95.083328247070312 67.875999450683594 8.25
   vertex 95.083328247070312 67.875999450683594 7.0500001907348633
  endloop
 endfacet
 facet normal 1 0 0
  outer loop
   vertex 93.583328247070312 67.800003051757812 8.25
   vertex 93.583328247070312 67.800003051757812 7.0500001907348633
   vertex 93.583328247070312 67.875999450683594 7.0500001907348633
  endloop
 endfacet
 facet normal 1 0 -0
  outer loop
   vertex 93.583328247070312 67.800003051757812 8.25
   vertex 93.583328247070312 67.875999450683594 7.0500001907348633
   vertex 93.583328247070312 67.875999450683594 8.25
  endloop
 endfacet
 facet normal -0 0 1
  outer loop
   vertex 95.083328247070312 67.875999450683594 7.0500001907348633
   vertex 93.583328247070312 67.875999450683594 7.0500001907348633
   vertex 93.583328247070312 67.800003051757812 7.0500001907348633
  endloop
 endfacet
 facet normal 0 0 1
  outer loop
   vertex 95.083328247070312 67.875999450683594 7.0500001907348633
   vertex 93.583328247070312 67.800003051757812 7.0500001907348633
   vertex 95.083328247070312 67.800003051757812 7.0500001907348633
  endloop
 endfacet
 facet normal 0 0 -1
  outer loop
   vertex 101.75 67.875999450683594 8.25
   vertex 100.25 67.800003051757812 8.25
   vertex 100.25 67.875999450683594 8.25
  endloop
 endfacet
 facet normal 0 0 -1
  outer loop
   vertex 101.75 67.875999450683594 8.25
   vertex 101.75 67.800003051757812 8.25
   vertex 100.25 67.800003051757812 8.25
  endloop
 endfacet
 facet normal -1 0 0
  outer loop
   vertex 101.75 67.800003051757812 8.25
   vertex 101.75 67.875999450683594 7.0500001907348633
   vertex 101.75 67.800003051757812 7.0500001907348633
  endloop
 endfacet
 facet normal -1 -0 -0
  outer loop
   vertex 101.75 67.800003051757812 8.25
   vertex 101.75 67.875999450683594 8.25
   vertex 101.75 67.875999450683594 7.0500001907348633
  endloop
 endfacet
 facet normal 1 0 0
  outer loop
   vertex 100.25 67.800003051757812 8.25
   vertex 100.25 67.800003051757812 7.0500001907348633
   vertex 100.25 67.875999450683594 7.0500001907348633
  endloop
 endfacet
 facet normal 1 0 -0
  outer loop
   vertex 100.25 67.800003051757812 8.25
   vertex 100.25 67.875999450683594 7.0500001907348633
   vertex 100.25 67.875999450683594 8.25
  endloop
 endfacet
 facet normal -0 0 1
  outer loop
   vertex 101.75 67.875999450683594 7.0500001907348633
   vertex 100.25 67.875999450683594 7.0500001907348633
   vertex 100.25 67.800003051757812 7.0500001907348633
  endloop
 endfacet
 facet normal 0 0 1
  outer loop
   vertex 101.75 67.875999450683594 7.0500001907348633
   vertex 100.25 67.800003051757812 7.0500001907348633
   vertex 101.75 67.800003051757812 7.0500001907348633
  endloop
 endfacet
 facet normal -0 0 1
  outer loop
   vertex 108.41670227050781 67.875999450683594 7.0500001907348633
   vertex 106.91670227050781 67.875999450683594 7.0500001907348633
   vertex 106.91670227050781 67.800003051757812 7.0500001907348633
  endloop
 endfacet
 facet normal 0 0 1
  outer loop
   vertex 108.41670227050781 67.875999450683594 7.0500001907348633
   vertex 106.91670227050781 67.800003051757812 7.0500001907348633
   vertex 108.41670227050781 67.800003051757812 7.0500001907348633
  endloop
 endfacet
 facet normal -1 0 0
  outer loop
   vertex 108.41670227050781 67.800003051757812 8.25
   vertex 108.41670227050781 67.875999450683594 7.0500001907348633
   vertex 108.41670227050781 67.800003051757812 7.0500001907348633
  endloop
 endfacet
 facet normal -1 -0 -0
  outer loop
   vertex 108.41670227050781 67.800003051757812 8.25
   vertex 108.41670227050781 67.875999450683594 8.25
   vertex 108.41670227050781 67.875999450683594 7.0500001907348633
  endloop
 endfacet
 facet normal 1 0 0
  outer loop
   vertex 106.91670227050781 67.800003051757812 8.25
   vertex 106.91670227050781 67.800003051757812 7.0500001907348633
   vertex 106.91670227050781 67.875999450683594 7.0500001907348633
  endloop
 endfacet
 facet normal 1 0 -0
  outer loop
   vertex 106.91670227050781 67.800003051757812 8.25
   vertex 106.91670227050781 67.875999450683594 7.0500001907348633
   vertex 106.91670227050781 67.875999450683594 8.25
  endloop
 endfacet
 facet normal 0 0 -1
  outer loop
   vertex 108.41670227050781 67.875999450683594 8.25
   vertex 106.91670227050781 67.800003051757812 8.25
   vertex 106.91670227050781 67.875999450683594 8.25
  endloop
 endfacet
 facet normal 0 0 -1
  outer loop
   vertex 108.41670227050781 67.875999450683594 8.25
   vertex 108.41670227050781 67.800003051757812 8.25
   vertex 106.91670227050781 67.800003051757812 8.25
  endloop
 endfacet
 facet normal 0 0 -1
  outer loop
   vertex 95.083328247070312 67.875999450683594 5.5500001907348633
   vertex 93.583328247070312 67.800003051757812 5.5500001907348633
   vertex 93.583328247070312 67.875999450683594 5.5500001907348633
  endloop
 endfacet
 facet normal 0 0 -1
  outer loop
   vertex 95.083328247070312 67.875999450683594 5.5500001907348633
   vertex 95.083328247070312 67.800003051757812 5.5500001907348633
   vertex 93.583328247070312 67.800003051757812 5.5500001907348633
  endloop
 endfacet
 facet normal -1 0 0
  outer loop
   vertex 95.083328247070312 67.800003051757812 5.5500001907348633
   vertex 95.083328247070312 67.875999450683594 4.3499999046325684
   vertex 95.083328247070312 67.800003051757812 4.3499999046325684
  endloop
 endfacet
 facet normal -1 -0 -0
  outer loop
   vertex 95.083328247070312 67.800003051757812 5.5500001907348633
   vertex 95.083328247070312 67.875999450683594 5.5500001907348633
   vertex 95.083328247070312 67.875999450683594 4.3499999046325684
  endloop
 endfacet
 facet normal 1 0 0
  outer loop
   vertex 93.583328247070312 67.800003051757812 5.5500001907348633
   vertex 93.583328247070312 67.800003051757812 4.3499999046325684
   vertex 93.583328247070312 67.875999450683594 4.3499999046325684
  endloop
 endfacet
 facet normal 1 0 -0
  outer loop
   vertex 93.583328247070312 67.800003051757812 5.5500001907348633
   vertex 93.583328247070312 67.875999450683594 4.3499999046325684
   vertex 93.583328247070312 67.875999450683594 5.5500001907348633
  endloop
 endfacet
 facet normal -0 0 1
  outer loop
   vertex 95.083328247070312 67.875999450683594 4.3499999046325684
   vertex 93.583328247070312 67.875999450683594 4.3499999046325684
   vertex 93.583328247070312 67.800003051757812 4.3499999046325684
  endloop
 endfacet
 facet normal 0 0 1
  outer loop
   vertex 95.083328247070312 67.875999450683594 4.3499999046325684
   vertex 93.583328247070312 67.800003051757812 4.3499999046325684
   vertex 95.083328247070312 67.800003051757812 4.3499999046325684
  endloop
 endfacet
 facet normal 0 0 -1
  outer loop
   vertex 101.75 67.875999450683594 5.5500001907348633
   vertex 100.25 67.800003051757812 5.5500001907348633
   vertex 100.25 67.875999450683594 5.5500001907348633
  endloop
 endfacet
 facet normal 0 0 -1
  outer loop
   vertex 101.75 67.875999450683594 5.5500001907348633
   vertex 101.75 67.800003051757812 5.5500001907348633
   vertex 100.25 67.800003051757812 5.5500001907348633
  endloop
 endfacet
 facet normal -1 0 0
  outer loop
   vertex 101.75 67.800003051757812 5.5500001907348633
   vertex 101.75 67.875999450683594 4.3499999046325684
   vertex 101.75 67.800003051757812 4.3499999046325684
  endloop
 endfacet
 facet normal -1 -0 -0
  outer loop
   vertex 101.75 67.800003051757812 5.5500001907348633
   vertex 101.75 67.875999450683594 5.5500001907348633
   vertex 101.75 67.875999450683594 4.3499999046325684
  endloop
 endfacet
 facet normal 1 0 0
  outer loop
   vertex 100.25 67.800003051757812 5.5500001907348633
   vertex 100.25 67.800003051757812 4.3499999046325684
   vertex 100.25 67.875999450683594 4.3499999046325684
  endloop
 endfacet
 facet normal 1 0 -0
  outer loop
   vertex 100.25 67.800003051757812 5.5500001907348633
   vertex 100.25 67.875999450683594 4.3499999046325684
   vertex 100.25 67.875999450683594 5.5500001907348633
  endloop
 endfacet
 facet normal -0 0 1
  outer loop
   vertex 101.75 67.875999450683594 4.3499999046325684
   vertex 100.25 67.875999450683594 4.3499999046325684
   vertex 100.25 67.800003051757812 4.3499999046325684
  endloop
 endfacet
 facet normal 0 0 1
  outer loop
   vertex 101.75 67.875999450683594 4.3499999046325684
   vertex 100.25 67.800003051757812 4.3499999046325684
   vertex 101.75 67.800003051757812 4.3499999046325684
  endloop
 endfacet
 facet normal -0 0 1
  outer loop
   vertex 108.41670227050781 67.875999450683594 4.3499999046325684
   vertex 106.91670227050781 67.875999450683594 4.3499999046325684
   vertex 106.91670227050781 67.800003051757812 4.3499999046325684
  endloop
 endfacet
 facet normal 0 0 1
  outer loop
   vertex 108.41670227050781 67.875999450683594 4.3499999046325684
   vertex 106.91670227050781 67.800003051757812 4.3499999046325684
   vertex 108.41670227050781 67.800003051757812 4.3499999046325684
  endloop
 endfacet
 facet normal -1 0 0
  outer loop
   vertex 108.41670227050781 67.800003051757812 5.5500001907348633
   vertex 108.41670227050781 67.875999450683594 4.3499999046325684
   vertex 108.41670227050781 67.800003051757812 4.3499999046325684
  endloop
 endfacet
 facet normal -1 -0 -0
  outer loop
   vertex 108.41670227050781 67.800003051757812 5.5500001907348633
   vertex 108.41670227050781 67.875999450683594 5.5500001907348633
   vertex 108.41670227050781 67.875999450683594 4.3499999046325684
  endloop
 endfacet
 facet normal 1 0 0
  outer loop
   vertex 106.91670227050781 67.800003051757812 5.5500001907348633
   vertex 106.91670227050781 67.800003051757812 4.3499999046325684
   vertex 106.91670227050781 67.875999450683594 4.3499999046325684
  endloop
 endfacet
 facet normal 1 0 -0
  outer loop
   vertex 106.91670227050781 67.800003051757812 5.5500001907348633
   vertex 106.91670227050781 67.875999450683594 4.3499999046325684
   vertex 106.91670227050781 67.875999450683594 5.5500001907348633
  endloop
 endfacet
 facet normal 0 0 -1
  outer loop
   vertex 108.41670227050781 67.875999450683594 5.5500001907348633
   vertex 106.91670227050781 67.800003051757812 5.5500001907348633
   vertex 106.91670227050781 67.875999450683594 5.5500001907348633
  endloop
 endfacet
 facet normal 0 0 -1
  outer loop
   vertex 108.41670227050781 67.875999450683594 5.5500001907348633
   vertex 108.41670227050781 67.800003051757812 5.5500001907348633
   vertex 106.91670227050781 67.800003051757812 5.5500001907348633
  endloop
 endfacet
 facet normal 0 0 -1
  outer loop
   vertex 95.083328247070312 67.875999450683594 2.8499999046325684
   vertex 93.583328247070312 67.800003051757812 2.8499999046325684
   vertex 93.583328247070312 67.875999450683594 2.8499999046325684
  endloop
 endfacet
 facet normal 0 0 -1
  outer loop
   vertex 95.083328247070312 67.875999450683594 2.8499999046325684
   vertex 95.083328247070312 67.800003051757812 2.8499999046325684
   vertex 93.583328247070312 67.800003051757812 2.8499999046325684
  endloop
 endfacet
 facet normal -1 0 0
  outer loop
   vertex 95.083328247070312 67.800003051757812 2.8499999046325684
   vertex 95.083328247070312 67.875999450683594 1.6499999761581421
   vertex 95.083328247070312 67.800003051757812 1.6499999761581421
  endloop
 endfacet
 facet normal -1 -0 -0
  outer loop
   vertex 95.083328247070312 67.800003051757812 2.8499999046325684
   vertex 95.083328247070312 67.875999450683594 2.8499999046325684
   vertex 95.083328247070312 67.875999450683594 1.6499999761581421
  endloop
 endfacet
 facet normal 1 0 0
  outer loop
   vertex 93.583328247070312 67.800003051757812 2.8499999046325684
   vertex 93.583328247070312 67.800003051757812 1.6499999761581421
   vertex 93.583328247070312 67.875999450683594 1.6499999761581421
  endloop
 endfacet
 facet normal 1 0 -0
  outer loop
   vertex 93.583328247070312 67.800003051757812 2.8499999046325684
   vertex 93.583328247070312 67.875999450683594 1.6499999761581421
   vertex 93.583328247070312 67.875999450683594 2.8499999046325684
  endloop
 endfacet
 facet normal -0 0 1
  outer loop
   vertex 95.083328247070312 67.875999450683594 1.6499999761581421
   vertex 93.583328247070312 67.875999450683594 1.6499999761581421
   vertex 93.583328247070312 67.800003051757812 1.6499999761581421
  endloop
 endfacet
 facet normal 0 0 1
  outer loop
   vertex 95.083328247070312 67.875999450683594 1.6499999761581421
   vertex 93.583328247070312 67.800003051757812 1.6499999761581421
   vertex 95.083328247070312 67.800003051757812 1.6499999761581421
  endloop
 endfacet
 facet normal 0 0 -1
  outer loop
   vertex 101.75 67.875999450683594 2.8499999046325684
   vertex 100.25 67.800003051757812 2.8499999046325684
   vertex 100.25 67.875999450683594 2.8499999046325684
  endloop
 endfacet
 facet normal 0 0 -1
  outer loop
   vertex 101.75 67.875999450683594 2.8499999046325684
   vertex 101.75 67.800003051757812 2.8499999046325684
   vertex 100.25 67.800003051757812 2.8499999046325684
  endloop
 endfacet
 facet normal -1 0 0
  outer loop
   vertex 101.75 67.800003051757812 2.8499999046325684
   vertex 101.75 67.875999450683594 1.6499999761581421
   vertex 101.75 67.800003051757812 1.6499999761581421
  endloop
 endfacet
 facet normal -1 -0 -0
  outer loop
   vertex 101.75 67.800003051757812 2.8499999046325684
   vertex 101.75 67.875999450683594 2.8499999046325684
   vertex 101.75 67.875999450683594 1.6499999761581421
  endloop
 endfacet
 facet normal 1 0 0
  outer loop
   vertex 100.25 67.800003051757812 2.8499999046325684
   vertex 100.25 67.800003051757812 1.6499999761581421
   vertex 100.25 67.875999450683594 1.6499999761581421
  endloop
 endfacet
 facet normal 1 0 -0
  outer loop
   vertex 100.25 67.800003051757812 2.8499999046325684
   vertex 100.25 67.875999450683594 1.6499999761581421
   vertex 100.25 67.875999450683594 2.8499999046325684
  endloop
 endfacet
 facet normal -0 0 1
  outer loop
   vertex 101.75 67.875999450683594 1.6499999761581421
   vertex 100.25 67.875999450683594 1.6499999761581421
   vertex 100.25 67.800003051757812 1.6499999761581421
  endloop
 endfacet
 facet normal 0 0 1
  outer loop
   vertex 101.75 67.875999450683594 1.6499999761581421
   vertex 100.25 67.800003051757812 1.6499999761581421
   vertex 101.75 67.800003051757812 1.6499999761581421
  endloop
 endfacet
 facet normal -0 0 1
  outer loop
   vertex 108.41670227050781 67.875999450683594 1.6499999761581421
   vertex 106.91670227050781 67.875999450683594 1.6499999761581421
   vertex 106.91670227050781 67.800003051757812 1.6499999761581421
  endloop
 endfacet
 facet normal 0 0 1
  outer loop
   vertex 108.41670227050781 67.875999450683594 1.6499999761581421
   vertex 106.91670227050781 67.800003051757812 1.6499999761581421
   vertex 108.41670227050781 67.800003051757812 1.6499999761581421
  endloop
 endfacet
 facet normal -1 0 0
  outer loop
   vertex 108.41670227050781 67.800003051757812 2.8499999046325684
   vertex 108.41670227050781 67.875999450683594 1.6499999761581421
   vertex 108.41670227050781 67.800003051757812 1.6499999761581421
  endloop
 endfacet
 facet normal -1 -0 -0
  outer loop
   vertex 108.41670227050781 67.800003051757812 2.8499999046325684
   vertex 108.41670227050781 67.875999450683594 2.8499999046325684
   vertex 108.41670227050781 67.875999450683594 1.6499999761581421
  endloop
 endfacet
 facet normal 1 0 0
  outer loop
   vertex 106.91670227050781 67.800003051757812 2.8499999046325684
   vertex 106.91670227050781 67.800003051757812 1.6499999761581421
   vertex 106.91670227050781 67.875999450683594 1.6499999761581421
  endloop
 endfacet
 facet normal 1 0 -0
  outer loop
   vertex 106.91670227050781 67.800003051757812 2.8499999046325684
   vertex 106.91670227050781 67.875999450683594 1.6499999761581421
   vertex 106.91670227050781 67.875999450683594 2.8499999046325684
  endloop
 endfacet
 facet normal 0 0 -1
  outer loop
   vertex 108.41670227050781 67.875999450683594 2.8499999046325684
   vertex 106.91670227050781 67.800003051757812 2.8499999046325684
   vertex 106.91670227050781 67.875999450683594 2.8499999046325684
  endloop
 endfacet
 facet normal 0 0 -1
  outer loop
   vertex 108.41670227050781 67.875999450683594 2.8499999046325684
   vertex 108.41670227050781 67.800003051757812 2.8499999046325684
   vertex 106.91670227050781 67.800003051757812 2.8499999046325684
  endloop
 endfacet
 facet normal 0 0 -1
  outer loop
   vertex 95.083328247070312 53.200000762939453 2.8499999046325684
   vertex 93.583328247070312 53.124000549316406 2.8499999046325684
   vertex 93.583328247070312 53.200000762939453 2.8499999046325684
  endloop
 endfacet
 facet normal 0 0 -1
  outer loop
   vertex 95.083328247070312 53.200000762939453 2.8499999046325684
   vertex 95.083328247070312 53.124000549316406 2.8499999046325684
   vertex 93.583328247070312 53.124000549316406 2.8499999046325684
  endloop
 endfacet
 facet normal -1 0 0
  outer loop
   vertex 95.083328247070312 53.124000549316406 2.8499999046325684
   vertex 95.083328247070312 53.200000762939453 1.6499999761581421
   vertex 95.083328247070312 53.124000549316406 1.6499999761581421
  endloop
 endfacet
 facet normal -1 -0 -0
  outer loop
   vertex 95.083328247070312 53.124000549316406 2.8499999046325684
   vertex 95.083328247070312 53.200000762939453 2.8499999046325684
   vertex 95.083328247070312 53.200000762939453 1.6499999761581421
  endloop
 endfacet
 facet normal 1 0 0
  outer loop
   vertex 93.583328247070312 53.124000549316406 2.8499999046325684
   vertex 93.583328247070312 53.124000549316406 1.6499999761581421
   vertex 93.583328247070312 53.200000762939453 1.6499999761581421
  endloop
 endfacet
 facet normal 1 0 -0
  outer loop
   vertex 93.583328247070312 53.124000549316406 2.8499999046325684
   vertex 93.583328247070312 53.200000762939453 1.6499999761581421
   vertex 93.583328247070312 53.200000762939453 2.8499999046325684
  endloop
 endfacet
 facet normal -0 0 1
  outer loop
   vertex 95.083328247070312 53.200000762939453 1.6499999761581421
   vertex 93.583328247070312 53.200000762939453 1.6499999761581421
   vertex 93.583328247070312 53.124000549316406 1.6499999761581421
  endloop
 endfacet
 facet normal 0 0 1
  outer loop
   vertex 95.083328247070312 53.200000762939453 1.6499999761581421
   vertex 93.583328247070312 53.124000549316406 1.6499999761581421
   vertex 95.083328247070312 53.124000549316406 1.6499999761581421
  endloop
 endfacet
 facet normal 0 0 -1
  outer loop
   vertex 101.75 53.200000762939453 2.8499999046325684
   vertex 100.25 53.124000549316406 2.8499999046325684
   vertex 100.25 53.200000762939453 2.8499999046325684
  endloop
 endfacet
 facet normal 0 0 -1
  outer loop
   vertex 101.75 53.200000762939453 2.8499999046325684
   vertex 101.75 53.124000549316406 2.8499999046325684
   vertex 100.25 53.124000549316406 2.8499999046325684
  endloop
 endfacet
 facet normal -1 0 0
  outer loop
   vertex 101.75 53.124000549316406 2.8499999046325684
   vertex 101.75 53.200000762939453 1.6499999761581421
   vertex 101.75 53.124000549316406 1.6499999761581421
  endloop
 endfacet
 facet normal -1 -0 -0
  outer loop
   vertex 101.75 53.124000549316406 2.8499999046325684
   vertex 101.75 53.200000762939453 2.8499999046325684
   vertex 101.75 53.200000762939453 1.6499999761581421
  endloop
 endfacet
 facet normal 1 0 0
  outer loop
   vertex 100.25 53.124000549316406 2.8499999046325684
   vertex 100.25 53.124000549316406 1.6499999761581421
   vertex 100.25 53.200000762939453 1.6499999761581421
  endloop
 endfacet
 facet normal 1 0 -0
  outer loop
   vertex 100.25 53.124000549316406 2.8499999046325684
   vertex 100.25 53.200000762939453 1.6499999761581421
   vertex 100.25 53.200000762939453 2.8499999046325684
  endloop
 endfacet
 facet normal -0 0 1
  outer loop
   vertex 101.75 53.200000762939453 1.6499999761581421
   vertex 100.25 53.200000762939453 1.6499999761581421
   vertex 100.25 53.124000549316406 1.6499999761581421
  endloop
 endfacet
 facet normal 0 0 1
  outer loop
   vertex 101.75 53.200000762939453 1.6499999761581421
   vertex 100.25 53.124000549316406 1.6499999761581421
   vertex 101.75 53.124000549316406 1.6499999761581421
  endloop
 endfacet
 facet normal -0 0 1
  outer loop
   vertex 108.41670227050781 53.200000762939453 1.6499999761581421
   vertex 106.91670227050781 53.200000762939453 1.6499999761581421
   vertex 106.91670227050781 53.124000549316406 1.6499999761581421
  endloop
 endfacet
 facet normal 0 0 1
  outer loop
   vertex 108.41670227050781 53.200000762939453 1.6499999761581421
   vertex 106.91670227050781 53.124000549316406 1.6499999761581421
   vertex 108.41670227050781 53.124000549316406 1.6499999761581421
  endloop
 endfacet
 facet normal -1 0 0
  outer loop
   vertex 108.41670227050781 53.124000549316406 2.8499999046325684
   vertex 108.41670227050781 53.200000762939453 1.6499999761581421
   vertex 108.41670227050781 53.124000549316406 1.6499999761581421
  endloop
 endfacet
 facet normal -1 -0 -0
  outer loop
   vertex 108.41670227050781 53.124000549316406 2.8499999046325684
   vertex 108.41670227050781 53.200000762939453 2.8499999046325684
   vertex 108.41670227050781 53.200000762939453 1.6499999761581421
  endloop
 endfacet
 facet normal 1 0 0
  outer loop
   vertex 106.91670227050781 53.124000549316406 2.8499999046325684
   vertex 106.91670227050781 53.124000549316406 1.6499999761581421
   vertex 106.91670227050781 53.200000762939453 1.6499999761581421
  endloop
 endfacet
 facet normal 1 0 -0
  outer loop
   vertex 106.91670227050781 53.124000549316406 2.8499999046325684
   vertex 106.91670227050781 53.200000762939453 1.6499999761581421
   vertex 106.91670227050781 53.200000762939453 2.8499999046325684
  endloop
 endfacet
 facet normal 0 0 -1
  outer loop
   vertex 108.41670227050781 53.200000762939453 2.8499999046325684
   vertex 106.91670227050781 53.124000549316406 2.8499999046325684
   vertex 106.91670227050781 53.200000762939453 2.8499999046325684
  endloop
 endfacet
 facet normal 0 0 -1
  outer loop
   vertex 108.41670227050781 53.200000762939453 2.8499999046325684
   vertex 108.41670227050781 53.124000549316406 2.8499999046325684
   vertex 106.91670227050781 53.124000549316406 2.8499999046325684
  endloop
 endfacet
 facet normal 0 0 -1
  outer loop
   vertex 95.083328247070312 53.200000762939453 5.5500001907348633
   vertex 93.583328247070312 53.124000549316406 5.5500001907348633
   vertex 93.583328247070312 53.200000762939453 5.5500001907348633
  endloop
 endfacet
 facet normal 0 0 -1
  outer loop
   vertex 95.083328247070312 53.200000762939453 5.5500001907348633
   vertex 95.083328247070312 53.124000549316406 5.5500001907348633
   vertex 93.583328247070312 53.124000549316406 5.5500001907348633
  endloop
 endfacet
 facet normal -1 0 0
  outer loop
   vertex 95.083328247070312 53.124000549316406 5.5500001907348633
   vertex 95.083328247070312 53.200000762939453 4.3499999046325684
   vertex 95.083328247070312 53.124000549316406 4.3499999046325684
  endloop
 endfacet
 facet normal -1 -0 -0
  outer loop
   vertex 95.083328247070312 53.124000549316406 5.5500001907348633
   vertex 95.083328247070312 53.200000762939453 5.5500001907348633
   vertex 95.083328247070312 53.200000762939453 4.3499999046325684
  endloop
 endfacet
 facet normal 1 0 0
  outer loop
   vertex 93.583328247070312 53.124000549316406 5.5500001907348633
   vertex 93.583328247070312 53.124000549316406 4.3499999046325684
   vertex 93.583328247070312 53.200000762939453 4.3499999046325684
  endloop
 endfacet
 facet normal 1 0 -0
  outer loop
   vertex 93.583328247070312 53.124000549316406 5.5500001907348633
   vertex 93.583328247070312 53.200000762939453 4.3499999046325684
   vertex 93.583328247070312 53.200000762939453 5.5500001907348633
  endloop
 endfacet
 facet normal -0 0 1
  outer loop
   vertex 95.083328247070312 53.200000762939453 4.3499999046325684
   vertex 93.583328247070312 53.200000762939453 4.3499999046325684
   vertex 93.583328247070312 53.124000549316406 4.3499999046325684
  endloop
 endfacet
 facet normal 0 0 1
  outer loop
   vertex 95.083328247070312 53.200000762939453 4.3499999046325684
   vertex 93.583328247070312 53.124000549316406 4.3499999046325684
   vertex 95.083328247070312 53.124000549316406 4.3499999046325684
  endloop
 endfacet
 facet normal 0 0 -1
  outer loop
   vertex 101.75 53.200000762939453 5.5500001907348633
   vertex 100.25 53.124000549316406 5.5500001907348633
   vertex 100.25 53.200000762939453 5.5500001907348633
  endloop
 endfacet
 facet normal 0 0 -1
  outer loop
   vertex 101.75 53.200000762939453 5.5500001907348633
   vertex 101.75 53.124000549316406 5.5500001907348633
   vertex 100.25 53.124000549316406 5.5500001907348633
  endloop
 endfacet
 facet normal -1 0 0
  outer loop
   vertex 101.75 53.124000549316406 5.5500001907348633
   vertex 101.75 53.200000762939453 4.3499999046325684
   vertex 101.75 53.124000549316406 4.3499999046325684
  endloop
 endfacet
 facet normal -1 -0 -0
  outer loop
   vertex 101.75 53.124000549316406 5.5500001907348633
   vertex 101.75 53.200000762939453 5.5500001907348633
   vertex 101.75 53.200000762939453 4.3499999046325684
  endloop
 endfacet
 facet normal 1 0 0
  outer loop
   vertex 100.25 53.124000549316406 5.5500001907348633
   vertex 100.25 53.124000549316406 4.3499999046325684
   vertex 100.25 53.200000762939453 4.3499999046325684
  endloop
 endfacet
 facet normal 1 0 -0
  outer loop
   vertex 100.25 53.124000549316406 5.5500001907348633
   vertex 100.25 53.200000762939453 4.3499999046325684
   vertex 100.25 53.200000762939453 5.5500001907348633
  endloop
 endfacet
 facet normal -0 0 1
  outer loop
   vertex 101.75 53.200000762939453 4.3499999046325684
   vertex 100.25 53.200000762939453 4.3499999046325684
   vertex 100.25 53.124000549316406 4.3499999046325684
  endloop
 endfacet
 facet normal 0 0 1
  outer loop
   vertex 101.75 53.200000762939453 4.3499999046325684
   vertex 100.25 53.124000549316406 4.3499999046325684
   vertex 101.75 53.124000549316406 4.3499999046325684
  endloop
 endfacet
 facet normal -0 0 1
  outer loop
   vertex 108.41670227050781 53.200000762939453 4.3499999046325684
   vertex 106.91670227050781 53.200000762939453 4.3499999046325684
   vertex 106.91670227050781 53.124000549316406 4.3499999046325684
  endloop
 endfacet
 facet normal 0 0 1
  outer loop
   vertex 108.41670227050781 53.200000762939453 4.3499999046325684
   vertex 106.91670227050781 53.124000549316406 4.3499999046325684
   vertex 108.41670227050781 53.124000549316406 4.3499999046325684
  endloop
 endfacet
 facet normal -1 0 0
  outer loop
   vertex 108.41670227050781 53.124000549316406 5.5500001907348633
   vertex 108.41670227050781 53.200000762939453 4.3499999046325684
   vertex 108.41670227050781 53.124000549316406 4.3499999046325684
  endloop
 endfacet
 facet normal -1 -0 -0
  outer loop
   vertex 108.41670227050781 53.124000549316406 5.5500001907348633
   vertex 108.41670227050781 53.200000762939453 5.5500001907348633
   vertex 108.41670227050781 53.200000762939453 4.3499999046325684
  endloop
 endfacet
 facet normal 1 0 0
  outer loop
   vertex 106.91670227050781 53.124000549316406 5.5500001907348633
   vertex 106.91670227050781 53.124000549316406 4.3499999046325684
   vertex 106.91670227050781 53.200000762939453 4.3499999046325684
  endloop
 endfacet
 facet normal 1 0 -0
  outer loop
   vertex 106.91670227050781 53.124000549316406 5.5500001907348633
   vertex 106.91670227050781 53.200000762939453 4.3499999046325684
   vertex 106.91670227050781 53.200000762939453 5.5500001907348633
  endloop
 endfacet
 facet normal 0 0 -1
  outer loop
   vertex 108.41670227050781 53.200000762939453 5.5500001907348633
   vertex 106.91670227050781 53.124000549316406 5.5500001907348633
   vertex 106.91670227050781 53.200000762939453 5.5500001907348633
  endloop
 endfacet
 facet normal 0 0 -1
  outer loop
   vertex 108.41670227050781 53.200000762939453 5.5500001907348633
   vertex 108.41670227050781 53.124000549316406 5.5500001907348633
   vertex 106.91670227050781 53.124000549316406 5.5500001907348633
  endloop
 endfacet
 facet normal 0 0 -1
  outer loop
   vertex 95.083328247070312 53.200000762939453 8.25
   vertex 93.583328247070312 53.124000549316406 8.25
   vertex 93.583328247070312 53.200000762939453 8.25
  endloop
 endfacet
 facet normal 0 0 -1
  outer loop
   vertex 95.083328247070312 53.200000762939453 8.25
   vertex 95.083328247070312 53.124000549316406 8.25
   vertex 93.583328247070312 53.124000549316406 8.25
  endloop
 endfacet
 facet normal -1 0 0
  outer loop
   vertex 95.083328247070312 53.124000549316406 8.25
   vertex 95.083328247070312 53.200000762939453 7.0500001907348633
   vertex 95.083328247070312 53.124000549316406 7.0500001907348633
  endloop
 endfacet
 facet normal -1 -0 -0
  outer loop
   vertex 95.083328247070312 53.124000549316406 8.25
   vertex 95.083328247070312 53.200000762939453 8.25
   vertex 95.083328247070312 53.200000762939453 7.0500001907348633
  endloop
 endfacet
 facet normal 1 0 0
  outer loop
   vertex 93.583328247070312 53.124000549316406 8.25
   vertex 93.583328247070312 53.124000549316406 7.0500001907348633
   vertex 93.583328247070312 53.200000762939453 7.0500001907348633
  endloop
 endfacet
 facet normal 1 0 -0
  outer loop
   vertex 93.583328247070312 53.124000549316406 8.25
   vertex 93.583328247070312 53.200000762939453 7.0500001907348633
   vertex 93.583328247070312 53.200000762939453 8.25
  endloop
 endfacet
 facet normal -0 0 1
  outer loop
   vertex 95.083328247070312 53.200000762939453 7.0500001907348633
   vertex 93.583328247070312 53.200000762939453 7.0500001907348633
   vertex 93.583328247070312 53.124000549316406 7.0500001907348633
  endloop
 endfacet
 facet normal 0 0 1
  outer loop
   vertex 95.083328247070312 53.200000762939453 7.0500001907348633
   vertex 93.583328247070312 53.124000549316406 7.0500001907348633
   vertex 95.083328247070312 53.124000549316406 7.0500001907348633
  endloop
 endfacet
 facet normal 0 0 -1
  outer loop
   vertex 101.75 53.200000762939453 8.25
   vertex 100.25 53.124000549316406 8.25
   vertex 100.25 53.200000762939453 8.25
  endloop
 endfacet
 facet normal 0 0 -1
  outer loop
   vertex 101.75 53.200000762939453 8.25
   vertex 101.75 53.124000549316406 8.25
   vertex 100.25 53.124000549316406 8.25
  endloop
 endfacet
 facet normal -1 0 0
  outer loop
   vertex 101.75 53.124000549316406 8.25
   vertex 101.75 53.200000762939453 7.0500001907348633
   vertex 101.75 53.124000549316406 7.0500001907348633
  endloop
 endfacet
 facet normal -1 -0 -0
  outer loop
   vertex 101.75 53.124000549316406 8.25
   vertex 101.75 53.200000762939453 8.25
   vertex 101.75 53.200000762939453 7.0500001907348633
  endloop
 endfacet
 facet normal 1 0 0
  outer loop
   vertex 100.25 53.124000549316406 8.25
   vertex 100.25 53.124000549316406 7.0500001907348633
   vertex 100.25 53.200000762939453 7.0500001907348633
  endloop
 endfacet
 facet normal 1 0 -0
  outer loop
   vertex 100.25 53.124000549316406 8.25
   vertex 100.25 53.200000762939453 7.0500001907348633
   vertex 100.25 53.200000762939453 8.25
  endloop
 endfacet
 facet normal -0 0 1
  outer loop
   vertex 101.75 53.200000762939453 7.0500001907348633
   vertex 100.25 53.200000762939453 7.0500001907348633
   vertex 100.25 53.124000549316406 7.0500001907348633
  endloop
 endfacet
 facet normal 0 0 1
  outer loop
   vertex 101.75 53.200000762939453 7.0500001907348633
   vertex 100.25 53.124000549316406 7.0500001907348633
   vertex 101.75 53.124000549316406 7.0500001907348633
  endloop
 endfacet
 facet normal -0 0 1
  outer loop
   vertex 108.41670227050781 53.200000762939453 7.0500001907348633
   vertex 106.91670227050781 53.200000762939453 7.0500001907348633
   vertex 106.91670227050781 53.124000549316406 7.0500001907348633
  endloop
 endfacet
 facet normal 0 0 1
  outer loop
   vertex 108.41670227050781 53.200000762939453 7.0500001907348633
   vertex 106.91670227050781 53.124000549316406 7.0500001907348633
   vertex 108.41670227050781 53.124000549316406 7.0500001907348633
  endloop
 endfacet
 facet normal -1 0 0
  outer loop
   vertex 108.41670227050781 53.124000549316406 8.25
   vertex 108.41670227050781 53.200000762939453 7.0500001907348633
   vertex 108.41670227050781 53.124000549316406 7.0500001907348633
  endloop
 endfacet
 facet normal -1 -0 -0
  outer loop
   vertex 108.41670227050781 53.124000549316406 8.25
   vertex 108.41670227050781 53.200000762939453 8.25
   vertex 108.41670227050781 53.200000762939453 7.0500001907348633
  endloop
 endfacet
 facet normal 1 0 0
  outer loop
   vertex 106.91670227050781 53.124000549316406 8.25
   vertex 106.91670227050781 53.124000549316406 7.0500001907348633
   vertex 106.91670227050781 53.200000762939453 7.0500001907348633
  endloop
 endfacet
 facet normal 1 0 -0
  outer loop
   vertex 106.91670227050781 53.124000549316406 8.25
   vertex 106.91670227050781 53.200000762939453 7.0500001907348633
   vertex 106.91670227050781 53.200000762939453 8.25
  endloop
 endfacet
 facet normal 0 0 -1
  outer loop
   vertex 108.41670227050781 53.200000762939453 8.25
   vertex 106.91670227050781 53.124000549316406 8.25
   vertex 106.91670227050781 53.200000762939453 8.25
  endloop
 endfacet
 facet normal 0 0 -1
  outer loop
   vertex 108.41670227050781 53.200000762939453 8.25
   vertex 108.41670227050781 53.124000549316406 8.25
   vertex 106.91670227050781 53.124000549316406 8.25
  endloop
 endfacet
 facet normal 0 0 -1
  outer loop
   vertex 95.083328247070312 53.200000762939453 10.949999809265137
   vertex 93.583328247070312 53.124000549316406 10.949999809265137
   vertex 93.583328247070312 53.200000762939453 10.949999809265137
  endloop
 endfacet
 facet normal 0 0 -1
  outer loop
   vertex 95.083328247070312 53.200000762939453 10.949999809265137
   vertex 95.083328247070312 53.124000549316406 10.949999809265137
   vertex 93.583328247070312 53.124000549316406 10.949999809265137
  endloop
 endfacet
 facet normal -1 0 0
  outer loop
   vertex 95.083328247070312 53.124000549316406 10.949999809265137
   vertex 95.083328247070312 53.200000762939453 9.75
   vertex 95.083328247070312 53.124000549316406 9.75
  endloop
 endfacet
 facet normal -1 -0 -0
  outer loop
   vertex 95.083328247070312 53.124000549316406 10.949999809265137
   vertex 95.083328247070312 53.200000762939453 10.949999809265137
   vertex 95.083328247070312 53.200000762939453 9.75
  endloop
 endfacet
 facet normal 1 0 0
  outer loop
   vertex 93.583328247070312 53.124000549316406 10.949999809265137
   vertex 93.583328247070312 53.124000549316406 9.75
   vertex 93.583328247070312 53.200000762939453 9.75
  endloop
 endfacet
 facet normal 1 0 -0
  outer loop
   vertex 93.583328247070312 53.124000549316406 10.949999809265137
   vertex 93.583328247070312 53.200000762939453 9.75
   vertex 93.583328247070312 53.200000762939453 10.949999809265137
  endloop
 endfacet
 facet normal -0 0 1
  outer loop
   vertex 95.083328247070312 53.200000762939453 9.75
   vertex 93.583328247070312 53.200000762939453 9.75
   vertex 93.583328247070312 53.124000549316406 9.75
  endloop
 endfacet
 facet normal 0 0 1
  outer loop
   vertex 95.083328247070312 53.200000762939453 9.75
   vertex 93.583328247070312 53.124000549316406 9.75
   vertex 95.083328247070312 53.124000549316406 9.75
  endloop
 endfacet
 facet normal 0 0 -1
  outer loop
   vertex 101.75 53.200000762939453 10.949999809265137
   vertex 100.25 53.124000549316406 10.949999809265137
   vertex 100.25 53.200000762939453 10.949999809265137
  endloop
 endfacet
 facet normal 0 0 -1
  outer loop
   vertex 101.75 53.200000762939453 10.949999809265137
   vertex 101.75 53.124000549316406 10.949999809265137
   vertex 100.25 53.124000549316406 10.949999809265137
  endloop
 endfacet
 facet normal -1 0 0
  outer loop
   vertex 101.75 53.124000549316406 10.949999809265137
   vertex 101.75 53.200000762939453 9.75
   vertex 101.75 53.124000549316406 9.75
  endloop
 endfacet
 facet normal -1 -0 -0
  outer loop
   vertex 101.75 53.124000549316406 10.949999809265137
   vertex 101.75 53.200000762939453 10.949999809265137
   vertex 101.75 53.200000762939453 9.75
  endloop
 endfacet
 facet normal 1 0 0
  outer loop
   vertex 100.25 53.124000549316406 10.949999809265137
   vertex 100.25 53.124000549316406 9.75
   vertex 100.25 53.200000762939453 9.75
  endloop
 endfacet
 facet normal 1 0 -0
  outer loop
   vertex 100.25 53.124000549316406 10.949999809265137
   vertex 100.25 53.200000762939453 9.75
   vertex 100.25 53.200000762939453 10.949999809265137
  endloop
 endfacet
 facet normal -0 0 1
  outer loop
   vertex 101.75 53.200000762939453 9.75
   vertex 100.25 53.200000762939453 9.75
   vertex 100.25 53.124000549316406 9.75
  endloop
 endfacet
 facet normal 0 0 1
  outer loop
   vertex 101.75 53.200000762939453 9.75
   vertex 100.25 53.124000549316406 9.75
   vertex 101.75 53.124000549316406 9.75
  endloop
 endfacet
 facet normal -0 0 1
  outer loop
   vertex 108.41670227050781 53.200000762939453 9.75
   vertex 106.91670227050781 53.200000762939453 9.75
   vertex 106.91670227050781 53.124000549316406 9.75
  endloop
 endfacet
 facet normal 0 0 1
  outer loop
   vertex 108.41670227050781 53.200000762939453 9.75
   vertex 106.91670227050781 53.124000549316406 9.75
   vertex 108.41670227050781 53.124000549316406 9.75
  endloop
 endfacet
 facet normal -1 0 0
  outer loop
   vertex 108.41670227050781 53.124000549316406 10.949999809265137
   vertex 108.41670227050781 53.200000762939453 9.75
   vertex 108.41670227050781 53.124000549316406 9.75
  endloop
 endfacet
 facet normal -1 -0 -0
  outer loop
   vertex 108.41670227050781 53.124000549316406 10.949999809265137
   vertex 108.41670227050781 53.200000762939453 10.949999809265137
   vertex 108.41670227050781 53.200000762939453 9.75
  endloop
 endfacet
 facet normal 1 0 0
  outer loop
   vertex 106.91670227050781 53.124000549316406 10.949999809265137
   vertex 106.91670227050781 53.124000549316406 9.75
   vertex 106.91670227050781 53.200000762939453 9.75
  endloop
 endfacet
 facet normal 1 0 -0
  outer loop
   vertex 106.91670227050781 53.124000549316406 10.949999809265137
   vertex 106.91670227050781 53.200000762939453 9.75
   vertex 106.91670227050781 53.200000762939453 10.949999809265137
  endloop
 endfacet
 facet normal 0 0 -1
  outer loop
   vertex 108.41670227050781 53.200000762939453 10.949999809265137
   vertex 106.91670227050781 53.124000549316406 10.949999809265137
   vertex 106.91670227050781 53.200000762939453 10.949999809265137
  endloop
 endfacet
 facet normal 0 0 -1
  outer loop
   vertex 108.41670227050781 53.200000762939453 10.949999809265137
   vertex 108.41670227050781 53.124000549316406 10.949999809265137
   vertex 106.91670227050781 53.124000549316406 10.949999809265137
  endloop
 endfacet
 facet normal 0 0 -1
  outer loop
   vertex 95.083328247070312 53.200000762939453 13.649999618530273
   vertex 93.583328247070312 53.124000549316406 13.649999618530273
   vertex 93.583328247070312 53.200000762939453 13.649999618530273
  endloop
 endfacet
 facet normal 0 0 -1
  outer loop
   vertex 95.083328247070312 53.200000762939453 13.649999618530273
   vertex 95.083328247070312 53.124000549316406 13.649999618530273
   vertex 93.583328247070312 53.124000549316406 13.649999618530273
  endloop
 endfacet
 facet normal -1 0 0
  outer loop
   vertex 95.083328247070312 53.124000549316406 13.649999618530273
   vertex 95.083328247070312 53.200000762939453 12.449999809265137
   vertex 95.083328247070312 53.124000549316406 12.449999809265137
  endloop
 endfacet
 facet normal -1 -0 -0
  outer loop
   vertex 95.083328247070312 53.124000549316406 13.649999618530273
   vertex 95.083328247070312 53.200000762939453 13.649999618530273
   vertex 95.083328247070312 53.200000762939453 12.449999809265137
  endloop
 endfacet
 facet normal 1 0 0
  outer loop
   vertex 93.583328247070312 53.124000549316406 13.649999618530273
   vertex 93.583328247070312 53.124000549316406 12.449999809265137
   vertex 93.583328247070312 53.200000762939453 12.449999809265137
  endloop
 endfacet
 facet normal 1 0 -0
  outer loop
   vertex 93.583328247070312 53.124000549316406 13.649999618530273
   vertex 93.583328247070312 53.200000762939453 12.449999809265137
   vertex 93.583328247070312 53.200000762939453 13.649999618530273
  endloop
 endfacet
 facet normal -0 0 1
  outer loop
   vertex 95.083328247070312 53.200000762939453 12.449999809265137
   vertex 93.583328247070312 53.200000762939453 12.449999809265137
   vertex 93.583328247070312 53.124000549316406 12.449999809265137
  endloop
 endfacet
 facet normal 0 0 1
  outer loop
   vertex 95.083328247070312 53.200000762939453 12.449999809265137
   vertex 93.583328247070312 53.124000549316406 12.449999809265137
   vertex 95.083328247070312 53.124000549316406 12.449999809265137
  endloop
 endfacet
 facet normal 0 0 -1
  outer loop
   vertex 101.75 53.200000762939453 13.649999618530273
   vertex 100.25 53.124000549316406 13.649999618530273
   vertex 100.25 53.200000762939453 13.649999618530273
  endloop
 endfacet
 facet normal 0 0 -1
  outer loop
   vertex 101.75 53.200000762939453 13.649999618530273
   vertex 101.75 53.124000549316406 13.649999618530273
   vertex 100.25 53.124000549316406 13.649999618530273
  endloop
 endfacet
 facet normal -1 0 0
  outer loop
   vertex 101.75 53.124000549316406 13.649999618530273
   vertex 101.75 53.200000762939453 12.449999809265137
   vertex 101.75 53.124000549316406 12.449999809265137
  endloop
 endfacet
 facet normal -1 -0 -0
  outer loop
   vertex 101.75 53.124000549316406 13.649999618530273
   vertex 101.75 53.200000762939453 13.649999618530273
   vertex 101.75 53.200000762939453 12.449999809265137
  endloop
 endfacet
 facet normal 1 0 0
  outer loop
   vertex 100.25 53.124000549316406 13.649999618530273
   vertex 100.25 53.124000549316406 12.449999809265137
   vertex 100.25 53.200000762939453 12.449999809265137
  endloop
 endfacet
 facet normal 1 0 -0
  outer loop
   vertex 100.25 53.124000549316406 13.649999618530273
   vertex 100.25 53.200000762939453 12.449999809265137
   vertex 100.25 53.200000762939453 13.649999618530273
  endloop
 endfacet
 facet normal -0 0 1
  outer loop
   vertex 101.75 53.200000762939453 12.449999809265137
   vertex 100.25 53.200000762939453 12.449999809265137
   vertex 100.25 53.124000549316406 12.449999809265137
  endloop
 endfacet
 facet normal 0 0 1
  outer loop
   vertex 101.75 53.200000762939453 12.449999809265137
   vertex 100.25 53.124000549316406 12.449999809265137
   vertex 101.75 53.124000549316406 12.449999809265137
  endloop
 endfacet
 facet normal -0 0 1
  outer loop
   vertex 108.41670227050781 53.200000762939453 12.449999809265137
   vertex 106.91670227050781 53.200000762939453 12.449999809265137
   vertex 106.91670227050781 53.124000549316406 12.449999809265137
  endloop
 endfacet
 facet normal 0 0 1
  outer loop
   vertex 108.41670227050781 53.200000762939453 12.449999809265137
   vertex 106.91670227050781 53.124000549316406 12.449999809265137
   vertex 108.41670227050781 53.124000549316406 12.449999809265137
  endloop
 endfacet
 facet normal -1 0 0
  outer loop
   vertex 108.41670227050781 53.124000549316406 13.649999618530273
   vertex 108.41670227050781 53.200000762939453 12.449999809265137
   vertex 108.41670227050781 53.124000549316406 12.449999809265137
  endloop
 endfacet
 facet normal -1 -0 -0
  outer loop
   vertex 108.41670227050781 53.124000549316406 13.649999618530273
   vertex 108.41670227050781 53.200000762939453 13.649999618530273
   vertex 108.41670227050781 53.200000762939453 12.449999809265137
  endloop
 endfacet
 facet normal 1 0 0
  outer loop
   vertex 106.91670227050781 53.124000549316406 13.649999618530273
   vertex 106.91670227050781 53.124000549316406 12.449999809265137
   vertex 106.91670227050781 53.200000762939453 12.449999809265137
  endloop
 endfacet
 facet normal 1 0 -0
  outer loop
   vertex 106.91670227050781 53.124000549316406 13.649999618530273
   vertex 106.91670227050781 53.200000762939453 12.449999809265137
   vertex 106.91670227050781 53.200000762939453 13.649999618530273
  endloop
 endfacet
 facet normal 0 0 -1
  outer loop
   vertex 108.41670227050781 53.200000762939453 13.649999618530273
   vertex 106.91670227050781 53.124000549316406 13.649999618530273
   vertex 106.91670227050781 53.200000762939453 13.649999618530273
  endloop
 endfacet
 facet normal 0 0 -1
  outer loop
   vertex 108.41670227050781 53.200000762939453 13.649999618530273
   vertex 108.41670227050781 53.124000549316406 13.649999618530273
   vertex 106.91670227050781 53.124000549316406 13.649999618530273
  endloop
 endfacet
 facet normal -0 0 1
  outer loop
   vertex 97.666671752929688 67.699996948242188 12
   vertex 91.300003051757812 67.699996948242188 12
   vertex 91.300003051757812 60.700000762939453 12
  endloop
 endfacet
 facet normal 0 0 1
  outer loop
   vertex 97.666671752929688 67.699996948242188 12
   vertex 91.300003051757812 60.700000762939453 12
   vertex 97.666671752929688 60.700000762939453 12
  endloop
 endfacet
 facet normal -1 0 0
  outer loop
   vertex 97.666671752929688 60.700000762939453 14.5
   vertex 97.666671752929688 67.699996948242188 12
   vertex 97.666671752929688 60.700000762939453 12
  endloop
 endfacet
 facet normal -1 -0 -0
  outer loop
   vertex 97.666671752929688 60.700000762939453 14.5
   vertex 97.666671752929688 67.699996948242188 14.5
   vertex 97.666671752929688 67.699996948242188 12
  endloop
 endfacet
 facet normal 0 0 -1
  outer loop
   vertex 97.666671752929688 67.699996948242188 14.5
   vertex 91.300003051757812 60.700000762939453 14.5
   vertex 91.300003051757812 67.699996948242188 14.5
  endloop
 endfacet
 facet normal 0 0 -1
  outer loop
   vertex 97.666671752929688 67.699996948242188 14.5
   vertex 97.666671752929688 60.700000762939453 14.5
   vertex 91.300003051757812 60.700000762939453 14.5
  endloop
 endfacet
 facet normal -0 0 1
  outer loop
   vertex 104.33329772949219 67.699996948242188 12
   vertex 97.866668701171875 67.699996948242188 12
   vertex 97.866668701171875 60.700000762939453 12
  endloop
 endfacet
 facet normal 0 0 1
  outer loop
   vertex 104.33329772949219 67.699996948242188 12
   vertex 97.866668701171875 60.700000762939453 12
   vertex 104.33329772949219 60.700000762939453 12
  endloop
 endfacet
 facet normal 1 0 0
  outer loop
   vertex 97.866668701171875 60.700000762939453 14.5
   vertex 97.866668701171875 60.700000762939453 12
   vertex 97.866668701171875 67.699996948242188 12
  endloop
 endfacet
 facet normal 1 0 -0
  outer loop
   vertex 97.866668701171875 60.700000762939453 14.5
   vertex 97.866668701171875 67.699996948242188 12
   vertex 97.866668701171875 67.699996948242188 14.5
  endloop
 endfacet
 facet normal -1 0 0
  outer loop
   vertex 104.33329772949219 60.700000762939453 14.5
   vertex 104.33329772949219 67.699996948242188 12
   vertex 104.33329772949219 60.700000762939453 12
  endloop
 endfacet
 facet normal -1 -0 -0
  outer loop
   vertex 104.33329772949219 60.700000762939453 14.5
   vertex 104.33329772949219 67.699996948242188 14.5
   vertex 104.33329772949219 67.699996948242188 12
  endloop
 endfacet
 facet normal 0 0 -1
  outer loop
   vertex 104.33329772949219 67.699996948242188 14.5
   vertex 97.866668701171875 60.700000762939453 14.5
   vertex 97.866668701171875 67.699996948242188 14.5
  endloop
 endfacet
 facet normal 0 0 -1
  outer loop
   vertex 104.33329772949219 67.699996948242188 14.5
   vertex 104.33329772949219 60.700000762939453 14.5
   vertex 97.866668701171875 60.700000762939453 14.5
  endloop
 endfacet
 facet normal -0 0 1
  outer loop
   vertex 110.69999694824219 67.699996948242188 12
   vertex 104.53330230712891 67.699996948242188 12
   vertex 104.53330230712891 60.700000762939453 12
  endloop
 endfacet
 facet normal 0 0 1
  outer loop
   vertex 110.69999694824219 67.699996948242188 12
   vertex 104.53330230712891 60.700000762939453 12
   vertex 110.69999694824219 60.700000762939453 12
  endloop
 endfacet
 facet normal 1 0 0
  outer loop
   vertex 104.53330230712891 60.700000762939453 14.5
   vertex 104.53330230712891 60.700000762939453 12
   vertex 104.53330230712891 67.699996948242188 12
  endloop
 endfacet
 facet normal 1 0 -0
  outer loop
   vertex 104.53330230712891 60.700000762939453 14.5
   vertex 104.53330230712891 67.699996948242188 12
   vertex 104.53330230712891 67.699996948242188 14.5
  endloop
 endfacet
 facet normal 0 0 -1
  outer loop
   vertex 110.69999694824219 67.699996948242188 14.5
   vertex 104.53330230712891 60.700000762939453 14.5
   vertex 104.53330230712891 67.699996948242188 14.5
  endloop
 endfacet
 facet normal 0 0 -1
  outer loop
   vertex 110.69999694824219 67.699996948242188 14.5
   vertex 110.69999694824219 60.700000762939453 14.5
   vertex 104.53330230712891 60.700000762939453 14.5
  endloop
 endfacet
 facet normal -0 0 1
  outer loop
   vertex 97.666671752929688 67.699996948242188 9.3000001907348633
   vertex 91.300003051757812 67.699996948242188 9.3000001907348633
   vertex 91.300003051757812 60.700000762939453 9.3000001907348633
  endloop
 endfacet
 facet normal 0 0 1
  outer loop
   vertex 97.666671752929688 67.699996948242188 9.3000001907348633
   vertex 91.300003051757812 60.700000762939453 9.3000001907348633
   vertex 97.666671752929688 60.700000762939453 9.3000001907348633
  endloop
 endfacet
 facet normal -1 0 -0
  outer loop
   vertex 97.666671752929688 60.700000762939453 9.3000001907348633
   vertex 97.666671752929688 67.699996948242188 11.800000190734863
   vertex 97.666671752929688 67.699996948242188 9.3000001907348633
  endloop
 endfacet
 facet normal -1 -0 0
  outer loop
   vertex 97.666671752929688 60.700000762939453 11.800000190734863
   vertex 97.666671752929688 67.699996948242188 11.800000190734863
   vertex 97.666671752929688 60.700000762939453 9.3000001907348633
  endloop
 endfacet
 facet normal 0 0 -1
  outer loop
   vertex 97.666671752929688 67.699996948242188 11.800000190734863
   vertex 91.300003051757812 60.700000762939453 11.800000190734863
   vertex 91.300003051757812 67.699996948242188 11.800000190734863
  endloop
 endfacet
 facet normal 0 0 -1
  outer loop
   vertex 97.666671752929688 67.699996948242188 11.800000190734863
   vertex 97.666671752929688 60.700000762939453 11.800000190734863
   vertex 91.300003051757812 60.700000762939453 11.800000190734863
  endloop
 endfacet
 facet normal -0 0 1
  outer loop
   vertex 104.33329772949219 67.699996948242188 9.3000001907348633
   vertex 97.866668701171875 67.699996948242188 9.3000001907348633
   vertex 97.866668701171875 60.700000762939453 9.3000001907348633
  endloop
 endfacet
 facet normal 0 0 1
  outer loop
   vertex 104.33329772949219 67.699996948242188 9.3000001907348633
   vertex 97.866668701171875 60.700000762939453 9.3000001907348633
   vertex 104.33329772949219 60.700000762939453 9.3000001907348633
  endloop
 endfacet
 facet normal 1 0 -0
  outer loop
   vertex 97.866668701171875 60.700000762939453 9.3000001907348633
   vertex 97.866668701171875 67.699996948242188 9.3000001907348633
   vertex 97.866668701171875 67.699996948242188 11.800000190734863
  endloop
 endfacet
 facet normal 1 0 0
  outer loop
   vertex 97.866668701171875 60.700000762939453 11.800000190734863
   vertex 97.866668701171875 60.700000762939453 9.3000001907348633
   vertex 97.866668701171875 67.699996948242188 11.800000190734863
  endloop
 endfacet
 facet normal -1 0 -0
  outer loop
   vertex 104.33329772949219 60.700000762939453 9.3000001907348633
   vertex 104.33329772949219 67.699996948242188 11.800000190734863
   vertex 104.33329772949219 67.699996948242188 9.3000001907348633
  endloop
 endfacet
 facet normal -1 -0 0
  outer loop
   vertex 104.33329772949219 60.700000762939453 11.800000190734863
   vertex 104.33329772949219 67.699996948242188 11.800000190734863
   vertex 104.33329772949219 60.700000762939453 9.3000001907348633
  endloop
 endfacet
 facet normal 0 0 -1
  outer loop
   vertex 104.33329772949219 67.699996948242188 11.800000190734863
   vertex 97.866668701171875 60.700000762939453 11.800000190734863
   vertex 97.866668701171875 67.699996948242188 11.800000190734863
  endloop
 endfacet
 facet normal 0 0 -1
  outer loop
   vertex 104.33329772949219 67.699996948242188 11.800000190734863
   vertex 104.33329772949219 60.700000762939453 11.800000190734863
   vertex 97.866668701171875 60.700000762939453 11.800000190734863
  endloop
 endfacet
 facet normal -0 0 1
  outer loop
   vertex 110.69999694824219 67.699996948242188 9.3000001907348633
   vertex 104.53330230712891 67.699996948242188 9.3000001907348633
   vertex 104.53330230712891 60.700000762939453 9.3000001907348633
  endloop
 endfacet
 facet normal 0 0 1
  outer loop
   vertex 110.69999694824219 67.699996948242188 9.3000001907348633
   vertex 104.53330230712891 60.700000762939453 9.3000001907348633
   vertex 110.69999694824219 60.700000762939453 9.3000001907348633
  endloop
 endfacet
 facet normal 1 0 -0
  outer loop
   vertex 104.53330230712891 60.700000762939453 9.3000001907348633
   vertex 104.53330230712891 67.699996948242188 9.3000001907348633
   vertex 104.53330230712891 67.699996948242188 11.800000190734863
  endloop
 endfacet
 facet normal 1 0 0
  outer loop
   vertex 104.53330230712891 60.700000762939453 11.800000190734863
   vertex 104.53330230712891 60.700000762939453 9.3000001907348633
   vertex 104.53330230712891 67.699996948242188 11.800000190734863
  endloop
 endfacet
 facet normal 0 0 -1
  outer loop
   vertex 110.69999694824219 67.699996948242188 11.800000190734863
   vertex 104.53330230712891 60.700000762939453 11.800000190734863
   vertex 104.53330230712891 67.699996948242188 11.800000190734863
  endloop
 endfacet
 facet normal 0 0 -1
  outer loop
   vertex 110.69999694824219 67.699996948242188 11.800000190734863
   vertex 110.69999694824219 60.700000762939453 11.800000190734863
   vertex 104.53330230712891 60.700000762939453 11.800000190734863
  endloop
 endfacet
 facet normal -0 0 1
  outer loop
   vertex 97.666671752929688 67.699996948242188 6.5999999046325684
   vertex 91.300003051757812 67.699996948242188 6.5999999046325684
   vertex 91.300003051757812 60.700000762939453 6.5999999046325684
  endloop
 endfacet
 facet normal 0 0 1
  outer loop
   vertex 97.666671752929688 67.699996948242188 6.5999999046325684
   vertex 91.300003051757812 60.700000762939453 6.5999999046325684
   vertex 97.666671752929688 60.700000762939453 6.5999999046325684
  endloop
 endfacet
 facet normal -1 0 0
  outer loop
   vertex 97.666671752929688 60.700000762939453 9.1000003814697266
   vertex 97.666671752929688 67.699996948242188 6.5999999046325684
   vertex 97.666671752929688 60.700000762939453 6.5999999046325684
  endloop
 endfacet
 facet normal -1 -0 -0
  outer loop
   vertex 97.666671752929688 60.700000762939453 9.1000003814697266
   vertex 97.666671752929688 67.699996948242188 9.1000003814697266
   vertex 97.666671752929688 67.699996948242188 6.5999999046325684
  endloop
 endfacet
 facet normal 0 0 -1
  outer loop
   vertex 97.666671752929688 67.699996948242188 9.1000003814697266
   vertex 91.300003051757812 60.700000762939453 9.1000003814697266
   vertex 91.300003051757812 67.699996948242188 9.1000003814697266
  endloop
 endfacet
 facet normal 0 0 -1
  outer loop
   vertex 97.666671752929688 67.699996948242188 9.1000003814697266
   vertex 97.666671752929688 60.700000762939453 9.1000003814697266
   vertex 91.300003051757812 60.700000762939453 9.1000003814697266
  endloop
 endfacet
 facet normal -0 0 1
  outer loop
   vertex 104.33329772949219 67.699996948242188 6.5999999046325684
   vertex 97.866668701171875 67.699996948242188 6.5999999046325684
   vertex 97.866668701171875 60.700000762939453 6.5999999046325684
  endloop
 endfacet
 facet normal 0 0 1
  outer loop
   vertex 104.33329772949219 67.699996948242188 6.5999999046325684
   vertex 97.866668701171875 60.700000762939453 6.5999999046325684
   vertex 104.33329772949219 60.700000762939453 6.5999999046325684
  endloop
 endfacet
 facet normal 1 0 0
  outer loop
   vertex 97.866668701171875 60.700000762939453 9.1000003814697266
   vertex 97.866668701171875 60.700000762939453 6.5999999046325684
   vertex 97.866668701171875 67.699996948242188 6.5999999046325684
  endloop
 endfacet
 facet normal 1 0 -0
  outer loop
   vertex 97.866668701171875 60.700000762939453 9.1000003814697266
   vertex 97.866668701171875 67.699996948242188 6.5999999046325684
   vertex 97.866668701171875 67.699996948242188 9.1000003814697266
  endloop
 endfacet
 facet normal -1 0 0
  outer loop
   vertex 104.33329772949219 60.700000762939453 9.1000003814697266
   vertex 104.33329772949219 67.699996948242188 6.5999999046325684
   vertex 104.33329772949219 60.700000762939453 6.5999999046325684
  endloop
 endfacet
 facet normal -1 -0 -0
  outer loop
   vertex 104.33329772949219 60.700000762939453 9.1000003814697266
   vertex 104.33329772949219 67.699996948242188 9.1000003814697266
   vertex 104.33329772949219 67.699996948242188 6.5999999046325684
  endloop
 endfacet
 facet normal 0 0 -1
  outer loop
   vertex 104.33329772949219 67.699996948242188 9.1000003814697266
   vertex 97.866668701171875 60.700000762939453 9.1000003814697266
   vertex 97.866668701171875 67.699996948242188 9.1000003814697266
  endloop
 endfacet
 facet normal 0 0 -1
  outer loop
   vertex 104.33329772949219 67.699996948242188 9.1000003814697266
   vertex 104.33329772949219 60.700000762939453 9.1000003814697266
   vertex 97.866668701171875 60.700000762939453 9.1000003814697266
  endloop
 endfacet
 facet normal -0 0 1
  outer loop
   vertex 110.69999694824219 67.699996948242188 6.5999999046325684
   vertex 104.53330230712891 67.699996948242188 6.5999999046325684
   vertex 104.53330230712891 60.700000762939453 6.5999999046325684
  endloop
 endfacet
 facet normal 0 0 1
  outer loop
   vertex 110.69999694824219 67.699996948242188 6.5999999046325684
   vertex 104.53330230712891 60.700000762939453 6.5999999046325684
   vertex 110.69999694824219 60.700000762939453 6.5999999046325684
  endloop
 endfacet
 facet normal 1 0 0
  outer loop
   vertex 104.53330230712891 60.700000762939453 9.1000003814697266
   vertex 104.53330230712891 60.700000762939453 6.5999999046325684
   vertex 104.53330230712891 67.699996948242188 6.5999999046325684
  endloop
 endfacet
 facet normal 1 0 -0
  outer loop
   vertex 104.53330230712891 60.700000762939453 9.1000003814697266
   vertex 104.53330230712891 67.699996948242188 6.5999999046325684
   vertex 104.53330230712891 67.699996948242188 9.1000003814697266
  endloop
 endfacet
 facet normal 0 0 -1
  outer loop
   vertex 110.69999694824219 67.699996948242188 9.1000003814697266
   vertex 104.53330230712891 60.700000762939453 9.1000003814697266
   vertex 104.53330230712891 67.699996948242188 9.1000003814697266
  endloop
 endfacet
 facet normal 0 0 -1
  outer loop
   vertex 110.69999694824219 67.699996948242188 9.1000003814697266
   vertex 110.69999694824219 60.700000762939453 9.1000003814697266
   vertex 104.53330230712891 60.700000762939453 9.1000003814697266
  endloop
 endfacet
 facet normal -0 0 1
  outer loop
   vertex 97.666671752929688 67.699996948242188 3.9000000953674316
   vertex 91.300003051757812 67.699996948242188 3.9000000953674316
   vertex 91.300003051757812 60.700000762939453 3.9000000953674316
  endloop
 endfacet
 facet normal 0 0 1
  outer loop
   vertex 97.666671752929688 67.699996948242188 3.9000000953674316
   vertex 91.300003051757812 60.700000762939453 3.9000000953674316
   vertex 97.666671752929688 60.700000762939453 3.9000000953674316
  endloop
 endfacet
 facet normal -1 0 -0
  outer loop
   vertex 97.666671752929688 60.700000762939453 3.9000000953674316
   vertex 97.666671752929688 67.699996948242188 6.4000000953674316
   vertex 97.666671752929688 67.699996948242188 3.9000000953674316
  endloop
 endfacet
 facet normal -1 -0 0
  outer loop
   vertex 97.666671752929688 60.700000762939453 6.4000000953674316
   vertex 97.666671752929688 67.699996948242188 6.4000000953674316
   vertex 97.666671752929688 60.700000762939453 3.9000000953674316
  endloop
 endfacet
 facet normal 0 0 -1
  outer loop
   vertex 97.666671752929688 67.699996948242188 6.4000000953674316
   vertex 91.300003051757812 60.700000762939453 6.4000000953674316
   vertex 91.300003051757812 67.699996948242188 6.4000000953674316
  endloop
 endfacet
 facet normal 0 0 -1
  outer loop
   vertex 97.666671752929688 67.699996948242188 6.4000000953674316
   vertex 97.666671752929688 60.700000762939453 6.4000000953674316
   vertex 91.300003051757812 60.700000762939453 6.4000000953674316
  endloop
 endfacet
 facet normal -0 0 1
  outer loop
   vertex 104.33329772949219 67.699996948242188 3.9000000953674316
   vertex 97.866668701171875 67.699996948242188 3.9000000953674316
   vertex 97.866668701171875 60.700000762939453 3.9000000953674316
  endloop
 endfacet
 facet normal 0 0 1
  outer loop
   vertex 104.33329772949219 67.699996948242188 3.9000000953674316
   vertex 97.866668701171875 60.700000762939453 3.9000000953674316
   vertex 104.33329772949219 60.700000762939453 3.9000000953674316
  endloop
 endfacet
 facet normal 1 0 -0
  outer loop
   vertex 97.866668701171875 60.700000762939453 3.9000000953674316
   vertex 97.866668701171875 67.699996948242188 3.9000000953674316
   vertex 97.866668701171875 67.699996948242188 6.4000000953674316
  endloop
 endfacet
 facet normal 1 0 0
  outer loop
   vertex 97.866668701171875 60.700000762939453 6.4000000953674316
   vertex 97.866668701171875 60.700000762939453 3.9000000953674316
   vertex 97.866668701171875 67.699996948242188 6.4000000953674316
  endloop
 endfacet
 facet normal -1 0 -0
  outer loop
   vertex 104.33329772949219 60.700000762939453 3.9000000953674316
   vertex 104.33329772949219 67.699996948242188 6.4000000953674316
   vertex 104.33329772949219 67.699996948242188 3.9000000953674316
  endloop
 endfacet
 facet normal -1 -0 0
  outer loop
   vertex 104.33329772949219 60.700000762939453 6.4000000953674316
   vertex 104.33329772949219 67.699996948242188 6.4000000953674316
   vertex 104.33329772949219 60.700000762939453 3.9000000953674316
  endloop
 endfacet
 facet normal 0 0 -1
  outer loop
   vertex 104.33329772949219 67.699996948242188 6.4000000953674316
   vertex 97.866668701171875 60.700000762939453 6.4000000953674316
   vertex 97.866668701171875 67.699996948242188 6.4000000953674316
  endloop
 endfacet
 facet normal 0 0 -1
  outer loop
   vertex 104.33329772949219 67.699996948242188 6.4000000953674316
   vertex 104.33329772949219 60.700000762939453 6.4000000953674316
   vertex 97.866668701171875 60.700000762939453 6.4000000953674316
  endloop
 endfacet
 facet normal -0 0 1
  outer loop
   vertex 110.69999694824219 67.699996948242188 3.9000000953674316
   vertex 104.53330230712891 67.699996948242188 3.9000000953674316
   vertex 104.53330230712891 60.700000762939453 3.9000000953674316
  endloop
 endfacet
 facet normal 0 0 1
  outer loop
   vertex 110.69999694824219 67.699996948242188 3.9000000953674316
   vertex 104.53330230712891 60.700000762939453 3.9000000953674316
   vertex 110.69999694824219 60.700000762939453 3.9000000953674316
  endloop
 endfacet
 facet normal 1 0 -0
  outer loop
   vertex 104.53330230712891 60.700000762939453 3.9000000953674316
   vertex 104.53330230712891 67.699996948242188 3.9000000953674316
   vertex 104.53330230712891 67.699996948242188 6.4000000953674316
  endloop
 endfacet
 facet normal 1 0 0
  outer loop
   vertex 104.53330230712891 60.700000762939453 6.4000000953674316
   vertex 104.53330230712891 60.700000762939453 3.9000000953674316
   vertex 104.53330230712891 67.699996948242188 6.4000000953674316
  endloop
 endfacet
 facet normal 0 0 -1
  outer loop
   vertex 110.69999694824219 67.699996948242188 6.4000000953674316
   vertex 104.53330230712891 60.700000762939453 6.4000000953674316
   vertex 104.53330230712891 67.699996948242188 6.4000000953674316
  endloop
 endfacet
 facet normal 0 0 -1
  outer loop
   vertex 110.69999694824219 67.699996948242188 6.4000000953674316
   vertex 110.69999694824219 60.700000762939453 6.4000000953674316
   vertex 104.53330230712891 60.700000762939453 6.4000000953674316
  endloop
 endfacet
 facet normal -0 0 1
  outer loop
   vertex 97.666671752929688 67.699996948242188 1.2000000476837158
   vertex 91.300003051757812 67.699996948242188 1.2000000476837158
   vertex 91.300003051757812 60.700000762939453 1.2000000476837158
  endloop
 endfacet
 facet normal 0 0 1
  outer loop
   vertex 97.666671752929688 67.699996948242188 1.2000000476837158
   vertex 91.300003051757812 60.700000762939453 1.2000000476837158
   vertex 97.666671752929688 60.700000762939453 1.2000000476837158
  endloop
 endfacet
 facet normal -1 0 -0
  outer loop
   vertex 97.666671752929688 60.700000762939453 1.2000000476837158
   vertex 97.666671752929688 67.699996948242188 3.7000000476837158
   vertex 97.666671752929688 67.699996948242188 1.2000000476837158
  endloop
 endfacet
 facet normal -1 -0 0
  outer loop
   vertex 97.666671752929688 60.700000762939453 3.7000000476837158
   vertex 97.666671752929688 67.699996948242188 3.7000000476837158
   vertex 97.666671752929688 60.700000762939453 1.2000000476837158
  endloop
 endfacet
 facet normal 0 0 -1
  outer loop
   vertex 97.666671752929688 67.699996948242188 3.7000000476837158
   vertex 91.300003051757812 60.700000762939453 3.7000000476837158
   vertex 91.300003051757812 67.699996948242188 3.7000000476837158
  endloop
 endfacet
 facet normal 0 0 -1
  outer loop
   vertex 97.666671752929688 67.699996948242188 3.7000000476837158
   vertex 97.666671752929688 60.700000762939453 3.7000000476837158
   vertex 91.300003051757812 60.700000762939453 3.7000000476837158
  endloop
 endfacet
 facet normal -0 0 1
  outer loop
   vertex 104.33329772949219 67.699996948242188 1.2000000476837158
   vertex 97.866668701171875 67.699996948242188 1.2000000476837158
   vertex 97.866668701171875 60.700000762939453 1.2000000476837158
  endloop
 endfacet
 facet normal 0 0 1
  outer loop
   vertex 104.33329772949219 67.699996948242188 1.2000000476837158
   vertex 97.866668701171875 60.700000762939453 1.2000000476837158
   vertex 104.33329772949219 60.700000762939453 1.2000000476837158
  endloop
 endfacet
 facet normal 1 0 -0
  outer loop
   vertex 97.866668701171875 60.700000762939453 1.2000000476837158
   vertex 97.866668701171875 67.699996948242188 1.2000000476837158
   vertex 97.866668701171875 67.699996948242188 3.7000000476837158
  endloop
 endfacet
 facet normal 1 0 0
  outer loop
   vertex 97.866668701171875 60.700000762939453 3.7000000476837158
   vertex 97.866668701171875 60.700000762939453 1.2000000476837158
   vertex 97.866668701171875 67.699996948242188 3.7000000476837158
  endloop
 endfacet
 facet normal -1 0 -0
  outer loop
   vertex 104.33329772949219 60.700000762939453 1.2000000476837158
   vertex 104.33329772949219 67.699996948242188 3.7000000476837158
   vertex 104.33329772949219 67.699996948242188 1.2000000476837158
  endloop
 endfacet
 facet normal -1 -0 0
  outer loop
   vertex 104.33329772949219 60.700000762939453 3.7000000476837158
   vertex 104.33329772949219 67.699996948242188 3.7000000476837158
   vertex 104.33329772949219 60.700000762939453 1.2000000476837158
  endloop
 endfacet
 facet normal 0 0 -1
  outer loop
   vertex 104.33329772949219 67.699996948242188 3.7000000476837158
   vertex 97.866668701171875 60.700000762939453 3.7000000476837158
   vertex 97.866668701171875 67.699996948242188 3.7000000476837158
  endloop
 endfacet
 facet normal 0 0 -1
  outer loop
   vertex 104.33329772949219 67.699996948242188 3.7000000476837158
   vertex 104.33329772949219 60.700000762939453 3.7000000476837158
   vertex 97.866668701171875 60.700000762939453 3.7000000476837158
  endloop
 endfacet
 facet normal -0 0 1
  outer loop
   vertex 110.69999694824219 67.699996948242188 1.2000000476837158
   vertex 104.53330230712891 67.699996948242188 1.2000000476837158
   vertex 104.53330230712891 60.700000762939453 1.2000000476837158
  endloop
 endfacet
 facet normal 0 0 1
  outer loop
   vertex 110.69999694824219 67.699996948242188 1.2000000476837158
   vertex 104.53330230712891 60.700000762939453 1.2000000476837158
   vertex 110.69999694824219 60.700000762939453 1.2000000476837158
  endloop
 endfacet
 facet normal 1 0 -0
  outer loop
   vertex 104.53330230712891 60.700000762939453 1.2000000476837158
   vertex 104.53330230712891 67.699996948242188 1.2000000476837158
   vertex 104.53330230712891 67.699996948242188 3.7000000476837158
  endloop
 endfacet
 facet normal 1 0 0
  outer loop
   vertex 104.53330230712891 60.700000762939453 3.7000000476837158
   vertex 104.53330230712891 60.700000762939453 1.2000000476837158
   vertex 104.53330230712891 67.699996948242188 3.7000000476837158
  endloop
 endfacet
 facet normal 0 0 -1
  outer loop
   vertex 110.69999694824219 67.699996948242188 3.7000000476837158
   vertex 104.53330230712891 60.700000762939453 3.7000000476837158
   vertex 104.53330230712891 67.699996948242188 3.7000000476837158
  endloop
 endfacet
 facet normal 0 0 -1
  outer loop
   vertex 110.69999694824219 67.699996948242188 3.7000000476837158
   vertex 110.69999694824219 60.700000762939453 3.7000000476837158
   vertex 104.53330230712891 60.700000762939453 3.7000000476837158
  endloop
 endfacet
 facet normal -0 0 1
  outer loop
   vertex 97.666671752929688 60.5 1.2000000476837158
   vertex 91.300003051757812 60.5 1.2000000476837158
   vertex 91.300003051757812 53.299999237060547 1.2000000476837158
  endloop
 endfacet
 facet normal 0 0 1
  outer loop
   vertex 97.666671752929688 60.5 1.2000000476837158
   vertex 91.300003051757812 53.299999237060547 1.2000000476837158
   vertex 97.666671752929688 53.299999237060547 1.2000000476837158
  endloop
 endfacet
 facet normal -1 0 0
  outer loop
   vertex 97.666671752929688 53.299999237060547 3.7000000476837158
   vertex 97.666671752929688 60.5 1.2000000476837158
   vertex 97.666671752929688 53.299999237060547 1.2000000476837158
  endloop
 endfacet
 facet normal -1 -0 -0
  outer loop
   vertex 97.666671752929688 53.299999237060547 3.7000000476837158
   vertex 97.666671752929688 60.5 3.7000000476837158
   vertex 97.666671752929688 60.5 1.2000000476837158
  endloop
 endfacet
 facet normal 0 0 -1
  outer loop
   vertex 97.666671752929688 60.5 3.7000000476837158
   vertex 91.300003051757812 53.299999237060547 3.7000000476837158
   vertex 91.300003051757812 60.5 3.7000000476837158
  endloop
 endfacet
 facet normal 0 0 -1
  outer loop
   vertex 97.666671752929688 60.5 3.7000000476837158
   vertex 97.666671752929688 53.299999237060547 3.7000000476837158
   vertex 91.300003051757812 53.299999237060547 3.7000000476837158
  endloop
 endfacet
 facet normal 0 0 1
  outer loop
   vertex 97.866668701171875 60.5 1.2000000476837158
   vertex 97.866668701171875 53.299999237060547 1.2000000476837158
   vertex 104.33329772949219 53.299999237060547 1.2000000476837158
  endloop
 endfacet
 facet normal -0 0 1
  outer loop
   vertex 104.33329772949219 60.5 1.2000000476837158
   vertex 97.866668701171875 60.5 1.2000000476837158
   vertex 104.33329772949219 53.299999237060547 1.2000000476837158
  endloop
 endfacet
 facet normal 1 0 0
  outer loop
   vertex 97.866668701171875 53.299999237060547 3.7000000476837158
   vertex 97.866668701171875 53.299999237060547 1.2000000476837158
   vertex 97.866668701171875 60.5 1.2000000476837158
  endloop
 endfacet
 facet normal 1 0 -0
  outer loop
   vertex 97.866668701171875 53.299999237060547 3.7000000476837158
   vertex 97.866668701171875 60.5 1.2000000476837158
   vertex 97.866668701171875 60.5 3.7000000476837158
  endloop
 endfacet
 facet normal -1 0 0
  outer loop
   vertex 104.33329772949219 53.299999237060547 3.7000000476837158
   vertex 104.33329772949219 60.5 1.2000000476837158
   vertex 104.33329772949219 53.299999237060547 1.2000000476837158
  endloop
 endfacet
 facet normal -1 -0 -0
  outer loop
   vertex 104.33329772949219 53.299999237060547 3.7000000476837158
   vertex 104.33329772949219 60.5 3.7000000476837158
   vertex 104.33329772949219 60.5 1.2000000476837158
  endloop
 endfacet
 facet normal 0 0 -1
  outer loop
   vertex 97.866668701171875 60.5 3.7000000476837158
   vertex 104.33329772949219 53.299999237060547 3.7000000476837158
   vertex 97.866668701171875 53.299999237060547 3.7000000476837158
  endloop
 endfacet
 facet normal 0 0 -1
  outer loop
   vertex 104.33329772949219 60.5 3.7000000476837158
   vertex 104.33329772949219 53.299999237060547 3.7000000476837158
   vertex 97.866668701171875 60.5 3.7000000476837158
  endloop
 endfacet
 facet normal -0 0 1
  outer loop
   vertex 110.69999694824219 60.5 1.2000000476837158
   vertex 104.53330230712891 60.5 1.2000000476837158
   vertex 104.53330230712891 53.299999237060547 1.2000000476837158
  endloop
 endfacet
 facet normal 0 0 1
  outer loop
   vertex 110.69999694824219 60.5 1.2000000476837158
   vertex 104.53330230712891 53.299999237060547 1.2000000476837158
   vertex 110.69999694824219 53.299999237060547 1.2000000476837158
  endloop
 endfacet
 facet normal 1 0 0
  outer loop
   vertex 104.53330230712891 53.299999237060547 3.7000000476837158
   vertex 104.53330230712891 53.299999237060547 1.2000000476837158
   vertex 104.53330230712891 60.5 1.2000000476837158
  endloop
 endfacet
 facet normal 1 0 -0
  outer loop
   vertex 104.53330230712891 53.299999237060547 3.7000000476837158
   vertex 104.53330230712891 60.5 1.2000000476837158
   vertex 104.53330230712891 60.5 3.7000000476837158
  endloop
 endfacet
 facet normal 0 0 -1
  outer loop
   vertex 110.69999694824219 60.5 3.7000000476837158
   vertex 104.53330230712891 53.299999237060547 3.7000000476837158
   vertex 104.53330230712891 60.5 3.7000000476837158
  endloop
 endfacet
 facet normal 0 0 -1
  outer loop
   vertex 110.69999694824219 60.5 3.7000000476837158
   vertex 110.69999694824219 53.299999237060547 3.7000000476837158
   vertex 104.53330230712891 53.299999237060547 3.7000000476837158
  endloop
 endfacet
 facet normal -0 0 1
  outer loop
   vertex 97.666671752929688 60.5 3.9000000953674316
   vertex 91.300003051757812 60.5 3.9000000953674316
   vertex 91.300003051757812 53.299999237060547 3.9000000953674316
  endloop
 endfacet
 facet normal 0 0 1
  outer loop
   vertex 97.666671752929688 60.5 3.9000000953674316
   vertex 91.300003051757812 53.299999237060547 3.9000000953674316
   vertex 97.666671752929688 53.299999237060547 3.9000000953674316
  endloop
 endfacet
 facet normal -1 0 0
  outer loop
   vertex 97.666671752929688 53.299999237060547 6.4000000953674316
   vertex 97.666671752929688 60.5 3.9000000953674316
   vertex 97.666671752929688 53.299999237060547 3.9000000953674316
  endloop
 endfacet
 facet normal -1 -0 -0
  outer loop
   vertex 97.666671752929688 53.299999237060547 6.4000000953674316
   vertex 97.666671752929688 60.5 6.4000000953674316
   vertex 97.666671752929688 60.5 3.9000000953674316
  endloop
 endfacet
 facet normal 0 0 -1
  outer loop
   vertex 97.666671752929688 60.5 6.4000000953674316
   vertex 91.300003051757812 53.299999237060547 6.4000000953674316
   vertex 91.300003051757812 60.5 6.4000000953674316
  endloop
 endfacet
 facet normal 0 0 -1
  outer loop
   vertex 97.666671752929688 60.5 6.4000000953674316
   vertex 97.666671752929688 53.299999237060547 6.4000000953674316
   vertex 91.300003051757812 53.299999237060547 6.4000000953674316
  endloop
 endfacet
 facet normal 0 0 1
  outer loop
   vertex 97.866668701171875 60.5 3.9000000953674316
   vertex 97.866668701171875 53.299999237060547 3.9000000953674316
   vertex 104.33329772949219 53.299999237060547 3.9000000953674316
  endloop
 endfacet
 facet normal -0 0 1
  outer loop
   vertex 104.33329772949219 60.5 3.9000000953674316
   vertex 97.866668701171875 60.5 3.9000000953674316
   vertex 104.33329772949219 53.299999237060547 3.9000000953674316
  endloop
 endfacet
 facet normal 1 0 0
  outer loop
   vertex 97.866668701171875 53.299999237060547 6.4000000953674316
   vertex 97.866668701171875 53.299999237060547 3.9000000953674316
   vertex 97.866668701171875 60.5 3.9000000953674316
  endloop
 endfacet
 facet normal 1 0 -0
  outer loop
   vertex 97.866668701171875 53.299999237060547 6.4000000953674316
   vertex 97.866668701171875 60.5 3.9000000953674316
   vertex 97.866668701171875 60.5 6.4000000953674316
  endloop
 endfacet
 facet normal -1 0 0
  outer loop
   vertex 104.33329772949219 53.299999237060547 6.4000000953674316
   vertex 104.33329772949219 60.5 3.9000000953674316
   vertex 104.33329772949219 53.299999237060547 3.9000000953674316
  endloop
 endfacet
 facet normal -1 -0 -0
  outer loop
   vertex 104.33329772949219 53.299999237060547 6.4000000953674316
   vertex 104.33329772949219 60.5 6.4000000953674316
   vertex 104.33329772949219 60.5 3.9000000953674316
  endloop
 endfacet
 facet normal 0 0 -1
  outer loop
   vertex 97.866668701171875 60.5 6.4000000953674316
   vertex 104.33329772949219 53.299999237060547 6.4000000953674316
   vertex 97.866668701171875 53.299999237060547 6.4000000953674316
  endloop
 endfacet
 facet normal 0 0 -1
  outer loop
   vertex 104.33329772949219 60.5 6.4000000953674316
   vertex 104.33329772949219 53.299999237060547 6.4000000953674316
   vertex 97.866668701171875 60.5 6.4000000953674316
  endloop
 endfacet
 facet normal -0 0 1
  outer loop
   vertex 110.69999694824219 60.5 3.9000000953674316
   vertex 104.53330230712891 60.5 3.9000000953674316
   vertex 104.53330230712891 53.299999237060547 3.9000000953674316
  endloop
 endfacet
 facet normal 0 0 1
  outer loop
   vertex 110.69999694824219 60.5 3.9000000953674316
   vertex 104.53330230712891 53.299999237060547 3.9000000953674316
   vertex 110.69999694824219 53.299999237060547 3.9000000953674316
  endloop
 endfacet
 facet normal 1 0 0
  outer loop
   vertex 104.53330230712891 53.299999237060547 6.4000000953674316
   vertex 104.53330230712891 53.299999237060547 3.9000000953674316
   vertex 104.53330230712891 60.5 3.9000000953674316
  endloop
 endfacet
 facet normal 1 0 -0
  outer loop
   vertex 104.53330230712891 53.299999237060547 6.4000000953674316
   vertex 104.53330230712891 60.5 3.9000000953674316
   vertex 104.53330230712891 60.5 6.4000000953674316
  endloop
 endfacet
 facet normal 0 0 -1
  outer loop
   vertex 110.69999694824219 60.5 6.4000000953674316
   vertex 104.53330230712891 53.299999237060547 6.4000000953674316
   vertex 104.53330230712891 60.5 6.4000000953674316
  endloop
 endfacet
 facet normal 0 0 -1
  outer loop
   vertex 110.69999694824219 60.5 6.4000000953674316
   vertex 110.69999694824219 53.299999237060547 6.4000000953674316
   vertex 104.53330230712891 53.299999237060547 6.4000000953674316
  endloop
 endfacet
 facet normal -0 0 1
  outer loop
   vertex 97.666671752929688 60.5 6.5999999046325684
   vertex 91.300003051757812 60.5 6.5999999046325684
   vertex 91.300003051757812 53.299999237060547 6.5999999046325684
  endloop
 endfacet
 facet normal 0 0 1
  outer loop
   vertex 97.666671752929688 60.5 6.5999999046325684
   vertex 91.300003051757812 53.299999237060547 6.5999999046325684
   vertex 97.666671752929688 53.299999237060547 6.5999999046325684
  endloop
 endfacet
 facet normal -1 0 0
  outer loop
   vertex 97.666671752929688 53.299999237060547 9.1000003814697266
   vertex 97.666671752929688 60.5 6.5999999046325684
   vertex 97.666671752929688 53.299999237060547 6.5999999046325684
  endloop
 endfacet
 facet normal -1 -0 -0
  outer loop
   vertex 97.666671752929688 53.299999237060547 9.1000003814697266
   vertex 97.666671752929688 60.5 9.1000003814697266
   vertex 97.666671752929688 60.5 6.5999999046325684
  endloop
 endfacet
 facet normal 0 0 -1
  outer loop
   vertex 97.666671752929688 60.5 9.1000003814697266
   vertex 91.300003051757812 53.299999237060547 9.1000003814697266
   vertex 91.300003051757812 60.5 9.1000003814697266
  endloop
 endfacet
 facet normal 0 0 -1
  outer loop
   vertex 97.666671752929688 60.5 9.1000003814697266
   vertex 97.666671752929688 53.299999237060547 9.1000003814697266
   vertex 91.300003051757812 53.299999237060547 9.1000003814697266
  endloop
 endfacet
 facet normal 0 0 1
  outer loop
   vertex 97.866668701171875 60.5 6.5999999046325684
   vertex 97.866668701171875 53.299999237060547 6.5999999046325684
   vertex 104.33329772949219 53.299999237060547 6.5999999046325684
  endloop
 endfacet
 facet normal -0 0 1
  outer loop
   vertex 104.33329772949219 60.5 6.5999999046325684
   vertex 97.866668701171875 60.5 6.5999999046325684
   vertex 104.33329772949219 53.299999237060547 6.5999999046325684
  endloop
 endfacet
 facet normal 1 0 0
  outer loop
   vertex 97.866668701171875 53.299999237060547 9.1000003814697266
   vertex 97.866668701171875 53.299999237060547 6.5999999046325684
   vertex 97.866668701171875 60.5 6.5999999046325684
  endloop
 endfacet
 facet normal 1 0 -0
  outer loop
   vertex 97.866668701171875 53.299999237060547 9.1000003814697266
   vertex 97.866668701171875 60.5 6.5999999046325684
   vertex 97.866668701171875 60.5 9.1000003814697266
  endloop
 endfacet
 facet normal -1 0 0
  outer loop
   vertex 104.33329772949219 53.299999237060547 9.1000003814697266
   vertex 104.33329772949219 60.5 6.5999999046325684
   vertex 104.33329772949219 53.299999237060547 6.5999999046325684
  endloop
 endfacet
 facet normal -1 -0 -0
  outer loop
   vertex 104.33329772949219 53.299999237060547 9.1000003814697266
   vertex 104.33329772949219 60.5 9.1000003814697266
   vertex 104.33329772949219 60.5 6.5999999046325684
  endloop
 endfacet
 facet normal 0 0 -1
  outer loop
   vertex 97.866668701171875 60.5 9.1000003814697266
   vertex 104.33329772949219 53.299999237060547 9.1000003814697266
   vertex 97.866668701171875 53.299999237060547 9.1000003814697266
  endloop
 endfacet
 facet normal 0 0 -1
  outer loop
   vertex 104.33329772949219 60.5 9.1000003814697266
   vertex 104.33329772949219 53.299999237060547 9.1000003814697266
   vertex 97.866668701171875 60.5 9.1000003814697266
  endloop
 endfacet
 facet normal -0 0 1
  outer loop
   vertex 110.69999694824219 60.5 6.5999999046325684
   vertex 104.53330230712891 60.5 6.5999999046325684
   vertex 104.53330230712891 53.299999237060547 6.5999999046325684
  endloop
 endfacet
 facet normal 0 0 1
  outer loop
   vertex 110.69999694824219 60.5 6.5999999046325684
   vertex 104.53330230712891 53.299999237060547 6.5999999046325684
   vertex 110.69999694824219 53.299999237060547 6.5999999046325684
  endloop
 endfacet
 facet normal 1 0 0
  outer loop
   vertex 104.53330230712891 53.299999237060547 9.1000003814697266
   vertex 104.53330230712891 53.299999237060547 6.5999999046325684
   vertex 104.53330230712891 60.5 6.5999999046325684
  endloop
 endfacet
 facet normal 1 0 -0
  outer loop
   vertex 104.53330230712891 53.299999237060547 9.1000003814697266
   vertex 104.53330230712891 60.5 6.5999999046325684
   vertex 104.53330230712891 60.5 9.1000003814697266
  endloop
 endfacet
 facet normal 0 0 -1
  outer loop
   vertex 110.69999694824219 60.5 9.1000003814697266
   vertex 104.53330230712891 53.299999237060547 9.1000003814697266
   vertex 104.53330230712891 60.5 9.1000003814697266
  endloop
 endfacet
 facet normal 0 0 -1
  outer loop
   vertex 110.69999694824219 60.5 9.1000003814697266
   vertex 110.69999694824219 53.299999237060547 9.1000003814697266
   vertex 104.53330230712891 53.299999237060547 9.1000003814697266
  endloop
 endfacet
 facet normal -0 0 1
  outer loop
   vertex 97.666671752929688 60.5 9.3000001907348633
   vertex 91.300003051757812 60.5 9.3000001907348633
   vertex 91.300003051757812 53.299999237060547 9.3000001907348633
  endloop
 endfacet
 facet normal 0 0 1
  outer loop
   vertex 97.666671752929688 60.5 9.3000001907348633
   vertex 91.300003051757812 53.299999237060547 9.3000001907348633
   vertex 97.666671752929688 53.299999237060547 9.3000001907348633
  endloop
 endfacet
 facet normal -1 0 0
  outer loop
   vertex 97.666671752929688 53.299999237060547 11.800000190734863
   vertex 97.666671752929688 60.5 9.3000001907348633
   vertex 97.666671752929688 53.299999237060547 9.3000001907348633
  endloop
 endfacet
 facet normal -1 -0 -0
  outer loop
   vertex 97.666671752929688 53.299999237060547 11.800000190734863
   vertex 97.666671752929688 60.5 11.800000190734863
   vertex 97.666671752929688 60.5 9.3000001907348633
  endloop
 endfacet
 facet normal 0 0 -1
  outer loop
   vertex 97.666671752929688 60.5 11.800000190734863
   vertex 91.300003051757812 53.299999237060547 11.800000190734863
   vertex 91.300003051757812 60.5 11.800000190734863
  endloop
 endfacet
 facet normal 0 0 -1
  outer loop
   vertex 97.666671752929688 60.5 11.800000190734863
   vertex 97.666671752929688 53.299999237060547 11.800000190734863
   vertex 91.300003051757812 53.299999237060547 11.800000190734863
  endloop
 endfacet
 facet normal 0 0 1
  outer loop
   vertex 97.866668701171875 60.5 9.3000001907348633
   vertex 97.866668701171875 53.299999237060547 9.3000001907348633
   vertex 104.33329772949219 53.299999237060547 9.3000001907348633
  endloop
 endfacet
 facet normal -0 0 1
  outer loop
   vertex 104.33329772949219 60.5 9.3000001907348633
   vertex 97.866668701171875 60.5 9.3000001907348633
   vertex 104.33329772949219 53.299999237060547 9.3000001907348633
  endloop
 endfacet
 facet normal 1 0 0
  outer loop
   vertex 97.866668701171875 53.299999237060547 11.800000190734863
   vertex 97.866668701171875 53.299999237060547 9.3000001907348633
   vertex 97.866668701171875 60.5 9.3000001907348633
  endloop
 endfacet
 facet normal 1 0 -0
  outer loop
   vertex 97.866668701171875 53.299999237060547 11.800000190734863
   vertex 97.866668701171875 60.5 9.3000001907348633
   vertex 97.866668701171875 60.5 11.800000190734863
  endloop
 endfacet
 facet normal -1 0 0
  outer loop
   vertex 104.33329772949219 53.299999237060547 11.800000190734863
   vertex 104.33329772949219 60.5 9.3000001907348633
   vertex 104.33329772949219 53.299999237060547 9.3000001907348633
  endloop
 endfacet
 facet normal -1 -0 -0
  outer loop
   vertex 104.33329772949219 53.299999237060547 11.800000190734863
   vertex 104.33329772949219 60.5 11.800000190734863
   vertex 104.33329772949219 60.5 9.3000001907348633
  endloop
 endfacet
 facet normal 0 0 -1
  outer loop
   vertex 97.866668701171875 60.5 11.800000190734863
   vertex 104.33329772949219 53.299999237060547 11.800000190734863
   vertex 97.866668701171875 53.299999237060547 11.800000190734863
  endloop
 endfacet
 facet normal 0 0 -1
  outer loop
   vertex 104.33329772949219 60.5 11.800000190734863
   vertex 104.33329772949219 53.299999237060547 11.800000190734863
   vertex 97.866668701171875 60.5 11.800000190734863
  endloop
 endfacet
 facet normal -0 0 1
  outer loop
   vertex 110.69999694824219 60.5 9.3000001907348633
   vertex 104.53330230712891 60.5 9.3000001907348633
   vertex 104.53330230712891 53.299999237060547 9.3000001907348633
  endloop
 endfacet
 facet normal 0 0 1
  outer loop
   vertex 110.69999694824219 60.5 9.3000001907348633
   vertex 104.53330230712891 53.299999237060547 9.3000001907348633
   vertex 110.69999694824219 53.299999237060547 9.3000001907348633
  endloop
 endfacet
 facet normal 1 0 0
  outer loop
   vertex 104.53330230712891 53.299999237060547 11.800000190734863
   vertex 104.53330230712891 53.299999237060547 9.3000001907348633
   vertex 104.53330230712891 60.5 9.3000001907348633
  endloop
 endfacet
 facet normal 1 0 -0
  outer loop
   vertex 104.53330230712891 53.299999237060547 11.800000190734863
   vertex 104.53330230712891 60.5 9.3000001907348633
   vertex 104.53330230712891 60.5 11.800000190734863
  endloop
 endfacet
 facet normal 0 0 -1
  outer loop
   vertex 110.69999694824219 60.5 11.800000190734863
   vertex 104.53330230712891 53.299999237060547 11.800000190734863
   vertex 104.53330230712891 60.5 11.800000190734863
  endloop
 endfacet
 facet normal 0 0 -1
  outer loop
   vertex 110.69999694824219 60.5 11.800000190734863
   vertex 110.69999694824219 53.299999237060547 11.800000190734863
   vertex 104.53330230712891 53.299999237060547 11.800000190734863
  endloop
 endfacet
 facet normal -0 0 1
  outer loop
   vertex 97.666671752929688 60.5 12
   vertex 91.300003051757812 60.5 12
   vertex 91.300003051757812 53.299999237060547 12
  endloop
 endfacet
 facet normal 0 0 1
  outer loop
   vertex 97.666671752929688 60.5 12
   vertex 91.300003051757812 53.299999237060547 12
   vertex 97.666671752929688 53.299999237060547 12
  endloop
 endfacet
 facet normal -1 0 0
  outer loop
   vertex 97.666671752929688 53.299999237060547 14.5
   vertex 97.666671752929688 60.5 12
   vertex 97.666671752929688 53.299999237060547 12
  endloop
 endfacet
 facet normal -1 -0 -0
  outer loop
   vertex 97.666671752929688 53.299999237060547 14.5
   vertex 97.666671752929688 60.5 14.5
   vertex 97.666671752929688 60.5 12
  endloop
 endfacet
 facet normal 0 0 -1
  outer loop
   vertex 97.666671752929688 60.5 14.5
   vertex 91.300003051757812 53.299999237060547 14.5
   vertex 91.300003051757812 60.5 14.5
  endloop
 endfacet
 facet normal 0 0 -1
  outer loop
   vertex 97.666671752929688 60.5 14.5
   vertex 97.666671752929688 53.299999237060547 14.5
   vertex 91.300003051757812 53.299999237060547 14.5
  endloop
 endfacet
 facet normal 0 0 1
  outer loop
   vertex 97.866668701171875 60.5 12
   vertex 97.866668701171875 53.299999237060547 12
   vertex 104.33329772949219 53.299999237060547 12
  endloop
 endfacet
 facet normal -0 0 1
  outer loop
   vertex 104.33329772949219 60.5 12
   vertex 97.866668701171875 60.5 12
   vertex 104.33329772949219 53.299999237060547 12
  endloop
 endfacet
 facet normal 1 0 0
  outer loop
   vertex 97.866668701171875 53.299999237060547 14.5
   vertex 97.866668701171875 53.299999237060547 12
   vertex 97.866668701171875 60.5 12
  endloop
 endfacet
 facet normal 1 0 -0
  outer loop
   vertex 97.866668701171875 53.299999237060547 14.5
   vertex 97.866668701171875 60.5 12
   vertex 97.866668701171875 60.5 14.5
  endloop
 endfacet
 facet normal -1 0 0
  outer loop
   vertex 104.33329772949219 53.299999237060547 14.5
   vertex 104.33329772949219 60.5 12
   vertex 104.33329772949219 53.299999237060547 12
  endloop
 endfacet
 facet normal -1 -0 -0
  outer loop
   vertex 104.33329772949219 53.299999237060547 14.5
   vertex 104.33329772949219 60.5 14.5
   vertex 104.33329772949219 60.5 12
  endloop
 endfacet
 facet normal 0 0 -1
  outer loop
   vertex 97.866668701171875 60.5 14.5
   vertex 104.33329772949219 53.299999237060547 14.5
   vertex 97.866668701171875 53.299999237060547 14.5
  endloop
 endfacet
 facet normal 0 0 -1
  outer loop
   vertex 104.33329772949219 60.5 14.5
   vertex 104.33329772949219 53.299999237060547 14.5
   vertex 97.866668701171875 60.5 14.5
  endloop
 endfacet
 facet normal -0 0 1
  outer loop
   vertex 110.69999694824219 60.5 12
   vertex 104.53330230712891 60.5 12
   vertex 104.53330230712891 53.299999237060547 12
  endloop
 endfacet
 facet normal 0 0 1
  outer loop
   vertex 110.69999694824219 60.5 12
   vertex 104.53330230712891 53.299999237060547 12
   vertex 110.69999694824219 53.299999237060547 12
  endloop
 endfacet
 facet normal 1 0 0
  outer loop
   vertex 104.53330230712891 53.299999237060547 14.5
   vertex 104.53330230712891 53.299999237060547 12
   vertex 104.53330230712891 60.5 12
  endloop
 endfacet
 facet normal 1 0 -0
  outer loop
   vertex 104.53330230712891 53.299999237060547 14.5
   vertex 104.53330230712891 60.5 12
   vertex 104.53330230712891 60.5 14.5
  endloop
 endfacet
 facet normal 0 0 -1
  outer loop
   vertex 110.69999694824219 60.5 14.5
   vertex 104.53330230712891 53.299999237060547 14.5
   vertex 104.53330230712891 60.5 14.5
  endloop
 endfacet
 facet normal 0 0 -1
  outer loop
   vertex 110.69999694824219 60.5 14.5
   vertex 110.69999694824219 53.299999237060547 14.5
   vertex 104.53330230712891 53.299999237060547 14.5
  endloop
 endfacet
 facet normal 0 1 -0
  outer loop
   vertex 97.666671752929688 60.700000762939453 14.5
   vertex 97.666671752929688 60.700000762939453 12
   vertex 91.300003051757812 60.700000762939453 12
  endloop
 endfacet
 facet normal 0 1 0
  outer loop
   vertex 97.666671752929688 60.700000762939453 14.5
   vertex 91.300003051757812 60.700000762939453 12
   vertex 91.300003051757812 60.700000762939453 14.5
  endloop
 endfacet
 facet normal 0 1 -0
  outer loop
   vertex 104.33329772949219 60.700000762939453 14.5
   vertex 104.33329772949219 60.700000762939453 12
   vertex 97.866668701171875 60.700000762939453 12
  endloop
 endfacet
 facet normal 0 1 0
  outer loop
   vertex 104.33329772949219 60.700000762939453 14.5
   vertex 97.866668701171875 60.700000762939453 12
   vertex 97.866668701171875 60.700000762939453 14.5
  endloop
 endfacet
 facet normal 0 1 -0
  outer loop
   vertex 110.69999694824219 60.700000762939453 14.5
   vertex 110.69999694824219 60.700000762939453 12
   vertex 104.53330230712891 60.700000762939453 12
  endloop
 endfacet
 facet normal 0 1 0
  outer loop
   vertex 110.69999694824219 60.700000762939453 14.5
   vertex 104.53330230712891 60.700000762939453 12
   vertex 104.53330230712891 60.700000762939453 14.5
  endloop
 endfacet
 facet normal 0 1 -0
  outer loop
   vertex 97.666671752929688 60.700000762939453 11.800000190734863
   vertex 97.666671752929688 60.700000762939453 9.3000001907348633
   vertex 91.300003051757812 60.700000762939453 9.3000001907348633
  endloop
 endfacet
 facet normal 0 1 0
  outer loop
   vertex 97.666671752929688 60.700000762939453 11.800000190734863
   vertex 91.300003051757812 60.700000762939453 9.3000001907348633
   vertex 91.300003051757812 60.700000762939453 11.800000190734863
  endloop
 endfacet
 facet normal 0 1 0
  outer loop
   vertex 104.33329772949219 60.700000762939453 9.3000001907348633
   vertex 97.866668701171875 60.700000762939453 9.3000001907348633
   vertex 97.866668701171875 60.700000762939453 11.800000190734863
  endloop
 endfacet
 facet normal 0 1 -0
  outer loop
   vertex 104.33329772949219 60.700000762939453 11.800000190734863
   vertex 104.33329772949219 60.700000762939453 9.3000001907348633
   vertex 97.866668701171875 60.700000762939453 11.800000190734863
  endloop
 endfacet
 facet normal 0 1 -0
  outer loop
   vertex 110.69999694824219 60.700000762939453 11.800000190734863
   vertex 110.69999694824219 60.700000762939453 9.3000001907348633
   vertex 104.53330230712891 60.700000762939453 9.3000001907348633
  endloop
 endfacet
 facet normal 0 1 0
  outer loop
   vertex 110.69999694824219 60.700000762939453 11.800000190734863
   vertex 104.53330230712891 60.700000762939453 9.3000001907348633
   vertex 104.53330230712891 60.700000762939453 11.800000190734863
  endloop
 endfacet
 facet normal 0 1 -0
  outer loop
   vertex 97.666671752929688 60.700000762939453 9.1000003814697266
   vertex 97.666671752929688 60.700000762939453 6.5999999046325684
   vertex 91.300003051757812 60.700000762939453 6.5999999046325684
  endloop
 endfacet
 facet normal 0 1 0
  outer loop
   vertex 97.666671752929688 60.700000762939453 9.1000003814697266
   vertex 91.300003051757812 60.700000762939453 6.5999999046325684
   vertex 91.300003051757812 60.700000762939453 9.1000003814697266
  endloop
 endfacet
 facet normal 0 1 -0
  outer loop
   vertex 104.33329772949219 60.700000762939453 9.1000003814697266
   vertex 104.33329772949219 60.700000762939453 6.5999999046325684
   vertex 97.866668701171875 60.700000762939453 6.5999999046325684
  endloop
 endfacet
 facet normal 0 1 0
  outer loop
   vertex 104.33329772949219 60.700000762939453 9.1000003814697266
   vertex 97.866668701171875 60.700000762939453 6.5999999046325684
   vertex 97.866668701171875 60.700000762939453 9.1000003814697266
  endloop
 endfacet
 facet normal 0 1 -0
  outer loop
   vertex 110.69999694824219 60.700000762939453 9.1000003814697266
   vertex 110.69999694824219 60.700000762939453 6.5999999046325684
   vertex 104.53330230712891 60.700000762939453 6.5999999046325684
  endloop
 endfacet
 facet normal 0 1 0
  outer loop
   vertex 110.69999694824219 60.700000762939453 9.1000003814697266
   vertex 104.53330230712891 60.700000762939453 6.5999999046325684
   vertex 104.53330230712891 60.700000762939453 9.1000003814697266
  endloop
 endfacet
 facet normal 0 1 -0
  outer loop
   vertex 97.666671752929688 60.700000762939453 6.4000000953674316
   vertex 97.666671752929688 60.700000762939453 3.9000000953674316
   vertex 91.300003051757812 60.700000762939453 3.9000000953674316
  endloop
 endfacet
 facet normal 0 1 0
  outer loop
   vertex 97.666671752929688 60.700000762939453 6.4000000953674316
   vertex 91.300003051757812 60.700000762939453 3.9000000953674316
   vertex 91.300003051757812 60.700000762939453 6.4000000953674316
  endloop
 endfacet
 facet normal 0 1 0
  outer loop
   vertex 104.33329772949219 60.700000762939453 3.9000000953674316
   vertex 97.866668701171875 60.700000762939453 3.9000000953674316
   vertex 97.866668701171875 60.700000762939453 6.4000000953674316
  endloop
 endfacet
 facet normal 0 1 -0
  outer loop
   vertex 104.33329772949219 60.700000762939453 6.4000000953674316
   vertex 104.33329772949219 60.700000762939453 3.9000000953674316
   vertex 97.866668701171875 60.700000762939453 6.4000000953674316
  endloop
 endfacet
 facet normal 0 1 -0
  outer loop
   vertex 110.69999694824219 60.700000762939453 6.4000000953674316
   vertex 110.69999694824219 60.700000762939453 3.9000000953674316
   vertex 104.53330230712891 60.700000762939453 3.9000000953674316
  endloop
 endfacet
 facet normal 0 1 0
  outer loop
   vertex 110.69999694824219 60.700000762939453 6.4000000953674316
   vertex 104.53330230712891 60.700000762939453 3.9000000953674316
   vertex 104.53330230712891 60.700000762939453 6.4000000953674316
  endloop
 endfacet
 facet normal 0 1 -0
  outer loop
   vertex 97.666671752929688 60.700000762939453 3.7000000476837158
   vertex 97.666671752929688 60.700000762939453 1.2000000476837158
   vertex 91.300003051757812 60.700000762939453 1.2000000476837158
  endloop
 endfacet
 facet normal 0 1 0
  outer loop
   vertex 97.666671752929688 60.700000762939453 3.7000000476837158
   vertex 91.300003051757812 60.700000762939453 1.2000000476837158
   vertex 91.300003051757812 60.700000762939453 3.7000000476837158
  endloop
 endfacet
 facet normal 0 1 0
  outer loop
   vertex 104.33329772949219 60.700000762939453 1.2000000476837158
   vertex 97.866668701171875 60.700000762939453 1.2000000476837158
   vertex 97.866668701171875 60.700000762939453 3.7000000476837158
  endloop
 endfacet
 facet normal 0 1 -0
  outer loop
   vertex 104.33329772949219 60.700000762939453 3.7000000476837158
   vertex 104.33329772949219 60.700000762939453 1.2000000476837158
   vertex 97.866668701171875 60.700000762939453 3.7000000476837158
  endloop
 endfacet
 facet normal 0 1 -0
  outer loop
   vertex 110.69999694824219 60.700000762939453 3.7000000476837158
   vertex 110.69999694824219 60.700000762939453 1.2000000476837158
   vertex 104.53330230712891 60.700000762939453 1.2000000476837158
  endloop
 endfacet
 facet normal 0 1 0
  outer loop
   vertex 110.69999694824219 60.700000762939453 3.7000000476837158
   vertex 104.53330230712891 60.700000762939453 1.2000000476837158
   vertex 104.53330230712891 60.700000762939453 3.7000000476837158
  endloop
 endfacet
 facet normal 0 -1 0
  outer loop
   vertex 97.666671752929688 60.5 3.7000000476837158
   vertex 91.300003051757812 60.5 1.2000000476837158
   vertex 97.666671752929688 60.5 1.2000000476837158
  endloop
 endfacet
 facet normal 0 -1 0
  outer loop
   vertex 97.666671752929688 60.5 3.7000000476837158
   vertex 91.300003051757812 60.5 3.7000000476837158
   vertex 91.300003051757812 60.5 1.2000000476837158
  endloop
 endfacet
 facet normal 0 -1 0
  outer loop
   vertex 104.33329772949219 60.5 1.2000000476837158
   vertex 97.866668701171875 60.5 3.7000000476837158
   vertex 97.866668701171875 60.5 1.2000000476837158
  endloop
 endfacet
 facet normal 0 -1 0
  outer loop
   vertex 104.33329772949219 60.5 3.7000000476837158
   vertex 97.866668701171875 60.5 3.7000000476837158
   vertex 104.33329772949219 60.5 1.2000000476837158
  endloop
 endfacet
 facet normal 0 -1 0
  outer loop
   vertex 110.69999694824219 60.5 3.7000000476837158
   vertex 104.53330230712891 60.5 1.2000000476837158
   vertex 110.69999694824219 60.5 1.2000000476837158
  endloop
 endfacet
 facet normal 0 -1 0
  outer loop
   vertex 110.69999694824219 60.5 3.7000000476837158
   vertex 104.53330230712891 60.5 3.7000000476837158
   vertex 104.53330230712891 60.5 1.2000000476837158
  endloop
 endfacet
 facet normal 0 -1 0
  outer loop
   vertex 97.666671752929688 60.5 6.4000000953674316
   vertex 91.300003051757812 60.5 3.9000000953674316
   vertex 97.666671752929688 60.5 3.9000000953674316
  endloop
 endfacet
 facet normal 0 -1 0
  outer loop
   vertex 97.666671752929688 60.5 6.4000000953674316
   vertex 91.300003051757812 60.5 6.4000000953674316
   vertex 91.300003051757812 60.5 3.9000000953674316
  endloop
 endfacet
 facet normal 0 -1 0
  outer loop
   vertex 104.33329772949219 60.5 3.9000000953674316
   vertex 97.866668701171875 60.5 6.4000000953674316
   vertex 97.866668701171875 60.5 3.9000000953674316
  endloop
 endfacet
 facet normal 0 -1 0
  outer loop
   vertex 104.33329772949219 60.5 6.4000000953674316
   vertex 97.866668701171875 60.5 6.4000000953674316
   vertex 104.33329772949219 60.5 3.9000000953674316
  endloop
 endfacet
 facet normal 0 -1 0
  outer loop
   vertex 110.69999694824219 60.5 6.4000000953674316
   vertex 104.53330230712891 60.5 3.9000000953674316
   vertex 110.69999694824219 60.5 3.9000000953674316
  endloop
 endfacet
 facet normal 0 -1 0
  outer loop
   vertex 110.69999694824219 60.5 6.4000000953674316
   vertex 104.53330230712891 60.5 6.4000000953674316
   vertex 104.53330230712891 60.5 3.9000000953674316
  endloop
 endfacet
 facet normal 0 -1 0
  outer loop
   vertex 97.666671752929688 60.5 9.1000003814697266
   vertex 91.300003051757812 60.5 6.5999999046325684
   vertex 97.666671752929688 60.5 6.5999999046325684
  endloop
 endfacet
 facet normal 0 -1 0
  outer loop
   vertex 97.666671752929688 60.5 9.1000003814697266
   vertex 91.300003051757812 60.5 9.1000003814697266
   vertex 91.300003051757812 60.5 6.5999999046325684
  endloop
 endfacet
 facet normal 0 -1 0
  outer loop
   vertex 104.33329772949219 60.5 9.1000003814697266
   vertex 97.866668701171875 60.5 6.5999999046325684
   vertex 104.33329772949219 60.5 6.5999999046325684
  endloop
 endfacet
 facet normal 0 -1 0
  outer loop
   vertex 104.33329772949219 60.5 9.1000003814697266
   vertex 97.866668701171875 60.5 9.1000003814697266
   vertex 97.866668701171875 60.5 6.5999999046325684
  endloop
 endfacet
 facet normal 0 -1 0
  outer loop
   vertex 110.69999694824219 60.5 9.1000003814697266
   vertex 104.53330230712891 60.5 6.5999999046325684
   vertex 110.69999694824219 60.5 6.5999999046325684
  endloop
 endfacet
 facet normal 0 -1 0
  outer loop
   vertex 110.69999694824219 60.5 9.1000003814697266
   vertex 104.53330230712891 60.5 9.1000003814697266
   vertex 104.53330230712891 60.5 6.5999999046325684
  endloop
 endfacet
 facet normal 0 -1 0
  outer loop
   vertex 97.666671752929688 60.5 11.800000190734863
   vertex 91.300003051757812 60.5 9.3000001907348633
   vertex 97.666671752929688 60.5 9.3000001907348633
  endloop
 endfacet
 facet normal 0 -1 0
  outer loop
   vertex 97.666671752929688 60.5 11.800000190734863
   vertex 91.300003051757812 60.5 11.800000190734863
   vertex 91.300003051757812 60.5 9.3000001907348633
  endloop
 endfacet
 facet normal 0 -1 0
  outer loop
   vertex 104.33329772949219 60.5 9.3000001907348633
   vertex 97.866668701171875 60.5 11.800000190734863
   vertex 97.866668701171875 60.5 9.3000001907348633
  endloop
 endfacet
 facet normal 0 -1 0
  outer loop
   vertex 104.33329772949219 60.5 11.800000190734863
   vertex 97.866668701171875 60.5 11.800000190734863
   vertex 104.33329772949219 60.5 9.3000001907348633
  endloop
 endfacet
 facet normal 0 -1 0
  outer loop
   vertex 110.69999694824219 60.5 11.800000190734863
   vertex 104.53330230712891 60.5 9.3000001907348633
   vertex 110.69999694824219 60.5 9.3000001907348633
  endloop
 endfacet
 facet normal 0 -1 0
  outer loop
   vertex 110.69999694824219 60.5 11.800000190734863
   vertex 104.53330230712891 60.5 11.800000190734863
   vertex 104.53330230712891 60.5 9.3000001907348633
  endloop
 endfacet
 facet normal 0 -1 0
  outer loop
   vertex 97.666671752929688 60.5 14.5
   vertex 91.300003051757812 60.5 12
   vertex 97.666671752929688 60.5 12
  endloop
 endfacet
 facet normal 0 -1 0
  outer loop
   vertex 97.666671752929688 60.5 14.5
   vertex 91.300003051757812 60.5 14.5
   vertex 91.300003051757812 60.5 12
  endloop
 endfacet
 facet normal 0 -1 0
  outer loop
   vertex 104.33329772949219 60.5 14.5
   vertex 97.866668701171875 60.5 12
   vertex 104.33329772949219 60.5 12
  endloop
 endfacet
 facet normal 0 -1 0
  outer loop
   vertex 104.33329772949219 60.5 14.5
   vertex 97.866668701171875 60.5 14.5
   vertex 97.866668701171875 60.5 12
  endloop
 endfacet
 facet normal 0 -1 0
  outer loop
   vertex 110.69999694824219 60.5 14.5
   vertex 104.53330230712891 60.5 12
   vertex 110.69999694824219 60.5 12
  endloop
 endfacet
 facet normal 0 -1 0
  outer loop
   vertex 110.69999694824219 60.5 14.5
   vertex 104.53330230712891 60.5 14.5
   vertex 104.53330230712891 60.5 12
  endloop
 endfacet
 facet normal 0 0 -1
  outer loop
   vertex 5.0833330154418945 67.875999450683594 13.649999618530273
   vertex 3.5833330154418945 67.800003051757812 13.649999618530273
   vertex 3.5833330154418945 67.875999450683594 13.649999618530273
  endloop
 endfacet
 facet normal 0 0 -1
  outer loop
   vertex 5.0833330154418945 67.875999450683594 13.649999618530273
   vertex 5.0833330154418945 67.800003051757812 13.649999618530273
   vertex 3.5833330154418945 67.800003051757812 13.649999618530273
  endloop
 endfacet
 facet normal -1 0 0
  outer loop
   vertex 5.0833330154418945 67.800003051757812 13.649999618530273
   vertex 5.0833330154418945 67.875999450683594 12.449999809265137
   vertex 5.0833330154418945 67.800003051757812 12.449999809265137
  endloop
 endfacet
 facet normal -1 -0 -0
  outer loop
   vertex 5.0833330154418945 67.800003051757812 13.649999618530273
   vertex 5.0833330154418945 67.875999450683594 13.649999618530273
   vertex 5.0833330154418945 67.875999450683594 12.449999809265137
  endloop
 endfacet
 facet normal 1 0 0
  outer loop
   vertex 3.5833330154418945 67.800003051757812 13.649999618530273
   vertex 3.5833330154418945 67.800003051757812 12.449999809265137
   vertex 3.5833330154418945 67.875999450683594 12.449999809265137
  endloop
 endfacet
 facet normal 1 0 -0
  outer loop
   vertex 3.5833330154418945 67.800003051757812 13.649999618530273
   vertex 3.5833330154418945 67.875999450683594 12.449999809265137
   vertex 3.5833330154418945 67.875999450683594 13.649999618530273
  endloop
 endfacet
 facet normal -0 0 1
  outer loop
   vertex 5.0833330154418945 67.875999450683594 12.449999809265137
   vertex 3.5833330154418945 67.875999450683594 12.449999809265137
   vertex 3.5833330154418945 67.800003051757812 12.449999809265137
  endloop
 endfacet
 facet normal 0 0 1
  outer loop
   vertex 5.0833330154418945 67.875999450683594 12.449999809265137
   vertex 3.5833330154418945 67.800003051757812 12.449999809265137
   vertex 5.0833330154418945 67.800003051757812 12.449999809265137
  endloop
 endfacet
 facet normal 0 0 -1
  outer loop
   vertex 11.75 67.875999450683594 13.649999618530273
   vertex 10.25 67.800003051757812 13.649999618530273
   vertex 10.25 67.875999450683594 13.649999618530273
  endloop
 endfacet
 facet normal 0 0 -1
  outer loop
   vertex 11.75 67.875999450683594 13.649999618530273
   vertex 11.75 67.800003051757812 13.649999618530273
   vertex 10.25 67.800003051757812 13.649999618530273
  endloop
 endfacet
 facet normal -1 0 0
  outer loop
   vertex 11.75 67.800003051757812 13.649999618530273
   vertex 11.75 67.875999450683594 12.449999809265137
   vertex 11.75 67.800003051757812 12.449999809265137
  endloop
 endfacet
 facet normal -1 -0 -0
  outer loop
   vertex 11.75 67.800003051757812 13.649999618530273
   vertex 11.75 67.875999450683594 13.649999618530273
   vertex 11.75 67.875999450683594 12.449999809265137
  endloop
 endfacet
 facet normal 1 0 0
  outer loop
   vertex 10.25 67.800003051757812 13.649999618530273
   vertex 10.25 67.800003051757812 12.449999809265137
   vertex 10.25 67.875999450683594 12.449999809265137
  endloop
 endfacet
 facet normal 1 0 -0
  outer loop
   vertex 10.25 67.800003051757812 13.649999618530273
   vertex 10.25 67.875999450683594 12.449999809265137
   vertex 10.25 67.875999450683594 13.649999618530273
  endloop
 endfacet
 facet normal -0 0 1
  outer loop
   vertex 11.75 67.875999450683594 12.449999809265137
   vertex 10.25 67.875999450683594 12.449999809265137
   vertex 10.25 67.800003051757812 12.449999809265137
  endloop
 endfacet
 facet normal 0 0 1
  outer loop
   vertex 11.75 67.875999450683594 12.449999809265137
   vertex 10.25 67.800003051757812 12.449999809265137
   vertex 11.75 67.800003051757812 12.449999809265137
  endloop
 endfacet
 facet normal -0 0 1
  outer loop
   vertex 18.416669845581055 67.875999450683594 12.449999809265137
   vertex 16.916669845581055 67.875999450683594 12.449999809265137
   vertex 16.916669845581055 67.800003051757812 12.449999809265137
  endloop
 endfacet
 facet normal 0 0 1
  outer loop
   vertex 18.416669845581055 67.875999450683594 12.449999809265137
   vertex 16.916669845581055 67.800003051757812 12.449999809265137
   vertex 18.416669845581055 67.800003051757812 12.449999809265137
  endloop
 endfacet
 facet normal -1 0 0
  outer loop
   vertex 18.416669845581055 67.800003051757812 13.649999618530273
   vertex 18.416669845581055 67.875999450683594 12.449999809265137
   vertex 18.416669845581055 67.800003051757812 12.449999809265137
  endloop
 endfacet
 facet normal -1 -0 -0
  outer loop
   vertex 18.416669845581055 67.800003051757812 13.649999618530273
   vertex 18.416669845581055 67.875999450683594 13.649999618530273
   vertex 18.416669845581055 67.875999450683594 12.449999809265137
  endloop
 endfacet
 facet normal 1 0 0
  outer loop
   vertex 16.916669845581055 67.800003051757812 13.649999618530273
   vertex 16.916669845581055 67.800003051757812 12.449999809265137
   vertex 16.916669845581055 67.875999450683594 12.449999809265137
  endloop
 endfacet
 facet normal 1 0 -0
  outer loop
   vertex 16.916669845581055 67.800003051757812 13.649999618530273
   vertex 16.916669845581055 67.875999450683594 12.449999809265137
   vertex 16.916669845581055 67.875999450683594 13.649999618530273
  endloop
 endfacet
 facet normal 0 0 -1
  outer loop
   vertex 18.416669845581055 67.875999450683594 13.649999618530273
   vertex 16.916669845581055 67.800003051757812 13.649999618530273
   vertex 16.916669845581055 67.875999450683594 13.649999618530273
  endloop
 endfacet
 facet normal 0 0 -1
  outer loop
   vertex 18.416669845581055 67.875999450683594 13.649999618530273
   vertex 18.416669845581055 67.800003051757812 13.649999618530273
   vertex 16.916669845581055 67.800003051757812 13.649999618530273
  endloop
 endfacet
 facet normal 0 0 -1
  outer loop
   vertex 5.0833330154418945 67.875999450683594 10.949999809265137
   vertex 3.5833330154418945 67.800003051757812 10.949999809265137
   vertex 3.5833330154418945 67.875999450683594 10.949999809265137
  endloop
 endfacet
 facet normal 0 0 -1
  outer loop
   vertex 5.0833330154418945 67.875999450683594 10.949999809265137
   vertex 5.0833330154418945 67.800003051757812 10.949999809265137
   vertex 3.5833330154418945 67.800003051757812 10.949999809265137
  endloop
 endfacet
 facet normal -1 0 0
  outer loop
   vertex 5.0833330154418945 67.800003051757812 10.949999809265137
   vertex 5.0833330154418945 67.875999450683594 9.75
   vertex 5.0833330154418945 67.800003051757812 9.75
  endloop
 endfacet
 facet normal -1 -0 -0
  outer loop
   vertex 5.0833330154418945 67.800003051757812 10.949999809265137
   vertex 5.0833330154418945 67.875999450683594 10.949999809265137
   vertex 5.0833330154418945 67.875999450683594 9.75
  endloop
 endfacet
 facet normal 1 0 0
  outer loop
   vertex 3.5833330154418945 67.800003051757812 10.949999809265137
   vertex 3.5833330154418945 67.800003051757812 9.75
   vertex 3.5833330154418945 67.875999450683594 9.75
  endloop
 endfacet
 facet normal 1 0 -0
  outer loop
   vertex 3.5833330154418945 67.800003051757812 10.949999809265137
   vertex 3.5833330154418945 67.875999450683594 9.75
   vertex 3.5833330154418945 67.875999450683594 10.949999809265137
  endloop
 endfacet
 facet normal -0 0 1
  outer loop
   vertex 5.0833330154418945 67.875999450683594 9.75
   vertex 3.5833330154418945 67.875999450683594 9.75
   vertex 3.5833330154418945 67.800003051757812 9.75
  endloop
 endfacet
 facet normal 0 0 1
  outer loop
   vertex 5.0833330154418945 67.875999450683594 9.75
   vertex 3.5833330154418945 67.800003051757812 9.75
   vertex 5.0833330154418945 67.800003051757812 9.75
  endloop
 endfacet
 facet normal 0 0 -1
  outer loop
   vertex 11.75 67.875999450683594 10.949999809265137
   vertex 10.25 67.800003051757812 10.949999809265137
   vertex 10.25 67.875999450683594 10.949999809265137
  endloop
 endfacet
 facet normal 0 0 -1
  outer loop
   vertex 11.75 67.875999450683594 10.949999809265137
   vertex 11.75 67.800003051757812 10.949999809265137
   vertex 10.25 67.800003051757812 10.949999809265137
  endloop
 endfacet
 facet normal -1 0 0
  outer loop
   vertex 11.75 67.800003051757812 10.949999809265137
   vertex 11.75 67.875999450683594 9.75
   vertex 11.75 67.800003051757812 9.75
  endloop
 endfacet
 facet normal -1 -0 -0
  outer loop
   vertex 11.75 67.800003051757812 10.949999809265137
   vertex 11.75 67.875999450683594 10.949999809265137
   vertex 11.75 67.875999450683594 9.75
  endloop
 endfacet
 facet normal 1 0 0
  outer loop
   vertex 10.25 67.800003051757812 10.949999809265137
   vertex 10.25 67.800003051757812 9.75
   vertex 10.25 67.875999450683594 9.75
  endloop
 endfacet
 facet normal 1 0 -0
  outer loop
   vertex 10.25 67.800003051757812 10.949999809265137
   vertex 10.25 67.875999450683594 9.75
   vertex 10.25 67.875999450683594 10.949999809265137
  endloop
 endfacet
 facet normal -0 0 1
  outer loop
   vertex 11.75 67.875999450683594 9.75
   vertex 10.25 67.875999450683594 9.75
   vertex 10.25 67.800003051757812 9.75
  endloop
 endfacet
 facet normal 0 0 1
  outer loop
   vertex 11.75 67.875999450683594 9.75
   vertex 10.25 67.800003051757812 9.75
   vertex 11.75 67.800003051757812 9.75
  endloop
 endfacet
 facet normal -0 0 1
  outer loop
   vertex 18.416669845581055 67.875999450683594 9.75
   vertex 16.916669845581055 67.875999450683594 9.75
   vertex 16.916669845581055 67.800003051757812 9.75
  endloop
 endfacet
 facet normal 0 0 1
  outer loop
   vertex 18.416669845581055 67.875999450683594 9.75
   vertex 16.916669845581055 67.800003051757812 9.75
   vertex 18.416669845581055 67.800003051757812 9.75
  endloop
 endfacet
 facet normal -1 0 0
  outer loop
   vertex 18.416669845581055 67.800003051757812 10.949999809265137
   vertex 18.416669845581055 67.875999450683594 9.75
   vertex 18.416669845581055 67.800003051757812 9.75
  endloop
 endfacet
 facet normal -1 -0 -0
  outer loop
   vertex 18.416669845581055 67.800003051757812 10.949999809265137
   vertex 18.416669845581055 67.875999450683594 10.949999809265137
   vertex 18.416669845581055 67.875999450683594 9.75
  endloop
 endfacet
 facet normal 1 0 0
  outer loop
   vertex 16.916669845581055 67.800003051757812 10.949999809265137
   vertex 16.916669845581055 67.800003051757812 9.75
   vertex 16.916669845581055 67.875999450683594 9.75
  endloop
 endfacet
 facet normal 1 0 -0
  outer loop
   vertex 16.916669845581055 67.800003051757812 10.949999809265137
   vertex 16.916669845581055 67.875999450683594 9.75
   vertex 16.916669845581055 67.875999450683594 10.949999809265137
  endloop
 endfacet
 facet normal 0 0 -1
  outer loop
   vertex 18.416669845581055 67.875999450683594 10.949999809265137
   vertex 16.916669845581055 67.800003051757812 10.949999809265137
   vertex 16.916669845581055 67.875999450683594 10.949999809265137
  endloop
 endfacet
 facet normal 0 0 -1
  outer loop
   vertex 18.416669845581055 67.875999450683594 10.949999809265137
   vertex 18.416669845581055 67.800003051757812 10.949999809265137
   vertex 16.916669845581055 67.800003051757812 10.949999809265137
  endloop
 endfacet
 facet normal 0 0 -1
  outer loop
   vertex 5.0833330154418945 67.875999450683594 8.25
   vertex 3.5833330154418945 67.800003051757812 8.25
   vertex 3.5833330154418945 67.875999450683594 8.25
  endloop
 endfacet
 facet normal 0 0 -1
  outer loop
   vertex 5.0833330154418945 67.875999450683594 8.25
   vertex 5.0833330154418945 67.800003051757812 8.25
   vertex 3.5833330154418945 67.800003051757812 8.25
  endloop
 endfacet
 facet normal -1 0 0
  outer loop
   vertex 5.0833330154418945 67.800003051757812 8.25
   vertex 5.0833330154418945 67.875999450683594 7.0500001907348633
   vertex 5.0833330154418945 67.800003051757812 7.0500001907348633
  endloop
 endfacet
 facet normal -1 -0 -0
  outer loop
   vertex 5.0833330154418945 67.800003051757812 8.25
   vertex 5.0833330154418945 67.875999450683594 8.25
   vertex 5.0833330154418945 67.875999450683594 7.0500001907348633
  endloop
 endfacet
 facet normal 1 0 0
  outer loop
   vertex 3.5833330154418945 67.800003051757812 8.25
   vertex 3.5833330154418945 67.800003051757812 7.0500001907348633
   vertex 3.5833330154418945 67.875999450683594 7.0500001907348633
  endloop
 endfacet
 facet normal 1 0 -0
  outer loop
   vertex 3.5833330154418945 67.800003051757812 8.25
   vertex 3.5833330154418945 67.875999450683594 7.0500001907348633
   vertex 3.5833330154418945 67.875999450683594 8.25
  endloop
 endfacet
 facet normal -0 0 1
  outer loop
   vertex 5.0833330154418945 67.875999450683594 7.0500001907348633
   vertex 3.5833330154418945 67.875999450683594 7.0500001907348633
   vertex 3.5833330154418945 67.800003051757812 7.0500001907348633
  endloop
 endfacet
 facet normal 0 0 1
  outer loop
   vertex 5.0833330154418945 67.875999450683594 7.0500001907348633
   vertex 3.5833330154418945 67.800003051757812 7.0500001907348633
   vertex 5.0833330154418945 67.800003051757812 7.0500001907348633
  endloop
 endfacet
 facet normal 0 0 -1
  outer loop
   vertex 11.75 67.875999450683594 8.25
   vertex 10.25 67.800003051757812 8.25
   vertex 10.25 67.875999450683594 8.25
  endloop
 endfacet
 facet normal 0 0 -1
  outer loop
   vertex 11.75 67.875999450683594 8.25
   vertex 11.75 67.800003051757812 8.25
   vertex 10.25 67.800003051757812 8.25
  endloop
 endfacet
 facet normal -1 0 0
  outer loop
   vertex 11.75 67.800003051757812 8.25
   vertex 11.75 67.875999450683594 7.0500001907348633
   vertex 11.75 67.800003051757812 7.0500001907348633
  endloop
 endfacet
 facet normal -1 -0 -0
  outer loop
   vertex 11.75 67.800003051757812 8.25
   vertex 11.75 67.875999450683594 8.25
   vertex 11.75 67.875999450683594 7.0500001907348633
  endloop
 endfacet
 facet normal 1 0 0
  outer loop
   vertex 10.25 67.800003051757812 8.25
   vertex 10.25 67.800003051757812 7.0500001907348633
   vertex 10.25 67.875999450683594 7.0500001907348633
  endloop
 endfacet
 facet normal 1 0 -0
  outer loop
   vertex 10.25 67.800003051757812 8.25
   vertex 10.25 67.875999450683594 7.0500001907348633
   vertex 10.25 67.875999450683594 8.25
  endloop
 endfacet
 facet normal -0 0 1
  outer loop
   vertex 11.75 67.875999450683594 7.0500001907348633
   vertex 10.25 67.875999450683594 7.0500001907348633
   vertex 10.25 67.800003051757812 7.0500001907348633
  endloop
 endfacet
 facet normal 0 0 1
  outer loop
   vertex 11.75 67.875999450683594 7.0500001907348633
   vertex 10.25 67.800003051757812 7.0500001907348633
   vertex 11.75 67.800003051757812 7.0500001907348633
  endloop
 endfacet
 facet normal -0 0 1
  outer loop
   vertex 18.416669845581055 67.875999450683594 7.0500001907348633
   vertex 16.916669845581055 67.875999450683594 7.0500001907348633
   vertex 16.916669845581055 67.800003051757812 7.0500001907348633
  endloop
 endfacet
 facet normal 0 0 1
  outer loop
   vertex 18.416669845581055 67.875999450683594 7.0500001907348633
   vertex 16.916669845581055 67.800003051757812 7.0500001907348633
   vertex 18.416669845581055 67.800003051757812 7.0500001907348633
  endloop
 endfacet
 facet normal -1 0 0
  outer loop
   vertex 18.416669845581055 67.800003051757812 8.25
   vertex 18.416669845581055 67.875999450683594 7.0500001907348633
   vertex 18.416669845581055 67.800003051757812 7.0500001907348633
  endloop
 endfacet
 facet normal -1 -0 -0
  outer loop
   vertex 18.416669845581055 67.800003051757812 8.25
   vertex 18.416669845581055 67.875999450683594 8.25
   vertex 18.416669845581055 67.875999450683594 7.0500001907348633
  endloop
 endfacet
 facet normal 1 0 0
  outer loop
   vertex 16.916669845581055 67.800003051757812 8.25
   vertex 16.916669845581055 67.800003051757812 7.0500001907348633
   vertex 16.916669845581055 67.875999450683594 7.0500001907348633
  endloop
 endfacet
 facet normal 1 0 -0
  outer loop
   vertex 16.916669845581055 67.800003051757812 8.25
   vertex 16.916669845581055 67.875999450683594 7.0500001907348633
   vertex 16.916669845581055 67.875999450683594 8.25
  endloop
 endfacet
 facet normal 0 0 -1
  outer loop
   vertex 18.416669845581055 67.875999450683594 8.25
   vertex 16.916669845581055 67.800003051757812 8.25
   vertex 16.916669845581055 67.875999450683594 8.25
  endloop
 endfacet
 facet normal 0 0 -1
  outer loop
   vertex 18.416669845581055 67.875999450683594 8.25
   vertex 18.416669845581055 67.800003051757812 8.25
   vertex 16.916669845581055 67.800003051757812 8.25
  endloop
 endfacet
 facet normal 0 0 -1
  outer loop
   vertex 5.0833330154418945 67.875999450683594 5.5500001907348633
   vertex 3.5833330154418945 67.800003051757812 5.5500001907348633
   vertex 3.5833330154418945 67.875999450683594 5.5500001907348633
  endloop
 endfacet
 facet normal 0 0 -1
  outer loop
   vertex 5.0833330154418945 67.875999450683594 5.5500001907348633
   vertex 5.0833330154418945 67.800003051757812 5.5500001907348633
   vertex 3.5833330154418945 67.800003051757812 5.5500001907348633
  endloop
 endfacet
 facet normal -1 0 0
  outer loop
   vertex 5.0833330154418945 67.800003051757812 5.5500001907348633
   vertex 5.0833330154418945 67.875999450683594 4.3499999046325684
   vertex 5.0833330154418945 67.800003051757812 4.3499999046325684
  endloop
 endfacet
 facet normal -1 -0 -0
  outer loop
   vertex 5.0833330154418945 67.800003051757812 5.5500001907348633
   vertex 5.0833330154418945 67.875999450683594 5.5500001907348633
   vertex 5.0833330154418945 67.875999450683594 4.3499999046325684
  endloop
 endfacet
 facet normal 1 0 0
  outer loop
   vertex 3.5833330154418945 67.800003051757812 5.5500001907348633
   vertex 3.5833330154418945 67.800003051757812 4.3499999046325684
   vertex 3.5833330154418945 67.875999450683594 4.3499999046325684
  endloop
 endfacet
 facet normal 1 0 -0
  outer loop
   vertex 3.5833330154418945 67.800003051757812 5.5500001907348633
   vertex 3.5833330154418945 67.875999450683594 4.3499999046325684
   vertex 3.5833330154418945 67.875999450683594 5.5500001907348633
  endloop
 endfacet
 facet normal -0 0 1
  outer loop
   vertex 5.0833330154418945 67.875999450683594 4.3499999046325684
   vertex 3.5833330154418945 67.875999450683594 4.3499999046325684
   vertex 3.5833330154418945 67.800003051757812 4.3499999046325684
  endloop
 endfacet
 facet normal 0 0 1
  outer loop
   vertex 5.0833330154418945 67.875999450683594 4.3499999046325684
   vertex 3.5833330154418945 67.800003051757812 4.3499999046325684
   vertex 5.0833330154418945 67.800003051757812 4.3499999046325684
  endloop
 endfacet
 facet normal 0 0 -1
  outer loop
   vertex 11.75 67.875999450683594 5.5500001907348633
   vertex 10.25 67.800003051757812 5.5500001907348633
   vertex 10.25 67.875999450683594 5.5500001907348633
  endloop
 endfacet
 facet normal 0 0 -1
  outer loop
   vertex 11.75 67.875999450683594 5.5500001907348633
   vertex 11.75 67.800003051757812 5.5500001907348633
   vertex 10.25 67.800003051757812 5.5500001907348633
  endloop
 endfacet
 facet normal -1 0 0
  outer loop
   vertex 11.75 67.800003051757812 5.5500001907348633
   vertex 11.75 67.875999450683594 4.3499999046325684
   vertex 11.75 67.800003051757812 4.3499999046325684
  endloop
 endfacet
 facet normal -1 -0 -0
  outer loop
   vertex 11.75 67.800003051757812 5.5500001907348633
   vertex 11.75 67.875999450683594 5.5500001907348633
   vertex 11.75 67.875999450683594 4.3499999046325684
  endloop
 endfacet
 facet normal 1 0 0
  outer loop
   vertex 10.25 67.800003051757812 5.5500001907348633
   vertex 10.25 67.800003051757812 4.3499999046325684
   vertex 10.25 67.875999450683594 4.3499999046325684
  endloop
 endfacet
 facet normal 1 0 -0
  outer loop
   vertex 10.25 67.800003051757812 5.5500001907348633
   vertex 10.25 67.875999450683594 4.3499999046325684
   vertex 10.25 67.875999450683594 5.5500001907348633
  endloop
 endfacet
 facet normal -0 0 1
  outer loop
   vertex 11.75 67.875999450683594 4.3499999046325684
   vertex 10.25 67.875999450683594 4.3499999046325684
   vertex 10.25 67.800003051757812 4.3499999046325684
  endloop
 endfacet
 facet normal 0 0 1
  outer loop
   vertex 11.75 67.875999450683594 4.3499999046325684
   vertex 10.25 67.800003051757812 4.3499999046325684
   vertex 11.75 67.800003051757812 4.3499999046325684
  endloop
 endfacet
 facet normal -0 0 1
  outer loop
   vertex 18.416669845581055 67.875999450683594 4.3499999046325684
   vertex 16.916669845581055 67.875999450683594 4.3499999046325684
   vertex 16.916669845581055 67.800003051757812 4.3499999046325684
  endloop
 endfacet
 facet normal 0 0 1
  outer loop
   vertex 18.416669845581055 67.875999450683594 4.3499999046325684
   vertex 16.916669845581055 67.800003051757812 4.3499999046325684
   vertex 18.416669845581055 67.800003051757812 4.3499999046325684
  endloop
 endfacet
 facet normal -1 0 0
  outer loop
   vertex 18.416669845581055 67.800003051757812 5.5500001907348633
   vertex 18.416669845581055 67.875999450683594 4.3499999046325684
   vertex 18.416669845581055 67.800003051757812 4.3499999046325684
  endloop
 endfacet
 facet normal -1 -0 -0
  outer loop
   vertex 18.416669845581055 67.800003051757812 5.5500001907348633
   vertex 18.416669845581055 67.875999450683594 5.5500001907348633
   vertex 18.416669845581055 67.875999450683594 4.3499999046325684
  endloop
 endfacet
 facet normal 1 0 0
  outer loop
   vertex 16.916669845581055 67.800003051757812 5.5500001907348633
   vertex 16.916669845581055 67.800003051757812 4.3499999046325684
   vertex 16.916669845581055 67.875999450683594 4.3499999046325684
  endloop
 endfacet
 facet normal 1 0 -0
  outer loop
   vertex 16.916669845581055 67.800003051757812 5.5500001907348633
   vertex 16.916669845581055 67.875999450683594 4.3499999046325684
   vertex 16.916669845581055 67.875999450683594 5.5500001907348633
  endloop
 endfacet
 facet normal 0 0 -1
  outer loop
   vertex 18.416669845581055 67.875999450683594 5.5500001907348633
   vertex 16.916669845581055 67.800003051757812 5.5500001907348633
   vertex 16.916669845581055 67.875999450683594 5.5500001907348633
  endloop
 endfacet
 facet normal 0 0 -1
  outer loop
   vertex 18.416669845581055 67.875999450683594 5.5500001907348633
   vertex 18.416669845581055 67.800003051757812 5.5500001907348633
   vertex 16.916669845581055 67.800003051757812 5.5500001907348633
  endloop
 endfacet
 facet normal 0 0 -1
  outer loop
   vertex 5.0833330154418945 67.875999450683594 2.8499999046325684
   vertex 3.5833330154418945 67.800003051757812 2.8499999046325684
   vertex 3.5833330154418945 67.875999450683594 2.8499999046325684
  endloop
 endfacet
 facet normal 0 0 -1
  outer loop
   vertex 5.0833330154418945 67.875999450683594 2.8499999046325684
   vertex 5.0833330154418945 67.800003051757812 2.8499999046325684
   vertex 3.5833330154418945 67.800003051757812 2.8499999046325684
  endloop
 endfacet
 facet normal -1 0 0
  outer loop
   vertex 5.0833330154418945 67.800003051757812 2.8499999046325684
   vertex 5.0833330154418945 67.875999450683594 1.6499999761581421
   vertex 5.0833330154418945 67.800003051757812 1.6499999761581421
  endloop
 endfacet
 facet normal -1 -0 -0
  outer loop
   vertex 5.0833330154418945 67.800003051757812 2.8499999046325684
   vertex 5.0833330154418945 67.875999450683594 2.8499999046325684
   vertex 5.0833330154418945 67.875999450683594 1.6499999761581421
  endloop
 endfacet
 facet normal 1 0 0
  outer loop
   vertex 3.5833330154418945 67.800003051757812 2.8499999046325684
   vertex 3.5833330154418945 67.800003051757812 1.6499999761581421
   vertex 3.5833330154418945 67.875999450683594 1.6499999761581421
  endloop
 endfacet
 facet normal 1 0 -0
  outer loop
   vertex 3.5833330154418945 67.800003051757812 2.8499999046325684
   vertex 3.5833330154418945 67.875999450683594 1.6499999761581421
   vertex 3.5833330154418945 67.875999450683594 2.8499999046325684
  endloop
 endfacet
 facet normal -0 0 1
  outer loop
   vertex 5.0833330154418945 67.875999450683594 1.6499999761581421
   vertex 3.5833330154418945 67.875999450683594 1.6499999761581421
   vertex 3.5833330154418945 67.800003051757812 1.6499999761581421
  endloop
 endfacet
 facet normal 0 0 1
  outer loop
   vertex 5.0833330154418945 67.875999450683594 1.6499999761581421
   vertex 3.5833330154418945 67.800003051757812 1.6499999761581421
   vertex 5.0833330154418945 67.800003051757812 1.6499999761581421
  endloop
 endfacet
 facet normal 0 0 -1
  outer loop
   vertex 11.75 67.875999450683594 2.8499999046325684
   vertex 10.25 67.800003051757812 2.8499999046325684
   vertex 10.25 67.875999450683594 2.8499999046325684
  endloop
 endfacet
 facet normal 0 0 -1
  outer loop
   vertex 11.75 67.875999450683594 2.8499999046325684
   vertex 11.75 67.800003051757812 2.8499999046325684
   vertex 10.25 67.800003051757812 2.8499999046325684
  endloop
 endfacet
 facet normal -1 0 0
  outer loop
   vertex 11.75 67.800003051757812 2.8499999046325684
   vertex 11.75 67.875999450683594 1.6499999761581421
   vertex 11.75 67.800003051757812 1.6499999761581421
  endloop
 endfacet
 facet normal -1 -0 -0
  outer loop
   vertex 11.75 67.800003051757812 2.8499999046325684
   vertex 11.75 67.875999450683594 2.8499999046325684
   vertex 11.75 67.875999450683594 1.6499999761581421
  endloop
 endfacet
 facet normal 1 0 0
  outer loop
   vertex 10.25 67.800003051757812 2.8499999046325684
   vertex 10.25 67.800003051757812 1.6499999761581421
   vertex 10.25 67.875999450683594 1.6499999761581421
  endloop
 endfacet
 facet normal 1 0 -0
  outer loop
   vertex 10.25 67.800003051757812 2.8499999046325684
   vertex 10.25 67.875999450683594 1.6499999761581421
   vertex 10.25 67.875999450683594 2.8499999046325684
  endloop
 endfacet
 facet normal -0 0 1
  outer loop
   vertex 11.75 67.875999450683594 1.6499999761581421
   vertex 10.25 67.875999450683594 1.6499999761581421
   vertex 10.25 67.800003051757812 1.6499999761581421
  endloop
 endfacet
 facet normal 0 0 1
  outer loop
   vertex 11.75 67.875999450683594 1.6499999761581421
   vertex 10.25 67.800003051757812 1.6499999761581421
   vertex 11.75 67.800003051757812 1.6499999761581421
  endloop
 endfacet
 facet normal -0 0 1
  outer loop
   vertex 18.416669845581055 67.875999450683594 1.6499999761581421
   vertex 16.916669845581055 67.875999450683594 1.6499999761581421
   vertex 16.916669845581055 67.800003051757812 1.6499999761581421
  endloop
 endfacet
 facet normal 0 0 1
  outer loop
   vertex 18.416669845581055 67.875999450683594 1.6499999761581421
   vertex 16.916669845581055 67.800003051757812 1.6499999761581421
   vertex 18.416669845581055 67.800003051757812 1.6499999761581421
  endloop
 endfacet
 facet normal -1 0 0
  outer loop
   vertex 18.416669845581055 67.800003051757812 2.8499999046325684
   vertex 18.416669845581055 67.875999450683594 1.6499999761581421
   vertex 18.416669845581055 67.800003051757812 1.6499999761581421
  endloop
 endfacet
 facet normal -1 -0 -0
  outer loop
   vertex 18.416669845581055 67.800003051757812 2.8499999046325684
   vertex 18.416669845581055 67.875999450683594 2.8499999046325684
   vertex 18.416669845581055 67.875999450683594 1.6499999761581421
  endloop
 endfacet
 facet normal 1 0 0
  outer loop
   vertex 16.916669845581055 67.800003051757812 2.8499999046325684
   vertex 16.916669845581055 67.800003051757812 1.6499999761581421
   vertex 16.916669845581055 67.875999450683594 1.6499999761581421
  endloop
 endfacet
 facet normal 1 0 -0
  outer loop
   vertex 16.916669845581055 67.800003051757812 2.8499999046325684
   vertex 16.916669845581055 67.875999450683594 1.6499999761581421
   vertex 16.916669845581055 67.875999450683594 2.8499999046325684
  endloop
 endfacet
 facet normal 0 0 -1
  outer loop
   vertex 18.416669845581055 67.875999450683594 2.8499999046325684
   vertex 16.916669845581055 67.800003051757812 2.8499999046325684
   vertex 16.916669845581055 67.875999450683594 2.8499999046325684
  endloop
 endfacet
 facet normal 0 0 -1
  outer loop
   vertex 18.416669845581055 67.875999450683594 2.8499999046325684
   vertex 18.416669845581055 67.800003051757812 2.8499999046325684
   vertex 16.916669845581055 67.800003051757812 2.8499999046325684
  endloop
 endfacet
 facet normal 0 0 -1
  outer loop
   vertex 5.0833330154418945 53.200000762939453 2.8499999046325684
   vertex 3.5833330154418945 53.124000549316406 2.8499999046325684
   vertex 3.5833330154418945 53.200000762939453 2.8499999046325684
  endloop
 endfacet
 facet normal 0 0 -1
  outer loop
   vertex 5.0833330154418945 53.200000762939453 2.8499999046325684
   vertex 5.0833330154418945 53.124000549316406 2.8499999046325684
   vertex 3.5833330154418945 53.124000549316406 2.8499999046325684
  endloop
 endfacet
 facet normal -1 0 0
  outer loop
   vertex 5.0833330154418945 53.124000549316406 2.8499999046325684
   vertex 5.0833330154418945 53.200000762939453 1.6499999761581421
   vertex 5.0833330154418945 53.124000549316406 1.6499999761581421
  endloop
 endfacet
 facet normal -1 -0 -0
  outer loop
   vertex 5.0833330154418945 53.124000549316406 2.8499999046325684
   vertex 5.0833330154418945 53.200000762939453 2.8499999046325684
   vertex 5.0833330154418945 53.200000762939453 1.6499999761581421
  endloop
 endfacet
 facet normal 1 0 0
  outer loop
   vertex 3.5833330154418945 53.124000549316406 2.8499999046325684
   vertex 3.5833330154418945 53.124000549316406 1.6499999761581421
   vertex 3.5833330154418945 53.200000762939453 1.6499999761581421
  endloop
 endfacet
 facet normal 1 0 -0
  outer loop
   vertex 3.5833330154418945 53.124000549316406 2.8499999046325684
   vertex 3.5833330154418945 53.200000762939453 1.6499999761581421
   vertex 3.5833330154418945 53.200000762939453 2.8499999046325684
  endloop
 endfacet
 facet normal -0 0 1
  outer loop
   vertex 5.0833330154418945 53.200000762939453 1.6499999761581421
   vertex 3.5833330154418945 53.200000762939453 1.6499999761581421
   vertex 3.5833330154418945 53.124000549316406 1.6499999761581421
  endloop
 endfacet
 facet normal 0 0 1
  outer loop
   vertex 5.0833330154418945 53.200000762939453 1.6499999761581421
   vertex 3.5833330154418945 53.124000549316406 1.6499999761581421
   vertex 5.0833330154418945 53.124000549316406 1.6499999761581421
  endloop
 endfacet
 facet normal 0 0 -1
  outer loop
   vertex 11.75 53.200000762939453 2.8499999046325684
   vertex 10.25 53.124000549316406 2.8499999046325684
   vertex 10.25 53.200000762939453 2.8499999046325684
  endloop
 endfacet
 facet normal 0 0 -1
  outer loop
   vertex 11.75 53.200000762939453 2.8499999046325684
   vertex 11.75 53.124000549316406 2.8499999046325684
   vertex 10.25 53.124000549316406 2.8499999046325684
  endloop
 endfacet
 facet normal -1 0 0
  outer loop
   vertex 11.75 53.124000549316406 2.8499999046325684
   vertex 11.75 53.200000762939453 1.6499999761581421
   vertex 11.75 53.124000549316406 1.6499999761581421
  endloop
 endfacet
 facet normal -1 -0 -0
  outer loop
   vertex 11.75 53.124000549316406 2.8499999046325684
   vertex 11.75 53.200000762939453 2.8499999046325684
   vertex 11.75 53.200000762939453 1.6499999761581421
  endloop
 endfacet
 facet normal 1 0 0
  outer loop
   vertex 10.25 53.124000549316406 2.8499999046325684
   vertex 10.25 53.124000549316406 1.6499999761581421
   vertex 10.25 53.200000762939453 1.6499999761581421
  endloop
 endfacet
 facet normal 1 0 -0
  outer loop
   vertex 10.25 53.124000549316406 2.8499999046325684
   vertex 10.25 53.200000762939453 1.6499999761581421
   vertex 10.25 53.200000762939453 2.8499999046325684
  endloop
 endfacet
 facet normal -0 0 1
  outer loop
   vertex 11.75 53.200000762939453 1.6499999761581421
   vertex 10.25 53.200000762939453 1.6499999761581421
   vertex 10.25 53.124000549316406 1.6499999761581421
  endloop
 endfacet
 facet normal 0 0 1
  outer loop
   vertex 11.75 53.200000762939453 1.6499999761581421
   vertex 10.25 53.124000549316406 1.6499999761581421
   vertex 11.75 53.124000549316406 1.6499999761581421
  endloop
 endfacet
 facet normal -0 0 1
  outer loop
   vertex 18.416669845581055 53.200000762939453 1.6499999761581421
   vertex 16.916669845581055 53.200000762939453 1.6499999761581421
   vertex 16.916669845581055 53.124000549316406 1.6499999761581421
  endloop
 endfacet
 facet normal 0 0 1
  outer loop
   vertex 18.416669845581055 53.200000762939453 1.6499999761581421
   vertex 16.916669845581055 53.124000549316406 1.6499999761581421
   vertex 18.416669845581055 53.124000549316406 1.6499999761581421
  endloop
 endfacet
 facet normal -1 0 0
  outer loop
   vertex 18.416669845581055 53.124000549316406 2.8499999046325684
   vertex 18.416669845581055 53.200000762939453 1.6499999761581421
   vertex 18.416669845581055 53.124000549316406 1.6499999761581421
  endloop
 endfacet
 facet normal -1 -0 -0
  outer loop
   vertex 18.416669845581055 53.124000549316406 2.8499999046325684
   vertex 18.416669845581055 53.200000762939453 2.8499999046325684
   vertex 18.416669845581055 53.200000762939453 1.6499999761581421
  endloop
 endfacet
 facet normal 1 0 0
  outer loop
   vertex 16.916669845581055 53.124000549316406 2.8499999046325684
   vertex 16.916669845581055 53.124000549316406 1.6499999761581421
   vertex 16.916669845581055 53.200000762939453 1.6499999761581421
  endloop
 endfacet
 facet normal 1 0 -0
  outer loop
   vertex 16.916669845581055 53.124000549316406 2.8499999046325684
   vertex 16.916669845581055 53.200000762939453 1.6499999761581421
   vertex 16.916669845581055 53.200000762939453 2.8499999046325684
  endloop
 endfacet
 facet normal 0 0 -1
  outer loop
   vertex 18.416669845581055 53.200000762939453 2.8499999046325684
   vertex 16.916669845581055 53.124000549316406 2.8499999046325684
   vertex 16.916669845581055 53.200000762939453 2.8499999046325684
  endloop
 endfacet
 facet normal 0 0 -1
  outer loop
   vertex 18.416669845581055 53.200000762939453 2.8499999046325684
   vertex 18.416669845581055 53.124000549316406 2.8499999046325684
   vertex 16.916669845581055 53.124000549316406 2.8499999046325684
  endloop
 endfacet
 facet normal 0 0 -1
  outer loop
   vertex 5.0833330154418945 53.200000762939453 5.5500001907348633
   vertex 3.5833330154418945 53.124000549316406 5.5500001907348633
   vertex 3.5833330154418945 53.200000762939453 5.5500001907348633
  endloop
 endfacet
 facet normal 0 0 -1
  outer loop
   vertex 5.0833330154418945 53.200000762939453 5.5500001907348633
   vertex 5.0833330154418945 53.124000549316406 5.5500001907348633
   vertex 3.5833330154418945 53.124000549316406 5.5500001907348633
  endloop
 endfacet
 facet normal -1 0 0
  outer loop
   vertex 5.0833330154418945 53.124000549316406 5.5500001907348633
   vertex 5.0833330154418945 53.200000762939453 4.3499999046325684
   vertex 5.0833330154418945 53.124000549316406 4.3499999046325684
  endloop
 endfacet
 facet normal -1 -0 -0
  outer loop
   vertex 5.0833330154418945 53.124000549316406 5.5500001907348633
   vertex 5.0833330154418945 53.200000762939453 5.5500001907348633
   vertex 5.0833330154418945 53.200000762939453 4.3499999046325684
  endloop
 endfacet
 facet normal 1 0 0
  outer loop
   vertex 3.5833330154418945 53.124000549316406 5.5500001907348633
   vertex 3.5833330154418945 53.124000549316406 4.3499999046325684
   vertex 3.5833330154418945 53.200000762939453 4.3499999046325684
  endloop
 endfacet
 facet normal 1 0 -0
  outer loop
   vertex 3.5833330154418945 53.124000549316406 5.5500001907348633
   vertex 3.5833330154418945 53.200000762939453 4.3499999046325684
   vertex 3.5833330154418945 53.200000762939453 5.5500001907348633
  endloop
 endfacet
 facet normal -0 0 1
  outer loop
   vertex 5.0833330154418945 53.200000762939453 4.3499999046325684
   vertex 3.5833330154418945 53.200000762939453 4.3499999046325684
   vertex 3.5833330154418945 53.124000549316406 4.3499999046325684
  endloop
 endfacet
 facet normal 0 0 1
  outer loop
   vertex 5.0833330154418945 53.200000762939453 4.3499999046325684
   vertex 3.5833330154418945 53.124000549316406 4.3499999046325684
   vertex 5.0833330154418945 53.124000549316406 4.3499999046325684
  endloop
 endfacet
 facet normal 0 0 -1
  outer loop
   vertex 11.75 53.200000762939453 5.5500001907348633
   vertex 10.25 53.124000549316406 5.5500001907348633
   vertex 10.25 53.200000762939453 5.5500001907348633
  endloop
 endfacet
 facet normal 0 0 -1
  outer loop
   vertex 11.75 53.200000762939453 5.5500001907348633
   vertex 11.75 53.124000549316406 5.5500001907348633
   vertex 10.25 53.124000549316406 5.5500001907348633
  endloop
 endfacet
 facet normal -1 0 0
  outer loop
   vertex 11.75 53.124000549316406 5.5500001907348633
   vertex 11.75 53.200000762939453 4.3499999046325684
   vertex 11.75 53.124000549316406 4.3499999046325684
  endloop
 endfacet
 facet normal -1 -0 -0
  outer loop
   vertex 11.75 53.124000549316406 5.5500001907348633
   vertex 11.75 53.200000762939453 5.5500001907348633
   vertex 11.75 53.200000762939453 4.3499999046325684
  endloop
 endfacet
 facet normal 1 0 0
  outer loop
   vertex 10.25 53.124000549316406 5.5500001907348633
   vertex 10.25 53.124000549316406 4.3499999046325684
   vertex 10.25 53.200000762939453 4.3499999046325684
  endloop
 endfacet
 facet normal 1 0 -0
  outer loop
   vertex 10.25 53.124000549316406 5.5500001907348633
   vertex 10.25 53.200000762939453 4.3499999046325684
   vertex 10.25 53.200000762939453 5.5500001907348633
  endloop
 endfacet
 facet normal -0 0 1
  outer loop
   vertex 11.75 53.200000762939453 4.3499999046325684
   vertex 10.25 53.200000762939453 4.3499999046325684
   vertex 10.25 53.124000549316406 4.3499999046325684
  endloop
 endfacet
 facet normal 0 0 1
  outer loop
   vertex 11.75 53.200000762939453 4.3499999046325684
   vertex 10.25 53.124000549316406 4.3499999046325684
   vertex 11.75 53.124000549316406 4.3499999046325684
  endloop
 endfacet
 facet normal -0 0 1
  outer loop
   vertex 18.416669845581055 53.200000762939453 4.3499999046325684
   vertex 16.916669845581055 53.200000762939453 4.3499999046325684
   vertex 16.916669845581055 53.124000549316406 4.3499999046325684
  endloop
 endfacet
 facet normal 0 0 1
  outer loop
   vertex 18.416669845581055 53.200000762939453 4.3499999046325684
   vertex 16.916669845581055 53.124000549316406 4.3499999046325684
   vertex 18.416669845581055 53.124000549316406 4.3499999046325684
  endloop
 endfacet
 facet normal -1 0 0
  outer loop
   vertex 18.416669845581055 53.124000549316406 5.5500001907348633
   vertex 18.416669845581055 53.200000762939453 4.3499999046325684
   vertex 18.416669845581055 53.124000549316406 4.3499999046325684
  endloop
 endfacet
 facet normal -1 -0 -0
  outer loop
   vertex 18.416669845581055 53.124000549316406 5.5500001907348633
   vertex 18.416669845581055 53.200000762939453 5.5500001907348633
   vertex 18.416669845581055 53.200000762939453 4.3499999046325684
  endloop
 endfacet
 facet normal 1 0 0
  outer loop
   vertex 16.916669845581055 53.124000549316406 5.5500001907348633
   vertex 16.916669845581055 53.124000549316406 4.3499999046325684
   vertex 16.916669845581055 53.200000762939453 4.3499999046325684
  endloop
 endfacet
 facet normal 1 0 -0
  outer loop
   vertex 16.916669845581055 53.124000549316406 5.5500001907348633
   vertex 16.916669845581055 53.200000762939453 4.3499999046325684
   vertex 16.916669845581055 53.200000762939453 5.5500001907348633
  endloop
 endfacet
 facet normal 0 0 -1
  outer loop
   vertex 18.416669845581055 53.200000762939453 5.5500001907348633
   vertex 16.916669845581055 53.124000549316406 5.5500001907348633
   vertex 16.916669845581055 53.200000762939453 5.5500001907348633
  endloop
 endfacet
 facet normal 0 0 -1
  outer loop
   vertex 18.416669845581055 53.200000762939453 5.5500001907348633
   vertex 18.416669845581055 53.124000549316406 5.5500001907348633
   vertex 16.916669845581055 53.124000549316406 5.5500001907348633
  endloop
 endfacet
 facet normal 0 0 -1
  outer loop
   vertex 5.0833330154418945 53.200000762939453 8.25
   vertex 3.5833330154418945 53.124000549316406 8.25
   vertex 3.5833330154418945 53.200000762939453 8.25
  endloop
 endfacet
 facet normal 0 0 -1
  outer loop
   vertex 5.0833330154418945 53.200000762939453 8.25
   vertex 5.0833330154418945 53.124000549316406 8.25
   vertex 3.5833330154418945 53.124000549316406 8.25
  endloop
 endfacet
 facet normal -1 0 0
  outer loop
   vertex 5.0833330154418945 53.124000549316406 8.25
   vertex 5.0833330154418945 53.200000762939453 7.0500001907348633
   vertex 5.0833330154418945 53.124000549316406 7.0500001907348633
  endloop
 endfacet
 facet normal -1 -0 -0
  outer loop
   vertex 5.0833330154418945 53.124000549316406 8.25
   vertex 5.0833330154418945 53.200000762939453 8.25
   vertex 5.0833330154418945 53.200000762939453 7.0500001907348633
  endloop
 endfacet
 facet normal 1 0 0
  outer loop
   vertex 3.5833330154418945 53.124000549316406 8.25
   vertex 3.5833330154418945 53.124000549316406 7.0500001907348633
   vertex 3.5833330154418945 53.200000762939453 7.0500001907348633
  endloop
 endfacet
 facet normal 1 0 -0
  outer loop
   vertex 3.5833330154418945 53.124000549316406 8.25
   vertex 3.5833330154418945 53.200000762939453 7.0500001907348633
   vertex 3.5833330154418945 53.200000762939453 8.25
  endloop
 endfacet
 facet normal -0 0 1
  outer loop
   vertex 5.0833330154418945 53.200000762939453 7.0500001907348633
   vertex 3.5833330154418945 53.200000762939453 7.0500001907348633
   vertex 3.5833330154418945 53.124000549316406 7.0500001907348633
  endloop
 endfacet
 facet normal 0 0 1
  outer loop
   vertex 5.0833330154418945 53.200000762939453 7.0500001907348633
   vertex 3.5833330154418945 53.124000549316406 7.0500001907348633
   vertex 5.0833330154418945 53.124000549316406 7.0500001907348633
  endloop
 endfacet
 facet normal 0 0 -1
  outer loop
   vertex 11.75 53.200000762939453 8.25
   vertex 10.25 53.124000549316406 8.25
   vertex 10.25 53.200000762939453 8.25
  endloop
 endfacet
 facet normal 0 0 -1
  outer loop
   vertex 11.75 53.200000762939453 8.25
   vertex 11.75 53.124000549316406 8.25
   vertex 10.25 53.124000549316406 8.25
  endloop
 endfacet
 facet normal -1 0 0
  outer loop
   vertex 11.75 53.124000549316406 8.25
   vertex 11.75 53.200000762939453 7.0500001907348633
   vertex 11.75 53.124000549316406 7.0500001907348633
  endloop
 endfacet
 facet normal -1 -0 -0
  outer loop
   vertex 11.75 53.124000549316406 8.25
   vertex 11.75 53.200000762939453 8.25
   vertex 11.75 53.200000762939453 7.0500001907348633
  endloop
 endfacet
 facet normal 1 0 0
  outer loop
   vertex 10.25 53.124000549316406 8.25
   vertex 10.25 53.124000549316406 7.0500001907348633
   vertex 10.25 53.200000762939453 7.0500001907348633
  endloop
 endfacet
 facet normal 1 0 -0
  outer loop
   vertex 10.25 53.124000549316406 8.25
   vertex 10.25 53.200000762939453 7.0500001907348633
   vertex 10.25 53.200000762939453 8.25
  endloop
 endfacet
 facet normal -0 0 1
  outer loop
   vertex 11.75 53.200000762939453 7.0500001907348633
   vertex 10.25 53.200000762939453 7.0500001907348633
   vertex 10.25 53.124000549316406 7.0500001907348633
  endloop
 endfacet
 facet normal 0 0 1
  outer loop
   vertex 11.75 53.200000762939453 7.0500001907348633
   vertex 10.25 53.124000549316406 7.0500001907348633
   vertex 11.75 53.124000549316406 7.0500001907348633
  endloop
 endfacet
 facet normal -0 0 1
  outer loop
   vertex 18.416669845581055 53.200000762939453 7.0500001907348633
   vertex 16.916669845581055 53.200000762939453 7.0500001907348633
   vertex 16.916669845581055 53.124000549316406 7.0500001907348633
  endloop
 endfacet
 facet normal 0 0 1
  outer loop
   vertex 18.416669845581055 53.200000762939453 7.0500001907348633
   vertex 16.916669845581055 53.124000549316406 7.0500001907348633
   vertex 18.416669845581055 53.124000549316406 7.0500001907348633
  endloop
 endfacet
 facet normal -1 0 0
  outer loop
   vertex 18.416669845581055 53.124000549316406 8.25
   vertex 18.416669845581055 53.200000762939453 7.0500001907348633
   vertex 18.416669845581055 53.124000549316406 7.0500001907348633
  endloop
 endfacet
 facet normal -1 -0 -0
  outer loop
   vertex 18.416669845581055 53.124000549316406 8.25
   vertex 18.416669845581055 53.200000762939453 8.25
   vertex 18.416669845581055 53.200000762939453 7.0500001907348633
  endloop
 endfacet
 facet normal 1 0 0
  outer loop
   vertex 16.916669845581055 53.124000549316406 8.25
   vertex 16.916669845581055 53.124000549316406 7.0500001907348633
   vertex 16.916669845581055 53.200000762939453 7.0500001907348633
  endloop
 endfacet
 facet normal 1 0 -0
  outer loop
   vertex 16.916669845581055 53.124000549316406 8.25
   vertex 16.916669845581055 53.200000762939453 7.0500001907348633
   vertex 16.916669845581055 53.200000762939453 8.25
  endloop
 endfacet
 facet normal 0 0 -1
  outer loop
   vertex 18.416669845581055 53.200000762939453 8.25
   vertex 16.916669845581055 53.124000549316406 8.25
   vertex 16.916669845581055 53.200000762939453 8.25
  endloop
 endfacet
 facet normal 0 0 -1
  outer loop
   vertex 18.416669845581055 53.200000762939453 8.25
   vertex 18.416669845581055 53.124000549316406 8.25
   vertex 16.916669845581055 53.124000549316406 8.25
  endloop
 endfacet
 facet normal 0 0 -1
  outer loop
   vertex 5.0833330154418945 53.200000762939453 10.949999809265137
   vertex 3.5833330154418945 53.124000549316406 10.949999809265137
   vertex 3.5833330154418945 53.200000762939453 10.949999809265137
  endloop
 endfacet
 facet normal 0 0 -1
  outer loop
   vertex 5.0833330154418945 53.200000762939453 10.949999809265137
   vertex 5.0833330154418945 53.124000549316406 10.949999809265137
   vertex 3.5833330154418945 53.124000549316406 10.949999809265137
  endloop
 endfacet
 facet normal -1 0 0
  outer loop
   vertex 5.0833330154418945 53.124000549316406 10.949999809265137
   vertex 5.0833330154418945 53.200000762939453 9.75
   vertex 5.0833330154418945 53.124000549316406 9.75
  endloop
 endfacet
 facet normal -1 -0 -0
  outer loop
   vertex 5.0833330154418945 53.124000549316406 10.949999809265137
   vertex 5.0833330154418945 53.200000762939453 10.949999809265137
   vertex 5.0833330154418945 53.200000762939453 9.75
  endloop
 endfacet
 facet normal 1 0 0
  outer loop
   vertex 3.5833330154418945 53.124000549316406 10.949999809265137
   vertex 3.5833330154418945 53.124000549316406 9.75
   vertex 3.5833330154418945 53.200000762939453 9.75
  endloop
 endfacet
 facet normal 1 0 -0
  outer loop
   vertex 3.5833330154418945 53.124000549316406 10.949999809265137
   vertex 3.5833330154418945 53.200000762939453 9.75
   vertex 3.5833330154418945 53.200000762939453 10.949999809265137
  endloop
 endfacet
 facet normal -0 0 1
  outer loop
   vertex 5.0833330154418945 53.200000762939453 9.75
   vertex 3.5833330154418945 53.200000762939453 9.75
   vertex 3.5833330154418945 53.124000549316406 9.75
  endloop
 endfacet
 facet normal 0 0 1
  outer loop
   vertex 5.0833330154418945 53.200000762939453 9.75
   vertex 3.5833330154418945 53.124000549316406 9.75
   vertex 5.0833330154418945 53.124000549316406 9.75
  endloop
 endfacet
 facet normal 0 0 -1
  outer loop
   vertex 11.75 53.200000762939453 10.949999809265137
   vertex 10.25 53.124000549316406 10.949999809265137
   vertex 10.25 53.200000762939453 10.949999809265137
  endloop
 endfacet
 facet normal 0 0 -1
  outer loop
   vertex 11.75 53.200000762939453 10.949999809265137
   vertex 11.75 53.124000549316406 10.949999809265137
   vertex 10.25 53.124000549316406 10.949999809265137
  endloop
 endfacet
 facet normal -1 0 0
  outer loop
   vertex 11.75 53.124000549316406 10.949999809265137
   vertex 11.75 53.200000762939453 9.75
   vertex 11.75 53.124000549316406 9.75
  endloop
 endfacet
 facet normal -1 -0 -0
  outer loop
   vertex 11.75 53.124000549316406 10.949999809265137
   vertex 11.75 53.200000762939453 10.949999809265137
   vertex 11.75 53.200000762939453 9.75
  endloop
 endfacet
 facet normal 1 0 0
  outer loop
   vertex 10.25 53.124000549316406 10.949999809265137
   vertex 10.25 53.124000549316406 9.75
   vertex 10.25 53.200000762939453 9.75
  endloop
 endfacet
 facet normal 1 0 -0
  outer loop
   vertex 10.25 53.124000549316406 10.949999809265137
   vertex 10.25 53.200000762939453 9.75
   vertex 10.25 53.200000762939453 10.949999809265137
  endloop
 endfacet
 facet normal -0 0 1
  outer loop
   vertex 11.75 53.200000762939453 9.75
   vertex 10.25 53.200000762939453 9.75
   vertex 10.25 53.124000549316406 9.75
  endloop
 endfacet
 facet normal 0 0 1
  outer loop
   vertex 11.75 53.200000762939453 9.75
   vertex 10.25 53.124000549316406 9.75
   vertex 11.75 53.124000549316406 9.75
  endloop
 endfacet
 facet normal -0 0 1
  outer loop
   vertex 18.416669845581055 53.200000762939453 9.75
   vertex 16.916669845581055 53.200000762939453 9.75
   vertex 16.916669845581055 53.124000549316406 9.75
  endloop
 endfacet
 facet normal 0 0 1
  outer loop
   vertex 18.416669845581055 53.200000762939453 9.75
   vertex 16.916669845581055 53.124000549316406 9.75
   vertex 18.416669845581055 53.124000549316406 9.75
  endloop
 endfacet
 facet normal -1 0 0
  outer loop
   vertex 18.416669845581055 53.124000549316406 10.949999809265137
   vertex 18.416669845581055 53.200000762939453 9.75
   vertex 18.416669845581055 53.124000549316406 9.75
  endloop
 endfacet
 facet normal -1 -0 -0
  outer loop
   vertex 18.416669845581055 53.124000549316406 10.949999809265137
   vertex 18.416669845581055 53.200000762939453 10.949999809265137
   vertex 18.416669845581055 53.200000762939453 9.75
  endloop
 endfacet
 facet normal 1 0 0
  outer loop
   vertex 16.916669845581055 53.124000549316406 10.949999809265137
   vertex 16.916669845581055 53.124000549316406 9.75
   vertex 16.916669845581055 53.200000762939453 9.75
  endloop
 endfacet
 facet normal 1 0 -0
  outer loop
   vertex 16.916669845581055 53.124000549316406 10.949999809265137
   vertex 16.916669845581055 53.200000762939453 9.75
   vertex 16.916669845581055 53.200000762939453 10.949999809265137
  endloop
 endfacet
 facet normal 0 0 -1
  outer loop
   vertex 18.416669845581055 53.200000762939453 10.949999809265137
   vertex 16.916669845581055 53.124000549316406 10.949999809265137
   vertex 16.916669845581055 53.200000762939453 10.949999809265137
  endloop
 endfacet
 facet normal 0 0 -1
  outer loop
   vertex 18.416669845581055 53.200000762939453 10.949999809265137
   vertex 18.416669845581055 53.124000549316406 10.949999809265137
   vertex 16.916669845581055 53.124000549316406 10.949999809265137
  endloop
 endfacet
 facet normal 0 0 -1
  outer loop
   vertex 5.0833330154418945 53.200000762939453 13.649999618530273
   vertex 3.5833330154418945 53.124000549316406 13.649999618530273
   vertex 3.5833330154418945 53.200000762939453 13.649999618530273
  endloop
 endfacet
 facet normal 0 0 -1
  outer loop
   vertex 5.0833330154418945 53.200000762939453 13.649999618530273
   vertex 5.0833330154418945 53.124000549316406 13.649999618530273
   vertex 3.5833330154418945 53.124000549316406 13.649999618530273
  endloop
 endfacet
 facet normal -1 0 0
  outer loop
   vertex 5.0833330154418945 53.124000549316406 13.649999618530273
   vertex 5.0833330154418945 53.200000762939453 12.449999809265137
   vertex 5.0833330154418945 53.124000549316406 12.449999809265137
  endloop
 endfacet
 facet normal -1 -0 -0
  outer loop
   vertex 5.0833330154418945 53.124000549316406 13.649999618530273
   vertex 5.0833330154418945 53.200000762939453 13.649999618530273
   vertex 5.0833330154418945 53.200000762939453 12.449999809265137
  endloop
 endfacet
 facet normal 1 0 0
  outer loop
   vertex 3.5833330154418945 53.124000549316406 13.649999618530273
   vertex 3.5833330154418945 53.124000549316406 12.449999809265137
   vertex 3.5833330154418945 53.200000762939453 12.449999809265137
  endloop
 endfacet
 facet normal 1 0 -0
  outer loop
   vertex 3.5833330154418945 53.124000549316406 13.649999618530273
   vertex 3.5833330154418945 53.200000762939453 12.449999809265137
   vertex 3.5833330154418945 53.200000762939453 13.649999618530273
  endloop
 endfacet
 facet normal -0 0 1
  outer loop
   vertex 5.0833330154418945 53.200000762939453 12.449999809265137
   vertex 3.5833330154418945 53.200000762939453 12.449999809265137
   vertex 3.5833330154418945 53.124000549316406 12.449999809265137
  endloop
 endfacet
 facet normal 0 0 1
  outer loop
   vertex 5.0833330154418945 53.200000762939453 12.449999809265137
   vertex 3.5833330154418945 53.124000549316406 12.449999809265137
   vertex 5.0833330154418945 53.124000549316406 12.449999809265137
  endloop
 endfacet
 facet normal 0 0 -1
  outer loop
   vertex 11.75 53.200000762939453 13.649999618530273
   vertex 10.25 53.124000549316406 13.649999618530273
   vertex 10.25 53.200000762939453 13.649999618530273
  endloop
 endfacet
 facet normal 0 0 -1
  outer loop
   vertex 11.75 53.200000762939453 13.649999618530273
   vertex 11.75 53.124000549316406 13.649999618530273
   vertex 10.25 53.124000549316406 13.649999618530273
  endloop
 endfacet
 facet normal -1 0 0
  outer loop
   vertex 11.75 53.124000549316406 13.649999618530273
   vertex 11.75 53.200000762939453 12.449999809265137
   vertex 11.75 53.124000549316406 12.449999809265137
  endloop
 endfacet
 facet normal -1 -0 -0
  outer loop
   vertex 11.75 53.124000549316406 13.649999618530273
   vertex 11.75 53.200000762939453 13.649999618530273
   vertex 11.75 53.200000762939453 12.449999809265137
  endloop
 endfacet
 facet normal 1 0 0
  outer loop
   vertex 10.25 53.124000549316406 13.649999618530273
   vertex 10.25 53.124000549316406 12.449999809265137
   vertex 10.25 53.200000762939453 12.449999809265137
  endloop
 endfacet
 facet normal 1 0 -0
  outer loop
   vertex 10.25 53.124000549316406 13.649999618530273
   vertex 10.25 53.200000762939453 12.449999809265137
   vertex 10.25 53.200000762939453 13.649999618530273
  endloop
 endfacet
 facet normal -0 0 1
  outer loop
   vertex 11.75 53.200000762939453 12.449999809265137
   vertex 10.25 53.200000762939453 12.449999809265137
   vertex 10.25 53.124000549316406 12.449999809265137
  endloop
 endfacet
 facet normal 0 0 1
  outer loop
   vertex 11.75 53.200000762939453 12.449999809265137
   vertex 10.25 53.124000549316406 12.449999809265137
   vertex 11.75 53.124000549316406 12.449999809265137
  endloop
 endfacet
 facet normal -0 0 1
  outer loop
   vertex 18.416669845581055 53.200000762939453 12.449999809265137
   vertex 16.916669845581055 53.200000762939453 12.449999809265137
   vertex 16.916669845581055 53.124000549316406 12.449999809265137
  endloop
 endfacet
 facet normal 0 0 1
  outer loop
   vertex 18.416669845581055 53.200000762939453 12.449999809265137
   vertex 16.916669845581055 53.124000549316406 12.449999809265137
   vertex 18.416669845581055 53.124000549316406 12.449999809265137
  endloop
 endfacet
 facet normal -1 0 0
  outer loop
   vertex 18.416669845581055 53.124000549316406 13.649999618530273
   vertex 18.416669845581055 53.200000762939453 12.449999809265137
   vertex 18.416669845581055 53.124000549316406 12.449999809265137
  endloop
 endfacet
 facet normal -1 -0 -0
  outer loop
   vertex 18.416669845581055 53.124000549316406 13.649999618530273
   vertex 18.416669845581055 53.200000762939453 13.649999618530273
   vertex 18.416669845581055 53.200000762939453 12.449999809265137
  endloop
 endfacet
 facet normal 1 0 0
  outer loop
   vertex 16.916669845581055 53.124000549316406 13.649999618530273
   vertex 16.916669845581055 53.124000549316406 12.449999809265137
   vertex 16.916669845581055 53.200000762939453 12.449999809265137
  endloop
 endfacet
 facet normal 1 0 -0
  outer loop
   vertex 16.916669845581055 53.124000549316406 13.649999618530273
   vertex 16.916669845581055 53.200000762939453 12.449999809265137
   vertex 16.916669845581055 53.200000762939453 13.649999618530273
  endloop
 endfacet
 facet normal 0 0 -1
  outer loop
   vertex 18.416669845581055 53.200000762939453 13.649999618530273
   vertex 16.916669845581055 53.124000549316406 13.649999618530273
   vertex 16.916669845581055 53.200000762939453 13.649999618530273
  endloop
 endfacet
 facet normal 0 0 -1
  outer loop
   vertex 18.416669845581055 53.200000762939453 13.649999618530273
   vertex 18.416669845581055 53.124000549316406 13.649999618530273
   vertex 16.916669845581055 53.124000549316406 13.649999618530273
  endloop
 endfacet
 facet normal -0 0 1
  outer loop
   vertex 7.6666669845581055 67.699996948242188 12
   vertex 1.2999999523162842 67.699996948242188 12
   vertex 1.2999999523162842 60.700000762939453 12
  endloop
 endfacet
 facet normal 0 0 1
  outer loop
   vertex 7.6666669845581055 67.699996948242188 12
   vertex 1.2999999523162842 60.700000762939453 12
   vertex 7.6666669845581055 60.700000762939453 12
  endloop
 endfacet
 facet normal -1 0 0
  outer loop
   vertex 7.6666669845581055 60.700000762939453 14.5
   vertex 7.6666669845581055 67.699996948242188 12
   vertex 7.6666669845581055 60.700000762939453 12
  endloop
 endfacet
 facet normal -1 -0 -0
  outer loop
   vertex 7.6666669845581055 60.700000762939453 14.5
   vertex 7.6666669845581055 67.699996948242188 14.5
   vertex 7.6666669845581055 67.699996948242188 12
  endloop
 endfacet
 facet normal 0 0 -1
  outer loop
   vertex 7.6666669845581055 67.699996948242188 14.5
   vertex 1.2999999523162842 60.700000762939453 14.5
   vertex 1.2999999523162842 67.699996948242188 14.5
  endloop
 endfacet
 facet normal 0 0 -1
  outer loop
   vertex 7.6666669845581055 67.699996948242188 14.5
   vertex 7.6666669845581055 60.700000762939453 14.5
   vertex 1.2999999523162842 60.700000762939453 14.5
  endloop
 endfacet
 facet normal -0 0 1
  outer loop
   vertex 14.333330154418945 67.699996948242188 12
   vertex 7.8666667938232422 67.699996948242188 12
   vertex 7.8666667938232422 60.700000762939453 12
  endloop
 endfacet
 facet normal 0 0 1
  outer loop
   vertex 14.333330154418945 67.699996948242188 12
   vertex 7.8666667938232422 60.700000762939453 12
   vertex 14.333330154418945 60.700000762939453 12
  endloop
 endfacet
 facet normal 1 0 0
  outer loop
   vertex 7.8666667938232422 60.700000762939453 14.5
   vertex 7.8666667938232422 60.700000762939453 12
   vertex 7.8666667938232422 67.699996948242188 12
  endloop
 endfacet
 facet normal 1 0 -0
  outer loop
   vertex 7.8666667938232422 60.700000762939453 14.5
   vertex 7.8666667938232422 67.699996948242188 12
   vertex 7.8666667938232422 67.699996948242188 14.5
  endloop
 endfacet
 facet normal -1 0 0
  outer loop
   vertex 14.333330154418945 60.700000762939453 14.5
   vertex 14.333330154418945 67.699996948242188 12
   vertex 14.333330154418945 60.700000762939453 12
  endloop
 endfacet
 facet normal -1 -0 -0
  outer loop
   vertex 14.333330154418945 60.700000762939453 14.5
   vertex 14.333330154418945 67.699996948242188 14.5
   vertex 14.333330154418945 67.699996948242188 12
  endloop
 endfacet
 facet normal 0 0 -1
  outer loop
   vertex 14.333330154418945 67.699996948242188 14.5
   vertex 7.8666667938232422 60.700000762939453 14.5
   vertex 7.8666667938232422 67.699996948242188 14.5
  endloop
 endfacet
 facet normal 0 0 -1
  outer loop
   vertex 14.333330154418945 67.699996948242188 14.5
   vertex 14.333330154418945 60.700000762939453 14.5
   vertex 7.8666667938232422 60.700000762939453 14.5
  endloop
 endfacet
 facet normal 0 0 1
  outer loop
   vertex 14.533329963684082 67.699996948242188 12
   vertex 14.533329963684082 60.700000762939453 12
   vertex 20.700000762939453 60.700000762939453 12
  endloop
 endfacet
 facet normal -0 0 1
  outer loop
   vertex 20.700000762939453 67.699996948242188 12
   vertex 14.533329963684082 67.699996948242188 12
   vertex 20.700000762939453 60.700000762939453 12
  endloop
 endfacet
 facet normal 1 0 0
  outer loop
   vertex 14.533329963684082 60.700000762939453 14.5
   vertex 14.533329963684082 60.700000762939453 12
   vertex 14.533329963684082 67.699996948242188 12
  endloop
 endfacet
 facet normal 1 0 -0
  outer loop
   vertex 14.533329963684082 60.700000762939453 14.5
   vertex 14.533329963684082 67.699996948242188 12
   vertex 14.533329963684082 67.699996948242188 14.5
  endloop
 endfacet
 facet normal 0 0 -1
  outer loop
   vertex 14.533329963684082 67.699996948242188 14.5
   vertex 20.700000762939453 60.700000762939453 14.5
   vertex 14.533329963684082 60.700000762939453 14.5
  endloop
 endfacet
 facet normal 0 0 -1
  outer loop
   vertex 20.700000762939453 67.699996948242188 14.5
   vertex 20.700000762939453 60.700000762939453 14.5
   vertex 14.533329963684082 67.699996948242188 14.5
  endloop
 endfacet
 facet normal -0 0 1
  outer loop
   vertex 7.6666669845581055 67.699996948242188 9.3000001907348633
   vertex 1.2999999523162842 67.699996948242188 9.3000001907348633
   vertex 1.2999999523162842 60.700000762939453 9.3000001907348633
  endloop
 endfacet
 facet normal 0 0 1
  outer loop
   vertex 7.6666669845581055 67.699996948242188 9.3000001907348633
   vertex 1.2999999523162842 60.700000762939453 9.3000001907348633
   vertex 7.6666669845581055 60.700000762939453 9.3000001907348633
  endloop
 endfacet
 facet normal -1 0 -0
  outer loop
   vertex 7.6666669845581055 60.700000762939453 9.3000001907348633
   vertex 7.6666669845581055 67.699996948242188 11.800000190734863
   vertex 7.6666669845581055 67.699996948242188 9.3000001907348633
  endloop
 endfacet
 facet normal -1 -0 0
  outer loop
   vertex 7.6666669845581055 60.700000762939453 11.800000190734863
   vertex 7.6666669845581055 67.699996948242188 11.800000190734863
   vertex 7.6666669845581055 60.700000762939453 9.3000001907348633
  endloop
 endfacet
 facet normal 0 0 -1
  outer loop
   vertex 7.6666669845581055 67.699996948242188 11.800000190734863
   vertex 1.2999999523162842 60.700000762939453 11.800000190734863
   vertex 1.2999999523162842 67.699996948242188 11.800000190734863
  endloop
 endfacet
 facet normal 0 0 -1
  outer loop
   vertex 7.6666669845581055 67.699996948242188 11.800000190734863
   vertex 7.6666669845581055 60.700000762939453 11.800000190734863
   vertex 1.2999999523162842 60.700000762939453 11.800000190734863
  endloop
 endfacet
 facet normal -0 0 1
  outer loop
   vertex 14.333330154418945 67.699996948242188 9.3000001907348633
   vertex 7.8666667938232422 67.699996948242188 9.3000001907348633
   vertex 7.8666667938232422 60.700000762939453 9.3000001907348633
  endloop
 endfacet
 facet normal 0 0 1
  outer loop
   vertex 14.333330154418945 67.699996948242188 9.3000001907348633
   vertex 7.8666667938232422 60.700000762939453 9.3000001907348633
   vertex 14.333330154418945 60.700000762939453 9.3000001907348633
  endloop
 endfacet
 facet normal 1 0 -0
  outer loop
   vertex 7.8666667938232422 60.700000762939453 9.3000001907348633
   vertex 7.8666667938232422 67.699996948242188 9.3000001907348633
   vertex 7.8666667938232422 67.699996948242188 11.800000190734863
  endloop
 endfacet
 facet normal 1 0 0
  outer loop
   vertex 7.8666667938232422 60.700000762939453 11.800000190734863
   vertex 7.8666667938232422 60.700000762939453 9.3000001907348633
   vertex 7.8666667938232422 67.699996948242188 11.800000190734863
  endloop
 endfacet
 facet normal -1 0 -0
  outer loop
   vertex 14.333330154418945 60.700000762939453 9.3000001907348633
   vertex 14.333330154418945 67.699996948242188 11.800000190734863
   vertex 14.333330154418945 67.699996948242188 9.3000001907348633
  endloop
 endfacet
 facet normal -1 -0 0
  outer loop
   vertex 14.333330154418945 60.700000762939453 11.800000190734863
   vertex 14.333330154418945 67.699996948242188 11.800000190734863
   vertex 14.333330154418945 60.700000762939453 9.3000001907348633
  endloop
 endfacet
 facet normal 0 0 -1
  outer loop
   vertex 14.333330154418945 67.699996948242188 11.800000190734863
   vertex 7.8666667938232422 60.700000762939453 11.800000190734863
   vertex 7.8666667938232422 67.699996948242188 11.800000190734863
  endloop
 endfacet
 facet normal 0 0 -1
  outer loop
   vertex 14.333330154418945 67.699996948242188 11.800000190734863
   vertex 14.333330154418945 60.700000762939453 11.800000190734863
   vertex 7.8666667938232422 60.700000762939453 11.800000190734863
  endloop
 endfacet
 facet normal 0 0 1
  outer loop
   vertex 14.533329963684082 67.699996948242188 9.3000001907348633
   vertex 14.533329963684082 60.700000762939453 9.3000001907348633
   vertex 20.700000762939453 60.700000762939453 9.3000001907348633
  endloop
 endfacet
 facet normal -0 0 1
  outer loop
   vertex 20.700000762939453 67.699996948242188 9.3000001907348633
   vertex 14.533329963684082 67.699996948242188 9.3000001907348633
   vertex 20.700000762939453 60.700000762939453 9.3000001907348633
  endloop
 endfacet
 facet normal 1 0 -0
  outer loop
   vertex 14.533329963684082 60.700000762939453 9.3000001907348633
   vertex 14.533329963684082 67.699996948242188 9.3000001907348633
   vertex 14.533329963684082 67.699996948242188 11.800000190734863
  endloop
 endfacet
 facet normal 1 0 0
  outer loop
   vertex 14.533329963684082 60.700000762939453 11.800000190734863
   vertex 14.533329963684082 60.700000762939453 9.3000001907348633
   vertex 14.533329963684082 67.699996948242188 11.800000190734863
  endloop
 endfacet
 facet normal 0 0 -1
  outer loop
   vertex 14.533329963684082 67.699996948242188 11.800000190734863
   vertex 20.700000762939453 60.700000762939453 11.800000190734863
   vertex 14.533329963684082 60.700000762939453 11.800000190734863
  endloop
 endfacet
 facet normal 0 0 -1
  outer loop
   vertex 20.700000762939453 67.699996948242188 11.800000190734863
   vertex 20.700000762939453 60.700000762939453 11.800000190734863
   vertex 14.533329963684082 67.699996948242188 11.800000190734863
  endloop
 endfacet
 facet normal -0 0 1
  outer loop
   vertex 7.6666669845581055 67.699996948242188 6.5999999046325684
   vertex 1.2999999523162842 67.699996948242188 6.5999999046325684
   vertex 1.2999999523162842 60.700000762939453 6.5999999046325684
  endloop
 endfacet
 facet normal 0 0 1
  outer loop
   vertex 7.6666669845581055 67.699996948242188 6.5999999046325684
   vertex 1.2999999523162842 60.700000762939453 6.5999999046325684
   vertex 7.6666669845581055 60.700000762939453 6.5999999046325684
  endloop
 endfacet
 facet normal -1 0 0
  outer loop
   vertex 7.6666669845581055 60.700000762939453 9.1000003814697266
   vertex 7.6666669845581055 67.699996948242188 6.5999999046325684
   vertex 7.6666669845581055 60.700000762939453 6.5999999046325684
  endloop
 endfacet
 facet normal -1 -0 -0
  outer loop
   vertex 7.6666669845581055 60.700000762939453 9.1000003814697266
   vertex 7.6666669845581055 67.699996948242188 9.1000003814697266
   vertex 7.6666669845581055 67.699996948242188 6.5999999046325684
  endloop
 endfacet
 facet normal 0 0 -1
  outer loop
   vertex 7.6666669845581055 67.699996948242188 9.1000003814697266
   vertex 1.2999999523162842 60.700000762939453 9.1000003814697266
   vertex 1.2999999523162842 67.699996948242188 9.1000003814697266
  endloop
 endfacet
 facet normal 0 0 -1
  outer loop
   vertex 7.6666669845581055 67.699996948242188 9.1000003814697266
   vertex 7.6666669845581055 60.700000762939453 9.1000003814697266
   vertex 1.2999999523162842 60.700000762939453 9.1000003814697266
  endloop
 endfacet
 facet normal -0 0 1
  outer loop
   vertex 14.333330154418945 67.699996948242188 6.5999999046325684
   vertex 7.8666667938232422 67.699996948242188 6.5999999046325684
   vertex 7.8666667938232422 60.700000762939453 6.5999999046325684
  endloop
 endfacet
 facet normal 0 0 1
  outer loop
   vertex 14.333330154418945 67.699996948242188 6.5999999046325684
   vertex 7.8666667938232422 60.700000762939453 6.5999999046325684
   vertex 14.333330154418945 60.700000762939453 6.5999999046325684
  endloop
 endfacet
 facet normal 1 0 0
  outer loop
   vertex 7.8666667938232422 60.700000762939453 9.1000003814697266
   vertex 7.8666667938232422 60.700000762939453 6.5999999046325684
   vertex 7.8666667938232422 67.699996948242188 6.5999999046325684
  endloop
 endfacet
 facet normal 1 0 -0
  outer loop
   vertex 7.8666667938232422 60.700000762939453 9.1000003814697266
   vertex 7.8666667938232422 67.699996948242188 6.5999999046325684
   vertex 7.8666667938232422 67.699996948242188 9.1000003814697266
  endloop
 endfacet
 facet normal -1 0 0
  outer loop
   vertex 14.333330154418945 60.700000762939453 9.1000003814697266
   vertex 14.333330154418945 67.699996948242188 6.5999999046325684
   vertex 14.333330154418945 60.700000762939453 6.5999999046325684
  endloop
 endfacet
 facet normal -1 -0 -0
  outer loop
   vertex 14.333330154418945 60.700000762939453 9.1000003814697266
   vertex 14.333330154418945 67.699996948242188 9.1000003814697266
   vertex 14.333330154418945 67.699996948242188 6.5999999046325684
  endloop
 endfacet
 facet normal 0 0 -1
  outer loop
   vertex 14.333330154418945 67.699996948242188 9.1000003814697266
   vertex 7.8666667938232422 60.700000762939453 9.1000003814697266
   vertex 7.8666667938232422 67.699996948242188 9.1000003814697266
  endloop
 endfacet
 facet normal 0 0 -1
  outer loop
   vertex 14.333330154418945 67.699996948242188 9.1000003814697266
   vertex 14.333330154418945 60.700000762939453 9.1000003814697266
   vertex 7.8666667938232422 60.700000762939453 9.1000003814697266
  endloop
 endfacet
 facet normal 0 0 1
  outer loop
   vertex 14.533329963684082 67.699996948242188 6.5999999046325684
   vertex 14.533329963684082 60.700000762939453 6.5999999046325684
   vertex 20.700000762939453 60.700000762939453 6.5999999046325684
  endloop
 endfacet
 facet normal -0 0 1
  outer loop
   vertex 20.700000762939453 67.699996948242188 6.5999999046325684
   vertex 14.533329963684082 67.699996948242188 6.5999999046325684
   vertex 20.700000762939453 60.700000762939453 6.5999999046325684
  endloop
 endfacet
 facet normal 1 0 0
  outer loop
   vertex 14.533329963684082 60.700000762939453 9.1000003814697266
   vertex 14.533329963684082 60.700000762939453 6.5999999046325684
   vertex 14.533329963684082 67.699996948242188 6.5999999046325684
  endloop
 endfacet
 facet normal 1 0 -0
  outer loop
   vertex 14.533329963684082 60.700000762939453 9.1000003814697266
   vertex 14.533329963684082 67.699996948242188 6.5999999046325684
   vertex 14.533329963684082 67.699996948242188 9.1000003814697266
  endloop
 endfacet
 facet normal 0 0 -1
  outer loop
   vertex 14.533329963684082 67.699996948242188 9.1000003814697266
   vertex 20.700000762939453 60.700000762939453 9.1000003814697266
   vertex 14.533329963684082 60.700000762939453 9.1000003814697266
  endloop
 endfacet
 facet normal 0 0 -1
  outer loop
   vertex 20.700000762939453 67.699996948242188 9.1000003814697266
   vertex 20.700000762939453 60.700000762939453 9.1000003814697266
   vertex 14.533329963684082 67.699996948242188 9.1000003814697266
  endloop
 endfacet
 facet normal -0 0 1
  outer loop
   vertex 7.6666669845581055 67.699996948242188 3.9000000953674316
   vertex 1.2999999523162842 67.699996948242188 3.9000000953674316
   vertex 1.2999999523162842 60.700000762939453 3.9000000953674316
  endloop
 endfacet
 facet normal 0 0 1
  outer loop
   vertex 7.6666669845581055 67.699996948242188 3.9000000953674316
   vertex 1.2999999523162842 60.700000762939453 3.9000000953674316
   vertex 7.6666669845581055 60.700000762939453 3.9000000953674316
  endloop
 endfacet
 facet normal -1 0 -0
  outer loop
   vertex 7.6666669845581055 60.700000762939453 3.9000000953674316
   vertex 7.6666669845581055 67.699996948242188 6.4000000953674316
   vertex 7.6666669845581055 67.699996948242188 3.9000000953674316
  endloop
 endfacet
 facet normal -1 -0 0
  outer loop
   vertex 7.6666669845581055 60.700000762939453 6.4000000953674316
   vertex 7.6666669845581055 67.699996948242188 6.4000000953674316
   vertex 7.6666669845581055 60.700000762939453 3.9000000953674316
  endloop
 endfacet
 facet normal 0 0 -1
  outer loop
   vertex 7.6666669845581055 67.699996948242188 6.4000000953674316
   vertex 1.2999999523162842 60.700000762939453 6.4000000953674316
   vertex 1.2999999523162842 67.699996948242188 6.4000000953674316
  endloop
 endfacet
 facet normal 0 0 -1
  outer loop
   vertex 7.6666669845581055 67.699996948242188 6.4000000953674316
   vertex 7.6666669845581055 60.700000762939453 6.4000000953674316
   vertex 1.2999999523162842 60.700000762939453 6.4000000953674316
  endloop
 endfacet
 facet normal -0 0 1
  outer loop
   vertex 14.333330154418945 67.699996948242188 3.9000000953674316
   vertex 7.8666667938232422 67.699996948242188 3.9000000953674316
   vertex 7.8666667938232422 60.700000762939453 3.9000000953674316
  endloop
 endfacet
 facet normal 0 0 1
  outer loop
   vertex 14.333330154418945 67.699996948242188 3.9000000953674316
   vertex 7.8666667938232422 60.700000762939453 3.9000000953674316
   vertex 14.333330154418945 60.700000762939453 3.9000000953674316
  endloop
 endfacet
 facet normal 1 0 -0
  outer loop
   vertex 7.8666667938232422 60.700000762939453 3.9000000953674316
   vertex 7.8666667938232422 67.699996948242188 3.9000000953674316
   vertex 7.8666667938232422 67.699996948242188 6.4000000953674316
  endloop
 endfacet
 facet normal 1 0 0
  outer loop
   vertex 7.8666667938232422 60.700000762939453 6.4000000953674316
   vertex 7.8666667938232422 60.700000762939453 3.9000000953674316
   vertex 7.8666667938232422 67.699996948242188 6.4000000953674316
  endloop
 endfacet
 facet normal -1 0 -0
  outer loop
   vertex 14.333330154418945 60.700000762939453 3.9000000953674316
   vertex 14.333330154418945 67.699996948242188 6.4000000953674316
   vertex 14.333330154418945 67.699996948242188 3.9000000953674316
  endloop
 endfacet
 facet normal -1 -0 0
  outer loop
   vertex 14.333330154418945 60.700000762939453 6.4000000953674316
   vertex 14.333330154418945 67.699996948242188 6.4000000953674316
   vertex 14.333330154418945 60.700000762939453 3.9000000953674316
  endloop
 endfacet
 facet normal 0 0 -1
  outer loop
   vertex 14.333330154418945 67.699996948242188 6.4000000953674316
   vertex 7.8666667938232422 60.700000762939453 6.4000000953674316
   vertex 7.8666667938232422 67.699996948242188 6.4000000953674316
  endloop
 endfacet
 facet normal 0 0 -1
  outer loop
   vertex 14.333330154418945 67.699996948242188 6.4000000953674316
   vertex 14.333330154418945 60.700000762939453 6.4000000953674316
   vertex 7.8666667938232422 60.700000762939453 6.4000000953674316
  endloop
 endfacet
 facet normal 0 0 1
  outer loop
   vertex 14.533329963684082 67.699996948242188 3.9000000953674316
   vertex 14.533329963684082 60.700000762939453 3.9000000953674316
   vertex 20.700000762939453 60.700000762939453 3.9000000953674316
  endloop
 endfacet
 facet normal -0 0 1
  outer loop
   vertex 20.700000762939453 67.699996948242188 3.9000000953674316
   vertex 14.533329963684082 67.699996948242188 3.9000000953674316
   vertex 20.700000762939453 60.700000762939453 3.9000000953674316
  endloop
 endfacet
 facet normal 1 0 -0
  outer loop
   vertex 14.533329963684082 60.700000762939453 3.9000000953674316
   vertex 14.533329963684082 67.699996948242188 3.9000000953674316
   vertex 14.533329963684082 67.699996948242188 6.4000000953674316
  endloop
 endfacet
 facet normal 1 0 0
  outer loop
   vertex 14.533329963684082 60.700000762939453 6.4000000953674316
   vertex 14.533329963684082 60.700000762939453 3.9000000953674316
   vertex 14.533329963684082 67.699996948242188 6.4000000953674316
  endloop
 endfacet
 facet normal 0 0 -1
  outer loop
   vertex 14.533329963684082 67.699996948242188 6.4000000953674316
   vertex 20.700000762939453 60.700000762939453 6.4000000953674316
   vertex 14.533329963684082 60.700000762939453 6.4000000953674316
  endloop
 endfacet
 facet normal 0 0 -1
  outer loop
   vertex 20.700000762939453 67.699996948242188 6.4000000953674316
   vertex 20.700000762939453 60.700000762939453 6.4000000953674316
   vertex 14.533329963684082 67.699996948242188 6.4000000953674316
  endloop
 endfacet
 facet normal -0 0 1
  outer loop
   vertex 7.6666669845581055 67.699996948242188 1.2000000476837158
   vertex 1.2999999523162842 67.699996948242188 1.2000000476837158
   vertex 1.2999999523162842 60.700000762939453 1.2000000476837158
  endloop
 endfacet
 facet normal 0 0 1
  outer loop
   vertex 7.6666669845581055 67.699996948242188 1.2000000476837158
   vertex 1.2999999523162842 60.700000762939453 1.2000000476837158
   vertex 7.6666669845581055 60.700000762939453 1.2000000476837158
  endloop
 endfacet
 facet normal -1 0 -0
  outer loop
   vertex 7.6666669845581055 60.700000762939453 1.2000000476837158
   vertex 7.6666669845581055 67.699996948242188 3.7000000476837158
   vertex 7.6666669845581055 67.699996948242188 1.2000000476837158
  endloop
 endfacet
 facet normal -1 -0 0
  outer loop
   vertex 7.6666669845581055 60.700000762939453 3.7000000476837158
   vertex 7.6666669845581055 67.699996948242188 3.7000000476837158
   vertex 7.6666669845581055 60.700000762939453 1.2000000476837158
  endloop
 endfacet
 facet normal 0 0 -1
  outer loop
   vertex 7.6666669845581055 67.699996948242188 3.7000000476837158
   vertex 1.2999999523162842 60.700000762939453 3.7000000476837158
   vertex 1.2999999523162842 67.699996948242188 3.7000000476837158
  endloop
 endfacet
 facet normal 0 0 -1
  outer loop
   vertex 7.6666669845581055 67.699996948242188 3.7000000476837158
   vertex 7.6666669845581055 60.700000762939453 3.7000000476837158
   vertex 1.2999999523162842 60.700000762939453 3.7000000476837158
  endloop
 endfacet
 facet normal -0 0 1
  outer loop
   vertex 14.333330154418945 67.699996948242188 1.2000000476837158
   vertex 7.8666667938232422 67.699996948242188 1.2000000476837158
   vertex 7.8666667938232422 60.700000762939453 1.2000000476837158
  endloop
 endfacet
 facet normal 0 0 1
  outer loop
   vertex 14.333330154418945 67.699996948242188 1.2000000476837158
   vertex 7.8666667938232422 60.700000762939453 1.2000000476837158
   vertex 14.333330154418945 60.700000762939453 1.2000000476837158
  endloop
 endfacet
 facet normal 1 0 -0
  outer loop
   vertex 7.8666667938232422 60.700000762939453 1.2000000476837158
   vertex 7.8666667938232422 67.699996948242188 1.2000000476837158
   vertex 7.8666667938232422 67.699996948242188 3.7000000476837158
  endloop
 endfacet
 facet normal 1 0 0
  outer loop
   vertex 7.8666667938232422 60.700000762939453 3.7000000476837158
   vertex 7.8666667938232422 60.700000762939453 1.2000000476837158
   vertex 7.8666667938232422 67.699996948242188 3.7000000476837158
  endloop
 endfacet
 facet normal -1 0 -0
  outer loop
   vertex 14.333330154418945 60.700000762939453 1.2000000476837158
   vertex 14.333330154418945 67.699996948242188 3.7000000476837158
   vertex 14.333330154418945 67.699996948242188 1.2000000476837158
  endloop
 endfacet
 facet normal -1 -0 0
  outer loop
   vertex 14.333330154418945 60.700000762939453 3.7000000476837158
   vertex 14.333330154418945 67.699996948242188 3.7000000476837158
   vertex 14.333330154418945 60.700000762939453 1.2000000476837158
  endloop
 endfacet
 facet normal 0 0 -1
  outer loop
   vertex 14.333330154418945 67.699996948242188 3.7000000476837158
   vertex 7.8666667938232422 60.700000762939453 3.7000000476837158
   vertex 7.8666667938232422 67.699996948242188 3.7000000476837158
  endloop
 endfacet
 facet normal 0 0 -1
  outer loop
   vertex 14.333330154418945 67.699996948242188 3.7000000476837158
   vertex 14.333330154418945 60.700000762939453 3.7000000476837158
   vertex 7.8666667938232422 60.700000762939453 3.7000000476837158
  endloop
 endfacet
 facet normal 0 0 1
  outer loop
   vertex 14.533329963684082 67.699996948242188 1.2000000476837158
   vertex 14.533329963684082 60.700000762939453 1.2000000476837158
   vertex 20.700000762939453 60.700000762939453 1.2000000476837158
  endloop
 endfacet
 facet normal -0 0 1
  outer loop
   vertex 20.700000762939453 67.699996948242188 1.2000000476837158
   vertex 14.533329963684082 67.699996948242188 1.2000000476837158
   vertex 20.700000762939453 60.700000762939453 1.2000000476837158
  endloop
 endfacet
 facet normal 1 0 -0
  outer loop
   vertex 14.533329963684082 60.700000762939453 1.2000000476837158
   vertex 14.533329963684082 67.699996948242188 1.2000000476837158
   vertex 14.533329963684082 67.699996948242188 3.7000000476837158
  endloop
 endfacet
 facet normal 1 0 0
  outer loop
   vertex 14.533329963684082 60.700000762939453 3.7000000476837158
   vertex 14.533329963684082 60.700000762939453 1.2000000476837158
   vertex 14.533329963684082 67.699996948242188 3.7000000476837158
  endloop
 endfacet
 facet normal 0 0 -1
  outer loop
   vertex 14.533329963684082 67.699996948242188 3.7000000476837158
   vertex 20.700000762939453 60.700000762939453 3.7000000476837158
   vertex 14.533329963684082 60.700000762939453 3.7000000476837158
  endloop
 endfacet
 facet normal 0 0 -1
  outer loop
   vertex 20.700000762939453 67.699996948242188 3.7000000476837158
   vertex 20.700000762939453 60.700000762939453 3.7000000476837158
   vertex 14.533329963684082 67.699996948242188 3.7000000476837158
  endloop
 endfacet
 facet normal -0 0 1
  outer loop
   vertex 7.6666669845581055 60.5 1.2000000476837158
   vertex 1.2999999523162842 60.5 1.2000000476837158
   vertex 1.2999999523162842 53.299999237060547 1.2000000476837158
  endloop
 endfacet
 facet normal 0 0 1
  outer loop
   vertex 7.6666669845581055 60.5 1.2000000476837158
   vertex 1.2999999523162842 53.299999237060547 1.2000000476837158
   vertex 7.6666669845581055 53.299999237060547 1.2000000476837158
  endloop
 endfacet
 facet normal -1 0 0
  outer loop
   vertex 7.6666669845581055 53.299999237060547 3.7000000476837158
   vertex 7.6666669845581055 60.5 1.2000000476837158
   vertex 7.6666669845581055 53.299999237060547 1.2000000476837158
  endloop
 endfacet
 facet normal -1 -0 -0
  outer loop
   vertex 7.6666669845581055 53.299999237060547 3.7000000476837158
   vertex 7.6666669845581055 60.5 3.7000000476837158
   vertex 7.6666669845581055 60.5 1.2000000476837158
  endloop
 endfacet
 facet normal 0 0 -1
  outer loop
   vertex 7.6666669845581055 60.5 3.7000000476837158
   vertex 1.2999999523162842 53.299999237060547 3.7000000476837158
   vertex 1.2999999523162842 60.5 3.7000000476837158
  endloop
 endfacet
 facet normal 0 0 -1
  outer loop
   vertex 7.6666669845581055 60.5 3.7000000476837158
   vertex 7.6666669845581055 53.299999237060547 3.7000000476837158
   vertex 1.2999999523162842 53.299999237060547 3.7000000476837158
  endloop
 endfacet
 facet normal 0 0 1
  outer loop
   vertex 7.8666667938232422 60.5 1.2000000476837158
   vertex 7.8666667938232422 53.299999237060547 1.2000000476837158
   vertex 14.333330154418945 53.299999237060547 1.2000000476837158
  endloop
 endfacet
 facet normal -0 0 1
  outer loop
   vertex 14.333330154418945 60.5 1.2000000476837158
   vertex 7.8666667938232422 60.5 1.2000000476837158
   vertex 14.333330154418945 53.299999237060547 1.2000000476837158
  endloop
 endfacet
 facet normal 1 0 0
  outer loop
   vertex 7.8666667938232422 53.299999237060547 3.7000000476837158
   vertex 7.8666667938232422 53.299999237060547 1.2000000476837158
   vertex 7.8666667938232422 60.5 1.2000000476837158
  endloop
 endfacet
 facet normal 1 0 -0
  outer loop
   vertex 7.8666667938232422 53.299999237060547 3.7000000476837158
   vertex 7.8666667938232422 60.5 1.2000000476837158
   vertex 7.8666667938232422 60.5 3.7000000476837158
  endloop
 endfacet
 facet normal -1 0 0
  outer loop
   vertex 14.333330154418945 53.299999237060547 3.7000000476837158
   vertex 14.333330154418945 60.5 1.2000000476837158
   vertex 14.333330154418945 53.299999237060547 1.2000000476837158
  endloop
 endfacet
 facet normal -1 -0 -0
  outer loop
   vertex 14.333330154418945 53.299999237060547 3.7000000476837158
   vertex 14.333330154418945 60.5 3.7000000476837158
   vertex 14.333330154418945 60.5 1.2000000476837158
  endloop
 endfacet
 facet normal 0 0 -1
  outer loop
   vertex 7.8666667938232422 60.5 3.7000000476837158
   vertex 14.333330154418945 53.299999237060547 3.7000000476837158
   vertex 7.8666667938232422 53.299999237060547 3.7000000476837158
  endloop
 endfacet
 facet normal 0 0 -1
  outer loop
   vertex 14.333330154418945 60.5 3.7000000476837158
   vertex 14.333330154418945 53.299999237060547 3.7000000476837158
   vertex 7.8666667938232422 60.5 3.7000000476837158
  endloop
 endfacet
 facet normal -0 0 1
  outer loop
   vertex 20.700000762939453 60.5 1.2000000476837158
   vertex 14.533329963684082 60.5 1.2000000476837158
   vertex 14.533329963684082 53.299999237060547 1.2000000476837158
  endloop
 endfacet
 facet normal 0 0 1
  outer loop
   vertex 20.700000762939453 60.5 1.2000000476837158
   vertex 14.533329963684082 53.299999237060547 1.2000000476837158
   vertex 20.700000762939453 53.299999237060547 1.2000000476837158
  endloop
 endfacet
 facet normal 1 0 0
  outer loop
   vertex 14.533329963684082 53.299999237060547 3.7000000476837158
   vertex 14.533329963684082 53.299999237060547 1.2000000476837158
   vertex 14.533329963684082 60.5 1.2000000476837158
  endloop
 endfacet
 facet normal 1 0 -0
  outer loop
   vertex 14.533329963684082 53.299999237060547 3.7000000476837158
   vertex 14.533329963684082 60.5 1.2000000476837158
   vertex 14.533329963684082 60.5 3.7000000476837158
  endloop
 endfacet
 facet normal 0 0 -1
  outer loop
   vertex 20.700000762939453 60.5 3.7000000476837158
   vertex 14.533329963684082 53.299999237060547 3.7000000476837158
   vertex 14.533329963684082 60.5 3.7000000476837158
  endloop
 endfacet
 facet normal 0 0 -1
  outer loop
   vertex 20.700000762939453 60.5 3.7000000476837158
   vertex 20.700000762939453 53.299999237060547 3.7000000476837158
   vertex 14.533329963684082 53.299999237060547 3.7000000476837158
  endloop
 endfacet
 facet normal -0 0 1
  outer loop
   vertex 7.6666669845581055 60.5 3.9000000953674316
   vertex 1.2999999523162842 60.5 3.9000000953674316
   vertex 1.2999999523162842 53.299999237060547 3.9000000953674316
  endloop
 endfacet
 facet normal 0 0 1
  outer loop
   vertex 7.6666669845581055 60.5 3.9000000953674316
   vertex 1.2999999523162842 53.299999237060547 3.9000000953674316
   vertex 7.6666669845581055 53.299999237060547 3.9000000953674316
  endloop
 endfacet
 facet normal -1 0 0
  outer loop
   vertex 7.6666669845581055 53.299999237060547 6.4000000953674316
   vertex 7.6666669845581055 60.5 3.9000000953674316
   vertex 7.6666669845581055 53.299999237060547 3.9000000953674316
  endloop
 endfacet
 facet normal -1 -0 -0
  outer loop
   vertex 7.6666669845581055 53.299999237060547 6.4000000953674316
   vertex 7.6666669845581055 60.5 6.4000000953674316
   vertex 7.6666669845581055 60.5 3.9000000953674316
  endloop
 endfacet
 facet normal 0 0 -1
  outer loop
   vertex 7.6666669845581055 60.5 6.4000000953674316
   vertex 1.2999999523162842 53.299999237060547 6.4000000953674316
   vertex 1.2999999523162842 60.5 6.4000000953674316
  endloop
 endfacet
 facet normal 0 0 -1
  outer loop
   vertex 7.6666669845581055 60.5 6.4000000953674316
   vertex 7.6666669845581055 53.299999237060547 6.4000000953674316
   vertex 1.2999999523162842 53.299999237060547 6.4000000953674316
  endloop
 endfacet
 facet normal 0 0 1
  outer loop
   vertex 7.8666667938232422 60.5 3.9000000953674316
   vertex 7.8666667938232422 53.299999237060547 3.9000000953674316
   vertex 14.333330154418945 53.299999237060547 3.9000000953674316
  endloop
 endfacet
 facet normal -0 0 1
  outer loop
   vertex 14.333330154418945 60.5 3.9000000953674316
   vertex 7.8666667938232422 60.5 3.9000000953674316
   vertex 14.333330154418945 53.299999237060547 3.9000000953674316
  endloop
 endfacet
 facet normal 1 0 0
  outer loop
   vertex 7.8666667938232422 53.299999237060547 6.4000000953674316
   vertex 7.8666667938232422 53.299999237060547 3.9000000953674316
   vertex 7.8666667938232422 60.5 3.9000000953674316
  endloop
 endfacet
 facet normal 1 0 -0
  outer loop
   vertex 7.8666667938232422 53.299999237060547 6.4000000953674316
   vertex 7.8666667938232422 60.5 3.9000000953674316
   vertex 7.8666667938232422 60.5 6.4000000953674316
  endloop
 endfacet
 facet normal -1 0 0
  outer loop
   vertex 14.333330154418945 53.299999237060547 6.4000000953674316
   vertex 14.333330154418945 60.5 3.9000000953674316
   vertex 14.333330154418945 53.299999237060547 3.9000000953674316
  endloop
 endfacet
 facet normal -1 -0 -0
  outer loop
   vertex 14.333330154418945 53.299999237060547 6.4000000953674316
   vertex 14.333330154418945 60.5 6.4000000953674316
   vertex 14.333330154418945 60.5 3.9000000953674316
  endloop
 endfacet
 facet normal 0 0 -1
  outer loop
   vertex 7.8666667938232422 60.5 6.4000000953674316
   vertex 14.333330154418945 53.299999237060547 6.4000000953674316
   vertex 7.8666667938232422 53.299999237060547 6.4000000953674316
  endloop
 endfacet
 facet normal 0 0 -1
  outer loop
   vertex 14.333330154418945 60.5 6.4000000953674316
   vertex 14.333330154418945 53.299999237060547 6.4000000953674316
   vertex 7.8666667938232422 60.5 6.4000000953674316
  endloop
 endfacet
 facet normal -0 0 1
  outer loop
   vertex 20.700000762939453 60.5 3.9000000953674316
   vertex 14.533329963684082 60.5 3.9000000953674316
   vertex 14.533329963684082 53.299999237060547 3.9000000953674316
  endloop
 endfacet
 facet normal 0 0 1
  outer loop
   vertex 20.700000762939453 60.5 3.9000000953674316
   vertex 14.533329963684082 53.299999237060547 3.9000000953674316
   vertex 20.700000762939453 53.299999237060547 3.9000000953674316
  endloop
 endfacet
 facet normal 1 0 0
  outer loop
   vertex 14.533329963684082 53.299999237060547 6.4000000953674316
   vertex 14.533329963684082 53.299999237060547 3.9000000953674316
   vertex 14.533329963684082 60.5 3.9000000953674316
  endloop
 endfacet
 facet normal 1 0 -0
  outer loop
   vertex 14.533329963684082 53.299999237060547 6.4000000953674316
   vertex 14.533329963684082 60.5 3.9000000953674316
   vertex 14.533329963684082 60.5 6.4000000953674316
  endloop
 endfacet
 facet normal 0 0 -1
  outer loop
   vertex 20.700000762939453 60.5 6.4000000953674316
   vertex 14.533329963684082 53.299999237060547 6.4000000953674316
   vertex 14.533329963684082 60.5 6.4000000953674316
  endloop
 endfacet
 facet normal 0 0 -1
  outer loop
   vertex 20.700000762939453 60.5 6.4000000953674316
   vertex 20.700000762939453 53.299999237060547 6.4000000953674316
   vertex 14.533329963684082 53.299999237060547 6.4000000953674316
  endloop
 endfacet
 facet normal -0 0 1
  outer loop
   vertex 7.6666669845581055 60.5 6.5999999046325684
   vertex 1.2999999523162842 60.5 6.5999999046325684
   vertex 1.2999999523162842 53.299999237060547 6.5999999046325684
  endloop
 endfacet
 facet normal 0 0 1
  outer loop
   vertex 7.6666669845581055 60.5 6.5999999046325684
   vertex 1.2999999523162842 53.299999237060547 6.5999999046325684
   vertex 7.6666669845581055 53.299999237060547 6.5999999046325684
  endloop
 endfacet
 facet normal -1 0 0
  outer loop
   vertex 7.6666669845581055 53.299999237060547 9.1000003814697266
   vertex 7.6666669845581055 60.5 6.5999999046325684
   vertex 7.6666669845581055 53.299999237060547 6.5999999046325684
  endloop
 endfacet
 facet normal -1 -0 -0
  outer loop
   vertex 7.6666669845581055 53.299999237060547 9.1000003814697266
   vertex 7.6666669845581055 60.5 9.1000003814697266
   vertex 7.6666669845581055 60.5 6.5999999046325684
  endloop
 endfacet
 facet normal 0 0 -1
  outer loop
   vertex 7.6666669845581055 60.5 9.1000003814697266
   vertex 1.2999999523162842 53.299999237060547 9.1000003814697266
   vertex 1.2999999523162842 60.5 9.1000003814697266
  endloop
 endfacet
 facet normal 0 0 -1
  outer loop
   vertex 7.6666669845581055 60.5 9.1000003814697266
   vertex 7.6666669845581055 53.299999237060547 9.1000003814697266
   vertex 1.2999999523162842 53.299999237060547 9.1000003814697266
  endloop
 endfacet
 facet normal 0 0 1
  outer loop
   vertex 7.8666667938232422 60.5 6.5999999046325684
   vertex 7.8666667938232422 53.299999237060547 6.5999999046325684
   vertex 14.333330154418945 53.299999237060547 6.5999999046325684
  endloop
 endfacet
 facet normal -0 0 1
  outer loop
   vertex 14.333330154418945 60.5 6.5999999046325684
   vertex 7.8666667938232422 60.5 6.5999999046325684
   vertex 14.333330154418945 53.299999237060547 6.5999999046325684
  endloop
 endfacet
 facet normal 1 0 0
  outer loop
   vertex 7.8666667938232422 53.299999237060547 9.1000003814697266
   vertex 7.8666667938232422 53.299999237060547 6.5999999046325684
   vertex 7.8666667938232422 60.5 6.5999999046325684
  endloop
 endfacet
 facet normal 1 0 -0
  outer loop
   vertex 7.8666667938232422 53.299999237060547 9.1000003814697266
   vertex 7.8666667938232422 60.5 6.5999999046325684
   vertex 7.8666667938232422 60.5 9.1000003814697266
  endloop
 endfacet
 facet normal -1 0 0
  outer loop
   vertex 14.333330154418945 53.299999237060547 9.1000003814697266
   vertex 14.333330154418945 60.5 6.5999999046325684
   vertex 14.333330154418945 53.299999237060547 6.5999999046325684
  endloop
 endfacet
 facet normal -1 -0 -0
  outer loop
   vertex 14.333330154418945 53.299999237060547 9.1000003814697266
   vertex 14.333330154418945 60.5 9.1000003814697266
   vertex 14.333330154418945 60.5 6.5999999046325684
  endloop
 endfacet
 facet normal 0 0 -1
  outer loop
   vertex 7.8666667938232422 60.5 9.1000003814697266
   vertex 14.333330154418945 53.299999237060547 9.1000003814697266
   vertex 7.8666667938232422 53.299999237060547 9.1000003814697266
  endloop
 endfacet
 facet normal 0 0 -1
  outer loop
   vertex 14.333330154418945 60.5 9.1000003814697266
   vertex 14.333330154418945 53.299999237060547 9.1000003814697266
   vertex 7.8666667938232422 60.5 9.1000003814697266
  endloop
 endfacet
 facet normal -0 0 1
  outer loop
   vertex 20.700000762939453 60.5 6.5999999046325684
   vertex 14.533329963684082 60.5 6.5999999046325684
   vertex 14.533329963684082 53.299999237060547 6.5999999046325684
  endloop
 endfacet
 facet normal 0 0 1
  outer loop
   vertex 20.700000762939453 60.5 6.5999999046325684
   vertex 14.533329963684082 53.299999237060547 6.5999999046325684
   vertex 20.700000762939453 53.299999237060547 6.5999999046325684
  endloop
 endfacet
 facet normal 1 0 0
  outer loop
   vertex 14.533329963684082 53.299999237060547 9.1000003814697266
   vertex 14.533329963684082 53.299999237060547 6.5999999046325684
   vertex 14.533329963684082 60.5 6.5999999046325684
  endloop
 endfacet
 facet normal 1 0 -0
  outer loop
   vertex 14.533329963684082 53.299999237060547 9.1000003814697266
   vertex 14.533329963684082 60.5 6.5999999046325684
   vertex 14.533329963684082 60.5 9.1000003814697266
  endloop
 endfacet
 facet normal 0 0 -1
  outer loop
   vertex 20.700000762939453 60.5 9.1000003814697266
   vertex 14.533329963684082 53.299999237060547 9.1000003814697266
   vertex 14.533329963684082 60.5 9.1000003814697266
  endloop
 endfacet
 facet normal 0 0 -1
  outer loop
   vertex 20.700000762939453 60.5 9.1000003814697266
   vertex 20.700000762939453 53.299999237060547 9.1000003814697266
   vertex 14.533329963684082 53.299999237060547 9.1000003814697266
  endloop
 endfacet
 facet normal -0 0 1
  outer loop
   vertex 7.6666669845581055 60.5 9.3000001907348633
   vertex 1.2999999523162842 60.5 9.3000001907348633
   vertex 1.2999999523162842 53.299999237060547 9.3000001907348633
  endloop
 endfacet
 facet normal 0 0 1
  outer loop
   vertex 7.6666669845581055 60.5 9.3000001907348633
   vertex 1.2999999523162842 53.299999237060547 9.3000001907348633
   vertex 7.6666669845581055 53.299999237060547 9.3000001907348633
  endloop
 endfacet
 facet normal -1 0 0
  outer loop
   vertex 7.6666669845581055 53.299999237060547 11.800000190734863
   vertex 7.6666669845581055 60.5 9.3000001907348633
   vertex 7.6666669845581055 53.299999237060547 9.3000001907348633
  endloop
 endfacet
 facet normal -1 -0 -0
  outer loop
   vertex 7.6666669845581055 53.299999237060547 11.800000190734863
   vertex 7.6666669845581055 60.5 11.800000190734863
   vertex 7.6666669845581055 60.5 9.3000001907348633
  endloop
 endfacet
 facet normal 0 0 -1
  outer loop
   vertex 7.6666669845581055 60.5 11.800000190734863
   vertex 1.2999999523162842 53.299999237060547 11.800000190734863
   vertex 1.2999999523162842 60.5 11.800000190734863
  endloop
 endfacet
 facet normal 0 0 -1
  outer loop
   vertex 7.6666669845581055 60.5 11.800000190734863
   vertex 7.6666669845581055 53.299999237060547 11.800000190734863
   vertex 1.2999999523162842 53.299999237060547 11.800000190734863
  endloop
 endfacet
 facet normal 0 0 1
  outer loop
   vertex 7.8666667938232422 60.5 9.3000001907348633
   vertex 7.8666667938232422 53.299999237060547 9.3000001907348633
   vertex 14.333330154418945 53.299999237060547 9.3000001907348633
  endloop
 endfacet
 facet normal -0 0 1
  outer loop
   vertex 14.333330154418945 60.5 9.3000001907348633
   vertex 7.8666667938232422 60.5 9.3000001907348633
   vertex 14.333330154418945 53.299999237060547 9.3000001907348633
  endloop
 endfacet
 facet normal 1 0 0
  outer loop
   vertex 7.8666667938232422 53.299999237060547 11.800000190734863
   vertex 7.8666667938232422 53.299999237060547 9.3000001907348633
   vertex 7.8666667938232422 60.5 9.3000001907348633
  endloop
 endfacet
 facet normal 1 0 -0
  outer loop
   vertex 7.8666667938232422 53.299999237060547 11.800000190734863
   vertex 7.8666667938232422 60.5 9.3000001907348633
   vertex 7.8666667938232422 60.5 11.800000190734863
  endloop
 endfacet
 facet normal -1 0 0
  outer loop
   vertex 14.333330154418945 53.299999237060547 11.800000190734863
   vertex 14.333330154418945 60.5 9.3000001907348633
   vertex 14.333330154418945 53.299999237060547 9.3000001907348633
  endloop
 endfacet
 facet normal -1 -0 -0
  outer loop
   vertex 14.333330154418945 53.299999237060547 11.800000190734863
   vertex 14.333330154418945 60.5 11.800000190734863
   vertex 14.333330154418945 60.5 9.3000001907348633
  endloop
 endfacet
 facet normal 0 0 -1
  outer loop
   vertex 7.8666667938232422 60.5 11.800000190734863
   vertex 14.333330154418945 53.299999237060547 11.800000190734863
   vertex 7.8666667938232422 53.299999237060547 11.800000190734863
  endloop
 endfacet
 facet normal 0 0 -1
  outer loop
   vertex 14.333330154418945 60.5 11.800000190734863
   vertex 14.333330154418945 53.299999237060547 11.800000190734863
   vertex 7.8666667938232422 60.5 11.800000190734863
  endloop
 endfacet
 facet normal -0 0 1
  outer loop
   vertex 20.700000762939453 60.5 9.3000001907348633
   vertex 14.533329963684082 60.5 9.3000001907348633
   vertex 14.533329963684082 53.299999237060547 9.3000001907348633
  endloop
 endfacet
 facet normal 0 0 1
  outer loop
   vertex 20.700000762939453 60.5 9.3000001907348633
   vertex 14.533329963684082 53.299999237060547 9.3000001907348633
   vertex 20.700000762939453 53.299999237060547 9.3000001907348633
  endloop
 endfacet
 facet normal 1 0 0
  outer loop
   vertex 14.533329963684082 53.299999237060547 11.800000190734863
   vertex 14.533329963684082 53.299999237060547 9.3000001907348633
   vertex 14.533329963684082 60.5 9.3000001907348633
  endloop
 endfacet
 facet normal 1 0 -0
  outer loop
   vertex 14.533329963684082 53.299999237060547 11.800000190734863
   vertex 14.533329963684082 60.5 9.3000001907348633
   vertex 14.533329963684082 60.5 11.800000190734863
  endloop
 endfacet
 facet normal 0 0 -1
  outer loop
   vertex 20.700000762939453 60.5 11.800000190734863
   vertex 14.533329963684082 53.299999237060547 11.800000190734863
   vertex 14.533329963684082 60.5 11.800000190734863
  endloop
 endfacet
 facet normal 0 0 -1
  outer loop
   vertex 20.700000762939453 60.5 11.800000190734863
   vertex 20.700000762939453 53.299999237060547 11.800000190734863
   vertex 14.533329963684082 53.299999237060547 11.800000190734863
  endloop
 endfacet
 facet normal -0 0 1
  outer loop
   vertex 7.6666669845581055 60.5 12
   vertex 1.2999999523162842 60.5 12
   vertex 1.2999999523162842 53.299999237060547 12
  endloop
 endfacet
 facet normal 0 0 1
  outer loop
   vertex 7.6666669845581055 60.5 12
   vertex 1.2999999523162842 53.299999237060547 12
   vertex 7.6666669845581055 53.299999237060547 12
  endloop
 endfacet
 facet normal -1 0 0
  outer loop
   vertex 7.6666669845581055 53.299999237060547 14.5
   vertex 7.6666669845581055 60.5 12
   vertex 7.6666669845581055 53.299999237060547 12
  endloop
 endfacet
 facet normal -1 -0 -0
  outer loop
   vertex 7.6666669845581055 53.299999237060547 14.5
   vertex 7.6666669845581055 60.5 14.5
   vertex 7.6666669845581055 60.5 12
  endloop
 endfacet
 facet normal 0 0 -1
  outer loop
   vertex 7.6666669845581055 60.5 14.5
   vertex 1.2999999523162842 53.299999237060547 14.5
   vertex 1.2999999523162842 60.5 14.5
  endloop
 endfacet
 facet normal 0 0 -1
  outer loop
   vertex 7.6666669845581055 60.5 14.5
   vertex 7.6666669845581055 53.299999237060547 14.5
   vertex 1.2999999523162842 53.299999237060547 14.5
  endloop
 endfacet
 facet normal 0 0 1
  outer loop
   vertex 7.8666667938232422 60.5 12
   vertex 7.8666667938232422 53.299999237060547 12
   vertex 14.333330154418945 53.299999237060547 12
  endloop
 endfacet
 facet normal -0 0 1
  outer loop
   vertex 14.333330154418945 60.5 12
   vertex 7.8666667938232422 60.5 12
   vertex 14.333330154418945 53.299999237060547 12
  endloop
 endfacet
 facet normal 1 0 0
  outer loop
   vertex 7.8666667938232422 53.299999237060547 14.5
   vertex 7.8666667938232422 53.299999237060547 12
   vertex 7.8666667938232422 60.5 12
  endloop
 endfacet
 facet normal 1 0 -0
  outer loop
   vertex 7.8666667938232422 53.299999237060547 14.5
   vertex 7.8666667938232422 60.5 12
   vertex 7.8666667938232422 60.5 14.5
  endloop
 endfacet
 facet normal -1 0 0
  outer loop
   vertex 14.333330154418945 53.299999237060547 14.5
   vertex 14.333330154418945 60.5 12
   vertex 14.333330154418945 53.299999237060547 12
  endloop
 endfacet
 facet normal -1 -0 -0
  outer loop
   vertex 14.333330154418945 53.299999237060547 14.5
   vertex 14.333330154418945 60.5 14.5
   vertex 14.333330154418945 60.5 12
  endloop
 endfacet
 facet normal 0 0 -1
  outer loop
   vertex 7.8666667938232422 60.5 14.5
   vertex 14.333330154418945 53.299999237060547 14.5
   vertex 7.8666667938232422 53.299999237060547 14.5
  endloop
 endfacet
 facet normal 0 0 -1
  outer loop
   vertex 14.333330154418945 60.5 14.5
   vertex 14.333330154418945 53.299999237060547 14.5
   vertex 7.8666667938232422 60.5 14.5
  endloop
 endfacet
 facet normal -0 0 1
  outer loop
   vertex 20.700000762939453 60.5 12
   vertex 14.533329963684082 60.5 12
   vertex 14.533329963684082 53.299999237060547 12
  endloop
 endfacet
 facet normal 0 0 1
  outer loop
   vertex 20.700000762939453 60.5 12
   vertex 14.533329963684082 53.299999237060547 12
   vertex 20.700000762939453 53.299999237060547 12
  endloop
 endfacet
 facet normal 1 0 0
  outer loop
   vertex 14.533329963684082 53.299999237060547 14.5
   vertex 14.533329963684082 53.299999237060547 12
   vertex 14.533329963684082 60.5 12
  endloop
 endfacet
 facet normal 1 0 -0
  outer loop
   vertex 14.533329963684082 53.299999237060547 14.5
   vertex 14.533329963684082 60.5 12
   vertex 14.533329963684082 60.5 14.5
  endloop
 endfacet
 facet normal 0 0 -1
  outer loop
   vertex 20.700000762939453 60.5 14.5
   vertex 14.533329963684082 53.299999237060547 14.5
   vertex 14.533329963684082 60.5 14.5
  endloop
 endfacet
 facet normal 0 0 -1
  outer loop
   vertex 20.700000762939453 60.5 14.5
   vertex 20.700000762939453 53.299999237060547 14.5
   vertex 14.533329963684082 53.299999237060547 14.5
  endloop
 endfacet
 facet normal 0 1 -0
  outer loop
   vertex 7.6666669845581055 60.700000762939453 14.5
   vertex 7.6666669845581055 60.700000762939453 12
   vertex 1.2999999523162842 60.700000762939453 12
  endloop
 endfacet
 facet normal 0 1 0
  outer loop
   vertex 7.6666669845581055 60.700000762939453 14.5
   vertex 1.2999999523162842 60.700000762939453 12
   vertex 1.2999999523162842 60.700000762939453 14.5
  endloop
 endfacet
 facet normal 0 1 -0
  outer loop
   vertex 14.333330154418945 60.700000762939453 14.5
   vertex 14.333330154418945 60.700000762939453 12
   vertex 7.8666667938232422 60.700000762939453 12
  endloop
 endfacet
 facet normal 0 1 0
  outer loop
   vertex 14.333330154418945 60.700000762939453 14.5
   vertex 7.8666667938232422 60.700000762939453 12
   vertex 7.8666667938232422 60.700000762939453 14.5
  endloop
 endfacet
 facet normal 0 1 -0
  outer loop
   vertex 20.700000762939453 60.700000762939453 14.5
   vertex 20.700000762939453 60.700000762939453 12
   vertex 14.533329963684082 60.700000762939453 12
  endloop
 endfacet
 facet normal 0 1 0
  outer loop
   vertex 20.700000762939453 60.700000762939453 14.5
   vertex 14.533329963684082 60.700000762939453 12
   vertex 14.533329963684082 60.700000762939453 14.5
  endloop
 endfacet
 facet normal 0 1 -0
  outer loop
   vertex 7.6666669845581055 60.700000762939453 11.800000190734863
   vertex 7.6666669845581055 60.700000762939453 9.3000001907348633
   vertex 1.2999999523162842 60.700000762939453 9.3000001907348633
  endloop
 endfacet
 facet normal 0 1 0
  outer loop
   vertex 7.6666669845581055 60.700000762939453 11.800000190734863
   vertex 1.2999999523162842 60.700000762939453 9.3000001907348633
   vertex 1.2999999523162842 60.700000762939453 11.800000190734863
  endloop
 endfacet
 facet normal 0 1 0
  outer loop
   vertex 14.333330154418945 60.700000762939453 9.3000001907348633
   vertex 7.8666667938232422 60.700000762939453 9.3000001907348633
   vertex 7.8666667938232422 60.700000762939453 11.800000190734863
  endloop
 endfacet
 facet normal 0 1 -0
  outer loop
   vertex 14.333330154418945 60.700000762939453 11.800000190734863
   vertex 14.333330154418945 60.700000762939453 9.3000001907348633
   vertex 7.8666667938232422 60.700000762939453 11.800000190734863
  endloop
 endfacet
 facet normal 0 1 -0
  outer loop
   vertex 20.700000762939453 60.700000762939453 11.800000190734863
   vertex 20.700000762939453 60.700000762939453 9.3000001907348633
   vertex 14.533329963684082 60.700000762939453 9.3000001907348633
  endloop
 endfacet
 facet normal 0 1 0
  outer loop
   vertex 20.700000762939453 60.700000762939453 11.800000190734863
   vertex 14.533329963684082 60.700000762939453 9.3000001907348633
   vertex 14.533329963684082 60.700000762939453 11.800000190734863
  endloop
 endfacet
 facet normal 0 1 -0
  outer loop
   vertex 7.6666669845581055 60.700000762939453 9.1000003814697266
   vertex 7.6666669845581055 60.700000762939453 6.5999999046325684
   vertex 1.2999999523162842 60.700000762939453 6.5999999046325684
  endloop
 endfacet
 facet normal 0 1 0
  outer loop
   vertex 7.6666669845581055 60.700000762939453 9.1000003814697266
   vertex 1.2999999523162842 60.700000762939453 6.5999999046325684
   vertex 1.2999999523162842 60.700000762939453 9.1000003814697266
  endloop
 endfacet
 facet normal 0 1 -0
  outer loop
   vertex 14.333330154418945 60.700000762939453 9.1000003814697266
   vertex 14.333330154418945 60.700000762939453 6.5999999046325684
   vertex 7.8666667938232422 60.700000762939453 6.5999999046325684
  endloop
 endfacet
 facet normal 0 1 0
  outer loop
   vertex 14.333330154418945 60.700000762939453 9.1000003814697266
   vertex 7.8666667938232422 60.700000762939453 6.5999999046325684
   vertex 7.8666667938232422 60.700000762939453 9.1000003814697266
  endloop
 endfacet
 facet normal 0 1 -0
  outer loop
   vertex 20.700000762939453 60.700000762939453 9.1000003814697266
   vertex 20.700000762939453 60.700000762939453 6.5999999046325684
   vertex 14.533329963684082 60.700000762939453 6.5999999046325684
  endloop
 endfacet
 facet normal 0 1 0
  outer loop
   vertex 20.700000762939453 60.700000762939453 9.1000003814697266
   vertex 14.533329963684082 60.700000762939453 6.5999999046325684
   vertex 14.533329963684082 60.700000762939453 9.1000003814697266
  endloop
 endfacet
 facet normal 0 1 -0
  outer loop
   vertex 7.6666669845581055 60.700000762939453 6.4000000953674316
   vertex 7.6666669845581055 60.700000762939453 3.9000000953674316
   vertex 1.2999999523162842 60.700000762939453 3.9000000953674316
  endloop
 endfacet
 facet normal 0 1 0
  outer loop
   vertex 7.6666669845581055 60.700000762939453 6.4000000953674316
   vertex 1.2999999523162842 60.700000762939453 3.9000000953674316
   vertex 1.2999999523162842 60.700000762939453 6.4000000953674316
  endloop
 endfacet
 facet normal 0 1 0
  outer loop
   vertex 14.333330154418945 60.700000762939453 3.9000000953674316
   vertex 7.8666667938232422 60.700000762939453 3.9000000953674316
   vertex 7.8666667938232422 60.700000762939453 6.4000000953674316
  endloop
 endfacet
 facet normal 0 1 -0
  outer loop
   vertex 14.333330154418945 60.700000762939453 6.4000000953674316
   vertex 14.333330154418945 60.700000762939453 3.9000000953674316
   vertex 7.8666667938232422 60.700000762939453 6.4000000953674316
  endloop
 endfacet
 facet normal 0 1 -0
  outer loop
   vertex 20.700000762939453 60.700000762939453 6.4000000953674316
   vertex 20.700000762939453 60.700000762939453 3.9000000953674316
   vertex 14.533329963684082 60.700000762939453 3.9000000953674316
  endloop
 endfacet
 facet normal 0 1 0
  outer loop
   vertex 20.700000762939453 60.700000762939453 6.4000000953674316
   vertex 14.533329963684082 60.700000762939453 3.9000000953674316
   vertex 14.533329963684082 60.700000762939453 6.4000000953674316
  endloop
 endfacet
 facet normal 0 1 -0
  outer loop
   vertex 7.6666669845581055 60.700000762939453 3.7000000476837158
   vertex 7.6666669845581055 60.700000762939453 1.2000000476837158
   vertex 1.2999999523162842 60.700000762939453 1.2000000476837158
  endloop
 endfacet
 facet normal 0 1 0
  outer loop
   vertex 7.6666669845581055 60.700000762939453 3.7000000476837158
   vertex 1.2999999523162842 60.700000762939453 1.2000000476837158
   vertex 1.2999999523162842 60.700000762939453 3.7000000476837158
  endloop
 endfacet
 facet normal 0 1 0
  outer loop
   vertex 14.333330154418945 60.700000762939453 1.2000000476837158
   vertex 7.8666667938232422 60.700000762939453 1.2000000476837158
   vertex 7.8666667938232422 60.700000762939453 3.7000000476837158
  endloop
 endfacet
 facet normal 0 1 -0
  outer loop
   vertex 14.333330154418945 60.700000762939453 3.7000000476837158
   vertex 14.333330154418945 60.700000762939453 1.2000000476837158
   vertex 7.8666667938232422 60.700000762939453 3.7000000476837158
  endloop
 endfacet
 facet normal 0 1 -0
  outer loop
   vertex 20.700000762939453 60.700000762939453 3.7000000476837158
   vertex 20.700000762939453 60.700000762939453 1.2000000476837158
   vertex 14.533329963684082 60.700000762939453 1.2000000476837158
  endloop
 endfacet
 facet normal 0 1 0
  outer loop
   vertex 20.700000762939453 60.700000762939453 3.7000000476837158
   vertex 14.533329963684082 60.700000762939453 1.2000000476837158
   vertex 14.533329963684082 60.700000762939453 3.7000000476837158
  endloop
 endfacet
 facet normal 0 -1 0
  outer loop
   vertex 7.6666669845581055 60.5 3.7000000476837158
   vertex 1.2999999523162842 60.5 1.2000000476837158
   vertex 7.6666669845581055 60.5 1.2000000476837158
  endloop
 endfacet
 facet normal 0 -1 0
  outer loop
   vertex 7.6666669845581055 60.5 3.7000000476837158
   vertex 1.2999999523162842 60.5 3.7000000476837158
   vertex 1.2999999523162842 60.5 1.2000000476837158
  endloop
 endfacet
 facet normal 0 -1 0
  outer loop
   vertex 14.333330154418945 60.5 1.2000000476837158
   vertex 7.8666667938232422 60.5 3.7000000476837158
   vertex 7.8666667938232422 60.5 1.2000000476837158
  endloop
 endfacet
 facet normal 0 -1 0
  outer loop
   vertex 14.333330154418945 60.5 3.7000000476837158
   vertex 7.8666667938232422 60.5 3.7000000476837158
   vertex 14.333330154418945 60.5 1.2000000476837158
  endloop
 endfacet
 facet normal 0 -1 0
  outer loop
   vertex 20.700000762939453 60.5 3.7000000476837158
   vertex 14.533329963684082 60.5 1.2000000476837158
   vertex 20.700000762939453 60.5 1.2000000476837158
  endloop
 endfacet
 facet normal 0 -1 0
  outer loop
   vertex 20.700000762939453 60.5 3.7000000476837158
   vertex 14.533329963684082 60.5 3.7000000476837158
   vertex 14.533329963684082 60.5 1.2000000476837158
  endloop
 endfacet
 facet normal 0 -1 0
  outer loop
   vertex 7.6666669845581055 60.5 6.4000000953674316
   vertex 1.2999999523162842 60.5 3.9000000953674316
   vertex 7.6666669845581055 60.5 3.9000000953674316
  endloop
 endfacet
 facet normal 0 -1 0
  outer loop
   vertex 7.6666669845581055 60.5 6.4000000953674316
   vertex 1.2999999523162842 60.5 6.4000000953674316
   vertex 1.2999999523162842 60.5 3.9000000953674316
  endloop
 endfacet
 facet normal 0 -1 0
  outer loop
   vertex 14.333330154418945 60.5 3.9000000953674316
   vertex 7.8666667938232422 60.5 6.4000000953674316
   vertex 7.8666667938232422 60.5 3.9000000953674316
  endloop
 endfacet
 facet normal 0 -1 0
  outer loop
   vertex 14.333330154418945 60.5 6.4000000953674316
   vertex 7.8666667938232422 60.5 6.4000000953674316
   vertex 14.333330154418945 60.5 3.9000000953674316
  endloop
 endfacet
 facet normal 0 -1 0
  outer loop
   vertex 20.700000762939453 60.5 6.4000000953674316
   vertex 14.533329963684082 60.5 3.9000000953674316
   vertex 20.700000762939453 60.5 3.9000000953674316
  endloop
 endfacet
 facet normal 0 -1 0
  outer loop
   vertex 20.700000762939453 60.5 6.4000000953674316
   vertex 14.533329963684082 60.5 6.4000000953674316
   vertex 14.533329963684082 60.5 3.9000000953674316
  endloop
 endfacet
 facet normal 0 -1 0
  outer loop
   vertex 7.6666669845581055 60.5 9.1000003814697266
   vertex 1.2999999523162842 60.5 6.5999999046325684
   vertex 7.6666669845581055 60.5 6.5999999046325684
  endloop
 endfacet
 facet normal 0 -1 0
  outer loop
   vertex 7.6666669845581055 60.5 9.1000003814697266
   vertex 1.2999999523162842 60.5 9.1000003814697266
   vertex 1.2999999523162842 60.5 6.5999999046325684
  endloop
 endfacet
 facet normal 0 -1 0
  outer loop
   vertex 14.333330154418945 60.5 9.1000003814697266
   vertex 7.8666667938232422 60.5 6.5999999046325684
   vertex 14.333330154418945 60.5 6.5999999046325684
  endloop
 endfacet
 facet normal 0 -1 0
  outer loop
   vertex 14.333330154418945 60.5 9.1000003814697266
   vertex 7.8666667938232422 60.5 9.1000003814697266
   vertex 7.8666667938232422 60.5 6.5999999046325684
  endloop
 endfacet
 facet normal 0 -1 0
  outer loop
   vertex 20.700000762939453 60.5 9.1000003814697266
   vertex 14.533329963684082 60.5 6.5999999046325684
   vertex 20.700000762939453 60.5 6.5999999046325684
  endloop
 endfacet
 facet normal 0 -1 0
  outer loop
   vertex 20.700000762939453 60.5 9.1000003814697266
   vertex 14.533329963684082 60.5 9.1000003814697266
   vertex 14.533329963684082 60.5 6.5999999046325684
  endloop
 endfacet
 facet normal 0 -1 0
  outer loop
   vertex 7.6666669845581055 60.5 11.800000190734863
   vertex 1.2999999523162842 60.5 9.3000001907348633
   vertex 7.6666669845581055 60.5 9.3000001907348633
  endloop
 endfacet
 facet normal 0 -1 0
  outer loop
   vertex 7.6666669845581055 60.5 11.800000190734863
   vertex 1.2999999523162842 60.5 11.800000190734863
   vertex 1.2999999523162842 60.5 9.3000001907348633
  endloop
 endfacet
 facet normal 0 -1 0
  outer loop
   vertex 14.333330154418945 60.5 9.3000001907348633
   vertex 7.8666667938232422 60.5 11.800000190734863
   vertex 7.8666667938232422 60.5 9.3000001907348633
  endloop
 endfacet
 facet normal 0 -1 0
  outer loop
   vertex 14.333330154418945 60.5 11.800000190734863
   vertex 7.8666667938232422 60.5 11.800000190734863
   vertex 14.333330154418945 60.5 9.3000001907348633
  endloop
 endfacet
 facet normal 0 -1 0
  outer loop
   vertex 20.700000762939453 60.5 11.800000190734863
   vertex 14.533329963684082 60.5 9.3000001907348633
   vertex 20.700000762939453 60.5 9.3000001907348633
  endloop
 endfacet
 facet normal 0 -1 0
  outer loop
   vertex 20.700000762939453 60.5 11.800000190734863
   vertex 14.533329963684082 60.5 11.800000190734863
   vertex 14.533329963684082 60.5 9.3000001907348633
  endloop
 endfacet
 facet normal 0 -1 0
  outer loop
   vertex 7.6666669845581055 60.5 14.5
   vertex 1.2999999523162842 60.5 12
   vertex 7.6666669845581055 60.5 12
  endloop
 endfacet
 facet normal 0 -1 0
  outer loop
   vertex 7.6666669845581055 60.5 14.5
   vertex 1.2999999523162842 60.5 14.5
   vertex 1.2999999523162842 60.5 12
  endloop
 endfacet
 facet normal 0 -1 0
  outer loop
   vertex 14.333330154418945 60.5 14.5
   vertex 7.8666667938232422 60.5 12
   vertex 14.333330154418945 60.5 12
  endloop
 endfacet
 facet normal 0 -1 0
  outer loop
   vertex 14.333330154418945 60.5 14.5
   vertex 7.8666667938232422 60.5 14.5
   vertex 7.8666667938232422 60.5 12
  endloop
 endfacet
 facet normal 0 -1 0
  outer loop
   vertex 20.700000762939453 60.5 14.5
   vertex 14.533329963684082 60.5 12
   vertex 20.700000762939453 60.5 12
  endloop
 endfacet
 facet normal 0 -1 0
  outer loop
   vertex 20.700000762939453 60.5 14.5
   vertex 14.533329963684082 60.5 14.5
   vertex 14.533329963684082 60.5 12
  endloop
 endfacet
endsolid
