solid Visualization Toolkit generated SLA File
 facet normal -1 0 0
  outer loop
   vertex 33.583328247070312 17.875999450683594 5.5500001907348633
   vertex 33.583328247070312 17.899999618530273 4.3499999046325684
   vertex 33.583328247070312 17.875999450683594 4.3499999046325684
  endloop
 endfacet
 facet normal -1 -0 -0
  outer loop
   vertex 33.583328247070312 17.875999450683594 5.5500001907348633
   vertex 33.583328247070312 17.899999618530273 5.5500001907348633
   vertex 33.583328247070312 17.899999618530273 4.3499999046325684
  endloop
 endfacet
 facet normal 1 0 0
  outer loop
   vertex 35.083328247070312 17.875999450683594 5.5500001907348633
   vertex 35.083328247070312 17.875999450683594 4.3499999046325684
   vertex 35.083328247070312 17.899999618530273 4.3499999046325684
  endloop
 endfacet
 facet normal 1 0 -0
  outer loop
   vertex 35.083328247070312 17.875999450683594 5.5500001907348633
   vertex 35.083328247070312 17.899999618530273 4.3499999046325684
   vertex 35.083328247070312 17.899999618530273 5.5500001907348633
  endloop
 endfacet
 facet normal 0 -1 0
  outer loop
   vertex 35.083328247070312 17.875999450683594 5.5500001907348633
   vertex 33.583328247070312 17.875999450683594 4.3499999046325684
   vertex 35.083328247070312 17.875999450683594 4.3499999046325684
  endloop
 endfacet
 facet normal 0 -1 0
  outer loop
   vertex 35.083328247070312 17.875999450683594 5.5500001907348633
   vertex 33.583328247070312 17.875999450683594 5.5500001907348633
   vertex 33.583328247070312 17.875999450683594 4.3499999046325684
  endloop
 endfacet
 facet normal 0 1 -0
  outer loop
   vertex 35.083328247070312 17.899999618530273 5.5500001907348633
   vertex 35.083328247070312 17.899999618530273 4.3499999046325684
   vertex 33.583328247070312 17.899999618530273 4.3499999046325684
  endloop
 endfacet
 facet normal 0 1 0
  outer loop
   vertex 35.083328247070312 17.899999618530273 5.5500001907348633
   vertex 33.583328247070312 17.899999618530273 4.3499999046325684
   vertex 33.583328247070312 17.899999618530273 5.5500001907348633
  endloop
 endfacet
 facet normal 0 0 -1
  outer loop
   vertex 35.083328247070312 17.899999618530273 4.3499999046325684
   vertex 33.583328247070312 17.875999450683594 4.3499999046325684
   vertex 33.583328247070312 17.899999618530273 4.3499999046325684
  endloop
 endfacet
 facet normal 0 0 -1
  outer loop
   vertex 35.083328247070312 17.899999618530273 4.3499999046325684
   vertex 35.083328247070312 17.875999450683594 4.3499999046325684
   vertex 33.583328247070312 17.875999450683594 4.3499999046325684
  endloop
 endfacet
 facet normal -0 0 1
  outer loop
   vertex 35.083328247070312 17.899999618530273 5.5500001907348633
   vertex 33.583328247070312 17.899999618530273 5.5500001907348633
   vertex 33.583328247070312 17.875999450683594 5.5500001907348633
  endloop
 endfacet
 facet normal 0 0 1
  outer loop
   vertex 35.083328247070312 17.899999618530273 5.5500001907348633
   vertex 33.583328247070312 17.875999450683594 5.5500001907348633
   vertex 35.083328247070312 17.875999450683594 5.5500001907348633
  endloop
 endfacet
 facet normal -1 0 0
  outer loop
   vertex 40.25 17.875999450683594 13.649999618530273
   vertex 40.25 17.899999618530273 12.449999809265137
   vertex 40.25 17.875999450683594 12.449999809265137
  endloop
 endfacet
 facet normal -1 -0 -0
  outer loop
   vertex 40.25 17.875999450683594 13.649999618530273
   vertex 40.25 17.899999618530273 13.649999618530273
   vertex 40.25 17.899999618530273 12.449999809265137
  endloop
 endfacet
 facet normal 1 0 0
  outer loop
   vertex 41.75 17.875999450683594 13.649999618530273
   vertex 41.75 17.875999450683594 12.449999809265137
   vertex 41.75 17.899999618530273 12.449999809265137
  endloop
 endfacet
 facet normal 1 0 -0
  outer loop
   vertex 41.75 17.875999450683594 13.649999618530273
   vertex 41.75 17.899999618530273 12.449999809265137
   vertex 41.75 17.899999618530273 13.649999618530273
  endloop
 endfacet
 facet normal 0 -1 0
  outer loop
   vertex 41.75 17.875999450683594 12.449999809265137
   vertex 40.25 17.875999450683594 13.649999618530273
   vertex 40.25 17.875999450683594 12.449999809265137
  endloop
 endfacet
 facet normal 0 -1 0
  outer loop
   vertex 41.75 17.875999450683594 13.649999618530273
   vertex 40.25 17.875999450683594 13.649999618530273
   vertex 41.75 17.875999450683594 12.449999809265137
  endloop
 endfacet
 facet normal 0 1 0
  outer loop
   vertex 41.75 17.899999618530273 12.449999809265137
   vertex 40.25 17.899999618530273 12.449999809265137
   vertex 40.25 17.899999618530273 13.649999618530273
  endloop
 endfacet
 facet normal 0 1 -0
  outer loop
   vertex 41.75 17.899999618530273 13.649999618530273
   vertex 41.75 17.899999618530273 12.449999809265137
   vertex 40.25 17.899999618530273 13.649999618530273
  endloop
 endfacet
 facet normal 0 0 -1
  outer loop
   vertex 41.75 17.899999618530273 12.449999809265137
   vertex 40.25 17.875999450683594 12.449999809265137
   vertex 40.25 17.899999618530273 12.449999809265137
  endloop
 endfacet
 facet normal 0 0 -1
  outer loop
   vertex 41.75 17.899999618530273 12.449999809265137
   vertex 41.75 17.875999450683594 12.449999809265137
   vertex 40.25 17.875999450683594 12.449999809265137
  endloop
 endfacet
 facet normal -0 0 1
  outer loop
   vertex 41.75 17.899999618530273 13.649999618530273
   vertex 40.25 17.899999618530273 13.649999618530273
   vertex 40.25 17.875999450683594 13.649999618530273
  endloop
 endfacet
 facet normal 0 0 1
  outer loop
   vertex 41.75 17.899999618530273 13.649999618530273
   vertex 40.25 17.875999450683594 13.649999618530273
   vertex 41.75 17.875999450683594 13.649999618530273
  endloop
 endfacet
 facet normal -1 0 0
  outer loop
   vertex 33.583328247070312 17.875999450683594 10.949999809265137
   vertex 33.583328247070312 17.899999618530273 9.75
   vertex 33.583328247070312 17.875999450683594 9.75
  endloop
 endfacet
 facet normal -1 -0 -0
  outer loop
   vertex 33.583328247070312 17.875999450683594 10.949999809265137
   vertex 33.583328247070312 17.899999618530273 10.949999809265137
   vertex 33.583328247070312 17.899999618530273 9.75
  endloop
 endfacet
 facet normal 1 0 0
  outer loop
   vertex 35.083328247070312 17.875999450683594 10.949999809265137
   vertex 35.083328247070312 17.875999450683594 9.75
   vertex 35.083328247070312 17.899999618530273 9.75
  endloop
 endfacet
 facet normal 1 0 -0
  outer loop
   vertex 35.083328247070312 17.875999450683594 10.949999809265137
   vertex 35.083328247070312 17.899999618530273 9.75
   vertex 35.083328247070312 17.899999618530273 10.949999809265137
  endloop
 endfacet
 facet normal 0 -1 0
  outer loop
   vertex 35.083328247070312 17.875999450683594 10.949999809265137
   vertex 33.583328247070312 17.875999450683594 9.75
   vertex 35.083328247070312 17.875999450683594 9.75
  endloop
 endfacet
 facet normal 0 -1 0
  outer loop
   vertex 35.083328247070312 17.875999450683594 10.949999809265137
   vertex 33.583328247070312 17.875999450683594 10.949999809265137
   vertex 33.583328247070312 17.875999450683594 9.75
  endloop
 endfacet
 facet normal 0 1 -0
  outer loop
   vertex 35.083328247070312 17.899999618530273 10.949999809265137
   vertex 35.083328247070312 17.899999618530273 9.75
   vertex 33.583328247070312 17.899999618530273 9.75
  endloop
 endfacet
 facet normal 0 1 0
  outer loop
   vertex 35.083328247070312 17.899999618530273 10.949999809265137
   vertex 33.583328247070312 17.899999618530273 9.75
   vertex 33.583328247070312 17.899999618530273 10.949999809265137
  endloop
 endfacet
 facet normal 0 0 -1
  outer loop
   vertex 35.083328247070312 17.899999618530273 9.75
   vertex 33.583328247070312 17.875999450683594 9.75
   vertex 33.583328247070312 17.899999618530273 9.75
  endloop
 endfacet
 facet normal 0 0 -1
  outer loop
   vertex 35.083328247070312 17.899999618530273 9.75
   vertex 35.083328247070312 17.875999450683594 9.75
   vertex 33.583328247070312 17.875999450683594 9.75
  endloop
 endfacet
 facet normal -0 0 1
  outer loop
   vertex 35.083328247070312 17.899999618530273 10.949999809265137
   vertex 33.583328247070312 17.899999618530273 10.949999809265137
   vertex 33.583328247070312 17.875999450683594 10.949999809265137
  endloop
 endfacet
 facet normal 0 0 1
  outer loop
   vertex 35.083328247070312 17.899999618530273 10.949999809265137
   vertex 33.583328247070312 17.875999450683594 10.949999809265137
   vertex 35.083328247070312 17.875999450683594 10.949999809265137
  endloop
 endfacet
 facet normal -1 0 0
  outer loop
   vertex 40.25 17.875999450683594 2.8499999046325684
   vertex 40.25 17.899999618530273 1.6499999761581421
   vertex 40.25 17.875999450683594 1.6499999761581421
  endloop
 endfacet
 facet normal -1 -0 -0
  outer loop
   vertex 40.25 17.875999450683594 2.8499999046325684
   vertex 40.25 17.899999618530273 2.8499999046325684
   vertex 40.25 17.899999618530273 1.6499999761581421
  endloop
 endfacet
 facet normal 1 0 0
  outer loop
   vertex 41.75 17.875999450683594 2.8499999046325684
   vertex 41.75 17.875999450683594 1.6499999761581421
   vertex 41.75 17.899999618530273 1.6499999761581421
  endloop
 endfacet
 facet normal 1 0 -0
  outer loop
   vertex 41.75 17.875999450683594 2.8499999046325684
   vertex 41.75 17.899999618530273 1.6499999761581421
   vertex 41.75 17.899999618530273 2.8499999046325684
  endloop
 endfacet
 facet normal 0 -1 0
  outer loop
   vertex 41.75 17.875999450683594 2.8499999046325684
   vertex 40.25 17.875999450683594 1.6499999761581421
   vertex 41.75 17.875999450683594 1.6499999761581421
  endloop
 endfacet
 facet normal 0 -1 0
  outer loop
   vertex 41.75 17.875999450683594 2.8499999046325684
   vertex 40.25 17.875999450683594 2.8499999046325684
   vertex 40.25 17.875999450683594 1.6499999761581421
  endloop
 endfacet
 facet normal 0 1 -0
  outer loop
   vertex 41.75 17.899999618530273 2.8499999046325684
   vertex 41.75 17.899999618530273 1.6499999761581421
   vertex 40.25 17.899999618530273 1.6499999761581421
  endloop
 endfacet
 facet normal 0 1 0
  outer loop
   vertex 41.75 17.899999618530273 2.8499999046325684
   vertex 40.25 17.899999618530273 1.6499999761581421
   vertex 40.25 17.899999618530273 2.8499999046325684
  endloop
 endfacet
 facet normal 0 0 -1
  outer loop
   vertex 41.75 17.899999618530273 1.6499999761581421
   vertex 40.25 17.875999450683594 1.6499999761581421
   vertex 40.25 17.899999618530273 1.6499999761581421
  endloop
 endfacet
 facet normal 0 0 -1
  outer loop
   vertex 41.75 17.899999618530273 1.6499999761581421
   vertex 41.75 17.875999450683594 1.6499999761581421
   vertex 40.25 17.875999450683594 1.6499999761581421
  endloop
 endfacet
 facet normal -0 0 1
  outer loop
   vertex 41.75 17.899999618530273 2.8499999046325684
   vertex 40.25 17.899999618530273 2.8499999046325684
   vertex 40.25 17.875999450683594 2.8499999046325684
  endloop
 endfacet
 facet normal 0 0 1
  outer loop
   vertex 41.75 17.899999618530273 2.8499999046325684
   vertex 40.25 17.875999450683594 2.8499999046325684
   vertex 41.75 17.875999450683594 2.8499999046325684
  endloop
 endfacet
 facet normal -1 0 0
  outer loop
   vertex 40.25 17.875999450683594 8.25
   vertex 40.25 17.899999618530273 7.0500001907348633
   vertex 40.25 17.875999450683594 7.0500001907348633
  endloop
 endfacet
 facet normal -1 -0 -0
  outer loop
   vertex 40.25 17.875999450683594 8.25
   vertex 40.25 17.899999618530273 8.25
   vertex 40.25 17.899999618530273 7.0500001907348633
  endloop
 endfacet
 facet normal 1 0 0
  outer loop
   vertex 41.75 17.875999450683594 8.25
   vertex 41.75 17.875999450683594 7.0500001907348633
   vertex 41.75 17.899999618530273 7.0500001907348633
  endloop
 endfacet
 facet normal 1 0 -0
  outer loop
   vertex 41.75 17.875999450683594 8.25
   vertex 41.75 17.899999618530273 7.0500001907348633
   vertex 41.75 17.899999618530273 8.25
  endloop
 endfacet
 facet normal 0 -1 0
  outer loop
   vertex 41.75 17.875999450683594 8.25
   vertex 40.25 17.875999450683594 7.0500001907348633
   vertex 41.75 17.875999450683594 7.0500001907348633
  endloop
 endfacet
 facet normal 0 -1 0
  outer loop
   vertex 41.75 17.875999450683594 8.25
   vertex 40.25 17.875999450683594 8.25
   vertex 40.25 17.875999450683594 7.0500001907348633
  endloop
 endfacet
 facet normal 0 1 -0
  outer loop
   vertex 41.75 17.899999618530273 8.25
   vertex 41.75 17.899999618530273 7.0500001907348633
   vertex 40.25 17.899999618530273 7.0500001907348633
  endloop
 endfacet
 facet normal 0 1 0
  outer loop
   vertex 41.75 17.899999618530273 8.25
   vertex 40.25 17.899999618530273 7.0500001907348633
   vertex 40.25 17.899999618530273 8.25
  endloop
 endfacet
 facet normal 0 0 -1
  outer loop
   vertex 41.75 17.899999618530273 7.0500001907348633
   vertex 40.25 17.875999450683594 7.0500001907348633
   vertex 40.25 17.899999618530273 7.0500001907348633
  endloop
 endfacet
 facet normal 0 0 -1
  outer loop
   vertex 41.75 17.899999618530273 7.0500001907348633
   vertex 41.75 17.875999450683594 7.0500001907348633
   vertex 40.25 17.875999450683594 7.0500001907348633
  endloop
 endfacet
 facet normal -0 0 1
  outer loop
   vertex 41.75 17.899999618530273 8.25
   vertex 40.25 17.899999618530273 8.25
   vertex 40.25 17.875999450683594 8.25
  endloop
 endfacet
 facet normal 0 0 1
  outer loop
   vertex 41.75 17.899999618530273 8.25
   vertex 40.25 17.875999450683594 8.25
   vertex 41.75 17.875999450683594 8.25
  endloop
 endfacet
 facet normal -1 0 0
  outer loop
   vertex 46.916671752929688 17.875999450683594 5.5500001907348633
   vertex 46.916671752929688 17.899999618530273 4.3499999046325684
   vertex 46.916671752929688 17.875999450683594 4.3499999046325684
  endloop
 endfacet
 facet normal -1 -0 -0
  outer loop
   vertex 46.916671752929688 17.875999450683594 5.5500001907348633
   vertex 46.916671752929688 17.899999618530273 5.5500001907348633
   vertex 46.916671752929688 17.899999618530273 4.3499999046325684
  endloop
 endfacet
 facet normal 1 0 0
  outer loop
   vertex 48.416671752929688 17.875999450683594 5.5500001907348633
   vertex 48.416671752929688 17.875999450683594 4.3499999046325684
   vertex 48.416671752929688 17.899999618530273 4.3499999046325684
  endloop
 endfacet
 facet normal 1 0 -0
  outer loop
   vertex 48.416671752929688 17.875999450683594 5.5500001907348633
   vertex 48.416671752929688 17.899999618530273 4.3499999046325684
   vertex 48.416671752929688 17.899999618530273 5.5500001907348633
  endloop
 endfacet
 facet normal 0 -1 0
  outer loop
   vertex 48.416671752929688 17.875999450683594 5.5500001907348633
   vertex 46.916671752929688 17.875999450683594 4.3499999046325684
   vertex 48.416671752929688 17.875999450683594 4.3499999046325684
  endloop
 endfacet
 facet normal 0 -1 0
  outer loop
   vertex 48.416671752929688 17.875999450683594 5.5500001907348633
   vertex 46.916671752929688 17.875999450683594 5.5500001907348633
   vertex 46.916671752929688 17.875999450683594 4.3499999046325684
  endloop
 endfacet
 facet normal 0 1 -0
  outer loop
   vertex 48.416671752929688 17.899999618530273 5.5500001907348633
   vertex 48.416671752929688 17.899999618530273 4.3499999046325684
   vertex 46.916671752929688 17.899999618530273 4.3499999046325684
  endloop
 endfacet
 facet normal 0 1 0
  outer loop
   vertex 48.416671752929688 17.899999618530273 5.5500001907348633
   vertex 46.916671752929688 17.899999618530273 4.3499999046325684
   vertex 46.916671752929688 17.899999618530273 5.5500001907348633
  endloop
 endfacet
 facet normal 0 0 -1
  outer loop
   vertex 48.416671752929688 17.899999618530273 4.3499999046325684
   vertex 46.916671752929688 17.875999450683594 4.3499999046325684
   vertex 46.916671752929688 17.899999618530273 4.3499999046325684
  endloop
 endfacet
 facet normal 0 0 -1
  outer loop
   vertex 48.416671752929688 17.899999618530273 4.3499999046325684
   vertex 48.416671752929688 17.875999450683594 4.3499999046325684
   vertex 46.916671752929688 17.875999450683594 4.3499999046325684
  endloop
 endfacet
 facet normal -0 0 1
  outer loop
   vertex 48.416671752929688 17.899999618530273 5.5500001907348633
   vertex 46.916671752929688 17.899999618530273 5.5500001907348633
   vertex 46.916671752929688 17.875999450683594 5.5500001907348633
  endloop
 endfacet
 facet normal 0 0 1
  outer loop
   vertex 48.416671752929688 17.899999618530273 5.5500001907348633
   vertex 46.916671752929688 17.875999450683594 5.5500001907348633
   vertex 48.416671752929688 17.875999450683594 5.5500001907348633
  endloop
 endfacet
 facet normal -1 0 0
  outer loop
   vertex 46.916671752929688 17.875999450683594 10.949999809265137
   vertex 46.916671752929688 17.899999618530273 9.75
   vertex 46.916671752929688 17.875999450683594 9.75
  endloop
 endfacet
 facet normal -1 -0 -0
  outer loop
   vertex 46.916671752929688 17.875999450683594 10.949999809265137
   vertex 46.916671752929688 17.899999618530273 10.949999809265137
   vertex 46.916671752929688 17.899999618530273 9.75
  endloop
 endfacet
 facet normal 1 0 0
  outer loop
   vertex 48.416671752929688 17.875999450683594 10.949999809265137
   vertex 48.416671752929688 17.875999450683594 9.75
   vertex 48.416671752929688 17.899999618530273 9.75
  endloop
 endfacet
 facet normal 1 0 -0
  outer loop
   vertex 48.416671752929688 17.875999450683594 10.949999809265137
   vertex 48.416671752929688 17.899999618530273 9.75
   vertex 48.416671752929688 17.899999618530273 10.949999809265137
  endloop
 endfacet
 facet normal 0 -1 0
  outer loop
   vertex 48.416671752929688 17.875999450683594 10.949999809265137
   vertex 46.916671752929688 17.875999450683594 9.75
   vertex 48.416671752929688 17.875999450683594 9.75
  endloop
 endfacet
 facet normal 0 -1 0
  outer loop
   vertex 48.416671752929688 17.875999450683594 10.949999809265137
   vertex 46.916671752929688 17.875999450683594 10.949999809265137
   vertex 46.916671752929688 17.875999450683594 9.75
  endloop
 endfacet
 facet normal 0 1 -0
  outer loop
   vertex 48.416671752929688 17.899999618530273 10.949999809265137
   vertex 48.416671752929688 17.899999618530273 9.75
   vertex 46.916671752929688 17.899999618530273 9.75
  endloop
 endfacet
 facet normal 0 1 0
  outer loop
   vertex 48.416671752929688 17.899999618530273 10.949999809265137
   vertex 46.916671752929688 17.899999618530273 9.75
   vertex 46.916671752929688 17.899999618530273 10.949999809265137
  endloop
 endfacet
 facet normal 0 0 -1
  outer loop
   vertex 48.416671752929688 17.899999618530273 9.75
   vertex 46.916671752929688 17.875999450683594 9.75
   vertex 46.916671752929688 17.899999618530273 9.75
  endloop
 endfacet
 facet normal 0 0 -1
  outer loop
   vertex 48.416671752929688 17.899999618530273 9.75
   vertex 48.416671752929688 17.875999450683594 9.75
   vertex 46.916671752929688 17.875999450683594 9.75
  endloop
 endfacet
 facet normal -0 0 1
  outer loop
   vertex 48.416671752929688 17.899999618530273 10.949999809265137
   vertex 46.916671752929688 17.899999618530273 10.949999809265137
   vertex 46.916671752929688 17.875999450683594 10.949999809265137
  endloop
 endfacet
 facet normal 0 0 1
  outer loop
   vertex 48.416671752929688 17.899999618530273 10.949999809265137
   vertex 46.916671752929688 17.875999450683594 10.949999809265137
   vertex 48.416671752929688 17.875999450683594 10.949999809265137
  endloop
 endfacet
 facet normal -1 0 0
  outer loop
   vertex 46.916671752929688 17.875999450683594 2.8499999046325684
   vertex 46.916671752929688 17.899999618530273 1.6499999761581421
   vertex 46.916671752929688 17.875999450683594 1.6499999761581421
  endloop
 endfacet
 facet normal -1 -0 -0
  outer loop
   vertex 46.916671752929688 17.875999450683594 2.8499999046325684
   vertex 46.916671752929688 17.899999618530273 2.8499999046325684
   vertex 46.916671752929688 17.899999618530273 1.6499999761581421
  endloop
 endfacet
 facet normal 1 0 0
  outer loop
   vertex 48.416671752929688 17.875999450683594 2.8499999046325684
   vertex 48.416671752929688 17.875999450683594 1.6499999761581421
   vertex 48.416671752929688 17.899999618530273 1.6499999761581421
  endloop
 endfacet
 facet normal 1 0 -0
  outer loop
   vertex 48.416671752929688 17.875999450683594 2.8499999046325684
   vertex 48.416671752929688 17.899999618530273 1.6499999761581421
   vertex 48.416671752929688 17.899999618530273 2.8499999046325684
  endloop
 endfacet
 facet normal 0 -1 0
  outer loop
   vertex 48.416671752929688 17.875999450683594 2.8499999046325684
   vertex 46.916671752929688 17.875999450683594 1.6499999761581421
   vertex 48.416671752929688 17.875999450683594 1.6499999761581421
  endloop
 endfacet
 facet normal 0 -1 0
  outer loop
   vertex 48.416671752929688 17.875999450683594 2.8499999046325684
   vertex 46.916671752929688 17.875999450683594 2.8499999046325684
   vertex 46.916671752929688 17.875999450683594 1.6499999761581421
  endloop
 endfacet
 facet normal 0 1 -0
  outer loop
   vertex 48.416671752929688 17.899999618530273 2.8499999046325684
   vertex 48.416671752929688 17.899999618530273 1.6499999761581421
   vertex 46.916671752929688 17.899999618530273 1.6499999761581421
  endloop
 endfacet
 facet normal 0 1 0
  outer loop
   vertex 48.416671752929688 17.899999618530273 2.8499999046325684
   vertex 46.916671752929688 17.899999618530273 1.6499999761581421
   vertex 46.916671752929688 17.899999618530273 2.8499999046325684
  endloop
 endfacet
 facet normal 0 0 -1
  outer loop
   vertex 48.416671752929688 17.899999618530273 1.6499999761581421
   vertex 46.916671752929688 17.875999450683594 1.6499999761581421
   vertex 46.916671752929688 17.899999618530273 1.6499999761581421
  endloop
 endfacet
 facet normal 0 0 -1
  outer loop
   vertex 48.416671752929688 17.899999618530273 1.6499999761581421
   vertex 48.416671752929688 17.875999450683594 1.6499999761581421
   vertex 46.916671752929688 17.875999450683594 1.6499999761581421
  endloop
 endfacet
 facet normal -0 0 1
  outer loop
   vertex 48.416671752929688 17.899999618530273 2.8499999046325684
   vertex 46.916671752929688 17.899999618530273 2.8499999046325684
   vertex 46.916671752929688 17.875999450683594 2.8499999046325684
  endloop
 endfacet
 facet normal 0 0 1
  outer loop
   vertex 48.416671752929688 17.899999618530273 2.8499999046325684
   vertex 46.916671752929688 17.875999450683594 2.8499999046325684
   vertex 48.416671752929688 17.875999450683594 2.8499999046325684
  endloop
 endfacet
 facet normal -1 0 0
  outer loop
   vertex 33.583328247070312 17.875999450683594 2.8499999046325684
   vertex 33.583328247070312 17.899999618530273 1.6499999761581421
   vertex 33.583328247070312 17.875999450683594 1.6499999761581421
  endloop
 endfacet
 facet normal -1 -0 -0
  outer loop
   vertex 33.583328247070312 17.875999450683594 2.8499999046325684
   vertex 33.583328247070312 17.899999618530273 2.8499999046325684
   vertex 33.583328247070312 17.899999618530273 1.6499999761581421
  endloop
 endfacet
 facet normal 1 0 0
  outer loop
   vertex 35.083328247070312 17.875999450683594 2.8499999046325684
   vertex 35.083328247070312 17.875999450683594 1.6499999761581421
   vertex 35.083328247070312 17.899999618530273 1.6499999761581421
  endloop
 endfacet
 facet normal 1 0 -0
  outer loop
   vertex 35.083328247070312 17.875999450683594 2.8499999046325684
   vertex 35.083328247070312 17.899999618530273 1.6499999761581421
   vertex 35.083328247070312 17.899999618530273 2.8499999046325684
  endloop
 endfacet
 facet normal 0 -1 0
  outer loop
   vertex 35.083328247070312 17.875999450683594 2.8499999046325684
   vertex 33.583328247070312 17.875999450683594 1.6499999761581421
   vertex 35.083328247070312 17.875999450683594 1.6499999761581421
  endloop
 endfacet
 facet normal 0 -1 0
  outer loop
   vertex 35.083328247070312 17.875999450683594 2.8499999046325684
   vertex 33.583328247070312 17.875999450683594 2.8499999046325684
   vertex 33.583328247070312 17.875999450683594 1.6499999761581421
  endloop
 endfacet
 facet normal 0 1 -0
  outer loop
   vertex 35.083328247070312 17.899999618530273 2.8499999046325684
   vertex 35.083328247070312 17.899999618530273 1.6499999761581421
   vertex 33.583328247070312 17.899999618530273 1.6499999761581421
  endloop
 endfacet
 facet normal 0 1 0
  outer loop
   vertex 35.083328247070312 17.899999618530273 2.8499999046325684
   vertex 33.583328247070312 17.899999618530273 1.6499999761581421
   vertex 33.583328247070312 17.899999618530273 2.8499999046325684
  endloop
 endfacet
 facet normal 0 0 -1
  outer loop
   vertex 35.083328247070312 17.899999618530273 1.6499999761581421
   vertex 33.583328247070312 17.875999450683594 1.6499999761581421
   vertex 33.583328247070312 17.899999618530273 1.6499999761581421
  endloop
 endfacet
 facet normal 0 0 -1
  outer loop
   vertex 35.083328247070312 17.899999618530273 1.6499999761581421
   vertex 35.083328247070312 17.875999450683594 1.6499999761581421
   vertex 33.583328247070312 17.875999450683594 1.6499999761581421
  endloop
 endfacet
 facet normal -0 0 1
  outer loop
   vertex 35.083328247070312 17.899999618530273 2.8499999046325684
   vertex 33.583328247070312 17.899999618530273 2.8499999046325684
   vertex 33.583328247070312 17.875999450683594 2.8499999046325684
  endloop
 endfacet
 facet normal 0 0 1
  outer loop
   vertex 35.083328247070312 17.899999618530273 2.8499999046325684
   vertex 33.583328247070312 17.875999450683594 2.8499999046325684
   vertex 35.083328247070312 17.875999450683594 2.8499999046325684
  endloop
 endfacet
 facet normal -1 0 0
  outer loop
   vertex 46.916671752929688 17.875999450683594 8.25
   vertex 46.916671752929688 17.899999618530273 7.0500001907348633
   vertex 46.916671752929688 17.875999450683594 7.0500001907348633
  endloop
 endfacet
 facet normal -1 -0 -0
  outer loop
   vertex 46.916671752929688 17.875999450683594 8.25
   vertex 46.916671752929688 17.899999618530273 8.25
   vertex 46.916671752929688 17.899999618530273 7.0500001907348633
  endloop
 endfacet
 facet normal 1 0 0
  outer loop
   vertex 48.416671752929688 17.875999450683594 8.25
   vertex 48.416671752929688 17.875999450683594 7.0500001907348633
   vertex 48.416671752929688 17.899999618530273 7.0500001907348633
  endloop
 endfacet
 facet normal 1 0 -0
  outer loop
   vertex 48.416671752929688 17.875999450683594 8.25
   vertex 48.416671752929688 17.899999618530273 7.0500001907348633
   vertex 48.416671752929688 17.899999618530273 8.25
  endloop
 endfacet
 facet normal 0 -1 0
  outer loop
   vertex 48.416671752929688 17.875999450683594 8.25
   vertex 46.916671752929688 17.875999450683594 7.0500001907348633
   vertex 48.416671752929688 17.875999450683594 7.0500001907348633
  endloop
 endfacet
 facet normal 0 -1 0
  outer loop
   vertex 48.416671752929688 17.875999450683594 8.25
   vertex 46.916671752929688 17.875999450683594 8.25
   vertex 46.916671752929688 17.875999450683594 7.0500001907348633
  endloop
 endfacet
 facet normal 0 1 -0
  outer loop
   vertex 48.416671752929688 17.899999618530273 8.25
   vertex 48.416671752929688 17.899999618530273 7.0500001907348633
   vertex 46.916671752929688 17.899999618530273 7.0500001907348633
  endloop
 endfacet
 facet normal 0 1 0
  outer loop
   vertex 48.416671752929688 17.899999618530273 8.25
   vertex 46.916671752929688 17.899999618530273 7.0500001907348633
   vertex 46.916671752929688 17.899999618530273 8.25
  endloop
 endfacet
 facet normal 0 0 -1
  outer loop
   vertex 48.416671752929688 17.899999618530273 7.0500001907348633
   vertex 46.916671752929688 17.875999450683594 7.0500001907348633
   vertex 46.916671752929688 17.899999618530273 7.0500001907348633
  endloop
 endfacet
 facet normal 0 0 -1
  outer loop
   vertex 48.416671752929688 17.899999618530273 7.0500001907348633
   vertex 48.416671752929688 17.875999450683594 7.0500001907348633
   vertex 46.916671752929688 17.875999450683594 7.0500001907348633
  endloop
 endfacet
 facet normal -0 0 1
  outer loop
   vertex 48.416671752929688 17.899999618530273 8.25
   vertex 46.916671752929688 17.899999618530273 8.25
   vertex 46.916671752929688 17.875999450683594 8.25
  endloop
 endfacet
 facet normal 0 0 1
  outer loop
   vertex 48.416671752929688 17.899999618530273 8.25
   vertex 46.916671752929688 17.875999450683594 8.25
   vertex 48.416671752929688 17.875999450683594 8.25
  endloop
 endfacet
 facet normal -1 0 0
  outer loop
   vertex 33.583328247070312 17.875999450683594 8.25
   vertex 33.583328247070312 17.899999618530273 7.0500001907348633
   vertex 33.583328247070312 17.875999450683594 7.0500001907348633
  endloop
 endfacet
 facet normal -1 -0 -0
  outer loop
   vertex 33.583328247070312 17.875999450683594 8.25
   vertex 33.583328247070312 17.899999618530273 8.25
   vertex 33.583328247070312 17.899999618530273 7.0500001907348633
  endloop
 endfacet
 facet normal 1 0 0
  outer loop
   vertex 35.083328247070312 17.875999450683594 8.25
   vertex 35.083328247070312 17.875999450683594 7.0500001907348633
   vertex 35.083328247070312 17.899999618530273 7.0500001907348633
  endloop
 endfacet
 facet normal 1 0 -0
  outer loop
   vertex 35.083328247070312 17.875999450683594 8.25
   vertex 35.083328247070312 17.899999618530273 7.0500001907348633
   vertex 35.083328247070312 17.899999618530273 8.25
  endloop
 endfacet
 facet normal 0 -1 0
  outer loop
   vertex 35.083328247070312 17.875999450683594 8.25
   vertex 33.583328247070312 17.875999450683594 7.0500001907348633
   vertex 35.083328247070312 17.875999450683594 7.0500001907348633
  endloop
 endfacet
 facet normal 0 -1 0
  outer loop
   vertex 35.083328247070312 17.875999450683594 8.25
   vertex 33.583328247070312 17.875999450683594 8.25
   vertex 33.583328247070312 17.875999450683594 7.0500001907348633
  endloop
 endfacet
 facet normal 0 1 -0
  outer loop
   vertex 35.083328247070312 17.899999618530273 8.25
   vertex 35.083328247070312 17.899999618530273 7.0500001907348633
   vertex 33.583328247070312 17.899999618530273 7.0500001907348633
  endloop
 endfacet
 facet normal 0 1 0
  outer loop
   vertex 35.083328247070312 17.899999618530273 8.25
   vertex 33.583328247070312 17.899999618530273 7.0500001907348633
   vertex 33.583328247070312 17.899999618530273 8.25
  endloop
 endfacet
 facet normal 0 0 -1
  outer loop
   vertex 35.083328247070312 17.899999618530273 7.0500001907348633
   vertex 33.583328247070312 17.875999450683594 7.0500001907348633
   vertex 33.583328247070312 17.899999618530273 7.0500001907348633
  endloop
 endfacet
 facet normal 0 0 -1
  outer loop
   vertex 35.083328247070312 17.899999618530273 7.0500001907348633
   vertex 35.083328247070312 17.875999450683594 7.0500001907348633
   vertex 33.583328247070312 17.875999450683594 7.0500001907348633
  endloop
 endfacet
 facet normal -0 0 1
  outer loop
   vertex 35.083328247070312 17.899999618530273 8.25
   vertex 33.583328247070312 17.899999618530273 8.25
   vertex 33.583328247070312 17.875999450683594 8.25
  endloop
 endfacet
 facet normal 0 0 1
  outer loop
   vertex 35.083328247070312 17.899999618530273 8.25
   vertex 33.583328247070312 17.875999450683594 8.25
   vertex 35.083328247070312 17.875999450683594 8.25
  endloop
 endfacet
 facet normal -1 0 0
  outer loop
   vertex 46.916671752929688 17.875999450683594 13.649999618530273
   vertex 46.916671752929688 17.899999618530273 12.449999809265137
   vertex 46.916671752929688 17.875999450683594 12.449999809265137
  endloop
 endfacet
 facet normal -1 -0 -0
  outer loop
   vertex 46.916671752929688 17.875999450683594 13.649999618530273
   vertex 46.916671752929688 17.899999618530273 13.649999618530273
   vertex 46.916671752929688 17.899999618530273 12.449999809265137
  endloop
 endfacet
 facet normal 1 0 0
  outer loop
   vertex 48.416671752929688 17.875999450683594 13.649999618530273
   vertex 48.416671752929688 17.875999450683594 12.449999809265137
   vertex 48.416671752929688 17.899999618530273 12.449999809265137
  endloop
 endfacet
 facet normal 1 0 -0
  outer loop
   vertex 48.416671752929688 17.875999450683594 13.649999618530273
   vertex 48.416671752929688 17.899999618530273 12.449999809265137
   vertex 48.416671752929688 17.899999618530273 13.649999618530273
  endloop
 endfacet
 facet normal 0 -1 0
  outer loop
   vertex 48.416671752929688 17.875999450683594 12.449999809265137
   vertex 46.916671752929688 17.875999450683594 13.649999618530273
   vertex 46.916671752929688 17.875999450683594 12.449999809265137
  endloop
 endfacet
 facet normal 0 -1 0
  outer loop
   vertex 48.416671752929688 17.875999450683594 13.649999618530273
   vertex 46.916671752929688 17.875999450683594 13.649999618530273
   vertex 48.416671752929688 17.875999450683594 12.449999809265137
  endloop
 endfacet
 facet normal 0 1 0
  outer loop
   vertex 48.416671752929688 17.899999618530273 12.449999809265137
   vertex 46.916671752929688 17.899999618530273 12.449999809265137
   vertex 46.916671752929688 17.899999618530273 13.649999618530273
  endloop
 endfacet
 facet normal 0 1 -0
  outer loop
   vertex 48.416671752929688 17.899999618530273 13.649999618530273
   vertex 48.416671752929688 17.899999618530273 12.449999809265137
   vertex 46.916671752929688 17.899999618530273 13.649999618530273
  endloop
 endfacet
 facet normal 0 0 -1
  outer loop
   vertex 48.416671752929688 17.899999618530273 12.449999809265137
   vertex 46.916671752929688 17.875999450683594 12.449999809265137
   vertex 46.916671752929688 17.899999618530273 12.449999809265137
  endloop
 endfacet
 facet normal 0 0 -1
  outer loop
   vertex 48.416671752929688 17.899999618530273 12.449999809265137
   vertex 48.416671752929688 17.875999450683594 12.449999809265137
   vertex 46.916671752929688 17.875999450683594 12.449999809265137
  endloop
 endfacet
 facet normal -0 0 1
  outer loop
   vertex 48.416671752929688 17.899999618530273 13.649999618530273
   vertex 46.916671752929688 17.899999618530273 13.649999618530273
   vertex 46.916671752929688 17.875999450683594 13.649999618530273
  endloop
 endfacet
 facet normal 0 0 1
  outer loop
   vertex 48.416671752929688 17.899999618530273 13.649999618530273
   vertex 46.916671752929688 17.875999450683594 13.649999618530273
   vertex 48.416671752929688 17.875999450683594 13.649999618530273
  endloop
 endfacet
 facet normal -1 0 0
  outer loop
   vertex 33.583328247070312 17.875999450683594 13.649999618530273
   vertex 33.583328247070312 17.899999618530273 12.449999809265137
   vertex 33.583328247070312 17.875999450683594 12.449999809265137
  endloop
 endfacet
 facet normal -1 -0 -0
  outer loop
   vertex 33.583328247070312 17.875999450683594 13.649999618530273
   vertex 33.583328247070312 17.899999618530273 13.649999618530273
   vertex 33.583328247070312 17.899999618530273 12.449999809265137
  endloop
 endfacet
 facet normal 1 0 0
  outer loop
   vertex 35.083328247070312 17.875999450683594 13.649999618530273
   vertex 35.083328247070312 17.875999450683594 12.449999809265137
   vertex 35.083328247070312 17.899999618530273 12.449999809265137
  endloop
 endfacet
 facet normal 1 0 -0
  outer loop
   vertex 35.083328247070312 17.875999450683594 13.649999618530273
   vertex 35.083328247070312 17.899999618530273 12.449999809265137
   vertex 35.083328247070312 17.899999618530273 13.649999618530273
  endloop
 endfacet
 facet normal 0 -1 0
  outer loop
   vertex 35.083328247070312 17.875999450683594 12.449999809265137
   vertex 33.583328247070312 17.875999450683594 13.649999618530273
   vertex 33.583328247070312 17.875999450683594 12.449999809265137
  endloop
 endfacet
 facet normal 0 -1 0
  outer loop
   vertex 35.083328247070312 17.875999450683594 13.649999618530273
   vertex 33.583328247070312 17.875999450683594 13.649999618530273
   vertex 35.083328247070312 17.875999450683594 12.449999809265137
  endloop
 endfacet
 facet normal 0 1 0
  outer loop
   vertex 35.083328247070312 17.899999618530273 12.449999809265137
   vertex 33.583328247070312 17.899999618530273 12.449999809265137
   vertex 33.583328247070312 17.899999618530273 13.649999618530273
  endloop
 endfacet
 facet normal 0 1 -0
  outer loop
   vertex 35.083328247070312 17.899999618530273 13.649999618530273
   vertex 35.083328247070312 17.899999618530273 12.449999809265137
   vertex 33.583328247070312 17.899999618530273 13.649999618530273
  endloop
 endfacet
 facet normal 0 0 -1
  outer loop
   vertex 35.083328247070312 17.899999618530273 12.449999809265137
   vertex 33.583328247070312 17.875999450683594 12.449999809265137
   vertex 33.583328247070312 17.899999618530273 12.449999809265137
  endloop
 endfacet
 facet normal 0 0 -1
  outer loop
   vertex 35.083328247070312 17.899999618530273 12.449999809265137
   vertex 35.083328247070312 17.875999450683594 12.449999809265137
   vertex 33.583328247070312 17.875999450683594 12.449999809265137
  endloop
 endfacet
 facet normal -0 0 1
  outer loop
   vertex 35.083328247070312 17.899999618530273 13.649999618530273
   vertex 33.583328247070312 17.899999618530273 13.649999618530273
   vertex 33.583328247070312 17.875999450683594 13.649999618530273
  endloop
 endfacet
 facet normal 0 0 1
  outer loop
   vertex 35.083328247070312 17.899999618530273 13.649999618530273
   vertex 33.583328247070312 17.875999450683594 13.649999618530273
   vertex 35.083328247070312 17.875999450683594 13.649999618530273
  endloop
 endfacet
 facet normal -1 0 0
  outer loop
   vertex 40.25 17.875999450683594 10.949999809265137
   vertex 40.25 17.899999618530273 9.75
   vertex 40.25 17.875999450683594 9.75
  endloop
 endfacet
 facet normal -1 -0 -0
  outer loop
   vertex 40.25 17.875999450683594 10.949999809265137
   vertex 40.25 17.899999618530273 10.949999809265137
   vertex 40.25 17.899999618530273 9.75
  endloop
 endfacet
 facet normal 1 0 0
  outer loop
   vertex 41.75 17.875999450683594 10.949999809265137
   vertex 41.75 17.875999450683594 9.75
   vertex 41.75 17.899999618530273 9.75
  endloop
 endfacet
 facet normal 1 0 -0
  outer loop
   vertex 41.75 17.875999450683594 10.949999809265137
   vertex 41.75 17.899999618530273 9.75
   vertex 41.75 17.899999618530273 10.949999809265137
  endloop
 endfacet
 facet normal 0 -1 0
  outer loop
   vertex 41.75 17.875999450683594 10.949999809265137
   vertex 40.25 17.875999450683594 9.75
   vertex 41.75 17.875999450683594 9.75
  endloop
 endfacet
 facet normal 0 -1 0
  outer loop
   vertex 41.75 17.875999450683594 10.949999809265137
   vertex 40.25 17.875999450683594 10.949999809265137
   vertex 40.25 17.875999450683594 9.75
  endloop
 endfacet
 facet normal 0 1 -0
  outer loop
   vertex 41.75 17.899999618530273 10.949999809265137
   vertex 41.75 17.899999618530273 9.75
   vertex 40.25 17.899999618530273 9.75
  endloop
 endfacet
 facet normal 0 1 0
  outer loop
   vertex 41.75 17.899999618530273 10.949999809265137
   vertex 40.25 17.899999618530273 9.75
   vertex 40.25 17.899999618530273 10.949999809265137
  endloop
 endfacet
 facet normal 0 0 -1
  outer loop
   vertex 41.75 17.899999618530273 9.75
   vertex 40.25 17.875999450683594 9.75
   vertex 40.25 17.899999618530273 9.75
  endloop
 endfacet
 facet normal 0 0 -1
  outer loop
   vertex 41.75 17.899999618530273 9.75
   vertex 41.75 17.875999450683594 9.75
   vertex 40.25 17.875999450683594 9.75
  endloop
 endfacet
 facet normal -0 0 1
  outer loop
   vertex 41.75 17.899999618530273 10.949999809265137
   vertex 40.25 17.899999618530273 10.949999809265137
   vertex 40.25 17.875999450683594 10.949999809265137
  endloop
 endfacet
 facet normal 0 0 1
  outer loop
   vertex 41.75 17.899999618530273 10.949999809265137
   vertex 40.25 17.875999450683594 10.949999809265137
   vertex 41.75 17.875999450683594 10.949999809265137
  endloop
 endfacet
 facet normal -1 0 0
  outer loop
   vertex 40.25 17.875999450683594 5.5500001907348633
   vertex 40.25 17.899999618530273 4.3499999046325684
   vertex 40.25 17.875999450683594 4.3499999046325684
  endloop
 endfacet
 facet normal -1 -0 -0
  outer loop
   vertex 40.25 17.875999450683594 5.5500001907348633
   vertex 40.25 17.899999618530273 5.5500001907348633
   vertex 40.25 17.899999618530273 4.3499999046325684
  endloop
 endfacet
 facet normal 1 0 0
  outer loop
   vertex 41.75 17.875999450683594 5.5500001907348633
   vertex 41.75 17.875999450683594 4.3499999046325684
   vertex 41.75 17.899999618530273 4.3499999046325684
  endloop
 endfacet
 facet normal 1 0 -0
  outer loop
   vertex 41.75 17.875999450683594 5.5500001907348633
   vertex 41.75 17.899999618530273 4.3499999046325684
   vertex 41.75 17.899999618530273 5.5500001907348633
  endloop
 endfacet
 facet normal 0 -1 0
  outer loop
   vertex 41.75 17.875999450683594 5.5500001907348633
   vertex 40.25 17.875999450683594 4.3499999046325684
   vertex 41.75 17.875999450683594 4.3499999046325684
  endloop
 endfacet
 facet normal 0 -1 0
  outer loop
   vertex 41.75 17.875999450683594 5.5500001907348633
   vertex 40.25 17.875999450683594 5.5500001907348633
   vertex 40.25 17.875999450683594 4.3499999046325684
  endloop
 endfacet
 facet normal 0 1 -0
  outer loop
   vertex 41.75 17.899999618530273 5.5500001907348633
   vertex 41.75 17.899999618530273 4.3499999046325684
   vertex 40.25 17.899999618530273 4.3499999046325684
  endloop
 endfacet
 facet normal 0 1 0
  outer loop
   vertex 41.75 17.899999618530273 5.5500001907348633
   vertex 40.25 17.899999618530273 4.3499999046325684
   vertex 40.25 17.899999618530273 5.5500001907348633
  endloop
 endfacet
 facet normal 0 0 -1
  outer loop
   vertex 41.75 17.899999618530273 4.3499999046325684
   vertex 40.25 17.875999450683594 4.3499999046325684
   vertex 40.25 17.899999618530273 4.3499999046325684
  endloop
 endfacet
 facet normal 0 0 -1
  outer loop
   vertex 41.75 17.899999618530273 4.3499999046325684
   vertex 41.75 17.875999450683594 4.3499999046325684
   vertex 40.25 17.875999450683594 4.3499999046325684
  endloop
 endfacet
 facet normal -0 0 1
  outer loop
   vertex 41.75 17.899999618530273 5.5500001907348633
   vertex 40.25 17.899999618530273 5.5500001907348633
   vertex 40.25 17.875999450683594 5.5500001907348633
  endloop
 endfacet
 facet normal 0 0 1
  outer loop
   vertex 41.75 17.899999618530273 5.5500001907348633
   vertex 40.25 17.875999450683594 5.5500001907348633
   vertex 41.75 17.875999450683594 5.5500001907348633
  endloop
 endfacet
 facet normal -1 0 0
  outer loop
   vertex 46.916671752929688 3.0999999046325684 13.649999618530273
   vertex 46.916671752929688 3.124000072479248 12.449999809265137
   vertex 46.916671752929688 3.0999999046325684 12.449999809265137
  endloop
 endfacet
 facet normal -1 -0 -0
  outer loop
   vertex 46.916671752929688 3.0999999046325684 13.649999618530273
   vertex 46.916671752929688 3.124000072479248 13.649999618530273
   vertex 46.916671752929688 3.124000072479248 12.449999809265137
  endloop
 endfacet
 facet normal 1 0 0
  outer loop
   vertex 48.416671752929688 3.0999999046325684 13.649999618530273
   vertex 48.416671752929688 3.0999999046325684 12.449999809265137
   vertex 48.416671752929688 3.124000072479248 12.449999809265137
  endloop
 endfacet
 facet normal 1 0 -0
  outer loop
   vertex 48.416671752929688 3.0999999046325684 13.649999618530273
   vertex 48.416671752929688 3.124000072479248 12.449999809265137
   vertex 48.416671752929688 3.124000072479248 13.649999618530273
  endloop
 endfacet
 facet normal 0 -1 0
  outer loop
   vertex 48.416671752929688 3.0999999046325684 12.449999809265137
   vertex 46.916671752929688 3.0999999046325684 13.649999618530273
   vertex 46.916671752929688 3.0999999046325684 12.449999809265137
  endloop
 endfacet
 facet normal 0 -1 0
  outer loop
   vertex 48.416671752929688 3.0999999046325684 13.649999618530273
   vertex 46.916671752929688 3.0999999046325684 13.649999618530273
   vertex 48.416671752929688 3.0999999046325684 12.449999809265137
  endloop
 endfacet
 facet normal 0 1 0
  outer loop
   vertex 48.416671752929688 3.124000072479248 12.449999809265137
   vertex 46.916671752929688 3.124000072479248 12.449999809265137
   vertex 46.916671752929688 3.124000072479248 13.649999618530273
  endloop
 endfacet
 facet normal 0 1 -0
  outer loop
   vertex 48.416671752929688 3.124000072479248 13.649999618530273
   vertex 48.416671752929688 3.124000072479248 12.449999809265137
   vertex 46.916671752929688 3.124000072479248 13.649999618530273
  endloop
 endfacet
 facet normal 0 0 -1
  outer loop
   vertex 48.416671752929688 3.124000072479248 12.449999809265137
   vertex 46.916671752929688 3.0999999046325684 12.449999809265137
   vertex 46.916671752929688 3.124000072479248 12.449999809265137
  endloop
 endfacet
 facet normal 0 0 -1
  outer loop
   vertex 48.416671752929688 3.124000072479248 12.449999809265137
   vertex 48.416671752929688 3.0999999046325684 12.449999809265137
   vertex 46.916671752929688 3.0999999046325684 12.449999809265137
  endloop
 endfacet
 facet normal -0 0 1
  outer loop
   vertex 48.416671752929688 3.124000072479248 13.649999618530273
   vertex 46.916671752929688 3.124000072479248 13.649999618530273
   vertex 46.916671752929688 3.0999999046325684 13.649999618530273
  endloop
 endfacet
 facet normal 0 0 1
  outer loop
   vertex 48.416671752929688 3.124000072479248 13.649999618530273
   vertex 46.916671752929688 3.0999999046325684 13.649999618530273
   vertex 48.416671752929688 3.0999999046325684 13.649999618530273
  endloop
 endfacet
 facet normal -1 0 0
  outer loop
   vertex 46.916671752929688 3.0999999046325684 10.949999809265137
   vertex 46.916671752929688 3.124000072479248 9.75
   vertex 46.916671752929688 3.0999999046325684 9.75
  endloop
 endfacet
 facet normal -1 -0 -0
  outer loop
   vertex 46.916671752929688 3.0999999046325684 10.949999809265137
   vertex 46.916671752929688 3.124000072479248 10.949999809265137
   vertex 46.916671752929688 3.124000072479248 9.75
  endloop
 endfacet
 facet normal 1 0 0
  outer loop
   vertex 48.416671752929688 3.0999999046325684 10.949999809265137
   vertex 48.416671752929688 3.0999999046325684 9.75
   vertex 48.416671752929688 3.124000072479248 9.75
  endloop
 endfacet
 facet normal 1 0 -0
  outer loop
   vertex 48.416671752929688 3.0999999046325684 10.949999809265137
   vertex 48.416671752929688 3.124000072479248 9.75
   vertex 48.416671752929688 3.124000072479248 10.949999809265137
  endloop
 endfacet
 facet normal 0 -1 0
  outer loop
   vertex 48.416671752929688 3.0999999046325684 10.949999809265137
   vertex 46.916671752929688 3.0999999046325684 9.75
   vertex 48.416671752929688 3.0999999046325684 9.75
  endloop
 endfacet
 facet normal 0 -1 0
  outer loop
   vertex 48.416671752929688 3.0999999046325684 10.949999809265137
   vertex 46.916671752929688 3.0999999046325684 10.949999809265137
   vertex 46.916671752929688 3.0999999046325684 9.75
  endloop
 endfacet
 facet normal 0 1 -0
  outer loop
   vertex 48.416671752929688 3.124000072479248 10.949999809265137
   vertex 48.416671752929688 3.124000072479248 9.75
   vertex 46.916671752929688 3.124000072479248 9.75
  endloop
 endfacet
 facet normal 0 1 0
  outer loop
   vertex 48.416671752929688 3.124000072479248 10.949999809265137
   vertex 46.916671752929688 3.124000072479248 9.75
   vertex 46.916671752929688 3.124000072479248 10.949999809265137
  endloop
 endfacet
 facet normal 0 0 -1
  outer loop
   vertex 48.416671752929688 3.124000072479248 9.75
   vertex 46.916671752929688 3.0999999046325684 9.75
   vertex 46.916671752929688 3.124000072479248 9.75
  endloop
 endfacet
 facet normal 0 0 -1
  outer loop
   vertex 48.416671752929688 3.124000072479248 9.75
   vertex 48.416671752929688 3.0999999046325684 9.75
   vertex 46.916671752929688 3.0999999046325684 9.75
  endloop
 endfacet
 facet normal -0 0 1
  outer loop
   vertex 48.416671752929688 3.124000072479248 10.949999809265137
   vertex 46.916671752929688 3.124000072479248 10.949999809265137
   vertex 46.916671752929688 3.0999999046325684 10.949999809265137
  endloop
 endfacet
 facet normal 0 0 1
  outer loop
   vertex 48.416671752929688 3.124000072479248 10.949999809265137
   vertex 46.916671752929688 3.0999999046325684 10.949999809265137
   vertex 48.416671752929688 3.0999999046325684 10.949999809265137
  endloop
 endfacet
 facet normal -1 0 0
  outer loop
   vertex 46.916671752929688 3.0999999046325684 8.25
   vertex 46.916671752929688 3.124000072479248 7.0500001907348633
   vertex 46.916671752929688 3.0999999046325684 7.0500001907348633
  endloop
 endfacet
 facet normal -1 -0 -0
  outer loop
   vertex 46.916671752929688 3.0999999046325684 8.25
   vertex 46.916671752929688 3.124000072479248 8.25
   vertex 46.916671752929688 3.124000072479248 7.0500001907348633
  endloop
 endfacet
 facet normal 1 0 0
  outer loop
   vertex 48.416671752929688 3.0999999046325684 8.25
   vertex 48.416671752929688 3.0999999046325684 7.0500001907348633
   vertex 48.416671752929688 3.124000072479248 7.0500001907348633
  endloop
 endfacet
 facet normal 1 0 -0
  outer loop
   vertex 48.416671752929688 3.0999999046325684 8.25
   vertex 48.416671752929688 3.124000072479248 7.0500001907348633
   vertex 48.416671752929688 3.124000072479248 8.25
  endloop
 endfacet
 facet normal 0 -1 0
  outer loop
   vertex 48.416671752929688 3.0999999046325684 8.25
   vertex 46.916671752929688 3.0999999046325684 7.0500001907348633
   vertex 48.416671752929688 3.0999999046325684 7.0500001907348633
  endloop
 endfacet
 facet normal 0 -1 0
  outer loop
   vertex 48.416671752929688 3.0999999046325684 8.25
   vertex 46.916671752929688 3.0999999046325684 8.25
   vertex 46.916671752929688 3.0999999046325684 7.0500001907348633
  endloop
 endfacet
 facet normal 0 1 -0
  outer loop
   vertex 48.416671752929688 3.124000072479248 8.25
   vertex 48.416671752929688 3.124000072479248 7.0500001907348633
   vertex 46.916671752929688 3.124000072479248 7.0500001907348633
  endloop
 endfacet
 facet normal 0 1 0
  outer loop
   vertex 48.416671752929688 3.124000072479248 8.25
   vertex 46.916671752929688 3.124000072479248 7.0500001907348633
   vertex 46.916671752929688 3.124000072479248 8.25
  endloop
 endfacet
 facet normal 0 0 -1
  outer loop
   vertex 48.416671752929688 3.124000072479248 7.0500001907348633
   vertex 46.916671752929688 3.0999999046325684 7.0500001907348633
   vertex 46.916671752929688 3.124000072479248 7.0500001907348633
  endloop
 endfacet
 facet normal 0 0 -1
  outer loop
   vertex 48.416671752929688 3.124000072479248 7.0500001907348633
   vertex 48.416671752929688 3.0999999046325684 7.0500001907348633
   vertex 46.916671752929688 3.0999999046325684 7.0500001907348633
  endloop
 endfacet
 facet normal -0 0 1
  outer loop
   vertex 48.416671752929688 3.124000072479248 8.25
   vertex 46.916671752929688 3.124000072479248 8.25
   vertex 46.916671752929688 3.0999999046325684 8.25
  endloop
 endfacet
 facet normal 0 0 1
  outer loop
   vertex 48.416671752929688 3.124000072479248 8.25
   vertex 46.916671752929688 3.0999999046325684 8.25
   vertex 48.416671752929688 3.0999999046325684 8.25
  endloop
 endfacet
 facet normal -1 0 0
  outer loop
   vertex 46.916671752929688 3.0999999046325684 5.5500001907348633
   vertex 46.916671752929688 3.124000072479248 4.3499999046325684
   vertex 46.916671752929688 3.0999999046325684 4.3499999046325684
  endloop
 endfacet
 facet normal -1 -0 -0
  outer loop
   vertex 46.916671752929688 3.0999999046325684 5.5500001907348633
   vertex 46.916671752929688 3.124000072479248 5.5500001907348633
   vertex 46.916671752929688 3.124000072479248 4.3499999046325684
  endloop
 endfacet
 facet normal 1 0 0
  outer loop
   vertex 48.416671752929688 3.0999999046325684 5.5500001907348633
   vertex 48.416671752929688 3.0999999046325684 4.3499999046325684
   vertex 48.416671752929688 3.124000072479248 4.3499999046325684
  endloop
 endfacet
 facet normal 1 0 -0
  outer loop
   vertex 48.416671752929688 3.0999999046325684 5.5500001907348633
   vertex 48.416671752929688 3.124000072479248 4.3499999046325684
   vertex 48.416671752929688 3.124000072479248 5.5500001907348633
  endloop
 endfacet
 facet normal 0 -1 0
  outer loop
   vertex 48.416671752929688 3.0999999046325684 5.5500001907348633
   vertex 46.916671752929688 3.0999999046325684 4.3499999046325684
   vertex 48.416671752929688 3.0999999046325684 4.3499999046325684
  endloop
 endfacet
 facet normal 0 -1 0
  outer loop
   vertex 48.416671752929688 3.0999999046325684 5.5500001907348633
   vertex 46.916671752929688 3.0999999046325684 5.5500001907348633
   vertex 46.916671752929688 3.0999999046325684 4.3499999046325684
  endloop
 endfacet
 facet normal 0 1 -0
  outer loop
   vertex 48.416671752929688 3.124000072479248 5.5500001907348633
   vertex 48.416671752929688 3.124000072479248 4.3499999046325684
   vertex 46.916671752929688 3.124000072479248 4.3499999046325684
  endloop
 endfacet
 facet normal 0 1 0
  outer loop
   vertex 48.416671752929688 3.124000072479248 5.5500001907348633
   vertex 46.916671752929688 3.124000072479248 4.3499999046325684
   vertex 46.916671752929688 3.124000072479248 5.5500001907348633
  endloop
 endfacet
 facet normal 0 0 -1
  outer loop
   vertex 48.416671752929688 3.124000072479248 4.3499999046325684
   vertex 46.916671752929688 3.0999999046325684 4.3499999046325684
   vertex 46.916671752929688 3.124000072479248 4.3499999046325684
  endloop
 endfacet
 facet normal 0 0 -1
  outer loop
   vertex 48.416671752929688 3.124000072479248 4.3499999046325684
   vertex 48.416671752929688 3.0999999046325684 4.3499999046325684
   vertex 46.916671752929688 3.0999999046325684 4.3499999046325684
  endloop
 endfacet
 facet normal -0 0 1
  outer loop
   vertex 48.416671752929688 3.124000072479248 5.5500001907348633
   vertex 46.916671752929688 3.124000072479248 5.5500001907348633
   vertex 46.916671752929688 3.0999999046325684 5.5500001907348633
  endloop
 endfacet
 facet normal 0 0 1
  outer loop
   vertex 48.416671752929688 3.124000072479248 5.5500001907348633
   vertex 46.916671752929688 3.0999999046325684 5.5500001907348633
   vertex 48.416671752929688 3.0999999046325684 5.5500001907348633
  endloop
 endfacet
 facet normal -1 0 0
  outer loop
   vertex 46.916671752929688 3.0999999046325684 2.8499999046325684
   vertex 46.916671752929688 3.124000072479248 1.6499999761581421
   vertex 46.916671752929688 3.0999999046325684 1.6499999761581421
  endloop
 endfacet
 facet normal -1 -0 -0
  outer loop
   vertex 46.916671752929688 3.0999999046325684 2.8499999046325684
   vertex 46.916671752929688 3.124000072479248 2.8499999046325684
   vertex 46.916671752929688 3.124000072479248 1.6499999761581421
  endloop
 endfacet
 facet normal 1 0 0
  outer loop
   vertex 48.416671752929688 3.0999999046325684 2.8499999046325684
   vertex 48.416671752929688 3.0999999046325684 1.6499999761581421
   vertex 48.416671752929688 3.124000072479248 1.6499999761581421
  endloop
 endfacet
 facet normal 1 0 -0
  outer loop
   vertex 48.416671752929688 3.0999999046325684 2.8499999046325684
   vertex 48.416671752929688 3.124000072479248 1.6499999761581421
   vertex 48.416671752929688 3.124000072479248 2.8499999046325684
  endloop
 endfacet
 facet normal 0 -1 0
  outer loop
   vertex 48.416671752929688 3.0999999046325684 2.8499999046325684
   vertex 46.916671752929688 3.0999999046325684 1.6499999761581421
   vertex 48.416671752929688 3.0999999046325684 1.6499999761581421
  endloop
 endfacet
 facet normal 0 -1 0
  outer loop
   vertex 48.416671752929688 3.0999999046325684 2.8499999046325684
   vertex 46.916671752929688 3.0999999046325684 2.8499999046325684
   vertex 46.916671752929688 3.0999999046325684 1.6499999761581421
  endloop
 endfacet
 facet normal 0 1 -0
  outer loop
   vertex 48.416671752929688 3.124000072479248 2.8499999046325684
   vertex 48.416671752929688 3.124000072479248 1.6499999761581421
   vertex 46.916671752929688 3.124000072479248 1.6499999761581421
  endloop
 endfacet
 facet normal 0 1 0
  outer loop
   vertex 48.416671752929688 3.124000072479248 2.8499999046325684
   vertex 46.916671752929688 3.124000072479248 1.6499999761581421
   vertex 46.916671752929688 3.124000072479248 2.8499999046325684
  endloop
 endfacet
 facet normal 0 0 -1
  outer loop
   vertex 48.416671752929688 3.124000072479248 1.6499999761581421
   vertex 46.916671752929688 3.0999999046325684 1.6499999761581421
   vertex 46.916671752929688 3.124000072479248 1.6499999761581421
  endloop
 endfacet
 facet normal 0 0 -1
  outer loop
   vertex 48.416671752929688 3.124000072479248 1.6499999761581421
   vertex 48.416671752929688 3.0999999046325684 1.6499999761581421
   vertex 46.916671752929688 3.0999999046325684 1.6499999761581421
  endloop
 endfacet
 facet normal -0 0 1
  outer loop
   vertex 48.416671752929688 3.124000072479248 2.8499999046325684
   vertex 46.916671752929688 3.124000072479248 2.8499999046325684
   vertex 46.916671752929688 3.0999999046325684 2.8499999046325684
  endloop
 endfacet
 facet normal 0 0 1
  outer loop
   vertex 48.416671752929688 3.124000072479248 2.8499999046325684
   vertex 46.916671752929688 3.0999999046325684 2.8499999046325684
   vertex 48.416671752929688 3.0999999046325684 2.8499999046325684
  endloop
 endfacet
 facet normal -1 0 0
  outer loop
   vertex 40.25 3.0999999046325684 13.649999618530273
   vertex 40.25 3.124000072479248 12.449999809265137
   vertex 40.25 3.0999999046325684 12.449999809265137
  endloop
 endfacet
 facet normal -1 -0 -0
  outer loop
   vertex 40.25 3.0999999046325684 13.649999618530273
   vertex 40.25 3.124000072479248 13.649999618530273
   vertex 40.25 3.124000072479248 12.449999809265137
  endloop
 endfacet
 facet normal 1 0 0
  outer loop
   vertex 41.75 3.0999999046325684 13.649999618530273
   vertex 41.75 3.0999999046325684 12.449999809265137
   vertex 41.75 3.124000072479248 12.449999809265137
  endloop
 endfacet
 facet normal 1 0 -0
  outer loop
   vertex 41.75 3.0999999046325684 13.649999618530273
   vertex 41.75 3.124000072479248 12.449999809265137
   vertex 41.75 3.124000072479248 13.649999618530273
  endloop
 endfacet
 facet normal 0 -1 0
  outer loop
   vertex 41.75 3.0999999046325684 12.449999809265137
   vertex 40.25 3.0999999046325684 13.649999618530273
   vertex 40.25 3.0999999046325684 12.449999809265137
  endloop
 endfacet
 facet normal 0 -1 0
  outer loop
   vertex 41.75 3.0999999046325684 13.649999618530273
   vertex 40.25 3.0999999046325684 13.649999618530273
   vertex 41.75 3.0999999046325684 12.449999809265137
  endloop
 endfacet
 facet normal 0 1 0
  outer loop
   vertex 41.75 3.124000072479248 12.449999809265137
   vertex 40.25 3.124000072479248 12.449999809265137
   vertex 40.25 3.124000072479248 13.649999618530273
  endloop
 endfacet
 facet normal 0 1 -0
  outer loop
   vertex 41.75 3.124000072479248 13.649999618530273
   vertex 41.75 3.124000072479248 12.449999809265137
   vertex 40.25 3.124000072479248 13.649999618530273
  endloop
 endfacet
 facet normal 0 0 -1
  outer loop
   vertex 41.75 3.124000072479248 12.449999809265137
   vertex 40.25 3.0999999046325684 12.449999809265137
   vertex 40.25 3.124000072479248 12.449999809265137
  endloop
 endfacet
 facet normal 0 0 -1
  outer loop
   vertex 41.75 3.124000072479248 12.449999809265137
   vertex 41.75 3.0999999046325684 12.449999809265137
   vertex 40.25 3.0999999046325684 12.449999809265137
  endloop
 endfacet
 facet normal -0 0 1
  outer loop
   vertex 41.75 3.124000072479248 13.649999618530273
   vertex 40.25 3.124000072479248 13.649999618530273
   vertex 40.25 3.0999999046325684 13.649999618530273
  endloop
 endfacet
 facet normal 0 0 1
  outer loop
   vertex 41.75 3.124000072479248 13.649999618530273
   vertex 40.25 3.0999999046325684 13.649999618530273
   vertex 41.75 3.0999999046325684 13.649999618530273
  endloop
 endfacet
 facet normal -1 0 0
  outer loop
   vertex 40.25 3.0999999046325684 10.949999809265137
   vertex 40.25 3.124000072479248 9.75
   vertex 40.25 3.0999999046325684 9.75
  endloop
 endfacet
 facet normal -1 -0 -0
  outer loop
   vertex 40.25 3.0999999046325684 10.949999809265137
   vertex 40.25 3.124000072479248 10.949999809265137
   vertex 40.25 3.124000072479248 9.75
  endloop
 endfacet
 facet normal 1 0 0
  outer loop
   vertex 41.75 3.0999999046325684 10.949999809265137
   vertex 41.75 3.0999999046325684 9.75
   vertex 41.75 3.124000072479248 9.75
  endloop
 endfacet
 facet normal 1 0 -0
  outer loop
   vertex 41.75 3.0999999046325684 10.949999809265137
   vertex 41.75 3.124000072479248 9.75
   vertex 41.75 3.124000072479248 10.949999809265137
  endloop
 endfacet
 facet normal 0 -1 0
  outer loop
   vertex 41.75 3.0999999046325684 10.949999809265137
   vertex 40.25 3.0999999046325684 9.75
   vertex 41.75 3.0999999046325684 9.75
  endloop
 endfacet
 facet normal 0 -1 0
  outer loop
   vertex 41.75 3.0999999046325684 10.949999809265137
   vertex 40.25 3.0999999046325684 10.949999809265137
   vertex 40.25 3.0999999046325684 9.75
  endloop
 endfacet
 facet normal 0 1 -0
  outer loop
   vertex 41.75 3.124000072479248 10.949999809265137
   vertex 41.75 3.124000072479248 9.75
   vertex 40.25 3.124000072479248 9.75
  endloop
 endfacet
 facet normal 0 1 0
  outer loop
   vertex 41.75 3.124000072479248 10.949999809265137
   vertex 40.25 3.124000072479248 9.75
   vertex 40.25 3.124000072479248 10.949999809265137
  endloop
 endfacet
 facet normal 0 0 -1
  outer loop
   vertex 41.75 3.124000072479248 9.75
   vertex 40.25 3.0999999046325684 9.75
   vertex 40.25 3.124000072479248 9.75
  endloop
 endfacet
 facet normal 0 0 -1
  outer loop
   vertex 41.75 3.124000072479248 9.75
   vertex 41.75 3.0999999046325684 9.75
   vertex 40.25 3.0999999046325684 9.75
  endloop
 endfacet
 facet normal -0 0 1
  outer loop
   vertex 41.75 3.124000072479248 10.949999809265137
   vertex 40.25 3.124000072479248 10.949999809265137
   vertex 40.25 3.0999999046325684 10.949999809265137
  endloop
 endfacet
 facet normal 0 0 1
  outer loop
   vertex 41.75 3.124000072479248 10.949999809265137
   vertex 40.25 3.0999999046325684 10.949999809265137
   vertex 41.75 3.0999999046325684 10.949999809265137
  endloop
 endfacet
 facet normal -1 0 0
  outer loop
   vertex 40.25 3.0999999046325684 8.25
   vertex 40.25 3.124000072479248 7.0500001907348633
   vertex 40.25 3.0999999046325684 7.0500001907348633
  endloop
 endfacet
 facet normal -1 -0 -0
  outer loop
   vertex 40.25 3.0999999046325684 8.25
   vertex 40.25 3.124000072479248 8.25
   vertex 40.25 3.124000072479248 7.0500001907348633
  endloop
 endfacet
 facet normal 1 0 0
  outer loop
   vertex 41.75 3.0999999046325684 8.25
   vertex 41.75 3.0999999046325684 7.0500001907348633
   vertex 41.75 3.124000072479248 7.0500001907348633
  endloop
 endfacet
 facet normal 1 0 -0
  outer loop
   vertex 41.75 3.0999999046325684 8.25
   vertex 41.75 3.124000072479248 7.0500001907348633
   vertex 41.75 3.124000072479248 8.25
  endloop
 endfacet
 facet normal 0 -1 0
  outer loop
   vertex 41.75 3.0999999046325684 8.25
   vertex 40.25 3.0999999046325684 7.0500001907348633
   vertex 41.75 3.0999999046325684 7.0500001907348633
  endloop
 endfacet
 facet normal 0 -1 0
  outer loop
   vertex 41.75 3.0999999046325684 8.25
   vertex 40.25 3.0999999046325684 8.25
   vertex 40.25 3.0999999046325684 7.0500001907348633
  endloop
 endfacet
 facet normal 0 1 -0
  outer loop
   vertex 41.75 3.124000072479248 8.25
   vertex 41.75 3.124000072479248 7.0500001907348633
   vertex 40.25 3.124000072479248 7.0500001907348633
  endloop
 endfacet
 facet normal 0 1 0
  outer loop
   vertex 41.75 3.124000072479248 8.25
   vertex 40.25 3.124000072479248 7.0500001907348633
   vertex 40.25 3.124000072479248 8.25
  endloop
 endfacet
 facet normal 0 0 -1
  outer loop
   vertex 41.75 3.124000072479248 7.0500001907348633
   vertex 40.25 3.0999999046325684 7.0500001907348633
   vertex 40.25 3.124000072479248 7.0500001907348633
  endloop
 endfacet
 facet normal 0 0 -1
  outer loop
   vertex 41.75 3.124000072479248 7.0500001907348633
   vertex 41.75 3.0999999046325684 7.0500001907348633
   vertex 40.25 3.0999999046325684 7.0500001907348633
  endloop
 endfacet
 facet normal -0 0 1
  outer loop
   vertex 41.75 3.124000072479248 8.25
   vertex 40.25 3.124000072479248 8.25
   vertex 40.25 3.0999999046325684 8.25
  endloop
 endfacet
 facet normal 0 0 1
  outer loop
   vertex 41.75 3.124000072479248 8.25
   vertex 40.25 3.0999999046325684 8.25
   vertex 41.75 3.0999999046325684 8.25
  endloop
 endfacet
 facet normal -1 0 0
  outer loop
   vertex 40.25 3.0999999046325684 5.5500001907348633
   vertex 40.25 3.124000072479248 4.3499999046325684
   vertex 40.25 3.0999999046325684 4.3499999046325684
  endloop
 endfacet
 facet normal -1 -0 -0
  outer loop
   vertex 40.25 3.0999999046325684 5.5500001907348633
   vertex 40.25 3.124000072479248 5.5500001907348633
   vertex 40.25 3.124000072479248 4.3499999046325684
  endloop
 endfacet
 facet normal 1 0 0
  outer loop
   vertex 41.75 3.0999999046325684 5.5500001907348633
   vertex 41.75 3.0999999046325684 4.3499999046325684
   vertex 41.75 3.124000072479248 4.3499999046325684
  endloop
 endfacet
 facet normal 1 0 -0
  outer loop
   vertex 41.75 3.0999999046325684 5.5500001907348633
   vertex 41.75 3.124000072479248 4.3499999046325684
   vertex 41.75 3.124000072479248 5.5500001907348633
  endloop
 endfacet
 facet normal 0 -1 0
  outer loop
   vertex 41.75 3.0999999046325684 5.5500001907348633
   vertex 40.25 3.0999999046325684 4.3499999046325684
   vertex 41.75 3.0999999046325684 4.3499999046325684
  endloop
 endfacet
 facet normal 0 -1 0
  outer loop
   vertex 41.75 3.0999999046325684 5.5500001907348633
   vertex 40.25 3.0999999046325684 5.5500001907348633
   vertex 40.25 3.0999999046325684 4.3499999046325684
  endloop
 endfacet
 facet normal 0 1 -0
  outer loop
   vertex 41.75 3.124000072479248 5.5500001907348633
   vertex 41.75 3.124000072479248 4.3499999046325684
   vertex 40.25 3.124000072479248 4.3499999046325684
  endloop
 endfacet
 facet normal 0 1 0
  outer loop
   vertex 41.75 3.124000072479248 5.5500001907348633
   vertex 40.25 3.124000072479248 4.3499999046325684
   vertex 40.25 3.124000072479248 5.5500001907348633
  endloop
 endfacet
 facet normal 0 0 -1
  outer loop
   vertex 41.75 3.124000072479248 4.3499999046325684
   vertex 40.25 3.0999999046325684 4.3499999046325684
   vertex 40.25 3.124000072479248 4.3499999046325684
  endloop
 endfacet
 facet normal 0 0 -1
  outer loop
   vertex 41.75 3.124000072479248 4.3499999046325684
   vertex 41.75 3.0999999046325684 4.3499999046325684
   vertex 40.25 3.0999999046325684 4.3499999046325684
  endloop
 endfacet
 facet normal -0 0 1
  outer loop
   vertex 41.75 3.124000072479248 5.5500001907348633
   vertex 40.25 3.124000072479248 5.5500001907348633
   vertex 40.25 3.0999999046325684 5.5500001907348633
  endloop
 endfacet
 facet normal 0 0 1
  outer loop
   vertex 41.75 3.124000072479248 5.5500001907348633
   vertex 40.25 3.0999999046325684 5.5500001907348633
   vertex 41.75 3.0999999046325684 5.5500001907348633
  endloop
 endfacet
 facet normal -1 0 0
  outer loop
   vertex 40.25 3.0999999046325684 2.8499999046325684
   vertex 40.25 3.124000072479248 1.6499999761581421
   vertex 40.25 3.0999999046325684 1.6499999761581421
  endloop
 endfacet
 facet normal -1 -0 -0
  outer loop
   vertex 40.25 3.0999999046325684 2.8499999046325684
   vertex 40.25 3.124000072479248 2.8499999046325684
   vertex 40.25 3.124000072479248 1.6499999761581421
  endloop
 endfacet
 facet normal 1 0 0
  outer loop
   vertex 41.75 3.0999999046325684 2.8499999046325684
   vertex 41.75 3.0999999046325684 1.6499999761581421
   vertex 41.75 3.124000072479248 1.6499999761581421
  endloop
 endfacet
 facet normal 1 0 -0
  outer loop
   vertex 41.75 3.0999999046325684 2.8499999046325684
   vertex 41.75 3.124000072479248 1.6499999761581421
   vertex 41.75 3.124000072479248 2.8499999046325684
  endloop
 endfacet
 facet normal 0 -1 0
  outer loop
   vertex 41.75 3.0999999046325684 2.8499999046325684
   vertex 40.25 3.0999999046325684 1.6499999761581421
   vertex 41.75 3.0999999046325684 1.6499999761581421
  endloop
 endfacet
 facet normal 0 -1 0
  outer loop
   vertex 41.75 3.0999999046325684 2.8499999046325684
   vertex 40.25 3.0999999046325684 2.8499999046325684
   vertex 40.25 3.0999999046325684 1.6499999761581421
  endloop
 endfacet
 facet normal 0 1 -0
  outer loop
   vertex 41.75 3.124000072479248 2.8499999046325684
   vertex 41.75 3.124000072479248 1.6499999761581421
   vertex 40.25 3.124000072479248 1.6499999761581421
  endloop
 endfacet
 facet normal 0 1 0
  outer loop
   vertex 41.75 3.124000072479248 2.8499999046325684
   vertex 40.25 3.124000072479248 1.6499999761581421
   vertex 40.25 3.124000072479248 2.8499999046325684
  endloop
 endfacet
 facet normal 0 0 -1
  outer loop
   vertex 41.75 3.124000072479248 1.6499999761581421
   vertex 40.25 3.0999999046325684 1.6499999761581421
   vertex 40.25 3.124000072479248 1.6499999761581421
  endloop
 endfacet
 facet normal 0 0 -1
  outer loop
   vertex 41.75 3.124000072479248 1.6499999761581421
   vertex 41.75 3.0999999046325684 1.6499999761581421
   vertex 40.25 3.0999999046325684 1.6499999761581421
  endloop
 endfacet
 facet normal -0 0 1
  outer loop
   vertex 41.75 3.124000072479248 2.8499999046325684
   vertex 40.25 3.124000072479248 2.8499999046325684
   vertex 40.25 3.0999999046325684 2.8499999046325684
  endloop
 endfacet
 facet normal 0 0 1
  outer loop
   vertex 41.75 3.124000072479248 2.8499999046325684
   vertex 40.25 3.0999999046325684 2.8499999046325684
   vertex 41.75 3.0999999046325684 2.8499999046325684
  endloop
 endfacet
 facet normal -1 0 0
  outer loop
   vertex 33.583328247070312 3.0999999046325684 13.649999618530273
   vertex 33.583328247070312 3.124000072479248 12.449999809265137
   vertex 33.583328247070312 3.0999999046325684 12.449999809265137
  endloop
 endfacet
 facet normal -1 -0 -0
  outer loop
   vertex 33.583328247070312 3.0999999046325684 13.649999618530273
   vertex 33.583328247070312 3.124000072479248 13.649999618530273
   vertex 33.583328247070312 3.124000072479248 12.449999809265137
  endloop
 endfacet
 facet normal 1 0 0
  outer loop
   vertex 35.083328247070312 3.0999999046325684 13.649999618530273
   vertex 35.083328247070312 3.0999999046325684 12.449999809265137
   vertex 35.083328247070312 3.124000072479248 12.449999809265137
  endloop
 endfacet
 facet normal 1 0 -0
  outer loop
   vertex 35.083328247070312 3.0999999046325684 13.649999618530273
   vertex 35.083328247070312 3.124000072479248 12.449999809265137
   vertex 35.083328247070312 3.124000072479248 13.649999618530273
  endloop
 endfacet
 facet normal 0 -1 0
  outer loop
   vertex 35.083328247070312 3.0999999046325684 12.449999809265137
   vertex 33.583328247070312 3.0999999046325684 13.649999618530273
   vertex 33.583328247070312 3.0999999046325684 12.449999809265137
  endloop
 endfacet
 facet normal 0 -1 0
  outer loop
   vertex 35.083328247070312 3.0999999046325684 13.649999618530273
   vertex 33.583328247070312 3.0999999046325684 13.649999618530273
   vertex 35.083328247070312 3.0999999046325684 12.449999809265137
  endloop
 endfacet
 facet normal 0 1 0
  outer loop
   vertex 35.083328247070312 3.124000072479248 12.449999809265137
   vertex 33.583328247070312 3.124000072479248 12.449999809265137
   vertex 33.583328247070312 3.124000072479248 13.649999618530273
  endloop
 endfacet
 facet normal 0 1 -0
  outer loop
   vertex 35.083328247070312 3.124000072479248 13.649999618530273
   vertex 35.083328247070312 3.124000072479248 12.449999809265137
   vertex 33.583328247070312 3.124000072479248 13.649999618530273
  endloop
 endfacet
 facet normal 0 0 -1
  outer loop
   vertex 35.083328247070312 3.124000072479248 12.449999809265137
   vertex 33.583328247070312 3.0999999046325684 12.449999809265137
   vertex 33.583328247070312 3.124000072479248 12.449999809265137
  endloop
 endfacet
 facet normal 0 0 -1
  outer loop
   vertex 35.083328247070312 3.124000072479248 12.449999809265137
   vertex 35.083328247070312 3.0999999046325684 12.449999809265137
   vertex 33.583328247070312 3.0999999046325684 12.449999809265137
  endloop
 endfacet
 facet normal -0 0 1
  outer loop
   vertex 35.083328247070312 3.124000072479248 13.649999618530273
   vertex 33.583328247070312 3.124000072479248 13.649999618530273
   vertex 33.583328247070312 3.0999999046325684 13.649999618530273
  endloop
 endfacet
 facet normal 0 0 1
  outer loop
   vertex 35.083328247070312 3.124000072479248 13.649999618530273
   vertex 33.583328247070312 3.0999999046325684 13.649999618530273
   vertex 35.083328247070312 3.0999999046325684 13.649999618530273
  endloop
 endfacet
 facet normal -1 0 0
  outer loop
   vertex 33.583328247070312 3.0999999046325684 10.949999809265137
   vertex 33.583328247070312 3.124000072479248 9.75
   vertex 33.583328247070312 3.0999999046325684 9.75
  endloop
 endfacet
 facet normal -1 -0 -0
  outer loop
   vertex 33.583328247070312 3.0999999046325684 10.949999809265137
   vertex 33.583328247070312 3.124000072479248 10.949999809265137
   vertex 33.583328247070312 3.124000072479248 9.75
  endloop
 endfacet
 facet normal 1 0 0
  outer loop
   vertex 35.083328247070312 3.0999999046325684 10.949999809265137
   vertex 35.083328247070312 3.0999999046325684 9.75
   vertex 35.083328247070312 3.124000072479248 9.75
  endloop
 endfacet
 facet normal 1 0 -0
  outer loop
   vertex 35.083328247070312 3.0999999046325684 10.949999809265137
   vertex 35.083328247070312 3.124000072479248 9.75
   vertex 35.083328247070312 3.124000072479248 10.949999809265137
  endloop
 endfacet
 facet normal 0 -1 0
  outer loop
   vertex 35.083328247070312 3.0999999046325684 10.949999809265137
   vertex 33.583328247070312 3.0999999046325684 9.75
   vertex 35.083328247070312 3.0999999046325684 9.75
  endloop
 endfacet
 facet normal 0 -1 0
  outer loop
   vertex 35.083328247070312 3.0999999046325684 10.949999809265137
   vertex 33.583328247070312 3.0999999046325684 10.949999809265137
   vertex 33.583328247070312 3.0999999046325684 9.75
  endloop
 endfacet
 facet normal 0 1 -0
  outer loop
   vertex 35.083328247070312 3.124000072479248 10.949999809265137
   vertex 35.083328247070312 3.124000072479248 9.75
   vertex 33.583328247070312 3.124000072479248 9.75
  endloop
 endfacet
 facet normal 0 1 0
  outer loop
   vertex 35.083328247070312 3.124000072479248 10.949999809265137
   vertex 33.583328247070312 3.124000072479248 9.75
   vertex 33.583328247070312 3.124000072479248 10.949999809265137
  endloop
 endfacet
 facet normal 0 0 -1
  outer loop
   vertex 35.083328247070312 3.124000072479248 9.75
   vertex 33.583328247070312 3.0999999046325684 9.75
   vertex 33.583328247070312 3.124000072479248 9.75
  endloop
 endfacet
 facet normal 0 0 -1
  outer loop
   vertex 35.083328247070312 3.124000072479248 9.75
   vertex 35.083328247070312 3.0999999046325684 9.75
   vertex 33.583328247070312 3.0999999046325684 9.75
  endloop
 endfacet
 facet normal -0 0 1
  outer loop
   vertex 35.083328247070312 3.124000072479248 10.949999809265137
   vertex 33.583328247070312 3.124000072479248 10.949999809265137
   vertex 33.583328247070312 3.0999999046325684 10.949999809265137
  endloop
 endfacet
 facet normal 0 0 1
  outer loop
   vertex 35.083328247070312 3.124000072479248 10.949999809265137
   vertex 33.583328247070312 3.0999999046325684 10.949999809265137
   vertex 35.083328247070312 3.0999999046325684 10.949999809265137
  endloop
 endfacet
 facet normal -1 0 0
  outer loop
   vertex 33.583328247070312 3.0999999046325684 8.25
   vertex 33.583328247070312 3.124000072479248 7.0500001907348633
   vertex 33.583328247070312 3.0999999046325684 7.0500001907348633
  endloop
 endfacet
 facet normal -1 -0 -0
  outer loop
   vertex 33.583328247070312 3.0999999046325684 8.25
   vertex 33.583328247070312 3.124000072479248 8.25
   vertex 33.583328247070312 3.124000072479248 7.0500001907348633
  endloop
 endfacet
 facet normal 1 0 0
  outer loop
   vertex 35.083328247070312 3.0999999046325684 8.25
   vertex 35.083328247070312 3.0999999046325684 7.0500001907348633
   vertex 35.083328247070312 3.124000072479248 7.0500001907348633
  endloop
 endfacet
 facet normal 1 0 -0
  outer loop
   vertex 35.083328247070312 3.0999999046325684 8.25
   vertex 35.083328247070312 3.124000072479248 7.0500001907348633
   vertex 35.083328247070312 3.124000072479248 8.25
  endloop
 endfacet
 facet normal 0 -1 0
  outer loop
   vertex 35.083328247070312 3.0999999046325684 8.25
   vertex 33.583328247070312 3.0999999046325684 7.0500001907348633
   vertex 35.083328247070312 3.0999999046325684 7.0500001907348633
  endloop
 endfacet
 facet normal 0 -1 0
  outer loop
   vertex 35.083328247070312 3.0999999046325684 8.25
   vertex 33.583328247070312 3.0999999046325684 8.25
   vertex 33.583328247070312 3.0999999046325684 7.0500001907348633
  endloop
 endfacet
 facet normal 0 1 -0
  outer loop
   vertex 35.083328247070312 3.124000072479248 8.25
   vertex 35.083328247070312 3.124000072479248 7.0500001907348633
   vertex 33.583328247070312 3.124000072479248 7.0500001907348633
  endloop
 endfacet
 facet normal 0 1 0
  outer loop
   vertex 35.083328247070312 3.124000072479248 8.25
   vertex 33.583328247070312 3.124000072479248 7.0500001907348633
   vertex 33.583328247070312 3.124000072479248 8.25
  endloop
 endfacet
 facet normal 0 0 -1
  outer loop
   vertex 35.083328247070312 3.124000072479248 7.0500001907348633
   vertex 33.583328247070312 3.0999999046325684 7.0500001907348633
   vertex 33.583328247070312 3.124000072479248 7.0500001907348633
  endloop
 endfacet
 facet normal 0 0 -1
  outer loop
   vertex 35.083328247070312 3.124000072479248 7.0500001907348633
   vertex 35.083328247070312 3.0999999046325684 7.0500001907348633
   vertex 33.583328247070312 3.0999999046325684 7.0500001907348633
  endloop
 endfacet
 facet normal -0 0 1
  outer loop
   vertex 35.083328247070312 3.124000072479248 8.25
   vertex 33.583328247070312 3.124000072479248 8.25
   vertex 33.583328247070312 3.0999999046325684 8.25
  endloop
 endfacet
 facet normal 0 0 1
  outer loop
   vertex 35.083328247070312 3.124000072479248 8.25
   vertex 33.583328247070312 3.0999999046325684 8.25
   vertex 35.083328247070312 3.0999999046325684 8.25
  endloop
 endfacet
 facet normal -1 0 0
  outer loop
   vertex 33.583328247070312 3.0999999046325684 2.8499999046325684
   vertex 33.583328247070312 3.124000072479248 1.6499999761581421
   vertex 33.583328247070312 3.0999999046325684 1.6499999761581421
  endloop
 endfacet
 facet normal -1 -0 -0
  outer loop
   vertex 33.583328247070312 3.0999999046325684 2.8499999046325684
   vertex 33.583328247070312 3.124000072479248 2.8499999046325684
   vertex 33.583328247070312 3.124000072479248 1.6499999761581421
  endloop
 endfacet
 facet normal 1 0 0
  outer loop
   vertex 35.083328247070312 3.0999999046325684 2.8499999046325684
   vertex 35.083328247070312 3.0999999046325684 1.6499999761581421
   vertex 35.083328247070312 3.124000072479248 1.6499999761581421
  endloop
 endfacet
 facet normal 1 0 -0
  outer loop
   vertex 35.083328247070312 3.0999999046325684 2.8499999046325684
   vertex 35.083328247070312 3.124000072479248 1.6499999761581421
   vertex 35.083328247070312 3.124000072479248 2.8499999046325684
  endloop
 endfacet
 facet normal 0 -1 0
  outer loop
   vertex 35.083328247070312 3.0999999046325684 2.8499999046325684
   vertex 33.583328247070312 3.0999999046325684 1.6499999761581421
   vertex 35.083328247070312 3.0999999046325684 1.6499999761581421
  endloop
 endfacet
 facet normal 0 -1 0
  outer loop
   vertex 35.083328247070312 3.0999999046325684 2.8499999046325684
   vertex 33.583328247070312 3.0999999046325684 2.8499999046325684
   vertex 33.583328247070312 3.0999999046325684 1.6499999761581421
  endloop
 endfacet
 facet normal 0 1 -0
  outer loop
   vertex 35.083328247070312 3.124000072479248 2.8499999046325684
   vertex 35.083328247070312 3.124000072479248 1.6499999761581421
   vertex 33.583328247070312 3.124000072479248 1.6499999761581421
  endloop
 endfacet
 facet normal 0 1 0
  outer loop
   vertex 35.083328247070312 3.124000072479248 2.8499999046325684
   vertex 33.583328247070312 3.124000072479248 1.6499999761581421
   vertex 33.583328247070312 3.124000072479248 2.8499999046325684
  endloop
 endfacet
 facet normal 0 0 -1
  outer loop
   vertex 35.083328247070312 3.124000072479248 1.6499999761581421
   vertex 33.583328247070312 3.0999999046325684 1.6499999761581421
   vertex 33.583328247070312 3.124000072479248 1.6499999761581421
  endloop
 endfacet
 facet normal 0 0 -1
  outer loop
   vertex 35.083328247070312 3.124000072479248 1.6499999761581421
   vertex 35.083328247070312 3.0999999046325684 1.6499999761581421
   vertex 33.583328247070312 3.0999999046325684 1.6499999761581421
  endloop
 endfacet
 facet normal -0 0 1
  outer loop
   vertex 35.083328247070312 3.124000072479248 2.8499999046325684
   vertex 33.583328247070312 3.124000072479248 2.8499999046325684
   vertex 33.583328247070312 3.0999999046325684 2.8499999046325684
  endloop
 endfacet
 facet normal 0 0 1
  outer loop
   vertex 35.083328247070312 3.124000072479248 2.8499999046325684
   vertex 33.583328247070312 3.0999999046325684 2.8499999046325684
   vertex 35.083328247070312 3.0999999046325684 2.8499999046325684
  endloop
 endfacet
 facet normal -1 0 0
  outer loop
   vertex 33.583328247070312 3.0999999046325684 5.5500001907348633
   vertex 33.583328247070312 3.124000072479248 4.3499999046325684
   vertex 33.583328247070312 3.0999999046325684 4.3499999046325684
  endloop
 endfacet
 facet normal -1 -0 -0
  outer loop
   vertex 33.583328247070312 3.0999999046325684 5.5500001907348633
   vertex 33.583328247070312 3.124000072479248 5.5500001907348633
   vertex 33.583328247070312 3.124000072479248 4.3499999046325684
  endloop
 endfacet
 facet normal 1 0 0
  outer loop
   vertex 35.083328247070312 3.0999999046325684 5.5500001907348633
   vertex 35.083328247070312 3.0999999046325684 4.3499999046325684
   vertex 35.083328247070312 3.124000072479248 4.3499999046325684
  endloop
 endfacet
 facet normal 1 0 -0
  outer loop
   vertex 35.083328247070312 3.0999999046325684 5.5500001907348633
   vertex 35.083328247070312 3.124000072479248 4.3499999046325684
   vertex 35.083328247070312 3.124000072479248 5.5500001907348633
  endloop
 endfacet
 facet normal 0 -1 0
  outer loop
   vertex 35.083328247070312 3.0999999046325684 5.5500001907348633
   vertex 33.583328247070312 3.0999999046325684 4.3499999046325684
   vertex 35.083328247070312 3.0999999046325684 4.3499999046325684
  endloop
 endfacet
 facet normal 0 -1 0
  outer loop
   vertex 35.083328247070312 3.0999999046325684 5.5500001907348633
   vertex 33.583328247070312 3.0999999046325684 5.5500001907348633
   vertex 33.583328247070312 3.0999999046325684 4.3499999046325684
  endloop
 endfacet
 facet normal 0 1 -0
  outer loop
   vertex 35.083328247070312 3.124000072479248 5.5500001907348633
   vertex 35.083328247070312 3.124000072479248 4.3499999046325684
   vertex 33.583328247070312 3.124000072479248 4.3499999046325684
  endloop
 endfacet
 facet normal 0 1 0
  outer loop
   vertex 35.083328247070312 3.124000072479248 5.5500001907348633
   vertex 33.583328247070312 3.124000072479248 4.3499999046325684
   vertex 33.583328247070312 3.124000072479248 5.5500001907348633
  endloop
 endfacet
 facet normal 0 0 -1
  outer loop
   vertex 35.083328247070312 3.124000072479248 4.3499999046325684
   vertex 33.583328247070312 3.0999999046325684 4.3499999046325684
   vertex 33.583328247070312 3.124000072479248 4.3499999046325684
  endloop
 endfacet
 facet normal 0 0 -1
  outer loop
   vertex 35.083328247070312 3.124000072479248 4.3499999046325684
   vertex 35.083328247070312 3.0999999046325684 4.3499999046325684
   vertex 33.583328247070312 3.0999999046325684 4.3499999046325684
  endloop
 endfacet
 facet normal -0 0 1
  outer loop
   vertex 35.083328247070312 3.124000072479248 5.5500001907348633
   vertex 33.583328247070312 3.124000072479248 5.5500001907348633
   vertex 33.583328247070312 3.0999999046325684 5.5500001907348633
  endloop
 endfacet
 facet normal 0 0 1
  outer loop
   vertex 35.083328247070312 3.124000072479248 5.5500001907348633
   vertex 33.583328247070312 3.0999999046325684 5.5500001907348633
   vertex 35.083328247070312 3.0999999046325684 5.5500001907348633
  endloop
 endfacet
 facet normal -1 0 0
  outer loop
   vertex 63.583328247070312 17.875999450683594 5.5500001907348633
   vertex 63.583328247070312 17.899999618530273 4.3499999046325684
   vertex 63.583328247070312 17.875999450683594 4.3499999046325684
  endloop
 endfacet
 facet normal -1 -0 -0
  outer loop
   vertex 63.583328247070312 17.875999450683594 5.5500001907348633
   vertex 63.583328247070312 17.899999618530273 5.5500001907348633
   vertex 63.583328247070312 17.899999618530273 4.3499999046325684
  endloop
 endfacet
 facet normal 1 0 0
  outer loop
   vertex 65.083328247070312 17.875999450683594 5.5500001907348633
   vertex 65.083328247070312 17.875999450683594 4.3499999046325684
   vertex 65.083328247070312 17.899999618530273 4.3499999046325684
  endloop
 endfacet
 facet normal 1 0 -0
  outer loop
   vertex 65.083328247070312 17.875999450683594 5.5500001907348633
   vertex 65.083328247070312 17.899999618530273 4.3499999046325684
   vertex 65.083328247070312 17.899999618530273 5.5500001907348633
  endloop
 endfacet
 facet normal 0 -1 0
  outer loop
   vertex 65.083328247070312 17.875999450683594 5.5500001907348633
   vertex 63.583328247070312 17.875999450683594 4.3499999046325684
   vertex 65.083328247070312 17.875999450683594 4.3499999046325684
  endloop
 endfacet
 facet normal 0 -1 0
  outer loop
   vertex 65.083328247070312 17.875999450683594 5.5500001907348633
   vertex 63.583328247070312 17.875999450683594 5.5500001907348633
   vertex 63.583328247070312 17.875999450683594 4.3499999046325684
  endloop
 endfacet
 facet normal 0 1 -0
  outer loop
   vertex 65.083328247070312 17.899999618530273 5.5500001907348633
   vertex 65.083328247070312 17.899999618530273 4.3499999046325684
   vertex 63.583328247070312 17.899999618530273 4.3499999046325684
  endloop
 endfacet
 facet normal 0 1 0
  outer loop
   vertex 65.083328247070312 17.899999618530273 5.5500001907348633
   vertex 63.583328247070312 17.899999618530273 4.3499999046325684
   vertex 63.583328247070312 17.899999618530273 5.5500001907348633
  endloop
 endfacet
 facet normal 0 0 -1
  outer loop
   vertex 65.083328247070312 17.899999618530273 4.3499999046325684
   vertex 63.583328247070312 17.875999450683594 4.3499999046325684
   vertex 63.583328247070312 17.899999618530273 4.3499999046325684
  endloop
 endfacet
 facet normal 0 0 -1
  outer loop
   vertex 65.083328247070312 17.899999618530273 4.3499999046325684
   vertex 65.083328247070312 17.875999450683594 4.3499999046325684
   vertex 63.583328247070312 17.875999450683594 4.3499999046325684
  endloop
 endfacet
 facet normal -0 0 1
  outer loop
   vertex 65.083328247070312 17.899999618530273 5.5500001907348633
   vertex 63.583328247070312 17.899999618530273 5.5500001907348633
   vertex 63.583328247070312 17.875999450683594 5.5500001907348633
  endloop
 endfacet
 facet normal 0 0 1
  outer loop
   vertex 65.083328247070312 17.899999618530273 5.5500001907348633
   vertex 63.583328247070312 17.875999450683594 5.5500001907348633
   vertex 65.083328247070312 17.875999450683594 5.5500001907348633
  endloop
 endfacet
 facet normal -1 0 0
  outer loop
   vertex 70.25 17.875999450683594 13.649999618530273
   vertex 70.25 17.899999618530273 12.449999809265137
   vertex 70.25 17.875999450683594 12.449999809265137
  endloop
 endfacet
 facet normal -1 -0 -0
  outer loop
   vertex 70.25 17.875999450683594 13.649999618530273
   vertex 70.25 17.899999618530273 13.649999618530273
   vertex 70.25 17.899999618530273 12.449999809265137
  endloop
 endfacet
 facet normal 1 0 0
  outer loop
   vertex 71.75 17.875999450683594 13.649999618530273
   vertex 71.75 17.875999450683594 12.449999809265137
   vertex 71.75 17.899999618530273 12.449999809265137
  endloop
 endfacet
 facet normal 1 0 -0
  outer loop
   vertex 71.75 17.875999450683594 13.649999618530273
   vertex 71.75 17.899999618530273 12.449999809265137
   vertex 71.75 17.899999618530273 13.649999618530273
  endloop
 endfacet
 facet normal 0 -1 0
  outer loop
   vertex 71.75 17.875999450683594 12.449999809265137
   vertex 70.25 17.875999450683594 13.649999618530273
   vertex 70.25 17.875999450683594 12.449999809265137
  endloop
 endfacet
 facet normal 0 -1 0
  outer loop
   vertex 71.75 17.875999450683594 13.649999618530273
   vertex 70.25 17.875999450683594 13.649999618530273
   vertex 71.75 17.875999450683594 12.449999809265137
  endloop
 endfacet
 facet normal 0 1 0
  outer loop
   vertex 71.75 17.899999618530273 12.449999809265137
   vertex 70.25 17.899999618530273 12.449999809265137
   vertex 70.25 17.899999618530273 13.649999618530273
  endloop
 endfacet
 facet normal 0 1 -0
  outer loop
   vertex 71.75 17.899999618530273 13.649999618530273
   vertex 71.75 17.899999618530273 12.449999809265137
   vertex 70.25 17.899999618530273 13.649999618530273
  endloop
 endfacet
 facet normal 0 0 -1
  outer loop
   vertex 71.75 17.899999618530273 12.449999809265137
   vertex 70.25 17.875999450683594 12.449999809265137
   vertex 70.25 17.899999618530273 12.449999809265137
  endloop
 endfacet
 facet normal 0 0 -1
  outer loop
   vertex 71.75 17.899999618530273 12.449999809265137
   vertex 71.75 17.875999450683594 12.449999809265137
   vertex 70.25 17.875999450683594 12.449999809265137
  endloop
 endfacet
 facet normal -0 0 1
  outer loop
   vertex 71.75 17.899999618530273 13.649999618530273
   vertex 70.25 17.899999618530273 13.649999618530273
   vertex 70.25 17.875999450683594 13.649999618530273
  endloop
 endfacet
 facet normal 0 0 1
  outer loop
   vertex 71.75 17.899999618530273 13.649999618530273
   vertex 70.25 17.875999450683594 13.649999618530273
   vertex 71.75 17.875999450683594 13.649999618530273
  endloop
 endfacet
 facet normal -1 0 0
  outer loop
   vertex 63.583328247070312 17.875999450683594 10.949999809265137
   vertex 63.583328247070312 17.899999618530273 9.75
   vertex 63.583328247070312 17.875999450683594 9.75
  endloop
 endfacet
 facet normal -1 -0 -0
  outer loop
   vertex 63.583328247070312 17.875999450683594 10.949999809265137
   vertex 63.583328247070312 17.899999618530273 10.949999809265137
   vertex 63.583328247070312 17.899999618530273 9.75
  endloop
 endfacet
 facet normal 1 0 0
  outer loop
   vertex 65.083328247070312 17.875999450683594 10.949999809265137
   vertex 65.083328247070312 17.875999450683594 9.75
   vertex 65.083328247070312 17.899999618530273 9.75
  endloop
 endfacet
 facet normal 1 0 -0
  outer loop
   vertex 65.083328247070312 17.875999450683594 10.949999809265137
   vertex 65.083328247070312 17.899999618530273 9.75
   vertex 65.083328247070312 17.899999618530273 10.949999809265137
  endloop
 endfacet
 facet normal 0 -1 0
  outer loop
   vertex 65.083328247070312 17.875999450683594 10.949999809265137
   vertex 63.583328247070312 17.875999450683594 9.75
   vertex 65.083328247070312 17.875999450683594 9.75
  endloop
 endfacet
 facet normal 0 -1 0
  outer loop
   vertex 65.083328247070312 17.875999450683594 10.949999809265137
   vertex 63.583328247070312 17.875999450683594 10.949999809265137
   vertex 63.583328247070312 17.875999450683594 9.75
  endloop
 endfacet
 facet normal 0 1 -0
  outer loop
   vertex 65.083328247070312 17.899999618530273 10.949999809265137
   vertex 65.083328247070312 17.899999618530273 9.75
   vertex 63.583328247070312 17.899999618530273 9.75
  endloop
 endfacet
 facet normal 0 1 0
  outer loop
   vertex 65.083328247070312 17.899999618530273 10.949999809265137
   vertex 63.583328247070312 17.899999618530273 9.75
   vertex 63.583328247070312 17.899999618530273 10.949999809265137
  endloop
 endfacet
 facet normal 0 0 -1
  outer loop
   vertex 65.083328247070312 17.899999618530273 9.75
   vertex 63.583328247070312 17.875999450683594 9.75
   vertex 63.583328247070312 17.899999618530273 9.75
  endloop
 endfacet
 facet normal 0 0 -1
  outer loop
   vertex 65.083328247070312 17.899999618530273 9.75
   vertex 65.083328247070312 17.875999450683594 9.75
   vertex 63.583328247070312 17.875999450683594 9.75
  endloop
 endfacet
 facet normal -0 0 1
  outer loop
   vertex 65.083328247070312 17.899999618530273 10.949999809265137
   vertex 63.583328247070312 17.899999618530273 10.949999809265137
   vertex 63.583328247070312 17.875999450683594 10.949999809265137
  endloop
 endfacet
 facet normal 0 0 1
  outer loop
   vertex 65.083328247070312 17.899999618530273 10.949999809265137
   vertex 63.583328247070312 17.875999450683594 10.949999809265137
   vertex 65.083328247070312 17.875999450683594 10.949999809265137
  endloop
 endfacet
 facet normal -1 0 0
  outer loop
   vertex 70.25 17.875999450683594 2.8499999046325684
   vertex 70.25 17.899999618530273 1.6499999761581421
   vertex 70.25 17.875999450683594 1.6499999761581421
  endloop
 endfacet
 facet normal -1 -0 -0
  outer loop
   vertex 70.25 17.875999450683594 2.8499999046325684
   vertex 70.25 17.899999618530273 2.8499999046325684
   vertex 70.25 17.899999618530273 1.6499999761581421
  endloop
 endfacet
 facet normal 1 0 0
  outer loop
   vertex 71.75 17.875999450683594 2.8499999046325684
   vertex 71.75 17.875999450683594 1.6499999761581421
   vertex 71.75 17.899999618530273 1.6499999761581421
  endloop
 endfacet
 facet normal 1 0 -0
  outer loop
   vertex 71.75 17.875999450683594 2.8499999046325684
   vertex 71.75 17.899999618530273 1.6499999761581421
   vertex 71.75 17.899999618530273 2.8499999046325684
  endloop
 endfacet
 facet normal 0 -1 0
  outer loop
   vertex 71.75 17.875999450683594 2.8499999046325684
   vertex 70.25 17.875999450683594 1.6499999761581421
   vertex 71.75 17.875999450683594 1.6499999761581421
  endloop
 endfacet
 facet normal 0 -1 0
  outer loop
   vertex 71.75 17.875999450683594 2.8499999046325684
   vertex 70.25 17.875999450683594 2.8499999046325684
   vertex 70.25 17.875999450683594 1.6499999761581421
  endloop
 endfacet
 facet normal 0 1 -0
  outer loop
   vertex 71.75 17.899999618530273 2.8499999046325684
   vertex 71.75 17.899999618530273 1.6499999761581421
   vertex 70.25 17.899999618530273 1.6499999761581421
  endloop
 endfacet
 facet normal 0 1 0
  outer loop
   vertex 71.75 17.899999618530273 2.8499999046325684
   vertex 70.25 17.899999618530273 1.6499999761581421
   vertex 70.25 17.899999618530273 2.8499999046325684
  endloop
 endfacet
 facet normal 0 0 -1
  outer loop
   vertex 71.75 17.899999618530273 1.6499999761581421
   vertex 70.25 17.875999450683594 1.6499999761581421
   vertex 70.25 17.899999618530273 1.6499999761581421
  endloop
 endfacet
 facet normal 0 0 -1
  outer loop
   vertex 71.75 17.899999618530273 1.6499999761581421
   vertex 71.75 17.875999450683594 1.6499999761581421
   vertex 70.25 17.875999450683594 1.6499999761581421
  endloop
 endfacet
 facet normal -0 0 1
  outer loop
   vertex 71.75 17.899999618530273 2.8499999046325684
   vertex 70.25 17.899999618530273 2.8499999046325684
   vertex 70.25 17.875999450683594 2.8499999046325684
  endloop
 endfacet
 facet normal 0 0 1
  outer loop
   vertex 71.75 17.899999618530273 2.8499999046325684
   vertex 70.25 17.875999450683594 2.8499999046325684
   vertex 71.75 17.875999450683594 2.8499999046325684
  endloop
 endfacet
 facet normal -1 0 0
  outer loop
   vertex 70.25 17.875999450683594 8.25
   vertex 70.25 17.899999618530273 7.0500001907348633
   vertex 70.25 17.875999450683594 7.0500001907348633
  endloop
 endfacet
 facet normal -1 -0 -0
  outer loop
   vertex 70.25 17.875999450683594 8.25
   vertex 70.25 17.899999618530273 8.25
   vertex 70.25 17.899999618530273 7.0500001907348633
  endloop
 endfacet
 facet normal 1 0 0
  outer loop
   vertex 71.75 17.875999450683594 8.25
   vertex 71.75 17.875999450683594 7.0500001907348633
   vertex 71.75 17.899999618530273 7.0500001907348633
  endloop
 endfacet
 facet normal 1 0 -0
  outer loop
   vertex 71.75 17.875999450683594 8.25
   vertex 71.75 17.899999618530273 7.0500001907348633
   vertex 71.75 17.899999618530273 8.25
  endloop
 endfacet
 facet normal 0 -1 0
  outer loop
   vertex 71.75 17.875999450683594 8.25
   vertex 70.25 17.875999450683594 7.0500001907348633
   vertex 71.75 17.875999450683594 7.0500001907348633
  endloop
 endfacet
 facet normal 0 -1 0
  outer loop
   vertex 71.75 17.875999450683594 8.25
   vertex 70.25 17.875999450683594 8.25
   vertex 70.25 17.875999450683594 7.0500001907348633
  endloop
 endfacet
 facet normal 0 1 -0
  outer loop
   vertex 71.75 17.899999618530273 8.25
   vertex 71.75 17.899999618530273 7.0500001907348633
   vertex 70.25 17.899999618530273 7.0500001907348633
  endloop
 endfacet
 facet normal 0 1 0
  outer loop
   vertex 71.75 17.899999618530273 8.25
   vertex 70.25 17.899999618530273 7.0500001907348633
   vertex 70.25 17.899999618530273 8.25
  endloop
 endfacet
 facet normal 0 0 -1
  outer loop
   vertex 71.75 17.899999618530273 7.0500001907348633
   vertex 70.25 17.875999450683594 7.0500001907348633
   vertex 70.25 17.899999618530273 7.0500001907348633
  endloop
 endfacet
 facet normal 0 0 -1
  outer loop
   vertex 71.75 17.899999618530273 7.0500001907348633
   vertex 71.75 17.875999450683594 7.0500001907348633
   vertex 70.25 17.875999450683594 7.0500001907348633
  endloop
 endfacet
 facet normal -0 0 1
  outer loop
   vertex 71.75 17.899999618530273 8.25
   vertex 70.25 17.899999618530273 8.25
   vertex 70.25 17.875999450683594 8.25
  endloop
 endfacet
 facet normal 0 0 1
  outer loop
   vertex 71.75 17.899999618530273 8.25
   vertex 70.25 17.875999450683594 8.25
   vertex 71.75 17.875999450683594 8.25
  endloop
 endfacet
 facet normal -1 0 0
  outer loop
   vertex 76.916671752929688 17.875999450683594 5.5500001907348633
   vertex 76.916671752929688 17.899999618530273 4.3499999046325684
   vertex 76.916671752929688 17.875999450683594 4.3499999046325684
  endloop
 endfacet
 facet normal -1 -0 -0
  outer loop
   vertex 76.916671752929688 17.875999450683594 5.5500001907348633
   vertex 76.916671752929688 17.899999618530273 5.5500001907348633
   vertex 76.916671752929688 17.899999618530273 4.3499999046325684
  endloop
 endfacet
 facet normal 1 0 0
  outer loop
   vertex 78.416671752929688 17.875999450683594 5.5500001907348633
   vertex 78.416671752929688 17.875999450683594 4.3499999046325684
   vertex 78.416671752929688 17.899999618530273 4.3499999046325684
  endloop
 endfacet
 facet normal 1 0 -0
  outer loop
   vertex 78.416671752929688 17.875999450683594 5.5500001907348633
   vertex 78.416671752929688 17.899999618530273 4.3499999046325684
   vertex 78.416671752929688 17.899999618530273 5.5500001907348633
  endloop
 endfacet
 facet normal 0 -1 0
  outer loop
   vertex 78.416671752929688 17.875999450683594 5.5500001907348633
   vertex 76.916671752929688 17.875999450683594 4.3499999046325684
   vertex 78.416671752929688 17.875999450683594 4.3499999046325684
  endloop
 endfacet
 facet normal 0 -1 0
  outer loop
   vertex 78.416671752929688 17.875999450683594 5.5500001907348633
   vertex 76.916671752929688 17.875999450683594 5.5500001907348633
   vertex 76.916671752929688 17.875999450683594 4.3499999046325684
  endloop
 endfacet
 facet normal 0 1 -0
  outer loop
   vertex 78.416671752929688 17.899999618530273 5.5500001907348633
   vertex 78.416671752929688 17.899999618530273 4.3499999046325684
   vertex 76.916671752929688 17.899999618530273 4.3499999046325684
  endloop
 endfacet
 facet normal 0 1 0
  outer loop
   vertex 78.416671752929688 17.899999618530273 5.5500001907348633
   vertex 76.916671752929688 17.899999618530273 4.3499999046325684
   vertex 76.916671752929688 17.899999618530273 5.5500001907348633
  endloop
 endfacet
 facet normal 0 0 -1
  outer loop
   vertex 78.416671752929688 17.899999618530273 4.3499999046325684
   vertex 76.916671752929688 17.875999450683594 4.3499999046325684
   vertex 76.916671752929688 17.899999618530273 4.3499999046325684
  endloop
 endfacet
 facet normal 0 0 -1
  outer loop
   vertex 78.416671752929688 17.899999618530273 4.3499999046325684
   vertex 78.416671752929688 17.875999450683594 4.3499999046325684
   vertex 76.916671752929688 17.875999450683594 4.3499999046325684
  endloop
 endfacet
 facet normal -0 0 1
  outer loop
   vertex 78.416671752929688 17.899999618530273 5.5500001907348633
   vertex 76.916671752929688 17.899999618530273 5.5500001907348633
   vertex 76.916671752929688 17.875999450683594 5.5500001907348633
  endloop
 endfacet
 facet normal 0 0 1
  outer loop
   vertex 78.416671752929688 17.899999618530273 5.5500001907348633
   vertex 76.916671752929688 17.875999450683594 5.5500001907348633
   vertex 78.416671752929688 17.875999450683594 5.5500001907348633
  endloop
 endfacet
 facet normal -1 0 0
  outer loop
   vertex 76.916671752929688 17.875999450683594 10.949999809265137
   vertex 76.916671752929688 17.899999618530273 9.75
   vertex 76.916671752929688 17.875999450683594 9.75
  endloop
 endfacet
 facet normal -1 -0 -0
  outer loop
   vertex 76.916671752929688 17.875999450683594 10.949999809265137
   vertex 76.916671752929688 17.899999618530273 10.949999809265137
   vertex 76.916671752929688 17.899999618530273 9.75
  endloop
 endfacet
 facet normal 1 0 0
  outer loop
   vertex 78.416671752929688 17.875999450683594 10.949999809265137
   vertex 78.416671752929688 17.875999450683594 9.75
   vertex 78.416671752929688 17.899999618530273 9.75
  endloop
 endfacet
 facet normal 1 0 -0
  outer loop
   vertex 78.416671752929688 17.875999450683594 10.949999809265137
   vertex 78.416671752929688 17.899999618530273 9.75
   vertex 78.416671752929688 17.899999618530273 10.949999809265137
  endloop
 endfacet
 facet normal 0 -1 0
  outer loop
   vertex 78.416671752929688 17.875999450683594 10.949999809265137
   vertex 76.916671752929688 17.875999450683594 9.75
   vertex 78.416671752929688 17.875999450683594 9.75
  endloop
 endfacet
 facet normal 0 -1 0
  outer loop
   vertex 78.416671752929688 17.875999450683594 10.949999809265137
   vertex 76.916671752929688 17.875999450683594 10.949999809265137
   vertex 76.916671752929688 17.875999450683594 9.75
  endloop
 endfacet
 facet normal 0 1 -0
  outer loop
   vertex 78.416671752929688 17.899999618530273 10.949999809265137
   vertex 78.416671752929688 17.899999618530273 9.75
   vertex 76.916671752929688 17.899999618530273 9.75
  endloop
 endfacet
 facet normal 0 1 0
  outer loop
   vertex 78.416671752929688 17.899999618530273 10.949999809265137
   vertex 76.916671752929688 17.899999618530273 9.75
   vertex 76.916671752929688 17.899999618530273 10.949999809265137
  endloop
 endfacet
 facet normal 0 0 -1
  outer loop
   vertex 78.416671752929688 17.899999618530273 9.75
   vertex 76.916671752929688 17.875999450683594 9.75
   vertex 76.916671752929688 17.899999618530273 9.75
  endloop
 endfacet
 facet normal 0 0 -1
  outer loop
   vertex 78.416671752929688 17.899999618530273 9.75
   vertex 78.416671752929688 17.875999450683594 9.75
   vertex 76.916671752929688 17.875999450683594 9.75
  endloop
 endfacet
 facet normal -0 0 1
  outer loop
   vertex 78.416671752929688 17.899999618530273 10.949999809265137
   vertex 76.916671752929688 17.899999618530273 10.949999809265137
   vertex 76.916671752929688 17.875999450683594 10.949999809265137
  endloop
 endfacet
 facet normal 0 0 1
  outer loop
   vertex 78.416671752929688 17.899999618530273 10.949999809265137
   vertex 76.916671752929688 17.875999450683594 10.949999809265137
   vertex 78.416671752929688 17.875999450683594 10.949999809265137
  endloop
 endfacet
 facet normal -1 0 0
  outer loop
   vertex 76.916671752929688 17.875999450683594 2.8499999046325684
   vertex 76.916671752929688 17.899999618530273 1.6499999761581421
   vertex 76.916671752929688 17.875999450683594 1.6499999761581421
  endloop
 endfacet
 facet normal -1 -0 -0
  outer loop
   vertex 76.916671752929688 17.875999450683594 2.8499999046325684
   vertex 76.916671752929688 17.899999618530273 2.8499999046325684
   vertex 76.916671752929688 17.899999618530273 1.6499999761581421
  endloop
 endfacet
 facet normal 1 0 0
  outer loop
   vertex 78.416671752929688 17.875999450683594 2.8499999046325684
   vertex 78.416671752929688 17.875999450683594 1.6499999761581421
   vertex 78.416671752929688 17.899999618530273 1.6499999761581421
  endloop
 endfacet
 facet normal 1 0 -0
  outer loop
   vertex 78.416671752929688 17.875999450683594 2.8499999046325684
   vertex 78.416671752929688 17.899999618530273 1.6499999761581421
   vertex 78.416671752929688 17.899999618530273 2.8499999046325684
  endloop
 endfacet
 facet normal 0 -1 0
  outer loop
   vertex 78.416671752929688 17.875999450683594 2.8499999046325684
   vertex 76.916671752929688 17.875999450683594 1.6499999761581421
   vertex 78.416671752929688 17.875999450683594 1.6499999761581421
  endloop
 endfacet
 facet normal 0 -1 0
  outer loop
   vertex 78.416671752929688 17.875999450683594 2.8499999046325684
   vertex 76.916671752929688 17.875999450683594 2.8499999046325684
   vertex 76.916671752929688 17.875999450683594 1.6499999761581421
  endloop
 endfacet
 facet normal 0 1 -0
  outer loop
   vertex 78.416671752929688 17.899999618530273 2.8499999046325684
   vertex 78.416671752929688 17.899999618530273 1.6499999761581421
   vertex 76.916671752929688 17.899999618530273 1.6499999761581421
  endloop
 endfacet
 facet normal 0 1 0
  outer loop
   vertex 78.416671752929688 17.899999618530273 2.8499999046325684
   vertex 76.916671752929688 17.899999618530273 1.6499999761581421
   vertex 76.916671752929688 17.899999618530273 2.8499999046325684
  endloop
 endfacet
 facet normal 0 0 -1
  outer loop
   vertex 78.416671752929688 17.899999618530273 1.6499999761581421
   vertex 76.916671752929688 17.875999450683594 1.6499999761581421
   vertex 76.916671752929688 17.899999618530273 1.6499999761581421
  endloop
 endfacet
 facet normal 0 0 -1
  outer loop
   vertex 78.416671752929688 17.899999618530273 1.6499999761581421
   vertex 78.416671752929688 17.875999450683594 1.6499999761581421
   vertex 76.916671752929688 17.875999450683594 1.6499999761581421
  endloop
 endfacet
 facet normal -0 0 1
  outer loop
   vertex 78.416671752929688 17.899999618530273 2.8499999046325684
   vertex 76.916671752929688 17.899999618530273 2.8499999046325684
   vertex 76.916671752929688 17.875999450683594 2.8499999046325684
  endloop
 endfacet
 facet normal 0 0 1
  outer loop
   vertex 78.416671752929688 17.899999618530273 2.8499999046325684
   vertex 76.916671752929688 17.875999450683594 2.8499999046325684
   vertex 78.416671752929688 17.875999450683594 2.8499999046325684
  endloop
 endfacet
 facet normal -1 0 0
  outer loop
   vertex 63.583328247070312 17.875999450683594 2.8499999046325684
   vertex 63.583328247070312 17.899999618530273 1.6499999761581421
   vertex 63.583328247070312 17.875999450683594 1.6499999761581421
  endloop
 endfacet
 facet normal -1 -0 -0
  outer loop
   vertex 63.583328247070312 17.875999450683594 2.8499999046325684
   vertex 63.583328247070312 17.899999618530273 2.8499999046325684
   vertex 63.583328247070312 17.899999618530273 1.6499999761581421
  endloop
 endfacet
 facet normal 1 0 0
  outer loop
   vertex 65.083328247070312 17.875999450683594 2.8499999046325684
   vertex 65.083328247070312 17.875999450683594 1.6499999761581421
   vertex 65.083328247070312 17.899999618530273 1.6499999761581421
  endloop
 endfacet
 facet normal 1 0 -0
  outer loop
   vertex 65.083328247070312 17.875999450683594 2.8499999046325684
   vertex 65.083328247070312 17.899999618530273 1.6499999761581421
   vertex 65.083328247070312 17.899999618530273 2.8499999046325684
  endloop
 endfacet
 facet normal 0 -1 0
  outer loop
   vertex 65.083328247070312 17.875999450683594 2.8499999046325684
   vertex 63.583328247070312 17.875999450683594 1.6499999761581421
   vertex 65.083328247070312 17.875999450683594 1.6499999761581421
  endloop
 endfacet
 facet normal 0 -1 0
  outer loop
   vertex 65.083328247070312 17.875999450683594 2.8499999046325684
   vertex 63.583328247070312 17.875999450683594 2.8499999046325684
   vertex 63.583328247070312 17.875999450683594 1.6499999761581421
  endloop
 endfacet
 facet normal 0 1 -0
  outer loop
   vertex 65.083328247070312 17.899999618530273 2.8499999046325684
   vertex 65.083328247070312 17.899999618530273 1.6499999761581421
   vertex 63.583328247070312 17.899999618530273 1.6499999761581421
  endloop
 endfacet
 facet normal 0 1 0
  outer loop
   vertex 65.083328247070312 17.899999618530273 2.8499999046325684
   vertex 63.583328247070312 17.899999618530273 1.6499999761581421
   vertex 63.583328247070312 17.899999618530273 2.8499999046325684
  endloop
 endfacet
 facet normal 0 0 -1
  outer loop
   vertex 65.083328247070312 17.899999618530273 1.6499999761581421
   vertex 63.583328247070312 17.875999450683594 1.6499999761581421
   vertex 63.583328247070312 17.899999618530273 1.6499999761581421
  endloop
 endfacet
 facet normal 0 0 -1
  outer loop
   vertex 65.083328247070312 17.899999618530273 1.6499999761581421
   vertex 65.083328247070312 17.875999450683594 1.6499999761581421
   vertex 63.583328247070312 17.875999450683594 1.6499999761581421
  endloop
 endfacet
 facet normal -0 0 1
  outer loop
   vertex 65.083328247070312 17.899999618530273 2.8499999046325684
   vertex 63.583328247070312 17.899999618530273 2.8499999046325684
   vertex 63.583328247070312 17.875999450683594 2.8499999046325684
  endloop
 endfacet
 facet normal 0 0 1
  outer loop
   vertex 65.083328247070312 17.899999618530273 2.8499999046325684
   vertex 63.583328247070312 17.875999450683594 2.8499999046325684
   vertex 65.083328247070312 17.875999450683594 2.8499999046325684
  endloop
 endfacet
 facet normal -1 0 0
  outer loop
   vertex 76.916671752929688 17.875999450683594 8.25
   vertex 76.916671752929688 17.899999618530273 7.0500001907348633
   vertex 76.916671752929688 17.875999450683594 7.0500001907348633
  endloop
 endfacet
 facet normal -1 -0 -0
  outer loop
   vertex 76.916671752929688 17.875999450683594 8.25
   vertex 76.916671752929688 17.899999618530273 8.25
   vertex 76.916671752929688 17.899999618530273 7.0500001907348633
  endloop
 endfacet
 facet normal 1 0 0
  outer loop
   vertex 78.416671752929688 17.875999450683594 8.25
   vertex 78.416671752929688 17.875999450683594 7.0500001907348633
   vertex 78.416671752929688 17.899999618530273 7.0500001907348633
  endloop
 endfacet
 facet normal 1 0 -0
  outer loop
   vertex 78.416671752929688 17.875999450683594 8.25
   vertex 78.416671752929688 17.899999618530273 7.0500001907348633
   vertex 78.416671752929688 17.899999618530273 8.25
  endloop
 endfacet
 facet normal 0 -1 0
  outer loop
   vertex 78.416671752929688 17.875999450683594 8.25
   vertex 76.916671752929688 17.875999450683594 7.0500001907348633
   vertex 78.416671752929688 17.875999450683594 7.0500001907348633
  endloop
 endfacet
 facet normal 0 -1 0
  outer loop
   vertex 78.416671752929688 17.875999450683594 8.25
   vertex 76.916671752929688 17.875999450683594 8.25
   vertex 76.916671752929688 17.875999450683594 7.0500001907348633
  endloop
 endfacet
 facet normal 0 1 -0
  outer loop
   vertex 78.416671752929688 17.899999618530273 8.25
   vertex 78.416671752929688 17.899999618530273 7.0500001907348633
   vertex 76.916671752929688 17.899999618530273 7.0500001907348633
  endloop
 endfacet
 facet normal 0 1 0
  outer loop
   vertex 78.416671752929688 17.899999618530273 8.25
   vertex 76.916671752929688 17.899999618530273 7.0500001907348633
   vertex 76.916671752929688 17.899999618530273 8.25
  endloop
 endfacet
 facet normal 0 0 -1
  outer loop
   vertex 78.416671752929688 17.899999618530273 7.0500001907348633
   vertex 76.916671752929688 17.875999450683594 7.0500001907348633
   vertex 76.916671752929688 17.899999618530273 7.0500001907348633
  endloop
 endfacet
 facet normal 0 0 -1
  outer loop
   vertex 78.416671752929688 17.899999618530273 7.0500001907348633
   vertex 78.416671752929688 17.875999450683594 7.0500001907348633
   vertex 76.916671752929688 17.875999450683594 7.0500001907348633
  endloop
 endfacet
 facet normal -0 0 1
  outer loop
   vertex 78.416671752929688 17.899999618530273 8.25
   vertex 76.916671752929688 17.899999618530273 8.25
   vertex 76.916671752929688 17.875999450683594 8.25
  endloop
 endfacet
 facet normal 0 0 1
  outer loop
   vertex 78.416671752929688 17.899999618530273 8.25
   vertex 76.916671752929688 17.875999450683594 8.25
   vertex 78.416671752929688 17.875999450683594 8.25
  endloop
 endfacet
 facet normal -1 0 0
  outer loop
   vertex 63.583328247070312 17.875999450683594 8.25
   vertex 63.583328247070312 17.899999618530273 7.0500001907348633
   vertex 63.583328247070312 17.875999450683594 7.0500001907348633
  endloop
 endfacet
 facet normal -1 -0 -0
  outer loop
   vertex 63.583328247070312 17.875999450683594 8.25
   vertex 63.583328247070312 17.899999618530273 8.25
   vertex 63.583328247070312 17.899999618530273 7.0500001907348633
  endloop
 endfacet
 facet normal 1 0 0
  outer loop
   vertex 65.083328247070312 17.875999450683594 8.25
   vertex 65.083328247070312 17.875999450683594 7.0500001907348633
   vertex 65.083328247070312 17.899999618530273 7.0500001907348633
  endloop
 endfacet
 facet normal 1 0 -0
  outer loop
   vertex 65.083328247070312 17.875999450683594 8.25
   vertex 65.083328247070312 17.899999618530273 7.0500001907348633
   vertex 65.083328247070312 17.899999618530273 8.25
  endloop
 endfacet
 facet normal 0 -1 0
  outer loop
   vertex 65.083328247070312 17.875999450683594 8.25
   vertex 63.583328247070312 17.875999450683594 7.0500001907348633
   vertex 65.083328247070312 17.875999450683594 7.0500001907348633
  endloop
 endfacet
 facet normal 0 -1 0
  outer loop
   vertex 65.083328247070312 17.875999450683594 8.25
   vertex 63.583328247070312 17.875999450683594 8.25
   vertex 63.583328247070312 17.875999450683594 7.0500001907348633
  endloop
 endfacet
 facet normal 0 1 -0
  outer loop
   vertex 65.083328247070312 17.899999618530273 8.25
   vertex 65.083328247070312 17.899999618530273 7.0500001907348633
   vertex 63.583328247070312 17.899999618530273 7.0500001907348633
  endloop
 endfacet
 facet normal 0 1 0
  outer loop
   vertex 65.083328247070312 17.899999618530273 8.25
   vertex 63.583328247070312 17.899999618530273 7.0500001907348633
   vertex 63.583328247070312 17.899999618530273 8.25
  endloop
 endfacet
 facet normal 0 0 -1
  outer loop
   vertex 65.083328247070312 17.899999618530273 7.0500001907348633
   vertex 63.583328247070312 17.875999450683594 7.0500001907348633
   vertex 63.583328247070312 17.899999618530273 7.0500001907348633
  endloop
 endfacet
 facet normal 0 0 -1
  outer loop
   vertex 65.083328247070312 17.899999618530273 7.0500001907348633
   vertex 65.083328247070312 17.875999450683594 7.0500001907348633
   vertex 63.583328247070312 17.875999450683594 7.0500001907348633
  endloop
 endfacet
 facet normal -0 0 1
  outer loop
   vertex 65.083328247070312 17.899999618530273 8.25
   vertex 63.583328247070312 17.899999618530273 8.25
   vertex 63.583328247070312 17.875999450683594 8.25
  endloop
 endfacet
 facet normal 0 0 1
  outer loop
   vertex 65.083328247070312 17.899999618530273 8.25
   vertex 63.583328247070312 17.875999450683594 8.25
   vertex 65.083328247070312 17.875999450683594 8.25
  endloop
 endfacet
 facet normal -1 0 0
  outer loop
   vertex 76.916671752929688 17.875999450683594 13.649999618530273
   vertex 76.916671752929688 17.899999618530273 12.449999809265137
   vertex 76.916671752929688 17.875999450683594 12.449999809265137
  endloop
 endfacet
 facet normal -1 -0 -0
  outer loop
   vertex 76.916671752929688 17.875999450683594 13.649999618530273
   vertex 76.916671752929688 17.899999618530273 13.649999618530273
   vertex 76.916671752929688 17.899999618530273 12.449999809265137
  endloop
 endfacet
 facet normal 1 0 0
  outer loop
   vertex 78.416671752929688 17.875999450683594 13.649999618530273
   vertex 78.416671752929688 17.875999450683594 12.449999809265137
   vertex 78.416671752929688 17.899999618530273 12.449999809265137
  endloop
 endfacet
 facet normal 1 0 -0
  outer loop
   vertex 78.416671752929688 17.875999450683594 13.649999618530273
   vertex 78.416671752929688 17.899999618530273 12.449999809265137
   vertex 78.416671752929688 17.899999618530273 13.649999618530273
  endloop
 endfacet
 facet normal 0 -1 0
  outer loop
   vertex 78.416671752929688 17.875999450683594 12.449999809265137
   vertex 76.916671752929688 17.875999450683594 13.649999618530273
   vertex 76.916671752929688 17.875999450683594 12.449999809265137
  endloop
 endfacet
 facet normal 0 -1 0
  outer loop
   vertex 78.416671752929688 17.875999450683594 13.649999618530273
   vertex 76.916671752929688 17.875999450683594 13.649999618530273
   vertex 78.416671752929688 17.875999450683594 12.449999809265137
  endloop
 endfacet
 facet normal 0 1 0
  outer loop
   vertex 78.416671752929688 17.899999618530273 12.449999809265137
   vertex 76.916671752929688 17.899999618530273 12.449999809265137
   vertex 76.916671752929688 17.899999618530273 13.649999618530273
  endloop
 endfacet
 facet normal 0 1 -0
  outer loop
   vertex 78.416671752929688 17.899999618530273 13.649999618530273
   vertex 78.416671752929688 17.899999618530273 12.449999809265137
   vertex 76.916671752929688 17.899999618530273 13.649999618530273
  endloop
 endfacet
 facet normal 0 0 -1
  outer loop
   vertex 78.416671752929688 17.899999618530273 12.449999809265137
   vertex 76.916671752929688 17.875999450683594 12.449999809265137
   vertex 76.916671752929688 17.899999618530273 12.449999809265137
  endloop
 endfacet
 facet normal 0 0 -1
  outer loop
   vertex 78.416671752929688 17.899999618530273 12.449999809265137
   vertex 78.416671752929688 17.875999450683594 12.449999809265137
   vertex 76.916671752929688 17.875999450683594 12.449999809265137
  endloop
 endfacet
 facet normal -0 0 1
  outer loop
   vertex 78.416671752929688 17.899999618530273 13.649999618530273
   vertex 76.916671752929688 17.899999618530273 13.649999618530273
   vertex 76.916671752929688 17.875999450683594 13.649999618530273
  endloop
 endfacet
 facet normal 0 0 1
  outer loop
   vertex 78.416671752929688 17.899999618530273 13.649999618530273
   vertex 76.916671752929688 17.875999450683594 13.649999618530273
   vertex 78.416671752929688 17.875999450683594 13.649999618530273
  endloop
 endfacet
 facet normal -1 0 0
  outer loop
   vertex 63.583328247070312 17.875999450683594 13.649999618530273
   vertex 63.583328247070312 17.899999618530273 12.449999809265137
   vertex 63.583328247070312 17.875999450683594 12.449999809265137
  endloop
 endfacet
 facet normal -1 -0 -0
  outer loop
   vertex 63.583328247070312 17.875999450683594 13.649999618530273
   vertex 63.583328247070312 17.899999618530273 13.649999618530273
   vertex 63.583328247070312 17.899999618530273 12.449999809265137
  endloop
 endfacet
 facet normal 1 0 0
  outer loop
   vertex 65.083328247070312 17.875999450683594 13.649999618530273
   vertex 65.083328247070312 17.875999450683594 12.449999809265137
   vertex 65.083328247070312 17.899999618530273 12.449999809265137
  endloop
 endfacet
 facet normal 1 0 -0
  outer loop
   vertex 65.083328247070312 17.875999450683594 13.649999618530273
   vertex 65.083328247070312 17.899999618530273 12.449999809265137
   vertex 65.083328247070312 17.899999618530273 13.649999618530273
  endloop
 endfacet
 facet normal 0 -1 0
  outer loop
   vertex 65.083328247070312 17.875999450683594 12.449999809265137
   vertex 63.583328247070312 17.875999450683594 13.649999618530273
   vertex 63.583328247070312 17.875999450683594 12.449999809265137
  endloop
 endfacet
 facet normal 0 -1 0
  outer loop
   vertex 65.083328247070312 17.875999450683594 13.649999618530273
   vertex 63.583328247070312 17.875999450683594 13.649999618530273
   vertex 65.083328247070312 17.875999450683594 12.449999809265137
  endloop
 endfacet
 facet normal 0 1 0
  outer loop
   vertex 65.083328247070312 17.899999618530273 12.449999809265137
   vertex 63.583328247070312 17.899999618530273 12.449999809265137
   vertex 63.583328247070312 17.899999618530273 13.649999618530273
  endloop
 endfacet
 facet normal 0 1 -0
  outer loop
   vertex 65.083328247070312 17.899999618530273 13.649999618530273
   vertex 65.083328247070312 17.899999618530273 12.449999809265137
   vertex 63.583328247070312 17.899999618530273 13.649999618530273
  endloop
 endfacet
 facet normal 0 0 -1
  outer loop
   vertex 65.083328247070312 17.899999618530273 12.449999809265137
   vertex 63.583328247070312 17.875999450683594 12.449999809265137
   vertex 63.583328247070312 17.899999618530273 12.449999809265137
  endloop
 endfacet
 facet normal 0 0 -1
  outer loop
   vertex 65.083328247070312 17.899999618530273 12.449999809265137
   vertex 65.083328247070312 17.875999450683594 12.449999809265137
   vertex 63.583328247070312 17.875999450683594 12.449999809265137
  endloop
 endfacet
 facet normal -0 0 1
  outer loop
   vertex 65.083328247070312 17.899999618530273 13.649999618530273
   vertex 63.583328247070312 17.899999618530273 13.649999618530273
   vertex 63.583328247070312 17.875999450683594 13.649999618530273
  endloop
 endfacet
 facet normal 0 0 1
  outer loop
   vertex 65.083328247070312 17.899999618530273 13.649999618530273
   vertex 63.583328247070312 17.875999450683594 13.649999618530273
   vertex 65.083328247070312 17.875999450683594 13.649999618530273
  endloop
 endfacet
 facet normal -1 0 0
  outer loop
   vertex 70.25 17.875999450683594 10.949999809265137
   vertex 70.25 17.899999618530273 9.75
   vertex 70.25 17.875999450683594 9.75
  endloop
 endfacet
 facet normal -1 -0 -0
  outer loop
   vertex 70.25 17.875999450683594 10.949999809265137
   vertex 70.25 17.899999618530273 10.949999809265137
   vertex 70.25 17.899999618530273 9.75
  endloop
 endfacet
 facet normal 1 0 0
  outer loop
   vertex 71.75 17.875999450683594 10.949999809265137
   vertex 71.75 17.875999450683594 9.75
   vertex 71.75 17.899999618530273 9.75
  endloop
 endfacet
 facet normal 1 0 -0
  outer loop
   vertex 71.75 17.875999450683594 10.949999809265137
   vertex 71.75 17.899999618530273 9.75
   vertex 71.75 17.899999618530273 10.949999809265137
  endloop
 endfacet
 facet normal 0 -1 0
  outer loop
   vertex 71.75 17.875999450683594 10.949999809265137
   vertex 70.25 17.875999450683594 9.75
   vertex 71.75 17.875999450683594 9.75
  endloop
 endfacet
 facet normal 0 -1 0
  outer loop
   vertex 71.75 17.875999450683594 10.949999809265137
   vertex 70.25 17.875999450683594 10.949999809265137
   vertex 70.25 17.875999450683594 9.75
  endloop
 endfacet
 facet normal 0 1 -0
  outer loop
   vertex 71.75 17.899999618530273 10.949999809265137
   vertex 71.75 17.899999618530273 9.75
   vertex 70.25 17.899999618530273 9.75
  endloop
 endfacet
 facet normal 0 1 0
  outer loop
   vertex 71.75 17.899999618530273 10.949999809265137
   vertex 70.25 17.899999618530273 9.75
   vertex 70.25 17.899999618530273 10.949999809265137
  endloop
 endfacet
 facet normal 0 0 -1
  outer loop
   vertex 71.75 17.899999618530273 9.75
   vertex 70.25 17.875999450683594 9.75
   vertex 70.25 17.899999618530273 9.75
  endloop
 endfacet
 facet normal 0 0 -1
  outer loop
   vertex 71.75 17.899999618530273 9.75
   vertex 71.75 17.875999450683594 9.75
   vertex 70.25 17.875999450683594 9.75
  endloop
 endfacet
 facet normal -0 0 1
  outer loop
   vertex 71.75 17.899999618530273 10.949999809265137
   vertex 70.25 17.899999618530273 10.949999809265137
   vertex 70.25 17.875999450683594 10.949999809265137
  endloop
 endfacet
 facet normal 0 0 1
  outer loop
   vertex 71.75 17.899999618530273 10.949999809265137
   vertex 70.25 17.875999450683594 10.949999809265137
   vertex 71.75 17.875999450683594 10.949999809265137
  endloop
 endfacet
 facet normal -1 0 0
  outer loop
   vertex 70.25 17.875999450683594 5.5500001907348633
   vertex 70.25 17.899999618530273 4.3499999046325684
   vertex 70.25 17.875999450683594 4.3499999046325684
  endloop
 endfacet
 facet normal -1 -0 -0
  outer loop
   vertex 70.25 17.875999450683594 5.5500001907348633
   vertex 70.25 17.899999618530273 5.5500001907348633
   vertex 70.25 17.899999618530273 4.3499999046325684
  endloop
 endfacet
 facet normal 1 0 0
  outer loop
   vertex 71.75 17.875999450683594 5.5500001907348633
   vertex 71.75 17.875999450683594 4.3499999046325684
   vertex 71.75 17.899999618530273 4.3499999046325684
  endloop
 endfacet
 facet normal 1 0 -0
  outer loop
   vertex 71.75 17.875999450683594 5.5500001907348633
   vertex 71.75 17.899999618530273 4.3499999046325684
   vertex 71.75 17.899999618530273 5.5500001907348633
  endloop
 endfacet
 facet normal 0 -1 0
  outer loop
   vertex 71.75 17.875999450683594 5.5500001907348633
   vertex 70.25 17.875999450683594 4.3499999046325684
   vertex 71.75 17.875999450683594 4.3499999046325684
  endloop
 endfacet
 facet normal 0 -1 0
  outer loop
   vertex 71.75 17.875999450683594 5.5500001907348633
   vertex 70.25 17.875999450683594 5.5500001907348633
   vertex 70.25 17.875999450683594 4.3499999046325684
  endloop
 endfacet
 facet normal 0 1 -0
  outer loop
   vertex 71.75 17.899999618530273 5.5500001907348633
   vertex 71.75 17.899999618530273 4.3499999046325684
   vertex 70.25 17.899999618530273 4.3499999046325684
  endloop
 endfacet
 facet normal 0 1 0
  outer loop
   vertex 71.75 17.899999618530273 5.5500001907348633
   vertex 70.25 17.899999618530273 4.3499999046325684
   vertex 70.25 17.899999618530273 5.5500001907348633
  endloop
 endfacet
 facet normal 0 0 -1
  outer loop
   vertex 71.75 17.899999618530273 4.3499999046325684
   vertex 70.25 17.875999450683594 4.3499999046325684
   vertex 70.25 17.899999618530273 4.3499999046325684
  endloop
 endfacet
 facet normal 0 0 -1
  outer loop
   vertex 71.75 17.899999618530273 4.3499999046325684
   vertex 71.75 17.875999450683594 4.3499999046325684
   vertex 70.25 17.875999450683594 4.3499999046325684
  endloop
 endfacet
 facet normal -0 0 1
  outer loop
   vertex 71.75 17.899999618530273 5.5500001907348633
   vertex 70.25 17.899999618530273 5.5500001907348633
   vertex 70.25 17.875999450683594 5.5500001907348633
  endloop
 endfacet
 facet normal 0 0 1
  outer loop
   vertex 71.75 17.899999618530273 5.5500001907348633
   vertex 70.25 17.875999450683594 5.5500001907348633
   vertex 71.75 17.875999450683594 5.5500001907348633
  endloop
 endfacet
 facet normal -1 0 0
  outer loop
   vertex 76.916671752929688 3.0999999046325684 13.649999618530273
   vertex 76.916671752929688 3.124000072479248 12.449999809265137
   vertex 76.916671752929688 3.0999999046325684 12.449999809265137
  endloop
 endfacet
 facet normal -1 -0 -0
  outer loop
   vertex 76.916671752929688 3.0999999046325684 13.649999618530273
   vertex 76.916671752929688 3.124000072479248 13.649999618530273
   vertex 76.916671752929688 3.124000072479248 12.449999809265137
  endloop
 endfacet
 facet normal 1 0 0
  outer loop
   vertex 78.416671752929688 3.0999999046325684 13.649999618530273
   vertex 78.416671752929688 3.0999999046325684 12.449999809265137
   vertex 78.416671752929688 3.124000072479248 12.449999809265137
  endloop
 endfacet
 facet normal 1 0 -0
  outer loop
   vertex 78.416671752929688 3.0999999046325684 13.649999618530273
   vertex 78.416671752929688 3.124000072479248 12.449999809265137
   vertex 78.416671752929688 3.124000072479248 13.649999618530273
  endloop
 endfacet
 facet normal 0 -1 0
  outer loop
   vertex 78.416671752929688 3.0999999046325684 12.449999809265137
   vertex 76.916671752929688 3.0999999046325684 13.649999618530273
   vertex 76.916671752929688 3.0999999046325684 12.449999809265137
  endloop
 endfacet
 facet normal 0 -1 0
  outer loop
   vertex 78.416671752929688 3.0999999046325684 13.649999618530273
   vertex 76.916671752929688 3.0999999046325684 13.649999618530273
   vertex 78.416671752929688 3.0999999046325684 12.449999809265137
  endloop
 endfacet
 facet normal 0 1 0
  outer loop
   vertex 78.416671752929688 3.124000072479248 12.449999809265137
   vertex 76.916671752929688 3.124000072479248 12.449999809265137
   vertex 76.916671752929688 3.124000072479248 13.649999618530273
  endloop
 endfacet
 facet normal 0 1 -0
  outer loop
   vertex 78.416671752929688 3.124000072479248 13.649999618530273
   vertex 78.416671752929688 3.124000072479248 12.449999809265137
   vertex 76.916671752929688 3.124000072479248 13.649999618530273
  endloop
 endfacet
 facet normal 0 0 -1
  outer loop
   vertex 78.416671752929688 3.124000072479248 12.449999809265137
   vertex 76.916671752929688 3.0999999046325684 12.449999809265137
   vertex 76.916671752929688 3.124000072479248 12.449999809265137
  endloop
 endfacet
 facet normal 0 0 -1
  outer loop
   vertex 78.416671752929688 3.124000072479248 12.449999809265137
   vertex 78.416671752929688 3.0999999046325684 12.449999809265137
   vertex 76.916671752929688 3.0999999046325684 12.449999809265137
  endloop
 endfacet
 facet normal -0 0 1
  outer loop
   vertex 78.416671752929688 3.124000072479248 13.649999618530273
   vertex 76.916671752929688 3.124000072479248 13.649999618530273
   vertex 76.916671752929688 3.0999999046325684 13.649999618530273
  endloop
 endfacet
 facet normal 0 0 1
  outer loop
   vertex 78.416671752929688 3.124000072479248 13.649999618530273
   vertex 76.916671752929688 3.0999999046325684 13.649999618530273
   vertex 78.416671752929688 3.0999999046325684 13.649999618530273
  endloop
 endfacet
 facet normal -1 0 0
  outer loop
   vertex 76.916671752929688 3.0999999046325684 10.949999809265137
   vertex 76.916671752929688 3.124000072479248 9.75
   vertex 76.916671752929688 3.0999999046325684 9.75
  endloop
 endfacet
 facet normal -1 -0 -0
  outer loop
   vertex 76.916671752929688 3.0999999046325684 10.949999809265137
   vertex 76.916671752929688 3.124000072479248 10.949999809265137
   vertex 76.916671752929688 3.124000072479248 9.75
  endloop
 endfacet
 facet normal 1 0 0
  outer loop
   vertex 78.416671752929688 3.0999999046325684 10.949999809265137
   vertex 78.416671752929688 3.0999999046325684 9.75
   vertex 78.416671752929688 3.124000072479248 9.75
  endloop
 endfacet
 facet normal 1 0 -0
  outer loop
   vertex 78.416671752929688 3.0999999046325684 10.949999809265137
   vertex 78.416671752929688 3.124000072479248 9.75
   vertex 78.416671752929688 3.124000072479248 10.949999809265137
  endloop
 endfacet
 facet normal 0 -1 0
  outer loop
   vertex 78.416671752929688 3.0999999046325684 10.949999809265137
   vertex 76.916671752929688 3.0999999046325684 9.75
   vertex 78.416671752929688 3.0999999046325684 9.75
  endloop
 endfacet
 facet normal 0 -1 0
  outer loop
   vertex 78.416671752929688 3.0999999046325684 10.949999809265137
   vertex 76.916671752929688 3.0999999046325684 10.949999809265137
   vertex 76.916671752929688 3.0999999046325684 9.75
  endloop
 endfacet
 facet normal 0 1 -0
  outer loop
   vertex 78.416671752929688 3.124000072479248 10.949999809265137
   vertex 78.416671752929688 3.124000072479248 9.75
   vertex 76.916671752929688 3.124000072479248 9.75
  endloop
 endfacet
 facet normal 0 1 0
  outer loop
   vertex 78.416671752929688 3.124000072479248 10.949999809265137
   vertex 76.916671752929688 3.124000072479248 9.75
   vertex 76.916671752929688 3.124000072479248 10.949999809265137
  endloop
 endfacet
 facet normal 0 0 -1
  outer loop
   vertex 78.416671752929688 3.124000072479248 9.75
   vertex 76.916671752929688 3.0999999046325684 9.75
   vertex 76.916671752929688 3.124000072479248 9.75
  endloop
 endfacet
 facet normal 0 0 -1
  outer loop
   vertex 78.416671752929688 3.124000072479248 9.75
   vertex 78.416671752929688 3.0999999046325684 9.75
   vertex 76.916671752929688 3.0999999046325684 9.75
  endloop
 endfacet
 facet normal -0 0 1
  outer loop
   vertex 78.416671752929688 3.124000072479248 10.949999809265137
   vertex 76.916671752929688 3.124000072479248 10.949999809265137
   vertex 76.916671752929688 3.0999999046325684 10.949999809265137
  endloop
 endfacet
 facet normal 0 0 1
  outer loop
   vertex 78.416671752929688 3.124000072479248 10.949999809265137
   vertex 76.916671752929688 3.0999999046325684 10.949999809265137
   vertex 78.416671752929688 3.0999999046325684 10.949999809265137
  endloop
 endfacet
 facet normal -1 0 0
  outer loop
   vertex 76.916671752929688 3.0999999046325684 8.25
   vertex 76.916671752929688 3.124000072479248 7.0500001907348633
   vertex 76.916671752929688 3.0999999046325684 7.0500001907348633
  endloop
 endfacet
 facet normal -1 -0 -0
  outer loop
   vertex 76.916671752929688 3.0999999046325684 8.25
   vertex 76.916671752929688 3.124000072479248 8.25
   vertex 76.916671752929688 3.124000072479248 7.0500001907348633
  endloop
 endfacet
 facet normal 1 0 0
  outer loop
   vertex 78.416671752929688 3.0999999046325684 8.25
   vertex 78.416671752929688 3.0999999046325684 7.0500001907348633
   vertex 78.416671752929688 3.124000072479248 7.0500001907348633
  endloop
 endfacet
 facet normal 1 0 -0
  outer loop
   vertex 78.416671752929688 3.0999999046325684 8.25
   vertex 78.416671752929688 3.124000072479248 7.0500001907348633
   vertex 78.416671752929688 3.124000072479248 8.25
  endloop
 endfacet
 facet normal 0 -1 0
  outer loop
   vertex 78.416671752929688 3.0999999046325684 8.25
   vertex 76.916671752929688 3.0999999046325684 7.0500001907348633
   vertex 78.416671752929688 3.0999999046325684 7.0500001907348633
  endloop
 endfacet
 facet normal 0 -1 0
  outer loop
   vertex 78.416671752929688 3.0999999046325684 8.25
   vertex 76.916671752929688 3.0999999046325684 8.25
   vertex 76.916671752929688 3.0999999046325684 7.0500001907348633
  endloop
 endfacet
 facet normal 0 1 -0
  outer loop
   vertex 78.416671752929688 3.124000072479248 8.25
   vertex 78.416671752929688 3.124000072479248 7.0500001907348633
   vertex 76.916671752929688 3.124000072479248 7.0500001907348633
  endloop
 endfacet
 facet normal 0 1 0
  outer loop
   vertex 78.416671752929688 3.124000072479248 8.25
   vertex 76.916671752929688 3.124000072479248 7.0500001907348633
   vertex 76.916671752929688 3.124000072479248 8.25
  endloop
 endfacet
 facet normal 0 0 -1
  outer loop
   vertex 78.416671752929688 3.124000072479248 7.0500001907348633
   vertex 76.916671752929688 3.0999999046325684 7.0500001907348633
   vertex 76.916671752929688 3.124000072479248 7.0500001907348633
  endloop
 endfacet
 facet normal 0 0 -1
  outer loop
   vertex 78.416671752929688 3.124000072479248 7.0500001907348633
   vertex 78.416671752929688 3.0999999046325684 7.0500001907348633
   vertex 76.916671752929688 3.0999999046325684 7.0500001907348633
  endloop
 endfacet
 facet normal -0 0 1
  outer loop
   vertex 78.416671752929688 3.124000072479248 8.25
   vertex 76.916671752929688 3.124000072479248 8.25
   vertex 76.916671752929688 3.0999999046325684 8.25
  endloop
 endfacet
 facet normal 0 0 1
  outer loop
   vertex 78.416671752929688 3.124000072479248 8.25
   vertex 76.916671752929688 3.0999999046325684 8.25
   vertex 78.416671752929688 3.0999999046325684 8.25
  endloop
 endfacet
 facet normal -1 0 0
  outer loop
   vertex 76.916671752929688 3.0999999046325684 5.5500001907348633
   vertex 76.916671752929688 3.124000072479248 4.3499999046325684
   vertex 76.916671752929688 3.0999999046325684 4.3499999046325684
  endloop
 endfacet
 facet normal -1 -0 -0
  outer loop
   vertex 76.916671752929688 3.0999999046325684 5.5500001907348633
   vertex 76.916671752929688 3.124000072479248 5.5500001907348633
   vertex 76.916671752929688 3.124000072479248 4.3499999046325684
  endloop
 endfacet
 facet normal 1 0 0
  outer loop
   vertex 78.416671752929688 3.0999999046325684 5.5500001907348633
   vertex 78.416671752929688 3.0999999046325684 4.3499999046325684
   vertex 78.416671752929688 3.124000072479248 4.3499999046325684
  endloop
 endfacet
 facet normal 1 0 -0
  outer loop
   vertex 78.416671752929688 3.0999999046325684 5.5500001907348633
   vertex 78.416671752929688 3.124000072479248 4.3499999046325684
   vertex 78.416671752929688 3.124000072479248 5.5500001907348633
  endloop
 endfacet
 facet normal 0 -1 0
  outer loop
   vertex 78.416671752929688 3.0999999046325684 5.5500001907348633
   vertex 76.916671752929688 3.0999999046325684 4.3499999046325684
   vertex 78.416671752929688 3.0999999046325684 4.3499999046325684
  endloop
 endfacet
 facet normal 0 -1 0
  outer loop
   vertex 78.416671752929688 3.0999999046325684 5.5500001907348633
   vertex 76.916671752929688 3.0999999046325684 5.5500001907348633
   vertex 76.916671752929688 3.0999999046325684 4.3499999046325684
  endloop
 endfacet
 facet normal 0 1 -0
  outer loop
   vertex 78.416671752929688 3.124000072479248 5.5500001907348633
   vertex 78.416671752929688 3.124000072479248 4.3499999046325684
   vertex 76.916671752929688 3.124000072479248 4.3499999046325684
  endloop
 endfacet
 facet normal 0 1 0
  outer loop
   vertex 78.416671752929688 3.124000072479248 5.5500001907348633
   vertex 76.916671752929688 3.124000072479248 4.3499999046325684
   vertex 76.916671752929688 3.124000072479248 5.5500001907348633
  endloop
 endfacet
 facet normal 0 0 -1
  outer loop
   vertex 78.416671752929688 3.124000072479248 4.3499999046325684
   vertex 76.916671752929688 3.0999999046325684 4.3499999046325684
   vertex 76.916671752929688 3.124000072479248 4.3499999046325684
  endloop
 endfacet
 facet normal 0 0 -1
  outer loop
   vertex 78.416671752929688 3.124000072479248 4.3499999046325684
   vertex 78.416671752929688 3.0999999046325684 4.3499999046325684
   vertex 76.916671752929688 3.0999999046325684 4.3499999046325684
  endloop
 endfacet
 facet normal -0 0 1
  outer loop
   vertex 78.416671752929688 3.124000072479248 5.5500001907348633
   vertex 76.916671752929688 3.124000072479248 5.5500001907348633
   vertex 76.916671752929688 3.0999999046325684 5.5500001907348633
  endloop
 endfacet
 facet normal 0 0 1
  outer loop
   vertex 78.416671752929688 3.124000072479248 5.5500001907348633
   vertex 76.916671752929688 3.0999999046325684 5.5500001907348633
   vertex 78.416671752929688 3.0999999046325684 5.5500001907348633
  endloop
 endfacet
 facet normal -1 0 0
  outer loop
   vertex 76.916671752929688 3.0999999046325684 2.8499999046325684
   vertex 76.916671752929688 3.124000072479248 1.6499999761581421
   vertex 76.916671752929688 3.0999999046325684 1.6499999761581421
  endloop
 endfacet
 facet normal -1 -0 -0
  outer loop
   vertex 76.916671752929688 3.0999999046325684 2.8499999046325684
   vertex 76.916671752929688 3.124000072479248 2.8499999046325684
   vertex 76.916671752929688 3.124000072479248 1.6499999761581421
  endloop
 endfacet
 facet normal 1 0 0
  outer loop
   vertex 78.416671752929688 3.0999999046325684 2.8499999046325684
   vertex 78.416671752929688 3.0999999046325684 1.6499999761581421
   vertex 78.416671752929688 3.124000072479248 1.6499999761581421
  endloop
 endfacet
 facet normal 1 0 -0
  outer loop
   vertex 78.416671752929688 3.0999999046325684 2.8499999046325684
   vertex 78.416671752929688 3.124000072479248 1.6499999761581421
   vertex 78.416671752929688 3.124000072479248 2.8499999046325684
  endloop
 endfacet
 facet normal 0 -1 0
  outer loop
   vertex 78.416671752929688 3.0999999046325684 2.8499999046325684
   vertex 76.916671752929688 3.0999999046325684 1.6499999761581421
   vertex 78.416671752929688 3.0999999046325684 1.6499999761581421
  endloop
 endfacet
 facet normal 0 -1 0
  outer loop
   vertex 78.416671752929688 3.0999999046325684 2.8499999046325684
   vertex 76.916671752929688 3.0999999046325684 2.8499999046325684
   vertex 76.916671752929688 3.0999999046325684 1.6499999761581421
  endloop
 endfacet
 facet normal 0 1 -0
  outer loop
   vertex 78.416671752929688 3.124000072479248 2.8499999046325684
   vertex 78.416671752929688 3.124000072479248 1.6499999761581421
   vertex 76.916671752929688 3.124000072479248 1.6499999761581421
  endloop
 endfacet
 facet normal 0 1 0
  outer loop
   vertex 78.416671752929688 3.124000072479248 2.8499999046325684
   vertex 76.916671752929688 3.124000072479248 1.6499999761581421
   vertex 76.916671752929688 3.124000072479248 2.8499999046325684
  endloop
 endfacet
 facet normal 0 0 -1
  outer loop
   vertex 78.416671752929688 3.124000072479248 1.6499999761581421
   vertex 76.916671752929688 3.0999999046325684 1.6499999761581421
   vertex 76.916671752929688 3.124000072479248 1.6499999761581421
  endloop
 endfacet
 facet normal 0 0 -1
  outer loop
   vertex 78.416671752929688 3.124000072479248 1.6499999761581421
   vertex 78.416671752929688 3.0999999046325684 1.6499999761581421
   vertex 76.916671752929688 3.0999999046325684 1.6499999761581421
  endloop
 endfacet
 facet normal -0 0 1
  outer loop
   vertex 78.416671752929688 3.124000072479248 2.8499999046325684
   vertex 76.916671752929688 3.124000072479248 2.8499999046325684
   vertex 76.916671752929688 3.0999999046325684 2.8499999046325684
  endloop
 endfacet
 facet normal 0 0 1
  outer loop
   vertex 78.416671752929688 3.124000072479248 2.8499999046325684
   vertex 76.916671752929688 3.0999999046325684 2.8499999046325684
   vertex 78.416671752929688 3.0999999046325684 2.8499999046325684
  endloop
 endfacet
 facet normal -1 0 0
  outer loop
   vertex 70.25 3.0999999046325684 13.649999618530273
   vertex 70.25 3.124000072479248 12.449999809265137
   vertex 70.25 3.0999999046325684 12.449999809265137
  endloop
 endfacet
 facet normal -1 -0 -0
  outer loop
   vertex 70.25 3.0999999046325684 13.649999618530273
   vertex 70.25 3.124000072479248 13.649999618530273
   vertex 70.25 3.124000072479248 12.449999809265137
  endloop
 endfacet
 facet normal 1 0 0
  outer loop
   vertex 71.75 3.0999999046325684 13.649999618530273
   vertex 71.75 3.0999999046325684 12.449999809265137
   vertex 71.75 3.124000072479248 12.449999809265137
  endloop
 endfacet
 facet normal 1 0 -0
  outer loop
   vertex 71.75 3.0999999046325684 13.649999618530273
   vertex 71.75 3.124000072479248 12.449999809265137
   vertex 71.75 3.124000072479248 13.649999618530273
  endloop
 endfacet
 facet normal 0 -1 0
  outer loop
   vertex 71.75 3.0999999046325684 12.449999809265137
   vertex 70.25 3.0999999046325684 13.649999618530273
   vertex 70.25 3.0999999046325684 12.449999809265137
  endloop
 endfacet
 facet normal 0 -1 0
  outer loop
   vertex 71.75 3.0999999046325684 13.649999618530273
   vertex 70.25 3.0999999046325684 13.649999618530273
   vertex 71.75 3.0999999046325684 12.449999809265137
  endloop
 endfacet
 facet normal 0 1 0
  outer loop
   vertex 71.75 3.124000072479248 12.449999809265137
   vertex 70.25 3.124000072479248 12.449999809265137
   vertex 70.25 3.124000072479248 13.649999618530273
  endloop
 endfacet
 facet normal 0 1 -0
  outer loop
   vertex 71.75 3.124000072479248 13.649999618530273
   vertex 71.75 3.124000072479248 12.449999809265137
   vertex 70.25 3.124000072479248 13.649999618530273
  endloop
 endfacet
 facet normal 0 0 -1
  outer loop
   vertex 71.75 3.124000072479248 12.449999809265137
   vertex 70.25 3.0999999046325684 12.449999809265137
   vertex 70.25 3.124000072479248 12.449999809265137
  endloop
 endfacet
 facet normal 0 0 -1
  outer loop
   vertex 71.75 3.124000072479248 12.449999809265137
   vertex 71.75 3.0999999046325684 12.449999809265137
   vertex 70.25 3.0999999046325684 12.449999809265137
  endloop
 endfacet
 facet normal -0 0 1
  outer loop
   vertex 71.75 3.124000072479248 13.649999618530273
   vertex 70.25 3.124000072479248 13.649999618530273
   vertex 70.25 3.0999999046325684 13.649999618530273
  endloop
 endfacet
 facet normal 0 0 1
  outer loop
   vertex 71.75 3.124000072479248 13.649999618530273
   vertex 70.25 3.0999999046325684 13.649999618530273
   vertex 71.75 3.0999999046325684 13.649999618530273
  endloop
 endfacet
 facet normal -1 0 0
  outer loop
   vertex 70.25 3.0999999046325684 10.949999809265137
   vertex 70.25 3.124000072479248 9.75
   vertex 70.25 3.0999999046325684 9.75
  endloop
 endfacet
 facet normal -1 -0 -0
  outer loop
   vertex 70.25 3.0999999046325684 10.949999809265137
   vertex 70.25 3.124000072479248 10.949999809265137
   vertex 70.25 3.124000072479248 9.75
  endloop
 endfacet
 facet normal 1 0 0
  outer loop
   vertex 71.75 3.0999999046325684 10.949999809265137
   vertex 71.75 3.0999999046325684 9.75
   vertex 71.75 3.124000072479248 9.75
  endloop
 endfacet
 facet normal 1 0 -0
  outer loop
   vertex 71.75 3.0999999046325684 10.949999809265137
   vertex 71.75 3.124000072479248 9.75
   vertex 71.75 3.124000072479248 10.949999809265137
  endloop
 endfacet
 facet normal 0 -1 0
  outer loop
   vertex 71.75 3.0999999046325684 10.949999809265137
   vertex 70.25 3.0999999046325684 9.75
   vertex 71.75 3.0999999046325684 9.75
  endloop
 endfacet
 facet normal 0 -1 0
  outer loop
   vertex 71.75 3.0999999046325684 10.949999809265137
   vertex 70.25 3.0999999046325684 10.949999809265137
   vertex 70.25 3.0999999046325684 9.75
  endloop
 endfacet
 facet normal 0 1 -0
  outer loop
   vertex 71.75 3.124000072479248 10.949999809265137
   vertex 71.75 3.124000072479248 9.75
   vertex 70.25 3.124000072479248 9.75
  endloop
 endfacet
 facet normal 0 1 0
  outer loop
   vertex 71.75 3.124000072479248 10.949999809265137
   vertex 70.25 3.124000072479248 9.75
   vertex 70.25 3.124000072479248 10.949999809265137
  endloop
 endfacet
 facet normal 0 0 -1
  outer loop
   vertex 71.75 3.124000072479248 9.75
   vertex 70.25 3.0999999046325684 9.75
   vertex 70.25 3.124000072479248 9.75
  endloop
 endfacet
 facet normal 0 0 -1
  outer loop
   vertex 71.75 3.124000072479248 9.75
   vertex 71.75 3.0999999046325684 9.75
   vertex 70.25 3.0999999046325684 9.75
  endloop
 endfacet
 facet normal -0 0 1
  outer loop
   vertex 71.75 3.124000072479248 10.949999809265137
   vertex 70.25 3.124000072479248 10.949999809265137
   vertex 70.25 3.0999999046325684 10.949999809265137
  endloop
 endfacet
 facet normal 0 0 1
  outer loop
   vertex 71.75 3.124000072479248 10.949999809265137
   vertex 70.25 3.0999999046325684 10.949999809265137
   vertex 71.75 3.0999999046325684 10.949999809265137
  endloop
 endfacet
 facet normal -1 0 0
  outer loop
   vertex 70.25 3.0999999046325684 8.25
   vertex 70.25 3.124000072479248 7.0500001907348633
   vertex 70.25 3.0999999046325684 7.0500001907348633
  endloop
 endfacet
 facet normal -1 -0 -0
  outer loop
   vertex 70.25 3.0999999046325684 8.25
   vertex 70.25 3.124000072479248 8.25
   vertex 70.25 3.124000072479248 7.0500001907348633
  endloop
 endfacet
 facet normal 1 0 0
  outer loop
   vertex 71.75 3.0999999046325684 8.25
   vertex 71.75 3.0999999046325684 7.0500001907348633
   vertex 71.75 3.124000072479248 7.0500001907348633
  endloop
 endfacet
 facet normal 1 0 -0
  outer loop
   vertex 71.75 3.0999999046325684 8.25
   vertex 71.75 3.124000072479248 7.0500001907348633
   vertex 71.75 3.124000072479248 8.25
  endloop
 endfacet
 facet normal 0 -1 0
  outer loop
   vertex 71.75 3.0999999046325684 8.25
   vertex 70.25 3.0999999046325684 7.0500001907348633
   vertex 71.75 3.0999999046325684 7.0500001907348633
  endloop
 endfacet
 facet normal 0 -1 0
  outer loop
   vertex 71.75 3.0999999046325684 8.25
   vertex 70.25 3.0999999046325684 8.25
   vertex 70.25 3.0999999046325684 7.0500001907348633
  endloop
 endfacet
 facet normal 0 1 -0
  outer loop
   vertex 71.75 3.124000072479248 8.25
   vertex 71.75 3.124000072479248 7.0500001907348633
   vertex 70.25 3.124000072479248 7.0500001907348633
  endloop
 endfacet
 facet normal 0 1 0
  outer loop
   vertex 71.75 3.124000072479248 8.25
   vertex 70.25 3.124000072479248 7.0500001907348633
   vertex 70.25 3.124000072479248 8.25
  endloop
 endfacet
 facet normal 0 0 -1
  outer loop
   vertex 71.75 3.124000072479248 7.0500001907348633
   vertex 70.25 3.0999999046325684 7.0500001907348633
   vertex 70.25 3.124000072479248 7.0500001907348633
  endloop
 endfacet
 facet normal 0 0 -1
  outer loop
   vertex 71.75 3.124000072479248 7.0500001907348633
   vertex 71.75 3.0999999046325684 7.0500001907348633
   vertex 70.25 3.0999999046325684 7.0500001907348633
  endloop
 endfacet
 facet normal -0 0 1
  outer loop
   vertex 71.75 3.124000072479248 8.25
   vertex 70.25 3.124000072479248 8.25
   vertex 70.25 3.0999999046325684 8.25
  endloop
 endfacet
 facet normal 0 0 1
  outer loop
   vertex 71.75 3.124000072479248 8.25
   vertex 70.25 3.0999999046325684 8.25
   vertex 71.75 3.0999999046325684 8.25
  endloop
 endfacet
 facet normal -1 0 0
  outer loop
   vertex 70.25 3.0999999046325684 5.5500001907348633
   vertex 70.25 3.124000072479248 4.3499999046325684
   vertex 70.25 3.0999999046325684 4.3499999046325684
  endloop
 endfacet
 facet normal -1 -0 -0
  outer loop
   vertex 70.25 3.0999999046325684 5.5500001907348633
   vertex 70.25 3.124000072479248 5.5500001907348633
   vertex 70.25 3.124000072479248 4.3499999046325684
  endloop
 endfacet
 facet normal 1 0 0
  outer loop
   vertex 71.75 3.0999999046325684 5.5500001907348633
   vertex 71.75 3.0999999046325684 4.3499999046325684
   vertex 71.75 3.124000072479248 4.3499999046325684
  endloop
 endfacet
 facet normal 1 0 -0
  outer loop
   vertex 71.75 3.0999999046325684 5.5500001907348633
   vertex 71.75 3.124000072479248 4.3499999046325684
   vertex 71.75 3.124000072479248 5.5500001907348633
  endloop
 endfacet
 facet normal 0 -1 0
  outer loop
   vertex 71.75 3.0999999046325684 5.5500001907348633
   vertex 70.25 3.0999999046325684 4.3499999046325684
   vertex 71.75 3.0999999046325684 4.3499999046325684
  endloop
 endfacet
 facet normal 0 -1 0
  outer loop
   vertex 71.75 3.0999999046325684 5.5500001907348633
   vertex 70.25 3.0999999046325684 5.5500001907348633
   vertex 70.25 3.0999999046325684 4.3499999046325684
  endloop
 endfacet
 facet normal 0 1 -0
  outer loop
   vertex 71.75 3.124000072479248 5.5500001907348633
   vertex 71.75 3.124000072479248 4.3499999046325684
   vertex 70.25 3.124000072479248 4.3499999046325684
  endloop
 endfacet
 facet normal 0 1 0
  outer loop
   vertex 71.75 3.124000072479248 5.5500001907348633
   vertex 70.25 3.124000072479248 4.3499999046325684
   vertex 70.25 3.124000072479248 5.5500001907348633
  endloop
 endfacet
 facet normal 0 0 -1
  outer loop
   vertex 71.75 3.124000072479248 4.3499999046325684
   vertex 70.25 3.0999999046325684 4.3499999046325684
   vertex 70.25 3.124000072479248 4.3499999046325684
  endloop
 endfacet
 facet normal 0 0 -1
  outer loop
   vertex 71.75 3.124000072479248 4.3499999046325684
   vertex 71.75 3.0999999046325684 4.3499999046325684
   vertex 70.25 3.0999999046325684 4.3499999046325684
  endloop
 endfacet
 facet normal -0 0 1
  outer loop
   vertex 71.75 3.124000072479248 5.5500001907348633
   vertex 70.25 3.124000072479248 5.5500001907348633
   vertex 70.25 3.0999999046325684 5.5500001907348633
  endloop
 endfacet
 facet normal 0 0 1
  outer loop
   vertex 71.75 3.124000072479248 5.5500001907348633
   vertex 70.25 3.0999999046325684 5.5500001907348633
   vertex 71.75 3.0999999046325684 5.5500001907348633
  endloop
 endfacet
 facet normal -1 0 0
  outer loop
   vertex 70.25 3.0999999046325684 2.8499999046325684
   vertex 70.25 3.124000072479248 1.6499999761581421
   vertex 70.25 3.0999999046325684 1.6499999761581421
  endloop
 endfacet
 facet normal -1 -0 -0
  outer loop
   vertex 70.25 3.0999999046325684 2.8499999046325684
   vertex 70.25 3.124000072479248 2.8499999046325684
   vertex 70.25 3.124000072479248 1.6499999761581421
  endloop
 endfacet
 facet normal 1 0 0
  outer loop
   vertex 71.75 3.0999999046325684 2.8499999046325684
   vertex 71.75 3.0999999046325684 1.6499999761581421
   vertex 71.75 3.124000072479248 1.6499999761581421
  endloop
 endfacet
 facet normal 1 0 -0
  outer loop
   vertex 71.75 3.0999999046325684 2.8499999046325684
   vertex 71.75 3.124000072479248 1.6499999761581421
   vertex 71.75 3.124000072479248 2.8499999046325684
  endloop
 endfacet
 facet normal 0 -1 0
  outer loop
   vertex 71.75 3.0999999046325684 2.8499999046325684
   vertex 70.25 3.0999999046325684 1.6499999761581421
   vertex 71.75 3.0999999046325684 1.6499999761581421
  endloop
 endfacet
 facet normal 0 -1 0
  outer loop
   vertex 71.75 3.0999999046325684 2.8499999046325684
   vertex 70.25 3.0999999046325684 2.8499999046325684
   vertex 70.25 3.0999999046325684 1.6499999761581421
  endloop
 endfacet
 facet normal 0 1 -0
  outer loop
   vertex 71.75 3.124000072479248 2.8499999046325684
   vertex 71.75 3.124000072479248 1.6499999761581421
   vertex 70.25 3.124000072479248 1.6499999761581421
  endloop
 endfacet
 facet normal 0 1 0
  outer loop
   vertex 71.75 3.124000072479248 2.8499999046325684
   vertex 70.25 3.124000072479248 1.6499999761581421
   vertex 70.25 3.124000072479248 2.8499999046325684
  endloop
 endfacet
 facet normal 0 0 -1
  outer loop
   vertex 71.75 3.124000072479248 1.6499999761581421
   vertex 70.25 3.0999999046325684 1.6499999761581421
   vertex 70.25 3.124000072479248 1.6499999761581421
  endloop
 endfacet
 facet normal 0 0 -1
  outer loop
   vertex 71.75 3.124000072479248 1.6499999761581421
   vertex 71.75 3.0999999046325684 1.6499999761581421
   vertex 70.25 3.0999999046325684 1.6499999761581421
  endloop
 endfacet
 facet normal -0 0 1
  outer loop
   vertex 71.75 3.124000072479248 2.8499999046325684
   vertex 70.25 3.124000072479248 2.8499999046325684
   vertex 70.25 3.0999999046325684 2.8499999046325684
  endloop
 endfacet
 facet normal 0 0 1
  outer loop
   vertex 71.75 3.124000072479248 2.8499999046325684
   vertex 70.25 3.0999999046325684 2.8499999046325684
   vertex 71.75 3.0999999046325684 2.8499999046325684
  endloop
 endfacet
 facet normal -1 0 0
  outer loop
   vertex 63.583328247070312 3.0999999046325684 13.649999618530273
   vertex 63.583328247070312 3.124000072479248 12.449999809265137
   vertex 63.583328247070312 3.0999999046325684 12.449999809265137
  endloop
 endfacet
 facet normal -1 -0 -0
  outer loop
   vertex 63.583328247070312 3.0999999046325684 13.649999618530273
   vertex 63.583328247070312 3.124000072479248 13.649999618530273
   vertex 63.583328247070312 3.124000072479248 12.449999809265137
  endloop
 endfacet
 facet normal 1 0 0
  outer loop
   vertex 65.083328247070312 3.0999999046325684 13.649999618530273
   vertex 65.083328247070312 3.0999999046325684 12.449999809265137
   vertex 65.083328247070312 3.124000072479248 12.449999809265137
  endloop
 endfacet
 facet normal 1 0 -0
  outer loop
   vertex 65.083328247070312 3.0999999046325684 13.649999618530273
   vertex 65.083328247070312 3.124000072479248 12.449999809265137
   vertex 65.083328247070312 3.124000072479248 13.649999618530273
  endloop
 endfacet
 facet normal 0 -1 0
  outer loop
   vertex 65.083328247070312 3.0999999046325684 12.449999809265137
   vertex 63.583328247070312 3.0999999046325684 13.649999618530273
   vertex 63.583328247070312 3.0999999046325684 12.449999809265137
  endloop
 endfacet
 facet normal 0 -1 0
  outer loop
   vertex 65.083328247070312 3.0999999046325684 13.649999618530273
   vertex 63.583328247070312 3.0999999046325684 13.649999618530273
   vertex 65.083328247070312 3.0999999046325684 12.449999809265137
  endloop
 endfacet
 facet normal 0 1 0
  outer loop
   vertex 65.083328247070312 3.124000072479248 12.449999809265137
   vertex 63.583328247070312 3.124000072479248 12.449999809265137
   vertex 63.583328247070312 3.124000072479248 13.649999618530273
  endloop
 endfacet
 facet normal 0 1 -0
  outer loop
   vertex 65.083328247070312 3.124000072479248 13.649999618530273
   vertex 65.083328247070312 3.124000072479248 12.449999809265137
   vertex 63.583328247070312 3.124000072479248 13.649999618530273
  endloop
 endfacet
 facet normal 0 0 -1
  outer loop
   vertex 65.083328247070312 3.124000072479248 12.449999809265137
   vertex 63.583328247070312 3.0999999046325684 12.449999809265137
   vertex 63.583328247070312 3.124000072479248 12.449999809265137
  endloop
 endfacet
 facet normal 0 0 -1
  outer loop
   vertex 65.083328247070312 3.124000072479248 12.449999809265137
   vertex 65.083328247070312 3.0999999046325684 12.449999809265137
   vertex 63.583328247070312 3.0999999046325684 12.449999809265137
  endloop
 endfacet
 facet normal -0 0 1
  outer loop
   vertex 65.083328247070312 3.124000072479248 13.649999618530273
   vertex 63.583328247070312 3.124000072479248 13.649999618530273
   vertex 63.583328247070312 3.0999999046325684 13.649999618530273
  endloop
 endfacet
 facet normal 0 0 1
  outer loop
   vertex 65.083328247070312 3.124000072479248 13.649999618530273
   vertex 63.583328247070312 3.0999999046325684 13.649999618530273
   vertex 65.083328247070312 3.0999999046325684 13.649999618530273
  endloop
 endfacet
 facet normal -1 0 0
  outer loop
   vertex 63.583328247070312 3.0999999046325684 10.949999809265137
   vertex 63.583328247070312 3.124000072479248 9.75
   vertex 63.583328247070312 3.0999999046325684 9.75
  endloop
 endfacet
 facet normal -1 -0 -0
  outer loop
   vertex 63.583328247070312 3.0999999046325684 10.949999809265137
   vertex 63.583328247070312 3.124000072479248 10.949999809265137
   vertex 63.583328247070312 3.124000072479248 9.75
  endloop
 endfacet
 facet normal 1 0 0
  outer loop
   vertex 65.083328247070312 3.0999999046325684 10.949999809265137
   vertex 65.083328247070312 3.0999999046325684 9.75
   vertex 65.083328247070312 3.124000072479248 9.75
  endloop
 endfacet
 facet normal 1 0 -0
  outer loop
   vertex 65.083328247070312 3.0999999046325684 10.949999809265137
   vertex 65.083328247070312 3.124000072479248 9.75
   vertex 65.083328247070312 3.124000072479248 10.949999809265137
  endloop
 endfacet
 facet normal 0 -1 0
  outer loop
   vertex 65.083328247070312 3.0999999046325684 10.949999809265137
   vertex 63.583328247070312 3.0999999046325684 9.75
   vertex 65.083328247070312 3.0999999046325684 9.75
  endloop
 endfacet
 facet normal 0 -1 0
  outer loop
   vertex 65.083328247070312 3.0999999046325684 10.949999809265137
   vertex 63.583328247070312 3.0999999046325684 10.949999809265137
   vertex 63.583328247070312 3.0999999046325684 9.75
  endloop
 endfacet
 facet normal 0 1 -0
  outer loop
   vertex 65.083328247070312 3.124000072479248 10.949999809265137
   vertex 65.083328247070312 3.124000072479248 9.75
   vertex 63.583328247070312 3.124000072479248 9.75
  endloop
 endfacet
 facet normal 0 1 0
  outer loop
   vertex 65.083328247070312 3.124000072479248 10.949999809265137
   vertex 63.583328247070312 3.124000072479248 9.75
   vertex 63.583328247070312 3.124000072479248 10.949999809265137
  endloop
 endfacet
 facet normal 0 0 -1
  outer loop
   vertex 65.083328247070312 3.124000072479248 9.75
   vertex 63.583328247070312 3.0999999046325684 9.75
   vertex 63.583328247070312 3.124000072479248 9.75
  endloop
 endfacet
 facet normal 0 0 -1
  outer loop
   vertex 65.083328247070312 3.124000072479248 9.75
   vertex 65.083328247070312 3.0999999046325684 9.75
   vertex 63.583328247070312 3.0999999046325684 9.75
  endloop
 endfacet
 facet normal -0 0 1
  outer loop
   vertex 65.083328247070312 3.124000072479248 10.949999809265137
   vertex 63.583328247070312 3.124000072479248 10.949999809265137
   vertex 63.583328247070312 3.0999999046325684 10.949999809265137
  endloop
 endfacet
 facet normal 0 0 1
  outer loop
   vertex 65.083328247070312 3.124000072479248 10.949999809265137
   vertex 63.583328247070312 3.0999999046325684 10.949999809265137
   vertex 65.083328247070312 3.0999999046325684 10.949999809265137
  endloop
 endfacet
 facet normal -1 0 0
  outer loop
   vertex 63.583328247070312 3.0999999046325684 8.25
   vertex 63.583328247070312 3.124000072479248 7.0500001907348633
   vertex 63.583328247070312 3.0999999046325684 7.0500001907348633
  endloop
 endfacet
 facet normal -1 -0 -0
  outer loop
   vertex 63.583328247070312 3.0999999046325684 8.25
   vertex 63.583328247070312 3.124000072479248 8.25
   vertex 63.583328247070312 3.124000072479248 7.0500001907348633
  endloop
 endfacet
 facet normal 1 0 0
  outer loop
   vertex 65.083328247070312 3.0999999046325684 8.25
   vertex 65.083328247070312 3.0999999046325684 7.0500001907348633
   vertex 65.083328247070312 3.124000072479248 7.0500001907348633
  endloop
 endfacet
 facet normal 1 0 -0
  outer loop
   vertex 65.083328247070312 3.0999999046325684 8.25
   vertex 65.083328247070312 3.124000072479248 7.0500001907348633
   vertex 65.083328247070312 3.124000072479248 8.25
  endloop
 endfacet
 facet normal 0 -1 0
  outer loop
   vertex 65.083328247070312 3.0999999046325684 8.25
   vertex 63.583328247070312 3.0999999046325684 7.0500001907348633
   vertex 65.083328247070312 3.0999999046325684 7.0500001907348633
  endloop
 endfacet
 facet normal 0 -1 0
  outer loop
   vertex 65.083328247070312 3.0999999046325684 8.25
   vertex 63.583328247070312 3.0999999046325684 8.25
   vertex 63.583328247070312 3.0999999046325684 7.0500001907348633
  endloop
 endfacet
 facet normal 0 1 -0
  outer loop
   vertex 65.083328247070312 3.124000072479248 8.25
   vertex 65.083328247070312 3.124000072479248 7.0500001907348633
   vertex 63.583328247070312 3.124000072479248 7.0500001907348633
  endloop
 endfacet
 facet normal 0 1 0
  outer loop
   vertex 65.083328247070312 3.124000072479248 8.25
   vertex 63.583328247070312 3.124000072479248 7.0500001907348633
   vertex 63.583328247070312 3.124000072479248 8.25
  endloop
 endfacet
 facet normal 0 0 -1
  outer loop
   vertex 65.083328247070312 3.124000072479248 7.0500001907348633
   vertex 63.583328247070312 3.0999999046325684 7.0500001907348633
   vertex 63.583328247070312 3.124000072479248 7.0500001907348633
  endloop
 endfacet
 facet normal 0 0 -1
  outer loop
   vertex 65.083328247070312 3.124000072479248 7.0500001907348633
   vertex 65.083328247070312 3.0999999046325684 7.0500001907348633
   vertex 63.583328247070312 3.0999999046325684 7.0500001907348633
  endloop
 endfacet
 facet normal -0 0 1
  outer loop
   vertex 65.083328247070312 3.124000072479248 8.25
   vertex 63.583328247070312 3.124000072479248 8.25
   vertex 63.583328247070312 3.0999999046325684 8.25
  endloop
 endfacet
 facet normal 0 0 1
  outer loop
   vertex 65.083328247070312 3.124000072479248 8.25
   vertex 63.583328247070312 3.0999999046325684 8.25
   vertex 65.083328247070312 3.0999999046325684 8.25
  endloop
 endfacet
 facet normal -1 0 0
  outer loop
   vertex 63.583328247070312 3.0999999046325684 2.8499999046325684
   vertex 63.583328247070312 3.124000072479248 1.6499999761581421
   vertex 63.583328247070312 3.0999999046325684 1.6499999761581421
  endloop
 endfacet
 facet normal -1 -0 -0
  outer loop
   vertex 63.583328247070312 3.0999999046325684 2.8499999046325684
   vertex 63.583328247070312 3.124000072479248 2.8499999046325684
   vertex 63.583328247070312 3.124000072479248 1.6499999761581421
  endloop
 endfacet
 facet normal 1 0 0
  outer loop
   vertex 65.083328247070312 3.0999999046325684 2.8499999046325684
   vertex 65.083328247070312 3.0999999046325684 1.6499999761581421
   vertex 65.083328247070312 3.124000072479248 1.6499999761581421
  endloop
 endfacet
 facet normal 1 0 -0
  outer loop
   vertex 65.083328247070312 3.0999999046325684 2.8499999046325684
   vertex 65.083328247070312 3.124000072479248 1.6499999761581421
   vertex 65.083328247070312 3.124000072479248 2.8499999046325684
  endloop
 endfacet
 facet normal 0 -1 0
  outer loop
   vertex 65.083328247070312 3.0999999046325684 2.8499999046325684
   vertex 63.583328247070312 3.0999999046325684 1.6499999761581421
   vertex 65.083328247070312 3.0999999046325684 1.6499999761581421
  endloop
 endfacet
 facet normal 0 -1 0
  outer loop
   vertex 65.083328247070312 3.0999999046325684 2.8499999046325684
   vertex 63.583328247070312 3.0999999046325684 2.8499999046325684
   vertex 63.583328247070312 3.0999999046325684 1.6499999761581421
  endloop
 endfacet
 facet normal 0 1 -0
  outer loop
   vertex 65.083328247070312 3.124000072479248 2.8499999046325684
   vertex 65.083328247070312 3.124000072479248 1.6499999761581421
   vertex 63.583328247070312 3.124000072479248 1.6499999761581421
  endloop
 endfacet
 facet normal 0 1 0
  outer loop
   vertex 65.083328247070312 3.124000072479248 2.8499999046325684
   vertex 63.583328247070312 3.124000072479248 1.6499999761581421
   vertex 63.583328247070312 3.124000072479248 2.8499999046325684
  endloop
 endfacet
 facet normal 0 0 -1
  outer loop
   vertex 65.083328247070312 3.124000072479248 1.6499999761581421
   vertex 63.583328247070312 3.0999999046325684 1.6499999761581421
   vertex 63.583328247070312 3.124000072479248 1.6499999761581421
  endloop
 endfacet
 facet normal 0 0 -1
  outer loop
   vertex 65.083328247070312 3.124000072479248 1.6499999761581421
   vertex 65.083328247070312 3.0999999046325684 1.6499999761581421
   vertex 63.583328247070312 3.0999999046325684 1.6499999761581421
  endloop
 endfacet
 facet normal -0 0 1
  outer loop
   vertex 65.083328247070312 3.124000072479248 2.8499999046325684
   vertex 63.583328247070312 3.124000072479248 2.8499999046325684
   vertex 63.583328247070312 3.0999999046325684 2.8499999046325684
  endloop
 endfacet
 facet normal 0 0 1
  outer loop
   vertex 65.083328247070312 3.124000072479248 2.8499999046325684
   vertex 63.583328247070312 3.0999999046325684 2.8499999046325684
   vertex 65.083328247070312 3.0999999046325684 2.8499999046325684
  endloop
 endfacet
 facet normal -1 0 0
  outer loop
   vertex 63.583328247070312 3.0999999046325684 5.5500001907348633
   vertex 63.583328247070312 3.124000072479248 4.3499999046325684
   vertex 63.583328247070312 3.0999999046325684 4.3499999046325684
  endloop
 endfacet
 facet normal -1 -0 -0
  outer loop
   vertex 63.583328247070312 3.0999999046325684 5.5500001907348633
   vertex 63.583328247070312 3.124000072479248 5.5500001907348633
   vertex 63.583328247070312 3.124000072479248 4.3499999046325684
  endloop
 endfacet
 facet normal 1 0 0
  outer loop
   vertex 65.083328247070312 3.0999999046325684 5.5500001907348633
   vertex 65.083328247070312 3.0999999046325684 4.3499999046325684
   vertex 65.083328247070312 3.124000072479248 4.3499999046325684
  endloop
 endfacet
 facet normal 1 0 -0
  outer loop
   vertex 65.083328247070312 3.0999999046325684 5.5500001907348633
   vertex 65.083328247070312 3.124000072479248 4.3499999046325684
   vertex 65.083328247070312 3.124000072479248 5.5500001907348633
  endloop
 endfacet
 facet normal 0 -1 0
  outer loop
   vertex 65.083328247070312 3.0999999046325684 5.5500001907348633
   vertex 63.583328247070312 3.0999999046325684 4.3499999046325684
   vertex 65.083328247070312 3.0999999046325684 4.3499999046325684
  endloop
 endfacet
 facet normal 0 -1 0
  outer loop
   vertex 65.083328247070312 3.0999999046325684 5.5500001907348633
   vertex 63.583328247070312 3.0999999046325684 5.5500001907348633
   vertex 63.583328247070312 3.0999999046325684 4.3499999046325684
  endloop
 endfacet
 facet normal 0 1 -0
  outer loop
   vertex 65.083328247070312 3.124000072479248 5.5500001907348633
   vertex 65.083328247070312 3.124000072479248 4.3499999046325684
   vertex 63.583328247070312 3.124000072479248 4.3499999046325684
  endloop
 endfacet
 facet normal 0 1 0
  outer loop
   vertex 65.083328247070312 3.124000072479248 5.5500001907348633
   vertex 63.583328247070312 3.124000072479248 4.3499999046325684
   vertex 63.583328247070312 3.124000072479248 5.5500001907348633
  endloop
 endfacet
 facet normal 0 0 -1
  outer loop
   vertex 65.083328247070312 3.124000072479248 4.3499999046325684
   vertex 63.583328247070312 3.0999999046325684 4.3499999046325684
   vertex 63.583328247070312 3.124000072479248 4.3499999046325684
  endloop
 endfacet
 facet normal 0 0 -1
  outer loop
   vertex 65.083328247070312 3.124000072479248 4.3499999046325684
   vertex 65.083328247070312 3.0999999046325684 4.3499999046325684
   vertex 63.583328247070312 3.0999999046325684 4.3499999046325684
  endloop
 endfacet
 facet normal -0 0 1
  outer loop
   vertex 65.083328247070312 3.124000072479248 5.5500001907348633
   vertex 63.583328247070312 3.124000072479248 5.5500001907348633
   vertex 63.583328247070312 3.0999999046325684 5.5500001907348633
  endloop
 endfacet
 facet normal 0 0 1
  outer loop
   vertex 65.083328247070312 3.124000072479248 5.5500001907348633
   vertex 63.583328247070312 3.0999999046325684 5.5500001907348633
   vertex 65.083328247070312 3.0999999046325684 5.5500001907348633
  endloop
 endfacet
 facet normal -1 0 0
  outer loop
   vertex 93.583328247070312 17.875999450683594 5.5500001907348633
   vertex 93.583328247070312 17.899999618530273 4.3499999046325684
   vertex 93.583328247070312 17.875999450683594 4.3499999046325684
  endloop
 endfacet
 facet normal -1 -0 -0
  outer loop
   vertex 93.583328247070312 17.875999450683594 5.5500001907348633
   vertex 93.583328247070312 17.899999618530273 5.5500001907348633
   vertex 93.583328247070312 17.899999618530273 4.3499999046325684
  endloop
 endfacet
 facet normal 1 0 0
  outer loop
   vertex 95.083328247070312 17.875999450683594 5.5500001907348633
   vertex 95.083328247070312 17.875999450683594 4.3499999046325684
   vertex 95.083328247070312 17.899999618530273 4.3499999046325684
  endloop
 endfacet
 facet normal 1 0 -0
  outer loop
   vertex 95.083328247070312 17.875999450683594 5.5500001907348633
   vertex 95.083328247070312 17.899999618530273 4.3499999046325684
   vertex 95.083328247070312 17.899999618530273 5.5500001907348633
  endloop
 endfacet
 facet normal 0 -1 0
  outer loop
   vertex 95.083328247070312 17.875999450683594 5.5500001907348633
   vertex 93.583328247070312 17.875999450683594 4.3499999046325684
   vertex 95.083328247070312 17.875999450683594 4.3499999046325684
  endloop
 endfacet
 facet normal 0 -1 0
  outer loop
   vertex 95.083328247070312 17.875999450683594 5.5500001907348633
   vertex 93.583328247070312 17.875999450683594 5.5500001907348633
   vertex 93.583328247070312 17.875999450683594 4.3499999046325684
  endloop
 endfacet
 facet normal 0 1 -0
  outer loop
   vertex 95.083328247070312 17.899999618530273 5.5500001907348633
   vertex 95.083328247070312 17.899999618530273 4.3499999046325684
   vertex 93.583328247070312 17.899999618530273 4.3499999046325684
  endloop
 endfacet
 facet normal 0 1 0
  outer loop
   vertex 95.083328247070312 17.899999618530273 5.5500001907348633
   vertex 93.583328247070312 17.899999618530273 4.3499999046325684
   vertex 93.583328247070312 17.899999618530273 5.5500001907348633
  endloop
 endfacet
 facet normal 0 0 -1
  outer loop
   vertex 95.083328247070312 17.899999618530273 4.3499999046325684
   vertex 93.583328247070312 17.875999450683594 4.3499999046325684
   vertex 93.583328247070312 17.899999618530273 4.3499999046325684
  endloop
 endfacet
 facet normal 0 0 -1
  outer loop
   vertex 95.083328247070312 17.899999618530273 4.3499999046325684
   vertex 95.083328247070312 17.875999450683594 4.3499999046325684
   vertex 93.583328247070312 17.875999450683594 4.3499999046325684
  endloop
 endfacet
 facet normal -0 0 1
  outer loop
   vertex 95.083328247070312 17.899999618530273 5.5500001907348633
   vertex 93.583328247070312 17.899999618530273 5.5500001907348633
   vertex 93.583328247070312 17.875999450683594 5.5500001907348633
  endloop
 endfacet
 facet normal 0 0 1
  outer loop
   vertex 95.083328247070312 17.899999618530273 5.5500001907348633
   vertex 93.583328247070312 17.875999450683594 5.5500001907348633
   vertex 95.083328247070312 17.875999450683594 5.5500001907348633
  endloop
 endfacet
 facet normal -1 0 0
  outer loop
   vertex 100.25 17.875999450683594 13.649999618530273
   vertex 100.25 17.899999618530273 12.449999809265137
   vertex 100.25 17.875999450683594 12.449999809265137
  endloop
 endfacet
 facet normal -1 -0 -0
  outer loop
   vertex 100.25 17.875999450683594 13.649999618530273
   vertex 100.25 17.899999618530273 13.649999618530273
   vertex 100.25 17.899999618530273 12.449999809265137
  endloop
 endfacet
 facet normal 1 0 0
  outer loop
   vertex 101.75 17.875999450683594 13.649999618530273
   vertex 101.75 17.875999450683594 12.449999809265137
   vertex 101.75 17.899999618530273 12.449999809265137
  endloop
 endfacet
 facet normal 1 0 -0
  outer loop
   vertex 101.75 17.875999450683594 13.649999618530273
   vertex 101.75 17.899999618530273 12.449999809265137
   vertex 101.75 17.899999618530273 13.649999618530273
  endloop
 endfacet
 facet normal 0 -1 0
  outer loop
   vertex 101.75 17.875999450683594 12.449999809265137
   vertex 100.25 17.875999450683594 13.649999618530273
   vertex 100.25 17.875999450683594 12.449999809265137
  endloop
 endfacet
 facet normal 0 -1 0
  outer loop
   vertex 101.75 17.875999450683594 13.649999618530273
   vertex 100.25 17.875999450683594 13.649999618530273
   vertex 101.75 17.875999450683594 12.449999809265137
  endloop
 endfacet
 facet normal 0 1 0
  outer loop
   vertex 101.75 17.899999618530273 12.449999809265137
   vertex 100.25 17.899999618530273 12.449999809265137
   vertex 100.25 17.899999618530273 13.649999618530273
  endloop
 endfacet
 facet normal 0 1 -0
  outer loop
   vertex 101.75 17.899999618530273 13.649999618530273
   vertex 101.75 17.899999618530273 12.449999809265137
   vertex 100.25 17.899999618530273 13.649999618530273
  endloop
 endfacet
 facet normal 0 0 -1
  outer loop
   vertex 101.75 17.899999618530273 12.449999809265137
   vertex 100.25 17.875999450683594 12.449999809265137
   vertex 100.25 17.899999618530273 12.449999809265137
  endloop
 endfacet
 facet normal 0 0 -1
  outer loop
   vertex 101.75 17.899999618530273 12.449999809265137
   vertex 101.75 17.875999450683594 12.449999809265137
   vertex 100.25 17.875999450683594 12.449999809265137
  endloop
 endfacet
 facet normal -0 0 1
  outer loop
   vertex 101.75 17.899999618530273 13.649999618530273
   vertex 100.25 17.899999618530273 13.649999618530273
   vertex 100.25 17.875999450683594 13.649999618530273
  endloop
 endfacet
 facet normal 0 0 1
  outer loop
   vertex 101.75 17.899999618530273 13.649999618530273
   vertex 100.25 17.875999450683594 13.649999618530273
   vertex 101.75 17.875999450683594 13.649999618530273
  endloop
 endfacet
 facet normal -1 0 0
  outer loop
   vertex 93.583328247070312 17.875999450683594 10.949999809265137
   vertex 93.583328247070312 17.899999618530273 9.75
   vertex 93.583328247070312 17.875999450683594 9.75
  endloop
 endfacet
 facet normal -1 -0 -0
  outer loop
   vertex 93.583328247070312 17.875999450683594 10.949999809265137
   vertex 93.583328247070312 17.899999618530273 10.949999809265137
   vertex 93.583328247070312 17.899999618530273 9.75
  endloop
 endfacet
 facet normal 1 0 0
  outer loop
   vertex 95.083328247070312 17.875999450683594 10.949999809265137
   vertex 95.083328247070312 17.875999450683594 9.75
   vertex 95.083328247070312 17.899999618530273 9.75
  endloop
 endfacet
 facet normal 1 0 -0
  outer loop
   vertex 95.083328247070312 17.875999450683594 10.949999809265137
   vertex 95.083328247070312 17.899999618530273 9.75
   vertex 95.083328247070312 17.899999618530273 10.949999809265137
  endloop
 endfacet
 facet normal 0 -1 0
  outer loop
   vertex 95.083328247070312 17.875999450683594 10.949999809265137
   vertex 93.583328247070312 17.875999450683594 9.75
   vertex 95.083328247070312 17.875999450683594 9.75
  endloop
 endfacet
 facet normal 0 -1 0
  outer loop
   vertex 95.083328247070312 17.875999450683594 10.949999809265137
   vertex 93.583328247070312 17.875999450683594 10.949999809265137
   vertex 93.583328247070312 17.875999450683594 9.75
  endloop
 endfacet
 facet normal 0 1 -0
  outer loop
   vertex 95.083328247070312 17.899999618530273 10.949999809265137
   vertex 95.083328247070312 17.899999618530273 9.75
   vertex 93.583328247070312 17.899999618530273 9.75
  endloop
 endfacet
 facet normal 0 1 0
  outer loop
   vertex 95.083328247070312 17.899999618530273 10.949999809265137
   vertex 93.583328247070312 17.899999618530273 9.75
   vertex 93.583328247070312 17.899999618530273 10.949999809265137
  endloop
 endfacet
 facet normal 0 0 -1
  outer loop
   vertex 95.083328247070312 17.899999618530273 9.75
   vertex 93.583328247070312 17.875999450683594 9.75
   vertex 93.583328247070312 17.899999618530273 9.75
  endloop
 endfacet
 facet normal 0 0 -1
  outer loop
   vertex 95.083328247070312 17.899999618530273 9.75
   vertex 95.083328247070312 17.875999450683594 9.75
   vertex 93.583328247070312 17.875999450683594 9.75
  endloop
 endfacet
 facet normal -0 0 1
  outer loop
   vertex 95.083328247070312 17.899999618530273 10.949999809265137
   vertex 93.583328247070312 17.899999618530273 10.949999809265137
   vertex 93.583328247070312 17.875999450683594 10.949999809265137
  endloop
 endfacet
 facet normal 0 0 1
  outer loop
   vertex 95.083328247070312 17.899999618530273 10.949999809265137
   vertex 93.583328247070312 17.875999450683594 10.949999809265137
   vertex 95.083328247070312 17.875999450683594 10.949999809265137
  endloop
 endfacet
 facet normal -1 0 0
  outer loop
   vertex 100.25 17.875999450683594 2.8499999046325684
   vertex 100.25 17.899999618530273 1.6499999761581421
   vertex 100.25 17.875999450683594 1.6499999761581421
  endloop
 endfacet
 facet normal -1 -0 -0
  outer loop
   vertex 100.25 17.875999450683594 2.8499999046325684
   vertex 100.25 17.899999618530273 2.8499999046325684
   vertex 100.25 17.899999618530273 1.6499999761581421
  endloop
 endfacet
 facet normal 1 0 0
  outer loop
   vertex 101.75 17.875999450683594 2.8499999046325684
   vertex 101.75 17.875999450683594 1.6499999761581421
   vertex 101.75 17.899999618530273 1.6499999761581421
  endloop
 endfacet
 facet normal 1 0 -0
  outer loop
   vertex 101.75 17.875999450683594 2.8499999046325684
   vertex 101.75 17.899999618530273 1.6499999761581421
   vertex 101.75 17.899999618530273 2.8499999046325684
  endloop
 endfacet
 facet normal 0 -1 0
  outer loop
   vertex 101.75 17.875999450683594 2.8499999046325684
   vertex 100.25 17.875999450683594 1.6499999761581421
   vertex 101.75 17.875999450683594 1.6499999761581421
  endloop
 endfacet
 facet normal 0 -1 0
  outer loop
   vertex 101.75 17.875999450683594 2.8499999046325684
   vertex 100.25 17.875999450683594 2.8499999046325684
   vertex 100.25 17.875999450683594 1.6499999761581421
  endloop
 endfacet
 facet normal 0 1 -0
  outer loop
   vertex 101.75 17.899999618530273 2.8499999046325684
   vertex 101.75 17.899999618530273 1.6499999761581421
   vertex 100.25 17.899999618530273 1.6499999761581421
  endloop
 endfacet
 facet normal 0 1 0
  outer loop
   vertex 101.75 17.899999618530273 2.8499999046325684
   vertex 100.25 17.899999618530273 1.6499999761581421
   vertex 100.25 17.899999618530273 2.8499999046325684
  endloop
 endfacet
 facet normal 0 0 -1
  outer loop
   vertex 101.75 17.899999618530273 1.6499999761581421
   vertex 100.25 17.875999450683594 1.6499999761581421
   vertex 100.25 17.899999618530273 1.6499999761581421
  endloop
 endfacet
 facet normal 0 0 -1
  outer loop
   vertex 101.75 17.899999618530273 1.6499999761581421
   vertex 101.75 17.875999450683594 1.6499999761581421
   vertex 100.25 17.875999450683594 1.6499999761581421
  endloop
 endfacet
 facet normal -0 0 1
  outer loop
   vertex 101.75 17.899999618530273 2.8499999046325684
   vertex 100.25 17.899999618530273 2.8499999046325684
   vertex 100.25 17.875999450683594 2.8499999046325684
  endloop
 endfacet
 facet normal 0 0 1
  outer loop
   vertex 101.75 17.899999618530273 2.8499999046325684
   vertex 100.25 17.875999450683594 2.8499999046325684
   vertex 101.75 17.875999450683594 2.8499999046325684
  endloop
 endfacet
 facet normal -1 0 0
  outer loop
   vertex 100.25 17.875999450683594 8.25
   vertex 100.25 17.899999618530273 7.0500001907348633
   vertex 100.25 17.875999450683594 7.0500001907348633
  endloop
 endfacet
 facet normal -1 -0 -0
  outer loop
   vertex 100.25 17.875999450683594 8.25
   vertex 100.25 17.899999618530273 8.25
   vertex 100.25 17.899999618530273 7.0500001907348633
  endloop
 endfacet
 facet normal 1 0 0
  outer loop
   vertex 101.75 17.875999450683594 8.25
   vertex 101.75 17.875999450683594 7.0500001907348633
   vertex 101.75 17.899999618530273 7.0500001907348633
  endloop
 endfacet
 facet normal 1 0 -0
  outer loop
   vertex 101.75 17.875999450683594 8.25
   vertex 101.75 17.899999618530273 7.0500001907348633
   vertex 101.75 17.899999618530273 8.25
  endloop
 endfacet
 facet normal 0 -1 0
  outer loop
   vertex 101.75 17.875999450683594 8.25
   vertex 100.25 17.875999450683594 7.0500001907348633
   vertex 101.75 17.875999450683594 7.0500001907348633
  endloop
 endfacet
 facet normal 0 -1 0
  outer loop
   vertex 101.75 17.875999450683594 8.25
   vertex 100.25 17.875999450683594 8.25
   vertex 100.25 17.875999450683594 7.0500001907348633
  endloop
 endfacet
 facet normal 0 1 -0
  outer loop
   vertex 101.75 17.899999618530273 8.25
   vertex 101.75 17.899999618530273 7.0500001907348633
   vertex 100.25 17.899999618530273 7.0500001907348633
  endloop
 endfacet
 facet normal 0 1 0
  outer loop
   vertex 101.75 17.899999618530273 8.25
   vertex 100.25 17.899999618530273 7.0500001907348633
   vertex 100.25 17.899999618530273 8.25
  endloop
 endfacet
 facet normal 0 0 -1
  outer loop
   vertex 101.75 17.899999618530273 7.0500001907348633
   vertex 100.25 17.875999450683594 7.0500001907348633
   vertex 100.25 17.899999618530273 7.0500001907348633
  endloop
 endfacet
 facet normal 0 0 -1
  outer loop
   vertex 101.75 17.899999618530273 7.0500001907348633
   vertex 101.75 17.875999450683594 7.0500001907348633
   vertex 100.25 17.875999450683594 7.0500001907348633
  endloop
 endfacet
 facet normal -0 0 1
  outer loop
   vertex 101.75 17.899999618530273 8.25
   vertex 100.25 17.899999618530273 8.25
   vertex 100.25 17.875999450683594 8.25
  endloop
 endfacet
 facet normal 0 0 1
  outer loop
   vertex 101.75 17.899999618530273 8.25
   vertex 100.25 17.875999450683594 8.25
   vertex 101.75 17.875999450683594 8.25
  endloop
 endfacet
 facet normal -1 0 0
  outer loop
   vertex 106.91670227050781 17.875999450683594 5.5500001907348633
   vertex 106.91670227050781 17.899999618530273 4.3499999046325684
   vertex 106.91670227050781 17.875999450683594 4.3499999046325684
  endloop
 endfacet
 facet normal -1 -0 -0
  outer loop
   vertex 106.91670227050781 17.875999450683594 5.5500001907348633
   vertex 106.91670227050781 17.899999618530273 5.5500001907348633
   vertex 106.91670227050781 17.899999618530273 4.3499999046325684
  endloop
 endfacet
 facet normal 1 0 0
  outer loop
   vertex 108.41670227050781 17.875999450683594 5.5500001907348633
   vertex 108.41670227050781 17.875999450683594 4.3499999046325684
   vertex 108.41670227050781 17.899999618530273 4.3499999046325684
  endloop
 endfacet
 facet normal 1 0 -0
  outer loop
   vertex 108.41670227050781 17.875999450683594 5.5500001907348633
   vertex 108.41670227050781 17.899999618530273 4.3499999046325684
   vertex 108.41670227050781 17.899999618530273 5.5500001907348633
  endloop
 endfacet
 facet normal 0 -1 0
  outer loop
   vertex 108.41670227050781 17.875999450683594 5.5500001907348633
   vertex 106.91670227050781 17.875999450683594 4.3499999046325684
   vertex 108.41670227050781 17.875999450683594 4.3499999046325684
  endloop
 endfacet
 facet normal 0 -1 0
  outer loop
   vertex 108.41670227050781 17.875999450683594 5.5500001907348633
   vertex 106.91670227050781 17.875999450683594 5.5500001907348633
   vertex 106.91670227050781 17.875999450683594 4.3499999046325684
  endloop
 endfacet
 facet normal 0 1 -0
  outer loop
   vertex 108.41670227050781 17.899999618530273 5.5500001907348633
   vertex 108.41670227050781 17.899999618530273 4.3499999046325684
   vertex 106.91670227050781 17.899999618530273 4.3499999046325684
  endloop
 endfacet
 facet normal 0 1 0
  outer loop
   vertex 108.41670227050781 17.899999618530273 5.5500001907348633
   vertex 106.91670227050781 17.899999618530273 4.3499999046325684
   vertex 106.91670227050781 17.899999618530273 5.5500001907348633
  endloop
 endfacet
 facet normal 0 0 -1
  outer loop
   vertex 108.41670227050781 17.899999618530273 4.3499999046325684
   vertex 106.91670227050781 17.875999450683594 4.3499999046325684
   vertex 106.91670227050781 17.899999618530273 4.3499999046325684
  endloop
 endfacet
 facet normal 0 0 -1
  outer loop
   vertex 108.41670227050781 17.899999618530273 4.3499999046325684
   vertex 108.41670227050781 17.875999450683594 4.3499999046325684
   vertex 106.91670227050781 17.875999450683594 4.3499999046325684
  endloop
 endfacet
 facet normal -0 0 1
  outer loop
   vertex 108.41670227050781 17.899999618530273 5.5500001907348633
   vertex 106.91670227050781 17.899999618530273 5.5500001907348633
   vertex 106.91670227050781 17.875999450683594 5.5500001907348633
  endloop
 endfacet
 facet normal 0 0 1
  outer loop
   vertex 108.41670227050781 17.899999618530273 5.5500001907348633
   vertex 106.91670227050781 17.875999450683594 5.5500001907348633
   vertex 108.41670227050781 17.875999450683594 5.5500001907348633
  endloop
 endfacet
 facet normal -1 0 0
  outer loop
   vertex 106.91670227050781 17.875999450683594 10.949999809265137
   vertex 106.91670227050781 17.899999618530273 9.75
   vertex 106.91670227050781 17.875999450683594 9.75
  endloop
 endfacet
 facet normal -1 -0 -0
  outer loop
   vertex 106.91670227050781 17.875999450683594 10.949999809265137
   vertex 106.91670227050781 17.899999618530273 10.949999809265137
   vertex 106.91670227050781 17.899999618530273 9.75
  endloop
 endfacet
 facet normal 1 0 0
  outer loop
   vertex 108.41670227050781 17.875999450683594 10.949999809265137
   vertex 108.41670227050781 17.875999450683594 9.75
   vertex 108.41670227050781 17.899999618530273 9.75
  endloop
 endfacet
 facet normal 1 0 -0
  outer loop
   vertex 108.41670227050781 17.875999450683594 10.949999809265137
   vertex 108.41670227050781 17.899999618530273 9.75
   vertex 108.41670227050781 17.899999618530273 10.949999809265137
  endloop
 endfacet
 facet normal 0 -1 0
  outer loop
   vertex 108.41670227050781 17.875999450683594 10.949999809265137
   vertex 106.91670227050781 17.875999450683594 9.75
   vertex 108.41670227050781 17.875999450683594 9.75
  endloop
 endfacet
 facet normal 0 -1 0
  outer loop
   vertex 108.41670227050781 17.875999450683594 10.949999809265137
   vertex 106.91670227050781 17.875999450683594 10.949999809265137
   vertex 106.91670227050781 17.875999450683594 9.75
  endloop
 endfacet
 facet normal 0 1 -0
  outer loop
   vertex 108.41670227050781 17.899999618530273 10.949999809265137
   vertex 108.41670227050781 17.899999618530273 9.75
   vertex 106.91670227050781 17.899999618530273 9.75
  endloop
 endfacet
 facet normal 0 1 0
  outer loop
   vertex 108.41670227050781 17.899999618530273 10.949999809265137
   vertex 106.91670227050781 17.899999618530273 9.75
   vertex 106.91670227050781 17.899999618530273 10.949999809265137
  endloop
 endfacet
 facet normal 0 0 -1
  outer loop
   vertex 108.41670227050781 17.899999618530273 9.75
   vertex 106.91670227050781 17.875999450683594 9.75
   vertex 106.91670227050781 17.899999618530273 9.75
  endloop
 endfacet
 facet normal 0 0 -1
  outer loop
   vertex 108.41670227050781 17.899999618530273 9.75
   vertex 108.41670227050781 17.875999450683594 9.75
   vertex 106.91670227050781 17.875999450683594 9.75
  endloop
 endfacet
 facet normal -0 0 1
  outer loop
   vertex 108.41670227050781 17.899999618530273 10.949999809265137
   vertex 106.91670227050781 17.899999618530273 10.949999809265137
   vertex 106.91670227050781 17.875999450683594 10.949999809265137
  endloop
 endfacet
 facet normal 0 0 1
  outer loop
   vertex 108.41670227050781 17.899999618530273 10.949999809265137
   vertex 106.91670227050781 17.875999450683594 10.949999809265137
   vertex 108.41670227050781 17.875999450683594 10.949999809265137
  endloop
 endfacet
 facet normal -1 0 0
  outer loop
   vertex 106.91670227050781 17.875999450683594 2.8499999046325684
   vertex 106.91670227050781 17.899999618530273 1.6499999761581421
   vertex 106.91670227050781 17.875999450683594 1.6499999761581421
  endloop
 endfacet
 facet normal -1 -0 -0
  outer loop
   vertex 106.91670227050781 17.875999450683594 2.8499999046325684
   vertex 106.91670227050781 17.899999618530273 2.8499999046325684
   vertex 106.91670227050781 17.899999618530273 1.6499999761581421
  endloop
 endfacet
 facet normal 1 0 0
  outer loop
   vertex 108.41670227050781 17.875999450683594 2.8499999046325684
   vertex 108.41670227050781 17.875999450683594 1.6499999761581421
   vertex 108.41670227050781 17.899999618530273 1.6499999761581421
  endloop
 endfacet
 facet normal 1 0 -0
  outer loop
   vertex 108.41670227050781 17.875999450683594 2.8499999046325684
   vertex 108.41670227050781 17.899999618530273 1.6499999761581421
   vertex 108.41670227050781 17.899999618530273 2.8499999046325684
  endloop
 endfacet
 facet normal 0 -1 0
  outer loop
   vertex 108.41670227050781 17.875999450683594 2.8499999046325684
   vertex 106.91670227050781 17.875999450683594 1.6499999761581421
   vertex 108.41670227050781 17.875999450683594 1.6499999761581421
  endloop
 endfacet
 facet normal 0 -1 0
  outer loop
   vertex 108.41670227050781 17.875999450683594 2.8499999046325684
   vertex 106.91670227050781 17.875999450683594 2.8499999046325684
   vertex 106.91670227050781 17.875999450683594 1.6499999761581421
  endloop
 endfacet
 facet normal 0 1 -0
  outer loop
   vertex 108.41670227050781 17.899999618530273 2.8499999046325684
   vertex 108.41670227050781 17.899999618530273 1.6499999761581421
   vertex 106.91670227050781 17.899999618530273 1.6499999761581421
  endloop
 endfacet
 facet normal 0 1 0
  outer loop
   vertex 108.41670227050781 17.899999618530273 2.8499999046325684
   vertex 106.91670227050781 17.899999618530273 1.6499999761581421
   vertex 106.91670227050781 17.899999618530273 2.8499999046325684
  endloop
 endfacet
 facet normal 0 0 -1
  outer loop
   vertex 108.41670227050781 17.899999618530273 1.6499999761581421
   vertex 106.91670227050781 17.875999450683594 1.6499999761581421
   vertex 106.91670227050781 17.899999618530273 1.6499999761581421
  endloop
 endfacet
 facet normal 0 0 -1
  outer loop
   vertex 108.41670227050781 17.899999618530273 1.6499999761581421
   vertex 108.41670227050781 17.875999450683594 1.6499999761581421
   vertex 106.91670227050781 17.875999450683594 1.6499999761581421
  endloop
 endfacet
 facet normal -0 0 1
  outer loop
   vertex 108.41670227050781 17.899999618530273 2.8499999046325684
   vertex 106.91670227050781 17.899999618530273 2.8499999046325684
   vertex 106.91670227050781 17.875999450683594 2.8499999046325684
  endloop
 endfacet
 facet normal 0 0 1
  outer loop
   vertex 108.41670227050781 17.899999618530273 2.8499999046325684
   vertex 106.91670227050781 17.875999450683594 2.8499999046325684
   vertex 108.41670227050781 17.875999450683594 2.8499999046325684
  endloop
 endfacet
 facet normal -1 0 0
  outer loop
   vertex 93.583328247070312 17.875999450683594 2.8499999046325684
   vertex 93.583328247070312 17.899999618530273 1.6499999761581421
   vertex 93.583328247070312 17.875999450683594 1.6499999761581421
  endloop
 endfacet
 facet normal -1 -0 -0
  outer loop
   vertex 93.583328247070312 17.875999450683594 2.8499999046325684
   vertex 93.583328247070312 17.899999618530273 2.8499999046325684
   vertex 93.583328247070312 17.899999618530273 1.6499999761581421
  endloop
 endfacet
 facet normal 1 0 0
  outer loop
   vertex 95.083328247070312 17.875999450683594 2.8499999046325684
   vertex 95.083328247070312 17.875999450683594 1.6499999761581421
   vertex 95.083328247070312 17.899999618530273 1.6499999761581421
  endloop
 endfacet
 facet normal 1 0 -0
  outer loop
   vertex 95.083328247070312 17.875999450683594 2.8499999046325684
   vertex 95.083328247070312 17.899999618530273 1.6499999761581421
   vertex 95.083328247070312 17.899999618530273 2.8499999046325684
  endloop
 endfacet
 facet normal 0 -1 0
  outer loop
   vertex 95.083328247070312 17.875999450683594 2.8499999046325684
   vertex 93.583328247070312 17.875999450683594 1.6499999761581421
   vertex 95.083328247070312 17.875999450683594 1.6499999761581421
  endloop
 endfacet
 facet normal 0 -1 0
  outer loop
   vertex 95.083328247070312 17.875999450683594 2.8499999046325684
   vertex 93.583328247070312 17.875999450683594 2.8499999046325684
   vertex 93.583328247070312 17.875999450683594 1.6499999761581421
  endloop
 endfacet
 facet normal 0 1 -0
  outer loop
   vertex 95.083328247070312 17.899999618530273 2.8499999046325684
   vertex 95.083328247070312 17.899999618530273 1.6499999761581421
   vertex 93.583328247070312 17.899999618530273 1.6499999761581421
  endloop
 endfacet
 facet normal 0 1 0
  outer loop
   vertex 95.083328247070312 17.899999618530273 2.8499999046325684
   vertex 93.583328247070312 17.899999618530273 1.6499999761581421
   vertex 93.583328247070312 17.899999618530273 2.8499999046325684
  endloop
 endfacet
 facet normal 0 0 -1
  outer loop
   vertex 95.083328247070312 17.899999618530273 1.6499999761581421
   vertex 93.583328247070312 17.875999450683594 1.6499999761581421
   vertex 93.583328247070312 17.899999618530273 1.6499999761581421
  endloop
 endfacet
 facet normal 0 0 -1
  outer loop
   vertex 95.083328247070312 17.899999618530273 1.6499999761581421
   vertex 95.083328247070312 17.875999450683594 1.6499999761581421
   vertex 93.583328247070312 17.875999450683594 1.6499999761581421
  endloop
 endfacet
 facet normal -0 0 1
  outer loop
   vertex 95.083328247070312 17.899999618530273 2.8499999046325684
   vertex 93.583328247070312 17.899999618530273 2.8499999046325684
   vertex 93.583328247070312 17.875999450683594 2.8499999046325684
  endloop
 endfacet
 facet normal 0 0 1
  outer loop
   vertex 95.083328247070312 17.899999618530273 2.8499999046325684
   vertex 93.583328247070312 17.875999450683594 2.8499999046325684
   vertex 95.083328247070312 17.875999450683594 2.8499999046325684
  endloop
 endfacet
 facet normal -1 0 0
  outer loop
   vertex 106.91670227050781 17.875999450683594 8.25
   vertex 106.91670227050781 17.899999618530273 7.0500001907348633
   vertex 106.91670227050781 17.875999450683594 7.0500001907348633
  endloop
 endfacet
 facet normal -1 -0 -0
  outer loop
   vertex 106.91670227050781 17.875999450683594 8.25
   vertex 106.91670227050781 17.899999618530273 8.25
   vertex 106.91670227050781 17.899999618530273 7.0500001907348633
  endloop
 endfacet
 facet normal 1 0 0
  outer loop
   vertex 108.41670227050781 17.875999450683594 8.25
   vertex 108.41670227050781 17.875999450683594 7.0500001907348633
   vertex 108.41670227050781 17.899999618530273 7.0500001907348633
  endloop
 endfacet
 facet normal 1 0 -0
  outer loop
   vertex 108.41670227050781 17.875999450683594 8.25
   vertex 108.41670227050781 17.899999618530273 7.0500001907348633
   vertex 108.41670227050781 17.899999618530273 8.25
  endloop
 endfacet
 facet normal 0 -1 0
  outer loop
   vertex 108.41670227050781 17.875999450683594 8.25
   vertex 106.91670227050781 17.875999450683594 7.0500001907348633
   vertex 108.41670227050781 17.875999450683594 7.0500001907348633
  endloop
 endfacet
 facet normal 0 -1 0
  outer loop
   vertex 108.41670227050781 17.875999450683594 8.25
   vertex 106.91670227050781 17.875999450683594 8.25
   vertex 106.91670227050781 17.875999450683594 7.0500001907348633
  endloop
 endfacet
 facet normal 0 1 -0
  outer loop
   vertex 108.41670227050781 17.899999618530273 8.25
   vertex 108.41670227050781 17.899999618530273 7.0500001907348633
   vertex 106.91670227050781 17.899999618530273 7.0500001907348633
  endloop
 endfacet
 facet normal 0 1 0
  outer loop
   vertex 108.41670227050781 17.899999618530273 8.25
   vertex 106.91670227050781 17.899999618530273 7.0500001907348633
   vertex 106.91670227050781 17.899999618530273 8.25
  endloop
 endfacet
 facet normal 0 0 -1
  outer loop
   vertex 108.41670227050781 17.899999618530273 7.0500001907348633
   vertex 106.91670227050781 17.875999450683594 7.0500001907348633
   vertex 106.91670227050781 17.899999618530273 7.0500001907348633
  endloop
 endfacet
 facet normal 0 0 -1
  outer loop
   vertex 108.41670227050781 17.899999618530273 7.0500001907348633
   vertex 108.41670227050781 17.875999450683594 7.0500001907348633
   vertex 106.91670227050781 17.875999450683594 7.0500001907348633
  endloop
 endfacet
 facet normal -0 0 1
  outer loop
   vertex 108.41670227050781 17.899999618530273 8.25
   vertex 106.91670227050781 17.899999618530273 8.25
   vertex 106.91670227050781 17.875999450683594 8.25
  endloop
 endfacet
 facet normal 0 0 1
  outer loop
   vertex 108.41670227050781 17.899999618530273 8.25
   vertex 106.91670227050781 17.875999450683594 8.25
   vertex 108.41670227050781 17.875999450683594 8.25
  endloop
 endfacet
 facet normal -1 0 0
  outer loop
   vertex 93.583328247070312 17.875999450683594 8.25
   vertex 93.583328247070312 17.899999618530273 7.0500001907348633
   vertex 93.583328247070312 17.875999450683594 7.0500001907348633
  endloop
 endfacet
 facet normal -1 -0 -0
  outer loop
   vertex 93.583328247070312 17.875999450683594 8.25
   vertex 93.583328247070312 17.899999618530273 8.25
   vertex 93.583328247070312 17.899999618530273 7.0500001907348633
  endloop
 endfacet
 facet normal 1 0 0
  outer loop
   vertex 95.083328247070312 17.875999450683594 8.25
   vertex 95.083328247070312 17.875999450683594 7.0500001907348633
   vertex 95.083328247070312 17.899999618530273 7.0500001907348633
  endloop
 endfacet
 facet normal 1 0 -0
  outer loop
   vertex 95.083328247070312 17.875999450683594 8.25
   vertex 95.083328247070312 17.899999618530273 7.0500001907348633
   vertex 95.083328247070312 17.899999618530273 8.25
  endloop
 endfacet
 facet normal 0 -1 0
  outer loop
   vertex 95.083328247070312 17.875999450683594 8.25
   vertex 93.583328247070312 17.875999450683594 7.0500001907348633
   vertex 95.083328247070312 17.875999450683594 7.0500001907348633
  endloop
 endfacet
 facet normal 0 -1 0
  outer loop
   vertex 95.083328247070312 17.875999450683594 8.25
   vertex 93.583328247070312 17.875999450683594 8.25
   vertex 93.583328247070312 17.875999450683594 7.0500001907348633
  endloop
 endfacet
 facet normal 0 1 -0
  outer loop
   vertex 95.083328247070312 17.899999618530273 8.25
   vertex 95.083328247070312 17.899999618530273 7.0500001907348633
   vertex 93.583328247070312 17.899999618530273 7.0500001907348633
  endloop
 endfacet
 facet normal 0 1 0
  outer loop
   vertex 95.083328247070312 17.899999618530273 8.25
   vertex 93.583328247070312 17.899999618530273 7.0500001907348633
   vertex 93.583328247070312 17.899999618530273 8.25
  endloop
 endfacet
 facet normal 0 0 -1
  outer loop
   vertex 95.083328247070312 17.899999618530273 7.0500001907348633
   vertex 93.583328247070312 17.875999450683594 7.0500001907348633
   vertex 93.583328247070312 17.899999618530273 7.0500001907348633
  endloop
 endfacet
 facet normal 0 0 -1
  outer loop
   vertex 95.083328247070312 17.899999618530273 7.0500001907348633
   vertex 95.083328247070312 17.875999450683594 7.0500001907348633
   vertex 93.583328247070312 17.875999450683594 7.0500001907348633
  endloop
 endfacet
 facet normal -0 0 1
  outer loop
   vertex 95.083328247070312 17.899999618530273 8.25
   vertex 93.583328247070312 17.899999618530273 8.25
   vertex 93.583328247070312 17.875999450683594 8.25
  endloop
 endfacet
 facet normal 0 0 1
  outer loop
   vertex 95.083328247070312 17.899999618530273 8.25
   vertex 93.583328247070312 17.875999450683594 8.25
   vertex 95.083328247070312 17.875999450683594 8.25
  endloop
 endfacet
 facet normal -1 0 0
  outer loop
   vertex 106.91670227050781 17.875999450683594 13.649999618530273
   vertex 106.91670227050781 17.899999618530273 12.449999809265137
   vertex 106.91670227050781 17.875999450683594 12.449999809265137
  endloop
 endfacet
 facet normal -1 -0 -0
  outer loop
   vertex 106.91670227050781 17.875999450683594 13.649999618530273
   vertex 106.91670227050781 17.899999618530273 13.649999618530273
   vertex 106.91670227050781 17.899999618530273 12.449999809265137
  endloop
 endfacet
 facet normal 1 0 0
  outer loop
   vertex 108.41670227050781 17.875999450683594 13.649999618530273
   vertex 108.41670227050781 17.875999450683594 12.449999809265137
   vertex 108.41670227050781 17.899999618530273 12.449999809265137
  endloop
 endfacet
 facet normal 1 0 -0
  outer loop
   vertex 108.41670227050781 17.875999450683594 13.649999618530273
   vertex 108.41670227050781 17.899999618530273 12.449999809265137
   vertex 108.41670227050781 17.899999618530273 13.649999618530273
  endloop
 endfacet
 facet normal 0 -1 0
  outer loop
   vertex 108.41670227050781 17.875999450683594 12.449999809265137
   vertex 106.91670227050781 17.875999450683594 13.649999618530273
   vertex 106.91670227050781 17.875999450683594 12.449999809265137
  endloop
 endfacet
 facet normal 0 -1 0
  outer loop
   vertex 108.41670227050781 17.875999450683594 13.649999618530273
   vertex 106.91670227050781 17.875999450683594 13.649999618530273
   vertex 108.41670227050781 17.875999450683594 12.449999809265137
  endloop
 endfacet
 facet normal 0 1 0
  outer loop
   vertex 108.41670227050781 17.899999618530273 12.449999809265137
   vertex 106.91670227050781 17.899999618530273 12.449999809265137
   vertex 106.91670227050781 17.899999618530273 13.649999618530273
  endloop
 endfacet
 facet normal 0 1 -0
  outer loop
   vertex 108.41670227050781 17.899999618530273 13.649999618530273
   vertex 108.41670227050781 17.899999618530273 12.449999809265137
   vertex 106.91670227050781 17.899999618530273 13.649999618530273
  endloop
 endfacet
 facet normal 0 0 -1
  outer loop
   vertex 108.41670227050781 17.899999618530273 12.449999809265137
   vertex 106.91670227050781 17.875999450683594 12.449999809265137
   vertex 106.91670227050781 17.899999618530273 12.449999809265137
  endloop
 endfacet
 facet normal 0 0 -1
  outer loop
   vertex 108.41670227050781 17.899999618530273 12.449999809265137
   vertex 108.41670227050781 17.875999450683594 12.449999809265137
   vertex 106.91670227050781 17.875999450683594 12.449999809265137
  endloop
 endfacet
 facet normal -0 0 1
  outer loop
   vertex 108.41670227050781 17.899999618530273 13.649999618530273
   vertex 106.91670227050781 17.899999618530273 13.649999618530273
   vertex 106.91670227050781 17.875999450683594 13.649999618530273
  endloop
 endfacet
 facet normal 0 0 1
  outer loop
   vertex 108.41670227050781 17.899999618530273 13.649999618530273
   vertex 106.91670227050781 17.875999450683594 13.649999618530273
   vertex 108.41670227050781 17.875999450683594 13.649999618530273
  endloop
 endfacet
 facet normal -1 0 0
  outer loop
   vertex 93.583328247070312 17.875999450683594 13.649999618530273
   vertex 93.583328247070312 17.899999618530273 12.449999809265137
   vertex 93.583328247070312 17.875999450683594 12.449999809265137
  endloop
 endfacet
 facet normal -1 -0 -0
  outer loop
   vertex 93.583328247070312 17.875999450683594 13.649999618530273
   vertex 93.583328247070312 17.899999618530273 13.649999618530273
   vertex 93.583328247070312 17.899999618530273 12.449999809265137
  endloop
 endfacet
 facet normal 1 0 0
  outer loop
   vertex 95.083328247070312 17.875999450683594 13.649999618530273
   vertex 95.083328247070312 17.875999450683594 12.449999809265137
   vertex 95.083328247070312 17.899999618530273 12.449999809265137
  endloop
 endfacet
 facet normal 1 0 -0
  outer loop
   vertex 95.083328247070312 17.875999450683594 13.649999618530273
   vertex 95.083328247070312 17.899999618530273 12.449999809265137
   vertex 95.083328247070312 17.899999618530273 13.649999618530273
  endloop
 endfacet
 facet normal 0 -1 0
  outer loop
   vertex 95.083328247070312 17.875999450683594 12.449999809265137
   vertex 93.583328247070312 17.875999450683594 13.649999618530273
   vertex 93.583328247070312 17.875999450683594 12.449999809265137
  endloop
 endfacet
 facet normal 0 -1 0
  outer loop
   vertex 95.083328247070312 17.875999450683594 13.649999618530273
   vertex 93.583328247070312 17.875999450683594 13.649999618530273
   vertex 95.083328247070312 17.875999450683594 12.449999809265137
  endloop
 endfacet
 facet normal 0 1 0
  outer loop
   vertex 95.083328247070312 17.899999618530273 12.449999809265137
   vertex 93.583328247070312 17.899999618530273 12.449999809265137
   vertex 93.583328247070312 17.899999618530273 13.649999618530273
  endloop
 endfacet
 facet normal 0 1 -0
  outer loop
   vertex 95.083328247070312 17.899999618530273 13.649999618530273
   vertex 95.083328247070312 17.899999618530273 12.449999809265137
   vertex 93.583328247070312 17.899999618530273 13.649999618530273
  endloop
 endfacet
 facet normal 0 0 -1
  outer loop
   vertex 95.083328247070312 17.899999618530273 12.449999809265137
   vertex 93.583328247070312 17.875999450683594 12.449999809265137
   vertex 93.583328247070312 17.899999618530273 12.449999809265137
  endloop
 endfacet
 facet normal 0 0 -1
  outer loop
   vertex 95.083328247070312 17.899999618530273 12.449999809265137
   vertex 95.083328247070312 17.875999450683594 12.449999809265137
   vertex 93.583328247070312 17.875999450683594 12.449999809265137
  endloop
 endfacet
 facet normal -0 0 1
  outer loop
   vertex 95.083328247070312 17.899999618530273 13.649999618530273
   vertex 93.583328247070312 17.899999618530273 13.649999618530273
   vertex 93.583328247070312 17.875999450683594 13.649999618530273
  endloop
 endfacet
 facet normal 0 0 1
  outer loop
   vertex 95.083328247070312 17.899999618530273 13.649999618530273
   vertex 93.583328247070312 17.875999450683594 13.649999618530273
   vertex 95.083328247070312 17.875999450683594 13.649999618530273
  endloop
 endfacet
 facet normal -1 0 0
  outer loop
   vertex 100.25 17.875999450683594 10.949999809265137
   vertex 100.25 17.899999618530273 9.75
   vertex 100.25 17.875999450683594 9.75
  endloop
 endfacet
 facet normal -1 -0 -0
  outer loop
   vertex 100.25 17.875999450683594 10.949999809265137
   vertex 100.25 17.899999618530273 10.949999809265137
   vertex 100.25 17.899999618530273 9.75
  endloop
 endfacet
 facet normal 1 0 0
  outer loop
   vertex 101.75 17.875999450683594 10.949999809265137
   vertex 101.75 17.875999450683594 9.75
   vertex 101.75 17.899999618530273 9.75
  endloop
 endfacet
 facet normal 1 0 -0
  outer loop
   vertex 101.75 17.875999450683594 10.949999809265137
   vertex 101.75 17.899999618530273 9.75
   vertex 101.75 17.899999618530273 10.949999809265137
  endloop
 endfacet
 facet normal 0 -1 0
  outer loop
   vertex 101.75 17.875999450683594 10.949999809265137
   vertex 100.25 17.875999450683594 9.75
   vertex 101.75 17.875999450683594 9.75
  endloop
 endfacet
 facet normal 0 -1 0
  outer loop
   vertex 101.75 17.875999450683594 10.949999809265137
   vertex 100.25 17.875999450683594 10.949999809265137
   vertex 100.25 17.875999450683594 9.75
  endloop
 endfacet
 facet normal 0 1 -0
  outer loop
   vertex 101.75 17.899999618530273 10.949999809265137
   vertex 101.75 17.899999618530273 9.75
   vertex 100.25 17.899999618530273 9.75
  endloop
 endfacet
 facet normal 0 1 0
  outer loop
   vertex 101.75 17.899999618530273 10.949999809265137
   vertex 100.25 17.899999618530273 9.75
   vertex 100.25 17.899999618530273 10.949999809265137
  endloop
 endfacet
 facet normal 0 0 -1
  outer loop
   vertex 101.75 17.899999618530273 9.75
   vertex 100.25 17.875999450683594 9.75
   vertex 100.25 17.899999618530273 9.75
  endloop
 endfacet
 facet normal 0 0 -1
  outer loop
   vertex 101.75 17.899999618530273 9.75
   vertex 101.75 17.875999450683594 9.75
   vertex 100.25 17.875999450683594 9.75
  endloop
 endfacet
 facet normal -0 0 1
  outer loop
   vertex 101.75 17.899999618530273 10.949999809265137
   vertex 100.25 17.899999618530273 10.949999809265137
   vertex 100.25 17.875999450683594 10.949999809265137
  endloop
 endfacet
 facet normal 0 0 1
  outer loop
   vertex 101.75 17.899999618530273 10.949999809265137
   vertex 100.25 17.875999450683594 10.949999809265137
   vertex 101.75 17.875999450683594 10.949999809265137
  endloop
 endfacet
 facet normal -1 0 0
  outer loop
   vertex 100.25 17.875999450683594 5.5500001907348633
   vertex 100.25 17.899999618530273 4.3499999046325684
   vertex 100.25 17.875999450683594 4.3499999046325684
  endloop
 endfacet
 facet normal -1 -0 -0
  outer loop
   vertex 100.25 17.875999450683594 5.5500001907348633
   vertex 100.25 17.899999618530273 5.5500001907348633
   vertex 100.25 17.899999618530273 4.3499999046325684
  endloop
 endfacet
 facet normal 1 0 0
  outer loop
   vertex 101.75 17.875999450683594 5.5500001907348633
   vertex 101.75 17.875999450683594 4.3499999046325684
   vertex 101.75 17.899999618530273 4.3499999046325684
  endloop
 endfacet
 facet normal 1 0 -0
  outer loop
   vertex 101.75 17.875999450683594 5.5500001907348633
   vertex 101.75 17.899999618530273 4.3499999046325684
   vertex 101.75 17.899999618530273 5.5500001907348633
  endloop
 endfacet
 facet normal 0 -1 0
  outer loop
   vertex 101.75 17.875999450683594 5.5500001907348633
   vertex 100.25 17.875999450683594 4.3499999046325684
   vertex 101.75 17.875999450683594 4.3499999046325684
  endloop
 endfacet
 facet normal 0 -1 0
  outer loop
   vertex 101.75 17.875999450683594 5.5500001907348633
   vertex 100.25 17.875999450683594 5.5500001907348633
   vertex 100.25 17.875999450683594 4.3499999046325684
  endloop
 endfacet
 facet normal 0 1 -0
  outer loop
   vertex 101.75 17.899999618530273 5.5500001907348633
   vertex 101.75 17.899999618530273 4.3499999046325684
   vertex 100.25 17.899999618530273 4.3499999046325684
  endloop
 endfacet
 facet normal 0 1 0
  outer loop
   vertex 101.75 17.899999618530273 5.5500001907348633
   vertex 100.25 17.899999618530273 4.3499999046325684
   vertex 100.25 17.899999618530273 5.5500001907348633
  endloop
 endfacet
 facet normal 0 0 -1
  outer loop
   vertex 101.75 17.899999618530273 4.3499999046325684
   vertex 100.25 17.875999450683594 4.3499999046325684
   vertex 100.25 17.899999618530273 4.3499999046325684
  endloop
 endfacet
 facet normal 0 0 -1
  outer loop
   vertex 101.75 17.899999618530273 4.3499999046325684
   vertex 101.75 17.875999450683594 4.3499999046325684
   vertex 100.25 17.875999450683594 4.3499999046325684
  endloop
 endfacet
 facet normal -0 0 1
  outer loop
   vertex 101.75 17.899999618530273 5.5500001907348633
   vertex 100.25 17.899999618530273 5.5500001907348633
   vertex 100.25 17.875999450683594 5.5500001907348633
  endloop
 endfacet
 facet normal 0 0 1
  outer loop
   vertex 101.75 17.899999618530273 5.5500001907348633
   vertex 100.25 17.875999450683594 5.5500001907348633
   vertex 101.75 17.875999450683594 5.5500001907348633
  endloop
 endfacet
 facet normal -1 0 0
  outer loop
   vertex 106.91670227050781 3.0999999046325684 13.649999618530273
   vertex 106.91670227050781 3.124000072479248 12.449999809265137
   vertex 106.91670227050781 3.0999999046325684 12.449999809265137
  endloop
 endfacet
 facet normal -1 -0 -0
  outer loop
   vertex 106.91670227050781 3.0999999046325684 13.649999618530273
   vertex 106.91670227050781 3.124000072479248 13.649999618530273
   vertex 106.91670227050781 3.124000072479248 12.449999809265137
  endloop
 endfacet
 facet normal 1 0 0
  outer loop
   vertex 108.41670227050781 3.0999999046325684 13.649999618530273
   vertex 108.41670227050781 3.0999999046325684 12.449999809265137
   vertex 108.41670227050781 3.124000072479248 12.449999809265137
  endloop
 endfacet
 facet normal 1 0 -0
  outer loop
   vertex 108.41670227050781 3.0999999046325684 13.649999618530273
   vertex 108.41670227050781 3.124000072479248 12.449999809265137
   vertex 108.41670227050781 3.124000072479248 13.649999618530273
  endloop
 endfacet
 facet normal 0 -1 0
  outer loop
   vertex 108.41670227050781 3.0999999046325684 12.449999809265137
   vertex 106.91670227050781 3.0999999046325684 13.649999618530273
   vertex 106.91670227050781 3.0999999046325684 12.449999809265137
  endloop
 endfacet
 facet normal 0 -1 0
  outer loop
   vertex 108.41670227050781 3.0999999046325684 13.649999618530273
   vertex 106.91670227050781 3.0999999046325684 13.649999618530273
   vertex 108.41670227050781 3.0999999046325684 12.449999809265137
  endloop
 endfacet
 facet normal 0 1 0
  outer loop
   vertex 108.41670227050781 3.124000072479248 12.449999809265137
   vertex 106.91670227050781 3.124000072479248 12.449999809265137
   vertex 106.91670227050781 3.124000072479248 13.649999618530273
  endloop
 endfacet
 facet normal 0 1 -0
  outer loop
   vertex 108.41670227050781 3.124000072479248 13.649999618530273
   vertex 108.41670227050781 3.124000072479248 12.449999809265137
   vertex 106.91670227050781 3.124000072479248 13.649999618530273
  endloop
 endfacet
 facet normal 0 0 -1
  outer loop
   vertex 108.41670227050781 3.124000072479248 12.449999809265137
   vertex 106.91670227050781 3.0999999046325684 12.449999809265137
   vertex 106.91670227050781 3.124000072479248 12.449999809265137
  endloop
 endfacet
 facet normal 0 0 -1
  outer loop
   vertex 108.41670227050781 3.124000072479248 12.449999809265137
   vertex 108.41670227050781 3.0999999046325684 12.449999809265137
   vertex 106.91670227050781 3.0999999046325684 12.449999809265137
  endloop
 endfacet
 facet normal -0 0 1
  outer loop
   vertex 108.41670227050781 3.124000072479248 13.649999618530273
   vertex 106.91670227050781 3.124000072479248 13.649999618530273
   vertex 106.91670227050781 3.0999999046325684 13.649999618530273
  endloop
 endfacet
 facet normal 0 0 1
  outer loop
   vertex 108.41670227050781 3.124000072479248 13.649999618530273
   vertex 106.91670227050781 3.0999999046325684 13.649999618530273
   vertex 108.41670227050781 3.0999999046325684 13.649999618530273
  endloop
 endfacet
 facet normal -1 0 0
  outer loop
   vertex 106.91670227050781 3.0999999046325684 10.949999809265137
   vertex 106.91670227050781 3.124000072479248 9.75
   vertex 106.91670227050781 3.0999999046325684 9.75
  endloop
 endfacet
 facet normal -1 -0 -0
  outer loop
   vertex 106.91670227050781 3.0999999046325684 10.949999809265137
   vertex 106.91670227050781 3.124000072479248 10.949999809265137
   vertex 106.91670227050781 3.124000072479248 9.75
  endloop
 endfacet
 facet normal 1 0 0
  outer loop
   vertex 108.41670227050781 3.0999999046325684 10.949999809265137
   vertex 108.41670227050781 3.0999999046325684 9.75
   vertex 108.41670227050781 3.124000072479248 9.75
  endloop
 endfacet
 facet normal 1 0 -0
  outer loop
   vertex 108.41670227050781 3.0999999046325684 10.949999809265137
   vertex 108.41670227050781 3.124000072479248 9.75
   vertex 108.41670227050781 3.124000072479248 10.949999809265137
  endloop
 endfacet
 facet normal 0 -1 0
  outer loop
   vertex 108.41670227050781 3.0999999046325684 10.949999809265137
   vertex 106.91670227050781 3.0999999046325684 9.75
   vertex 108.41670227050781 3.0999999046325684 9.75
  endloop
 endfacet
 facet normal 0 -1 0
  outer loop
   vertex 108.41670227050781 3.0999999046325684 10.949999809265137
   vertex 106.91670227050781 3.0999999046325684 10.949999809265137
   vertex 106.91670227050781 3.0999999046325684 9.75
  endloop
 endfacet
 facet normal 0 1 -0
  outer loop
   vertex 108.41670227050781 3.124000072479248 10.949999809265137
   vertex 108.41670227050781 3.124000072479248 9.75
   vertex 106.91670227050781 3.124000072479248 9.75
  endloop
 endfacet
 facet normal 0 1 0
  outer loop
   vertex 108.41670227050781 3.124000072479248 10.949999809265137
   vertex 106.91670227050781 3.124000072479248 9.75
   vertex 106.91670227050781 3.124000072479248 10.949999809265137
  endloop
 endfacet
 facet normal 0 0 -1
  outer loop
   vertex 108.41670227050781 3.124000072479248 9.75
   vertex 106.91670227050781 3.0999999046325684 9.75
   vertex 106.91670227050781 3.124000072479248 9.75
  endloop
 endfacet
 facet normal 0 0 -1
  outer loop
   vertex 108.41670227050781 3.124000072479248 9.75
   vertex 108.41670227050781 3.0999999046325684 9.75
   vertex 106.91670227050781 3.0999999046325684 9.75
  endloop
 endfacet
 facet normal -0 0 1
  outer loop
   vertex 108.41670227050781 3.124000072479248 10.949999809265137
   vertex 106.91670227050781 3.124000072479248 10.949999809265137
   vertex 106.91670227050781 3.0999999046325684 10.949999809265137
  endloop
 endfacet
 facet normal 0 0 1
  outer loop
   vertex 108.41670227050781 3.124000072479248 10.949999809265137
   vertex 106.91670227050781 3.0999999046325684 10.949999809265137
   vertex 108.41670227050781 3.0999999046325684 10.949999809265137
  endloop
 endfacet
 facet normal -1 0 0
  outer loop
   vertex 106.91670227050781 3.0999999046325684 8.25
   vertex 106.91670227050781 3.124000072479248 7.0500001907348633
   vertex 106.91670227050781 3.0999999046325684 7.0500001907348633
  endloop
 endfacet
 facet normal -1 -0 -0
  outer loop
   vertex 106.91670227050781 3.0999999046325684 8.25
   vertex 106.91670227050781 3.124000072479248 8.25
   vertex 106.91670227050781 3.124000072479248 7.0500001907348633
  endloop
 endfacet
 facet normal 1 0 0
  outer loop
   vertex 108.41670227050781 3.0999999046325684 8.25
   vertex 108.41670227050781 3.0999999046325684 7.0500001907348633
   vertex 108.41670227050781 3.124000072479248 7.0500001907348633
  endloop
 endfacet
 facet normal 1 0 -0
  outer loop
   vertex 108.41670227050781 3.0999999046325684 8.25
   vertex 108.41670227050781 3.124000072479248 7.0500001907348633
   vertex 108.41670227050781 3.124000072479248 8.25
  endloop
 endfacet
 facet normal 0 -1 0
  outer loop
   vertex 108.41670227050781 3.0999999046325684 8.25
   vertex 106.91670227050781 3.0999999046325684 7.0500001907348633
   vertex 108.41670227050781 3.0999999046325684 7.0500001907348633
  endloop
 endfacet
 facet normal 0 -1 0
  outer loop
   vertex 108.41670227050781 3.0999999046325684 8.25
   vertex 106.91670227050781 3.0999999046325684 8.25
   vertex 106.91670227050781 3.0999999046325684 7.0500001907348633
  endloop
 endfacet
 facet normal 0 1 -0
  outer loop
   vertex 108.41670227050781 3.124000072479248 8.25
   vertex 108.41670227050781 3.124000072479248 7.0500001907348633
   vertex 106.91670227050781 3.124000072479248 7.0500001907348633
  endloop
 endfacet
 facet normal 0 1 0
  outer loop
   vertex 108.41670227050781 3.124000072479248 8.25
   vertex 106.91670227050781 3.124000072479248 7.0500001907348633
   vertex 106.91670227050781 3.124000072479248 8.25
  endloop
 endfacet
 facet normal 0 0 -1
  outer loop
   vertex 108.41670227050781 3.124000072479248 7.0500001907348633
   vertex 106.91670227050781 3.0999999046325684 7.0500001907348633
   vertex 106.91670227050781 3.124000072479248 7.0500001907348633
  endloop
 endfacet
 facet normal 0 0 -1
  outer loop
   vertex 108.41670227050781 3.124000072479248 7.0500001907348633
   vertex 108.41670227050781 3.0999999046325684 7.0500001907348633
   vertex 106.91670227050781 3.0999999046325684 7.0500001907348633
  endloop
 endfacet
 facet normal -0 0 1
  outer loop
   vertex 108.41670227050781 3.124000072479248 8.25
   vertex 106.91670227050781 3.124000072479248 8.25
   vertex 106.91670227050781 3.0999999046325684 8.25
  endloop
 endfacet
 facet normal 0 0 1
  outer loop
   vertex 108.41670227050781 3.124000072479248 8.25
   vertex 106.91670227050781 3.0999999046325684 8.25
   vertex 108.41670227050781 3.0999999046325684 8.25
  endloop
 endfacet
 facet normal -1 0 0
  outer loop
   vertex 106.91670227050781 3.0999999046325684 5.5500001907348633
   vertex 106.91670227050781 3.124000072479248 4.3499999046325684
   vertex 106.91670227050781 3.0999999046325684 4.3499999046325684
  endloop
 endfacet
 facet normal -1 -0 -0
  outer loop
   vertex 106.91670227050781 3.0999999046325684 5.5500001907348633
   vertex 106.91670227050781 3.124000072479248 5.5500001907348633
   vertex 106.91670227050781 3.124000072479248 4.3499999046325684
  endloop
 endfacet
 facet normal 1 0 0
  outer loop
   vertex 108.41670227050781 3.0999999046325684 5.5500001907348633
   vertex 108.41670227050781 3.0999999046325684 4.3499999046325684
   vertex 108.41670227050781 3.124000072479248 4.3499999046325684
  endloop
 endfacet
 facet normal 1 0 -0
  outer loop
   vertex 108.41670227050781 3.0999999046325684 5.5500001907348633
   vertex 108.41670227050781 3.124000072479248 4.3499999046325684
   vertex 108.41670227050781 3.124000072479248 5.5500001907348633
  endloop
 endfacet
 facet normal 0 -1 0
  outer loop
   vertex 108.41670227050781 3.0999999046325684 5.5500001907348633
   vertex 106.91670227050781 3.0999999046325684 4.3499999046325684
   vertex 108.41670227050781 3.0999999046325684 4.3499999046325684
  endloop
 endfacet
 facet normal 0 -1 0
  outer loop
   vertex 108.41670227050781 3.0999999046325684 5.5500001907348633
   vertex 106.91670227050781 3.0999999046325684 5.5500001907348633
   vertex 106.91670227050781 3.0999999046325684 4.3499999046325684
  endloop
 endfacet
 facet normal 0 1 -0
  outer loop
   vertex 108.41670227050781 3.124000072479248 5.5500001907348633
   vertex 108.41670227050781 3.124000072479248 4.3499999046325684
   vertex 106.91670227050781 3.124000072479248 4.3499999046325684
  endloop
 endfacet
 facet normal 0 1 0
  outer loop
   vertex 108.41670227050781 3.124000072479248 5.5500001907348633
   vertex 106.91670227050781 3.124000072479248 4.3499999046325684
   vertex 106.91670227050781 3.124000072479248 5.5500001907348633
  endloop
 endfacet
 facet normal 0 0 -1
  outer loop
   vertex 108.41670227050781 3.124000072479248 4.3499999046325684
   vertex 106.91670227050781 3.0999999046325684 4.3499999046325684
   vertex 106.91670227050781 3.124000072479248 4.3499999046325684
  endloop
 endfacet
 facet normal 0 0 -1
  outer loop
   vertex 108.41670227050781 3.124000072479248 4.3499999046325684
   vertex 108.41670227050781 3.0999999046325684 4.3499999046325684
   vertex 106.91670227050781 3.0999999046325684 4.3499999046325684
  endloop
 endfacet
 facet normal -0 0 1
  outer loop
   vertex 108.41670227050781 3.124000072479248 5.5500001907348633
   vertex 106.91670227050781 3.124000072479248 5.5500001907348633
   vertex 106.91670227050781 3.0999999046325684 5.5500001907348633
  endloop
 endfacet
 facet normal 0 0 1
  outer loop
   vertex 108.41670227050781 3.124000072479248 5.5500001907348633
   vertex 106.91670227050781 3.0999999046325684 5.5500001907348633
   vertex 108.41670227050781 3.0999999046325684 5.5500001907348633
  endloop
 endfacet
 facet normal -1 0 0
  outer loop
   vertex 106.91670227050781 3.0999999046325684 2.8499999046325684
   vertex 106.91670227050781 3.124000072479248 1.6499999761581421
   vertex 106.91670227050781 3.0999999046325684 1.6499999761581421
  endloop
 endfacet
 facet normal -1 -0 -0
  outer loop
   vertex 106.91670227050781 3.0999999046325684 2.8499999046325684
   vertex 106.91670227050781 3.124000072479248 2.8499999046325684
   vertex 106.91670227050781 3.124000072479248 1.6499999761581421
  endloop
 endfacet
 facet normal 1 0 0
  outer loop
   vertex 108.41670227050781 3.0999999046325684 2.8499999046325684
   vertex 108.41670227050781 3.0999999046325684 1.6499999761581421
   vertex 108.41670227050781 3.124000072479248 1.6499999761581421
  endloop
 endfacet
 facet normal 1 0 -0
  outer loop
   vertex 108.41670227050781 3.0999999046325684 2.8499999046325684
   vertex 108.41670227050781 3.124000072479248 1.6499999761581421
   vertex 108.41670227050781 3.124000072479248 2.8499999046325684
  endloop
 endfacet
 facet normal 0 -1 0
  outer loop
   vertex 108.41670227050781 3.0999999046325684 2.8499999046325684
   vertex 106.91670227050781 3.0999999046325684 1.6499999761581421
   vertex 108.41670227050781 3.0999999046325684 1.6499999761581421
  endloop
 endfacet
 facet normal 0 -1 0
  outer loop
   vertex 108.41670227050781 3.0999999046325684 2.8499999046325684
   vertex 106.91670227050781 3.0999999046325684 2.8499999046325684
   vertex 106.91670227050781 3.0999999046325684 1.6499999761581421
  endloop
 endfacet
 facet normal 0 1 -0
  outer loop
   vertex 108.41670227050781 3.124000072479248 2.8499999046325684
   vertex 108.41670227050781 3.124000072479248 1.6499999761581421
   vertex 106.91670227050781 3.124000072479248 1.6499999761581421
  endloop
 endfacet
 facet normal 0 1 0
  outer loop
   vertex 108.41670227050781 3.124000072479248 2.8499999046325684
   vertex 106.91670227050781 3.124000072479248 1.6499999761581421
   vertex 106.91670227050781 3.124000072479248 2.8499999046325684
  endloop
 endfacet
 facet normal 0 0 -1
  outer loop
   vertex 108.41670227050781 3.124000072479248 1.6499999761581421
   vertex 106.91670227050781 3.0999999046325684 1.6499999761581421
   vertex 106.91670227050781 3.124000072479248 1.6499999761581421
  endloop
 endfacet
 facet normal 0 0 -1
  outer loop
   vertex 108.41670227050781 3.124000072479248 1.6499999761581421
   vertex 108.41670227050781 3.0999999046325684 1.6499999761581421
   vertex 106.91670227050781 3.0999999046325684 1.6499999761581421
  endloop
 endfacet
 facet normal -0 0 1
  outer loop
   vertex 108.41670227050781 3.124000072479248 2.8499999046325684
   vertex 106.91670227050781 3.124000072479248 2.8499999046325684
   vertex 106.91670227050781 3.0999999046325684 2.8499999046325684
  endloop
 endfacet
 facet normal 0 0 1
  outer loop
   vertex 108.41670227050781 3.124000072479248 2.8499999046325684
   vertex 106.91670227050781 3.0999999046325684 2.8499999046325684
   vertex 108.41670227050781 3.0999999046325684 2.8499999046325684
  endloop
 endfacet
 facet normal -1 0 0
  outer loop
   vertex 100.25 3.0999999046325684 13.649999618530273
   vertex 100.25 3.124000072479248 12.449999809265137
   vertex 100.25 3.0999999046325684 12.449999809265137
  endloop
 endfacet
 facet normal -1 -0 -0
  outer loop
   vertex 100.25 3.0999999046325684 13.649999618530273
   vertex 100.25 3.124000072479248 13.649999618530273
   vertex 100.25 3.124000072479248 12.449999809265137
  endloop
 endfacet
 facet normal 1 0 0
  outer loop
   vertex 101.75 3.0999999046325684 13.649999618530273
   vertex 101.75 3.0999999046325684 12.449999809265137
   vertex 101.75 3.124000072479248 12.449999809265137
  endloop
 endfacet
 facet normal 1 0 -0
  outer loop
   vertex 101.75 3.0999999046325684 13.649999618530273
   vertex 101.75 3.124000072479248 12.449999809265137
   vertex 101.75 3.124000072479248 13.649999618530273
  endloop
 endfacet
 facet normal 0 -1 0
  outer loop
   vertex 101.75 3.0999999046325684 12.449999809265137
   vertex 100.25 3.0999999046325684 13.649999618530273
   vertex 100.25 3.0999999046325684 12.449999809265137
  endloop
 endfacet
 facet normal 0 -1 0
  outer loop
   vertex 101.75 3.0999999046325684 13.649999618530273
   vertex 100.25 3.0999999046325684 13.649999618530273
   vertex 101.75 3.0999999046325684 12.449999809265137
  endloop
 endfacet
 facet normal 0 1 0
  outer loop
   vertex 101.75 3.124000072479248 12.449999809265137
   vertex 100.25 3.124000072479248 12.449999809265137
   vertex 100.25 3.124000072479248 13.649999618530273
  endloop
 endfacet
 facet normal 0 1 -0
  outer loop
   vertex 101.75 3.124000072479248 13.649999618530273
   vertex 101.75 3.124000072479248 12.449999809265137
   vertex 100.25 3.124000072479248 13.649999618530273
  endloop
 endfacet
 facet normal 0 0 -1
  outer loop
   vertex 101.75 3.124000072479248 12.449999809265137
   vertex 100.25 3.0999999046325684 12.449999809265137
   vertex 100.25 3.124000072479248 12.449999809265137
  endloop
 endfacet
 facet normal 0 0 -1
  outer loop
   vertex 101.75 3.124000072479248 12.449999809265137
   vertex 101.75 3.0999999046325684 12.449999809265137
   vertex 100.25 3.0999999046325684 12.449999809265137
  endloop
 endfacet
 facet normal -0 0 1
  outer loop
   vertex 101.75 3.124000072479248 13.649999618530273
   vertex 100.25 3.124000072479248 13.649999618530273
   vertex 100.25 3.0999999046325684 13.649999618530273
  endloop
 endfacet
 facet normal 0 0 1
  outer loop
   vertex 101.75 3.124000072479248 13.649999618530273
   vertex 100.25 3.0999999046325684 13.649999618530273
   vertex 101.75 3.0999999046325684 13.649999618530273
  endloop
 endfacet
 facet normal -1 0 0
  outer loop
   vertex 100.25 3.0999999046325684 10.949999809265137
   vertex 100.25 3.124000072479248 9.75
   vertex 100.25 3.0999999046325684 9.75
  endloop
 endfacet
 facet normal -1 -0 -0
  outer loop
   vertex 100.25 3.0999999046325684 10.949999809265137
   vertex 100.25 3.124000072479248 10.949999809265137
   vertex 100.25 3.124000072479248 9.75
  endloop
 endfacet
 facet normal 1 0 0
  outer loop
   vertex 101.75 3.0999999046325684 10.949999809265137
   vertex 101.75 3.0999999046325684 9.75
   vertex 101.75 3.124000072479248 9.75
  endloop
 endfacet
 facet normal 1 0 -0
  outer loop
   vertex 101.75 3.0999999046325684 10.949999809265137
   vertex 101.75 3.124000072479248 9.75
   vertex 101.75 3.124000072479248 10.949999809265137
  endloop
 endfacet
 facet normal 0 -1 0
  outer loop
   vertex 101.75 3.0999999046325684 10.949999809265137
   vertex 100.25 3.0999999046325684 9.75
   vertex 101.75 3.0999999046325684 9.75
  endloop
 endfacet
 facet normal 0 -1 0
  outer loop
   vertex 101.75 3.0999999046325684 10.949999809265137
   vertex 100.25 3.0999999046325684 10.949999809265137
   vertex 100.25 3.0999999046325684 9.75
  endloop
 endfacet
 facet normal 0 1 -0
  outer loop
   vertex 101.75 3.124000072479248 10.949999809265137
   vertex 101.75 3.124000072479248 9.75
   vertex 100.25 3.124000072479248 9.75
  endloop
 endfacet
 facet normal 0 1 0
  outer loop
   vertex 101.75 3.124000072479248 10.949999809265137
   vertex 100.25 3.124000072479248 9.75
   vertex 100.25 3.124000072479248 10.949999809265137
  endloop
 endfacet
 facet normal 0 0 -1
  outer loop
   vertex 101.75 3.124000072479248 9.75
   vertex 100.25 3.0999999046325684 9.75
   vertex 100.25 3.124000072479248 9.75
  endloop
 endfacet
 facet normal 0 0 -1
  outer loop
   vertex 101.75 3.124000072479248 9.75
   vertex 101.75 3.0999999046325684 9.75
   vertex 100.25 3.0999999046325684 9.75
  endloop
 endfacet
 facet normal -0 0 1
  outer loop
   vertex 101.75 3.124000072479248 10.949999809265137
   vertex 100.25 3.124000072479248 10.949999809265137
   vertex 100.25 3.0999999046325684 10.949999809265137
  endloop
 endfacet
 facet normal 0 0 1
  outer loop
   vertex 101.75 3.124000072479248 10.949999809265137
   vertex 100.25 3.0999999046325684 10.949999809265137
   vertex 101.75 3.0999999046325684 10.949999809265137
  endloop
 endfacet
 facet normal -1 0 0
  outer loop
   vertex 100.25 3.0999999046325684 8.25
   vertex 100.25 3.124000072479248 7.0500001907348633
   vertex 100.25 3.0999999046325684 7.0500001907348633
  endloop
 endfacet
 facet normal -1 -0 -0
  outer loop
   vertex 100.25 3.0999999046325684 8.25
   vertex 100.25 3.124000072479248 8.25
   vertex 100.25 3.124000072479248 7.0500001907348633
  endloop
 endfacet
 facet normal 1 0 0
  outer loop
   vertex 101.75 3.0999999046325684 8.25
   vertex 101.75 3.0999999046325684 7.0500001907348633
   vertex 101.75 3.124000072479248 7.0500001907348633
  endloop
 endfacet
 facet normal 1 0 -0
  outer loop
   vertex 101.75 3.0999999046325684 8.25
   vertex 101.75 3.124000072479248 7.0500001907348633
   vertex 101.75 3.124000072479248 8.25
  endloop
 endfacet
 facet normal 0 -1 0
  outer loop
   vertex 101.75 3.0999999046325684 8.25
   vertex 100.25 3.0999999046325684 7.0500001907348633
   vertex 101.75 3.0999999046325684 7.0500001907348633
  endloop
 endfacet
 facet normal 0 -1 0
  outer loop
   vertex 101.75 3.0999999046325684 8.25
   vertex 100.25 3.0999999046325684 8.25
   vertex 100.25 3.0999999046325684 7.0500001907348633
  endloop
 endfacet
 facet normal 0 1 -0
  outer loop
   vertex 101.75 3.124000072479248 8.25
   vertex 101.75 3.124000072479248 7.0500001907348633
   vertex 100.25 3.124000072479248 7.0500001907348633
  endloop
 endfacet
 facet normal 0 1 0
  outer loop
   vertex 101.75 3.124000072479248 8.25
   vertex 100.25 3.124000072479248 7.0500001907348633
   vertex 100.25 3.124000072479248 8.25
  endloop
 endfacet
 facet normal 0 0 -1
  outer loop
   vertex 101.75 3.124000072479248 7.0500001907348633
   vertex 100.25 3.0999999046325684 7.0500001907348633
   vertex 100.25 3.124000072479248 7.0500001907348633
  endloop
 endfacet
 facet normal 0 0 -1
  outer loop
   vertex 101.75 3.124000072479248 7.0500001907348633
   vertex 101.75 3.0999999046325684 7.0500001907348633
   vertex 100.25 3.0999999046325684 7.0500001907348633
  endloop
 endfacet
 facet normal -0 0 1
  outer loop
   vertex 101.75 3.124000072479248 8.25
   vertex 100.25 3.124000072479248 8.25
   vertex 100.25 3.0999999046325684 8.25
  endloop
 endfacet
 facet normal 0 0 1
  outer loop
   vertex 101.75 3.124000072479248 8.25
   vertex 100.25 3.0999999046325684 8.25
   vertex 101.75 3.0999999046325684 8.25
  endloop
 endfacet
 facet normal -1 0 0
  outer loop
   vertex 100.25 3.0999999046325684 5.5500001907348633
   vertex 100.25 3.124000072479248 4.3499999046325684
   vertex 100.25 3.0999999046325684 4.3499999046325684
  endloop
 endfacet
 facet normal -1 -0 -0
  outer loop
   vertex 100.25 3.0999999046325684 5.5500001907348633
   vertex 100.25 3.124000072479248 5.5500001907348633
   vertex 100.25 3.124000072479248 4.3499999046325684
  endloop
 endfacet
 facet normal 1 0 0
  outer loop
   vertex 101.75 3.0999999046325684 5.5500001907348633
   vertex 101.75 3.0999999046325684 4.3499999046325684
   vertex 101.75 3.124000072479248 4.3499999046325684
  endloop
 endfacet
 facet normal 1 0 -0
  outer loop
   vertex 101.75 3.0999999046325684 5.5500001907348633
   vertex 101.75 3.124000072479248 4.3499999046325684
   vertex 101.75 3.124000072479248 5.5500001907348633
  endloop
 endfacet
 facet normal 0 -1 0
  outer loop
   vertex 101.75 3.0999999046325684 5.5500001907348633
   vertex 100.25 3.0999999046325684 4.3499999046325684
   vertex 101.75 3.0999999046325684 4.3499999046325684
  endloop
 endfacet
 facet normal 0 -1 0
  outer loop
   vertex 101.75 3.0999999046325684 5.5500001907348633
   vertex 100.25 3.0999999046325684 5.5500001907348633
   vertex 100.25 3.0999999046325684 4.3499999046325684
  endloop
 endfacet
 facet normal 0 1 -0
  outer loop
   vertex 101.75 3.124000072479248 5.5500001907348633
   vertex 101.75 3.124000072479248 4.3499999046325684
   vertex 100.25 3.124000072479248 4.3499999046325684
  endloop
 endfacet
 facet normal 0 1 0
  outer loop
   vertex 101.75 3.124000072479248 5.5500001907348633
   vertex 100.25 3.124000072479248 4.3499999046325684
   vertex 100.25 3.124000072479248 5.5500001907348633
  endloop
 endfacet
 facet normal 0 0 -1
  outer loop
   vertex 101.75 3.124000072479248 4.3499999046325684
   vertex 100.25 3.0999999046325684 4.3499999046325684
   vertex 100.25 3.124000072479248 4.3499999046325684
  endloop
 endfacet
 facet normal 0 0 -1
  outer loop
   vertex 101.75 3.124000072479248 4.3499999046325684
   vertex 101.75 3.0999999046325684 4.3499999046325684
   vertex 100.25 3.0999999046325684 4.3499999046325684
  endloop
 endfacet
 facet normal -0 0 1
  outer loop
   vertex 101.75 3.124000072479248 5.5500001907348633
   vertex 100.25 3.124000072479248 5.5500001907348633
   vertex 100.25 3.0999999046325684 5.5500001907348633
  endloop
 endfacet
 facet normal 0 0 1
  outer loop
   vertex 101.75 3.124000072479248 5.5500001907348633
   vertex 100.25 3.0999999046325684 5.5500001907348633
   vertex 101.75 3.0999999046325684 5.5500001907348633
  endloop
 endfacet
 facet normal -1 0 0
  outer loop
   vertex 100.25 3.0999999046325684 2.8499999046325684
   vertex 100.25 3.124000072479248 1.6499999761581421
   vertex 100.25 3.0999999046325684 1.6499999761581421
  endloop
 endfacet
 facet normal -1 -0 -0
  outer loop
   vertex 100.25 3.0999999046325684 2.8499999046325684
   vertex 100.25 3.124000072479248 2.8499999046325684
   vertex 100.25 3.124000072479248 1.6499999761581421
  endloop
 endfacet
 facet normal 1 0 0
  outer loop
   vertex 101.75 3.0999999046325684 2.8499999046325684
   vertex 101.75 3.0999999046325684 1.6499999761581421
   vertex 101.75 3.124000072479248 1.6499999761581421
  endloop
 endfacet
 facet normal 1 0 -0
  outer loop
   vertex 101.75 3.0999999046325684 2.8499999046325684
   vertex 101.75 3.124000072479248 1.6499999761581421
   vertex 101.75 3.124000072479248 2.8499999046325684
  endloop
 endfacet
 facet normal 0 -1 0
  outer loop
   vertex 101.75 3.0999999046325684 2.8499999046325684
   vertex 100.25 3.0999999046325684 1.6499999761581421
   vertex 101.75 3.0999999046325684 1.6499999761581421
  endloop
 endfacet
 facet normal 0 -1 0
  outer loop
   vertex 101.75 3.0999999046325684 2.8499999046325684
   vertex 100.25 3.0999999046325684 2.8499999046325684
   vertex 100.25 3.0999999046325684 1.6499999761581421
  endloop
 endfacet
 facet normal 0 1 -0
  outer loop
   vertex 101.75 3.124000072479248 2.8499999046325684
   vertex 101.75 3.124000072479248 1.6499999761581421
   vertex 100.25 3.124000072479248 1.6499999761581421
  endloop
 endfacet
 facet normal 0 1 0
  outer loop
   vertex 101.75 3.124000072479248 2.8499999046325684
   vertex 100.25 3.124000072479248 1.6499999761581421
   vertex 100.25 3.124000072479248 2.8499999046325684
  endloop
 endfacet
 facet normal 0 0 -1
  outer loop
   vertex 101.75 3.124000072479248 1.6499999761581421
   vertex 100.25 3.0999999046325684 1.6499999761581421
   vertex 100.25 3.124000072479248 1.6499999761581421
  endloop
 endfacet
 facet normal 0 0 -1
  outer loop
   vertex 101.75 3.124000072479248 1.6499999761581421
   vertex 101.75 3.0999999046325684 1.6499999761581421
   vertex 100.25 3.0999999046325684 1.6499999761581421
  endloop
 endfacet
 facet normal -0 0 1
  outer loop
   vertex 101.75 3.124000072479248 2.8499999046325684
   vertex 100.25 3.124000072479248 2.8499999046325684
   vertex 100.25 3.0999999046325684 2.8499999046325684
  endloop
 endfacet
 facet normal 0 0 1
  outer loop
   vertex 101.75 3.124000072479248 2.8499999046325684
   vertex 100.25 3.0999999046325684 2.8499999046325684
   vertex 101.75 3.0999999046325684 2.8499999046325684
  endloop
 endfacet
 facet normal -1 0 0
  outer loop
   vertex 93.583328247070312 3.0999999046325684 13.649999618530273
   vertex 93.583328247070312 3.124000072479248 12.449999809265137
   vertex 93.583328247070312 3.0999999046325684 12.449999809265137
  endloop
 endfacet
 facet normal -1 -0 -0
  outer loop
   vertex 93.583328247070312 3.0999999046325684 13.649999618530273
   vertex 93.583328247070312 3.124000072479248 13.649999618530273
   vertex 93.583328247070312 3.124000072479248 12.449999809265137
  endloop
 endfacet
 facet normal 1 0 0
  outer loop
   vertex 95.083328247070312 3.0999999046325684 13.649999618530273
   vertex 95.083328247070312 3.0999999046325684 12.449999809265137
   vertex 95.083328247070312 3.124000072479248 12.449999809265137
  endloop
 endfacet
 facet normal 1 0 -0
  outer loop
   vertex 95.083328247070312 3.0999999046325684 13.649999618530273
   vertex 95.083328247070312 3.124000072479248 12.449999809265137
   vertex 95.083328247070312 3.124000072479248 13.649999618530273
  endloop
 endfacet
 facet normal 0 -1 0
  outer loop
   vertex 95.083328247070312 3.0999999046325684 12.449999809265137
   vertex 93.583328247070312 3.0999999046325684 13.649999618530273
   vertex 93.583328247070312 3.0999999046325684 12.449999809265137
  endloop
 endfacet
 facet normal 0 -1 0
  outer loop
   vertex 95.083328247070312 3.0999999046325684 13.649999618530273
   vertex 93.583328247070312 3.0999999046325684 13.649999618530273
   vertex 95.083328247070312 3.0999999046325684 12.449999809265137
  endloop
 endfacet
 facet normal 0 1 0
  outer loop
   vertex 95.083328247070312 3.124000072479248 12.449999809265137
   vertex 93.583328247070312 3.124000072479248 12.449999809265137
   vertex 93.583328247070312 3.124000072479248 13.649999618530273
  endloop
 endfacet
 facet normal 0 1 -0
  outer loop
   vertex 95.083328247070312 3.124000072479248 13.649999618530273
   vertex 95.083328247070312 3.124000072479248 12.449999809265137
   vertex 93.583328247070312 3.124000072479248 13.649999618530273
  endloop
 endfacet
 facet normal 0 0 -1
  outer loop
   vertex 95.083328247070312 3.124000072479248 12.449999809265137
   vertex 93.583328247070312 3.0999999046325684 12.449999809265137
   vertex 93.583328247070312 3.124000072479248 12.449999809265137
  endloop
 endfacet
 facet normal 0 0 -1
  outer loop
   vertex 95.083328247070312 3.124000072479248 12.449999809265137
   vertex 95.083328247070312 3.0999999046325684 12.449999809265137
   vertex 93.583328247070312 3.0999999046325684 12.449999809265137
  endloop
 endfacet
 facet normal -0 0 1
  outer loop
   vertex 95.083328247070312 3.124000072479248 13.649999618530273
   vertex 93.583328247070312 3.124000072479248 13.649999618530273
   vertex 93.583328247070312 3.0999999046325684 13.649999618530273
  endloop
 endfacet
 facet normal 0 0 1
  outer loop
   vertex 95.083328247070312 3.124000072479248 13.649999618530273
   vertex 93.583328247070312 3.0999999046325684 13.649999618530273
   vertex 95.083328247070312 3.0999999046325684 13.649999618530273
  endloop
 endfacet
 facet normal -1 0 0
  outer loop
   vertex 93.583328247070312 3.0999999046325684 10.949999809265137
   vertex 93.583328247070312 3.124000072479248 9.75
   vertex 93.583328247070312 3.0999999046325684 9.75
  endloop
 endfacet
 facet normal -1 -0 -0
  outer loop
   vertex 93.583328247070312 3.0999999046325684 10.949999809265137
   vertex 93.583328247070312 3.124000072479248 10.949999809265137
   vertex 93.583328247070312 3.124000072479248 9.75
  endloop
 endfacet
 facet normal 1 0 0
  outer loop
   vertex 95.083328247070312 3.0999999046325684 10.949999809265137
   vertex 95.083328247070312 3.0999999046325684 9.75
   vertex 95.083328247070312 3.124000072479248 9.75
  endloop
 endfacet
 facet normal 1 0 -0
  outer loop
   vertex 95.083328247070312 3.0999999046325684 10.949999809265137
   vertex 95.083328247070312 3.124000072479248 9.75
   vertex 95.083328247070312 3.124000072479248 10.949999809265137
  endloop
 endfacet
 facet normal 0 -1 0
  outer loop
   vertex 95.083328247070312 3.0999999046325684 10.949999809265137
   vertex 93.583328247070312 3.0999999046325684 9.75
   vertex 95.083328247070312 3.0999999046325684 9.75
  endloop
 endfacet
 facet normal 0 -1 0
  outer loop
   vertex 95.083328247070312 3.0999999046325684 10.949999809265137
   vertex 93.583328247070312 3.0999999046325684 10.949999809265137
   vertex 93.583328247070312 3.0999999046325684 9.75
  endloop
 endfacet
 facet normal 0 1 -0
  outer loop
   vertex 95.083328247070312 3.124000072479248 10.949999809265137
   vertex 95.083328247070312 3.124000072479248 9.75
   vertex 93.583328247070312 3.124000072479248 9.75
  endloop
 endfacet
 facet normal 0 1 0
  outer loop
   vertex 95.083328247070312 3.124000072479248 10.949999809265137
   vertex 93.583328247070312 3.124000072479248 9.75
   vertex 93.583328247070312 3.124000072479248 10.949999809265137
  endloop
 endfacet
 facet normal 0 0 -1
  outer loop
   vertex 95.083328247070312 3.124000072479248 9.75
   vertex 93.583328247070312 3.0999999046325684 9.75
   vertex 93.583328247070312 3.124000072479248 9.75
  endloop
 endfacet
 facet normal 0 0 -1
  outer loop
   vertex 95.083328247070312 3.124000072479248 9.75
   vertex 95.083328247070312 3.0999999046325684 9.75
   vertex 93.583328247070312 3.0999999046325684 9.75
  endloop
 endfacet
 facet normal -0 0 1
  outer loop
   vertex 95.083328247070312 3.124000072479248 10.949999809265137
   vertex 93.583328247070312 3.124000072479248 10.949999809265137
   vertex 93.583328247070312 3.0999999046325684 10.949999809265137
  endloop
 endfacet
 facet normal 0 0 1
  outer loop
   vertex 95.083328247070312 3.124000072479248 10.949999809265137
   vertex 93.583328247070312 3.0999999046325684 10.949999809265137
   vertex 95.083328247070312 3.0999999046325684 10.949999809265137
  endloop
 endfacet
 facet normal -1 0 0
  outer loop
   vertex 93.583328247070312 3.0999999046325684 8.25
   vertex 93.583328247070312 3.124000072479248 7.0500001907348633
   vertex 93.583328247070312 3.0999999046325684 7.0500001907348633
  endloop
 endfacet
 facet normal -1 -0 -0
  outer loop
   vertex 93.583328247070312 3.0999999046325684 8.25
   vertex 93.583328247070312 3.124000072479248 8.25
   vertex 93.583328247070312 3.124000072479248 7.0500001907348633
  endloop
 endfacet
 facet normal 1 0 0
  outer loop
   vertex 95.083328247070312 3.0999999046325684 8.25
   vertex 95.083328247070312 3.0999999046325684 7.0500001907348633
   vertex 95.083328247070312 3.124000072479248 7.0500001907348633
  endloop
 endfacet
 facet normal 1 0 -0
  outer loop
   vertex 95.083328247070312 3.0999999046325684 8.25
   vertex 95.083328247070312 3.124000072479248 7.0500001907348633
   vertex 95.083328247070312 3.124000072479248 8.25
  endloop
 endfacet
 facet normal 0 -1 0
  outer loop
   vertex 95.083328247070312 3.0999999046325684 8.25
   vertex 93.583328247070312 3.0999999046325684 7.0500001907348633
   vertex 95.083328247070312 3.0999999046325684 7.0500001907348633
  endloop
 endfacet
 facet normal 0 -1 0
  outer loop
   vertex 95.083328247070312 3.0999999046325684 8.25
   vertex 93.583328247070312 3.0999999046325684 8.25
   vertex 93.583328247070312 3.0999999046325684 7.0500001907348633
  endloop
 endfacet
 facet normal 0 1 -0
  outer loop
   vertex 95.083328247070312 3.124000072479248 8.25
   vertex 95.083328247070312 3.124000072479248 7.0500001907348633
   vertex 93.583328247070312 3.124000072479248 7.0500001907348633
  endloop
 endfacet
 facet normal 0 1 0
  outer loop
   vertex 95.083328247070312 3.124000072479248 8.25
   vertex 93.583328247070312 3.124000072479248 7.0500001907348633
   vertex 93.583328247070312 3.124000072479248 8.25
  endloop
 endfacet
 facet normal 0 0 -1
  outer loop
   vertex 95.083328247070312 3.124000072479248 7.0500001907348633
   vertex 93.583328247070312 3.0999999046325684 7.0500001907348633
   vertex 93.583328247070312 3.124000072479248 7.0500001907348633
  endloop
 endfacet
 facet normal 0 0 -1
  outer loop
   vertex 95.083328247070312 3.124000072479248 7.0500001907348633
   vertex 95.083328247070312 3.0999999046325684 7.0500001907348633
   vertex 93.583328247070312 3.0999999046325684 7.0500001907348633
  endloop
 endfacet
 facet normal -0 0 1
  outer loop
   vertex 95.083328247070312 3.124000072479248 8.25
   vertex 93.583328247070312 3.124000072479248 8.25
   vertex 93.583328247070312 3.0999999046325684 8.25
  endloop
 endfacet
 facet normal 0 0 1
  outer loop
   vertex 95.083328247070312 3.124000072479248 8.25
   vertex 93.583328247070312 3.0999999046325684 8.25
   vertex 95.083328247070312 3.0999999046325684 8.25
  endloop
 endfacet
 facet normal -1 0 0
  outer loop
   vertex 93.583328247070312 3.0999999046325684 2.8499999046325684
   vertex 93.583328247070312 3.124000072479248 1.6499999761581421
   vertex 93.583328247070312 3.0999999046325684 1.6499999761581421
  endloop
 endfacet
 facet normal -1 -0 -0
  outer loop
   vertex 93.583328247070312 3.0999999046325684 2.8499999046325684
   vertex 93.583328247070312 3.124000072479248 2.8499999046325684
   vertex 93.583328247070312 3.124000072479248 1.6499999761581421
  endloop
 endfacet
 facet normal 1 0 0
  outer loop
   vertex 95.083328247070312 3.0999999046325684 2.8499999046325684
   vertex 95.083328247070312 3.0999999046325684 1.6499999761581421
   vertex 95.083328247070312 3.124000072479248 1.6499999761581421
  endloop
 endfacet
 facet normal 1 0 -0
  outer loop
   vertex 95.083328247070312 3.0999999046325684 2.8499999046325684
   vertex 95.083328247070312 3.124000072479248 1.6499999761581421
   vertex 95.083328247070312 3.124000072479248 2.8499999046325684
  endloop
 endfacet
 facet normal 0 -1 0
  outer loop
   vertex 95.083328247070312 3.0999999046325684 2.8499999046325684
   vertex 93.583328247070312 3.0999999046325684 1.6499999761581421
   vertex 95.083328247070312 3.0999999046325684 1.6499999761581421
  endloop
 endfacet
 facet normal 0 -1 0
  outer loop
   vertex 95.083328247070312 3.0999999046325684 2.8499999046325684
   vertex 93.583328247070312 3.0999999046325684 2.8499999046325684
   vertex 93.583328247070312 3.0999999046325684 1.6499999761581421
  endloop
 endfacet
 facet normal 0 1 -0
  outer loop
   vertex 95.083328247070312 3.124000072479248 2.8499999046325684
   vertex 95.083328247070312 3.124000072479248 1.6499999761581421
   vertex 93.583328247070312 3.124000072479248 1.6499999761581421
  endloop
 endfacet
 facet normal 0 1 0
  outer loop
   vertex 95.083328247070312 3.124000072479248 2.8499999046325684
   vertex 93.583328247070312 3.124000072479248 1.6499999761581421
   vertex 93.583328247070312 3.124000072479248 2.8499999046325684
  endloop
 endfacet
 facet normal 0 0 -1
  outer loop
   vertex 95.083328247070312 3.124000072479248 1.6499999761581421
   vertex 93.583328247070312 3.0999999046325684 1.6499999761581421
   vertex 93.583328247070312 3.124000072479248 1.6499999761581421
  endloop
 endfacet
 facet normal 0 0 -1
  outer loop
   vertex 95.083328247070312 3.124000072479248 1.6499999761581421
   vertex 95.083328247070312 3.0999999046325684 1.6499999761581421
   vertex 93.583328247070312 3.0999999046325684 1.6499999761581421
  endloop
 endfacet
 facet normal -0 0 1
  outer loop
   vertex 95.083328247070312 3.124000072479248 2.8499999046325684
   vertex 93.583328247070312 3.124000072479248 2.8499999046325684
   vertex 93.583328247070312 3.0999999046325684 2.8499999046325684
  endloop
 endfacet
 facet normal 0 0 1
  outer loop
   vertex 95.083328247070312 3.124000072479248 2.8499999046325684
   vertex 93.583328247070312 3.0999999046325684 2.8499999046325684
   vertex 95.083328247070312 3.0999999046325684 2.8499999046325684
  endloop
 endfacet
 facet normal -1 0 0
  outer loop
   vertex 93.583328247070312 3.0999999046325684 5.5500001907348633
   vertex 93.583328247070312 3.124000072479248 4.3499999046325684
   vertex 93.583328247070312 3.0999999046325684 4.3499999046325684
  endloop
 endfacet
 facet normal -1 -0 -0
  outer loop
   vertex 93.583328247070312 3.0999999046325684 5.5500001907348633
   vertex 93.583328247070312 3.124000072479248 5.5500001907348633
   vertex 93.583328247070312 3.124000072479248 4.3499999046325684
  endloop
 endfacet
 facet normal 1 0 0
  outer loop
   vertex 95.083328247070312 3.0999999046325684 5.5500001907348633
   vertex 95.083328247070312 3.0999999046325684 4.3499999046325684
   vertex 95.083328247070312 3.124000072479248 4.3499999046325684
  endloop
 endfacet
 facet normal 1 0 -0
  outer loop
   vertex 95.083328247070312 3.0999999046325684 5.5500001907348633
   vertex 95.083328247070312 3.124000072479248 4.3499999046325684
   vertex 95.083328247070312 3.124000072479248 5.5500001907348633
  endloop
 endfacet
 facet normal 0 -1 0
  outer loop
   vertex 95.083328247070312 3.0999999046325684 5.5500001907348633
   vertex 93.583328247070312 3.0999999046325684 4.3499999046325684
   vertex 95.083328247070312 3.0999999046325684 4.3499999046325684
  endloop
 endfacet
 facet normal 0 -1 0
  outer loop
   vertex 95.083328247070312 3.0999999046325684 5.5500001907348633
   vertex 93.583328247070312 3.0999999046325684 5.5500001907348633
   vertex 93.583328247070312 3.0999999046325684 4.3499999046325684
  endloop
 endfacet
 facet normal 0 1 -0
  outer loop
   vertex 95.083328247070312 3.124000072479248 5.5500001907348633
   vertex 95.083328247070312 3.124000072479248 4.3499999046325684
   vertex 93.583328247070312 3.124000072479248 4.3499999046325684
  endloop
 endfacet
 facet normal 0 1 0
  outer loop
   vertex 95.083328247070312 3.124000072479248 5.5500001907348633
   vertex 93.583328247070312 3.124000072479248 4.3499999046325684
   vertex 93.583328247070312 3.124000072479248 5.5500001907348633
  endloop
 endfacet
 facet normal 0 0 -1
  outer loop
   vertex 95.083328247070312 3.124000072479248 4.3499999046325684
   vertex 93.583328247070312 3.0999999046325684 4.3499999046325684
   vertex 93.583328247070312 3.124000072479248 4.3499999046325684
  endloop
 endfacet
 facet normal 0 0 -1
  outer loop
   vertex 95.083328247070312 3.124000072479248 4.3499999046325684
   vertex 95.083328247070312 3.0999999046325684 4.3499999046325684
   vertex 93.583328247070312 3.0999999046325684 4.3499999046325684
  endloop
 endfacet
 facet normal -0 0 1
  outer loop
   vertex 95.083328247070312 3.124000072479248 5.5500001907348633
   vertex 93.583328247070312 3.124000072479248 5.5500001907348633
   vertex 93.583328247070312 3.0999999046325684 5.5500001907348633
  endloop
 endfacet
 facet normal 0 0 1
  outer loop
   vertex 95.083328247070312 3.124000072479248 5.5500001907348633
   vertex 93.583328247070312 3.0999999046325684 5.5500001907348633
   vertex 95.083328247070312 3.0999999046325684 5.5500001907348633
  endloop
 endfacet
 facet normal -1 0 0
  outer loop
   vertex 3.5833330154418945 17.875999450683594 5.5500001907348633
   vertex 3.5833330154418945 17.899999618530273 4.3499999046325684
   vertex 3.5833330154418945 17.875999450683594 4.3499999046325684
  endloop
 endfacet
 facet normal -1 -0 -0
  outer loop
   vertex 3.5833330154418945 17.875999450683594 5.5500001907348633
   vertex 3.5833330154418945 17.899999618530273 5.5500001907348633
   vertex 3.5833330154418945 17.899999618530273 4.3499999046325684
  endloop
 endfacet
 facet normal 1 0 0
  outer loop
   vertex 5.0833330154418945 17.875999450683594 5.5500001907348633
   vertex 5.0833330154418945 17.875999450683594 4.3499999046325684
   vertex 5.0833330154418945 17.899999618530273 4.3499999046325684
  endloop
 endfacet
 facet normal 1 0 -0
  outer loop
   vertex 5.0833330154418945 17.875999450683594 5.5500001907348633
   vertex 5.0833330154418945 17.899999618530273 4.3499999046325684
   vertex 5.0833330154418945 17.899999618530273 5.5500001907348633
  endloop
 endfacet
 facet normal 0 -1 0
  outer loop
   vertex 5.0833330154418945 17.875999450683594 5.5500001907348633
   vertex 3.5833330154418945 17.875999450683594 4.3499999046325684
   vertex 5.0833330154418945 17.875999450683594 4.3499999046325684
  endloop
 endfacet
 facet normal 0 -1 0
  outer loop
   vertex 5.0833330154418945 17.875999450683594 5.5500001907348633
   vertex 3.5833330154418945 17.875999450683594 5.5500001907348633
   vertex 3.5833330154418945 17.875999450683594 4.3499999046325684
  endloop
 endfacet
 facet normal 0 1 -0
  outer loop
   vertex 5.0833330154418945 17.899999618530273 5.5500001907348633
   vertex 5.0833330154418945 17.899999618530273 4.3499999046325684
   vertex 3.5833330154418945 17.899999618530273 4.3499999046325684
  endloop
 endfacet
 facet normal 0 1 0
  outer loop
   vertex 5.0833330154418945 17.899999618530273 5.5500001907348633
   vertex 3.5833330154418945 17.899999618530273 4.3499999046325684
   vertex 3.5833330154418945 17.899999618530273 5.5500001907348633
  endloop
 endfacet
 facet normal 0 0 -1
  outer loop
   vertex 5.0833330154418945 17.899999618530273 4.3499999046325684
   vertex 3.5833330154418945 17.875999450683594 4.3499999046325684
   vertex 3.5833330154418945 17.899999618530273 4.3499999046325684
  endloop
 endfacet
 facet normal 0 0 -1
  outer loop
   vertex 5.0833330154418945 17.899999618530273 4.3499999046325684
   vertex 5.0833330154418945 17.875999450683594 4.3499999046325684
   vertex 3.5833330154418945 17.875999450683594 4.3499999046325684
  endloop
 endfacet
 facet normal -0 0 1
  outer loop
   vertex 5.0833330154418945 17.899999618530273 5.5500001907348633
   vertex 3.5833330154418945 17.899999618530273 5.5500001907348633
   vertex 3.5833330154418945 17.875999450683594 5.5500001907348633
  endloop
 endfacet
 facet normal 0 0 1
  outer loop
   vertex 5.0833330154418945 17.899999618530273 5.5500001907348633
   vertex 3.5833330154418945 17.875999450683594 5.5500001907348633
   vertex 5.0833330154418945 17.875999450683594 5.5500001907348633
  endloop
 endfacet
 facet normal -1 0 0
  outer loop
   vertex 10.25 17.875999450683594 13.649999618530273
   vertex 10.25 17.899999618530273 12.449999809265137
   vertex 10.25 17.875999450683594 12.449999809265137
  endloop
 endfacet
 facet normal -1 -0 -0
  outer loop
   vertex 10.25 17.875999450683594 13.649999618530273
   vertex 10.25 17.899999618530273 13.649999618530273
   vertex 10.25 17.899999618530273 12.449999809265137
  endloop
 endfacet
 facet normal 1 0 0
  outer loop
   vertex 11.75 17.875999450683594 13.649999618530273
   vertex 11.75 17.875999450683594 12.449999809265137
   vertex 11.75 17.899999618530273 12.449999809265137
  endloop
 endfacet
 facet normal 1 0 -0
  outer loop
   vertex 11.75 17.875999450683594 13.649999618530273
   vertex 11.75 17.899999618530273 12.449999809265137
   vertex 11.75 17.899999618530273 13.649999618530273
  endloop
 endfacet
 facet normal 0 -1 0
  outer loop
   vertex 11.75 17.875999450683594 12.449999809265137
   vertex 10.25 17.875999450683594 13.649999618530273
   vertex 10.25 17.875999450683594 12.449999809265137
  endloop
 endfacet
 facet normal 0 -1 0
  outer loop
   vertex 11.75 17.875999450683594 13.649999618530273
   vertex 10.25 17.875999450683594 13.649999618530273
   vertex 11.75 17.875999450683594 12.449999809265137
  endloop
 endfacet
 facet normal 0 1 0
  outer loop
   vertex 11.75 17.899999618530273 12.449999809265137
   vertex 10.25 17.899999618530273 12.449999809265137
   vertex 10.25 17.899999618530273 13.649999618530273
  endloop
 endfacet
 facet normal 0 1 -0
  outer loop
   vertex 11.75 17.899999618530273 13.649999618530273
   vertex 11.75 17.899999618530273 12.449999809265137
   vertex 10.25 17.899999618530273 13.649999618530273
  endloop
 endfacet
 facet normal 0 0 -1
  outer loop
   vertex 11.75 17.899999618530273 12.449999809265137
   vertex 10.25 17.875999450683594 12.449999809265137
   vertex 10.25 17.899999618530273 12.449999809265137
  endloop
 endfacet
 facet normal 0 0 -1
  outer loop
   vertex 11.75 17.899999618530273 12.449999809265137
   vertex 11.75 17.875999450683594 12.449999809265137
   vertex 10.25 17.875999450683594 12.449999809265137
  endloop
 endfacet
 facet normal -0 0 1
  outer loop
   vertex 11.75 17.899999618530273 13.649999618530273
   vertex 10.25 17.899999618530273 13.649999618530273
   vertex 10.25 17.875999450683594 13.649999618530273
  endloop
 endfacet
 facet normal 0 0 1
  outer loop
   vertex 11.75 17.899999618530273 13.649999618530273
   vertex 10.25 17.875999450683594 13.649999618530273
   vertex 11.75 17.875999450683594 13.649999618530273
  endloop
 endfacet
 facet normal -1 0 0
  outer loop
   vertex 3.5833330154418945 17.875999450683594 10.949999809265137
   vertex 3.5833330154418945 17.899999618530273 9.75
   vertex 3.5833330154418945 17.875999450683594 9.75
  endloop
 endfacet
 facet normal -1 -0 -0
  outer loop
   vertex 3.5833330154418945 17.875999450683594 10.949999809265137
   vertex 3.5833330154418945 17.899999618530273 10.949999809265137
   vertex 3.5833330154418945 17.899999618530273 9.75
  endloop
 endfacet
 facet normal 1 0 0
  outer loop
   vertex 5.0833330154418945 17.875999450683594 10.949999809265137
   vertex 5.0833330154418945 17.875999450683594 9.75
   vertex 5.0833330154418945 17.899999618530273 9.75
  endloop
 endfacet
 facet normal 1 0 -0
  outer loop
   vertex 5.0833330154418945 17.875999450683594 10.949999809265137
   vertex 5.0833330154418945 17.899999618530273 9.75
   vertex 5.0833330154418945 17.899999618530273 10.949999809265137
  endloop
 endfacet
 facet normal 0 -1 0
  outer loop
   vertex 5.0833330154418945 17.875999450683594 10.949999809265137
   vertex 3.5833330154418945 17.875999450683594 9.75
   vertex 5.0833330154418945 17.875999450683594 9.75
  endloop
 endfacet
 facet normal 0 -1 0
  outer loop
   vertex 5.0833330154418945 17.875999450683594 10.949999809265137
   vertex 3.5833330154418945 17.875999450683594 10.949999809265137
   vertex 3.5833330154418945 17.875999450683594 9.75
  endloop
 endfacet
 facet normal 0 1 -0
  outer loop
   vertex 5.0833330154418945 17.899999618530273 10.949999809265137
   vertex 5.0833330154418945 17.899999618530273 9.75
   vertex 3.5833330154418945 17.899999618530273 9.75
  endloop
 endfacet
 facet normal 0 1 0
  outer loop
   vertex 5.0833330154418945 17.899999618530273 10.949999809265137
   vertex 3.5833330154418945 17.899999618530273 9.75
   vertex 3.5833330154418945 17.899999618530273 10.949999809265137
  endloop
 endfacet
 facet normal 0 0 -1
  outer loop
   vertex 5.0833330154418945 17.899999618530273 9.75
   vertex 3.5833330154418945 17.875999450683594 9.75
   vertex 3.5833330154418945 17.899999618530273 9.75
  endloop
 endfacet
 facet normal 0 0 -1
  outer loop
   vertex 5.0833330154418945 17.899999618530273 9.75
   vertex 5.0833330154418945 17.875999450683594 9.75
   vertex 3.5833330154418945 17.875999450683594 9.75
  endloop
 endfacet
 facet normal -0 0 1
  outer loop
   vertex 5.0833330154418945 17.899999618530273 10.949999809265137
   vertex 3.5833330154418945 17.899999618530273 10.949999809265137
   vertex 3.5833330154418945 17.875999450683594 10.949999809265137
  endloop
 endfacet
 facet normal 0 0 1
  outer loop
   vertex 5.0833330154418945 17.899999618530273 10.949999809265137
   vertex 3.5833330154418945 17.875999450683594 10.949999809265137
   vertex 5.0833330154418945 17.875999450683594 10.949999809265137
  endloop
 endfacet
 facet normal -1 0 0
  outer loop
   vertex 10.25 17.875999450683594 2.8499999046325684
   vertex 10.25 17.899999618530273 1.6499999761581421
   vertex 10.25 17.875999450683594 1.6499999761581421
  endloop
 endfacet
 facet normal -1 -0 -0
  outer loop
   vertex 10.25 17.875999450683594 2.8499999046325684
   vertex 10.25 17.899999618530273 2.8499999046325684
   vertex 10.25 17.899999618530273 1.6499999761581421
  endloop
 endfacet
 facet normal 1 0 0
  outer loop
   vertex 11.75 17.875999450683594 2.8499999046325684
   vertex 11.75 17.875999450683594 1.6499999761581421
   vertex 11.75 17.899999618530273 1.6499999761581421
  endloop
 endfacet
 facet normal 1 0 -0
  outer loop
   vertex 11.75 17.875999450683594 2.8499999046325684
   vertex 11.75 17.899999618530273 1.6499999761581421
   vertex 11.75 17.899999618530273 2.8499999046325684
  endloop
 endfacet
 facet normal 0 -1 0
  outer loop
   vertex 11.75 17.875999450683594 2.8499999046325684
   vertex 10.25 17.875999450683594 1.6499999761581421
   vertex 11.75 17.875999450683594 1.6499999761581421
  endloop
 endfacet
 facet normal 0 -1 0
  outer loop
   vertex 11.75 17.875999450683594 2.8499999046325684
   vertex 10.25 17.875999450683594 2.8499999046325684
   vertex 10.25 17.875999450683594 1.6499999761581421
  endloop
 endfacet
 facet normal 0 1 -0
  outer loop
   vertex 11.75 17.899999618530273 2.8499999046325684
   vertex 11.75 17.899999618530273 1.6499999761581421
   vertex 10.25 17.899999618530273 1.6499999761581421
  endloop
 endfacet
 facet normal 0 1 0
  outer loop
   vertex 11.75 17.899999618530273 2.8499999046325684
   vertex 10.25 17.899999618530273 1.6499999761581421
   vertex 10.25 17.899999618530273 2.8499999046325684
  endloop
 endfacet
 facet normal 0 0 -1
  outer loop
   vertex 11.75 17.899999618530273 1.6499999761581421
   vertex 10.25 17.875999450683594 1.6499999761581421
   vertex 10.25 17.899999618530273 1.6499999761581421
  endloop
 endfacet
 facet normal 0 0 -1
  outer loop
   vertex 11.75 17.899999618530273 1.6499999761581421
   vertex 11.75 17.875999450683594 1.6499999761581421
   vertex 10.25 17.875999450683594 1.6499999761581421
  endloop
 endfacet
 facet normal -0 0 1
  outer loop
   vertex 11.75 17.899999618530273 2.8499999046325684
   vertex 10.25 17.899999618530273 2.8499999046325684
   vertex 10.25 17.875999450683594 2.8499999046325684
  endloop
 endfacet
 facet normal 0 0 1
  outer loop
   vertex 11.75 17.899999618530273 2.8499999046325684
   vertex 10.25 17.875999450683594 2.8499999046325684
   vertex 11.75 17.875999450683594 2.8499999046325684
  endloop
 endfacet
 facet normal -1 0 0
  outer loop
   vertex 10.25 17.875999450683594 8.25
   vertex 10.25 17.899999618530273 7.0500001907348633
   vertex 10.25 17.875999450683594 7.0500001907348633
  endloop
 endfacet
 facet normal -1 -0 -0
  outer loop
   vertex 10.25 17.875999450683594 8.25
   vertex 10.25 17.899999618530273 8.25
   vertex 10.25 17.899999618530273 7.0500001907348633
  endloop
 endfacet
 facet normal 1 0 0
  outer loop
   vertex 11.75 17.875999450683594 8.25
   vertex 11.75 17.875999450683594 7.0500001907348633
   vertex 11.75 17.899999618530273 7.0500001907348633
  endloop
 endfacet
 facet normal 1 0 -0
  outer loop
   vertex 11.75 17.875999450683594 8.25
   vertex 11.75 17.899999618530273 7.0500001907348633
   vertex 11.75 17.899999618530273 8.25
  endloop
 endfacet
 facet normal 0 -1 0
  outer loop
   vertex 11.75 17.875999450683594 8.25
   vertex 10.25 17.875999450683594 7.0500001907348633
   vertex 11.75 17.875999450683594 7.0500001907348633
  endloop
 endfacet
 facet normal 0 -1 0
  outer loop
   vertex 11.75 17.875999450683594 8.25
   vertex 10.25 17.875999450683594 8.25
   vertex 10.25 17.875999450683594 7.0500001907348633
  endloop
 endfacet
 facet normal 0 1 -0
  outer loop
   vertex 11.75 17.899999618530273 8.25
   vertex 11.75 17.899999618530273 7.0500001907348633
   vertex 10.25 17.899999618530273 7.0500001907348633
  endloop
 endfacet
 facet normal 0 1 0
  outer loop
   vertex 11.75 17.899999618530273 8.25
   vertex 10.25 17.899999618530273 7.0500001907348633
   vertex 10.25 17.899999618530273 8.25
  endloop
 endfacet
 facet normal 0 0 -1
  outer loop
   vertex 11.75 17.899999618530273 7.0500001907348633
   vertex 10.25 17.875999450683594 7.0500001907348633
   vertex 10.25 17.899999618530273 7.0500001907348633
  endloop
 endfacet
 facet normal 0 0 -1
  outer loop
   vertex 11.75 17.899999618530273 7.0500001907348633
   vertex 11.75 17.875999450683594 7.0500001907348633
   vertex 10.25 17.875999450683594 7.0500001907348633
  endloop
 endfacet
 facet normal -0 0 1
  outer loop
   vertex 11.75 17.899999618530273 8.25
   vertex 10.25 17.899999618530273 8.25
   vertex 10.25 17.875999450683594 8.25
  endloop
 endfacet
 facet normal 0 0 1
  outer loop
   vertex 11.75 17.899999618530273 8.25
   vertex 10.25 17.875999450683594 8.25
   vertex 11.75 17.875999450683594 8.25
  endloop
 endfacet
 facet normal -1 0 0
  outer loop
   vertex 16.916669845581055 17.875999450683594 5.5500001907348633
   vertex 16.916669845581055 17.899999618530273 4.3499999046325684
   vertex 16.916669845581055 17.875999450683594 4.3499999046325684
  endloop
 endfacet
 facet normal -1 -0 -0
  outer loop
   vertex 16.916669845581055 17.875999450683594 5.5500001907348633
   vertex 16.916669845581055 17.899999618530273 5.5500001907348633
   vertex 16.916669845581055 17.899999618530273 4.3499999046325684
  endloop
 endfacet
 facet normal 1 0 0
  outer loop
   vertex 18.416669845581055 17.875999450683594 5.5500001907348633
   vertex 18.416669845581055 17.875999450683594 4.3499999046325684
   vertex 18.416669845581055 17.899999618530273 4.3499999046325684
  endloop
 endfacet
 facet normal 1 0 -0
  outer loop
   vertex 18.416669845581055 17.875999450683594 5.5500001907348633
   vertex 18.416669845581055 17.899999618530273 4.3499999046325684
   vertex 18.416669845581055 17.899999618530273 5.5500001907348633
  endloop
 endfacet
 facet normal 0 -1 0
  outer loop
   vertex 18.416669845581055 17.875999450683594 5.5500001907348633
   vertex 16.916669845581055 17.875999450683594 4.3499999046325684
   vertex 18.416669845581055 17.875999450683594 4.3499999046325684
  endloop
 endfacet
 facet normal 0 -1 0
  outer loop
   vertex 18.416669845581055 17.875999450683594 5.5500001907348633
   vertex 16.916669845581055 17.875999450683594 5.5500001907348633
   vertex 16.916669845581055 17.875999450683594 4.3499999046325684
  endloop
 endfacet
 facet normal 0 1 -0
  outer loop
   vertex 18.416669845581055 17.899999618530273 5.5500001907348633
   vertex 18.416669845581055 17.899999618530273 4.3499999046325684
   vertex 16.916669845581055 17.899999618530273 4.3499999046325684
  endloop
 endfacet
 facet normal 0 1 0
  outer loop
   vertex 18.416669845581055 17.899999618530273 5.5500001907348633
   vertex 16.916669845581055 17.899999618530273 4.3499999046325684
   vertex 16.916669845581055 17.899999618530273 5.5500001907348633
  endloop
 endfacet
 facet normal 0 0 -1
  outer loop
   vertex 18.416669845581055 17.899999618530273 4.3499999046325684
   vertex 16.916669845581055 17.875999450683594 4.3499999046325684
   vertex 16.916669845581055 17.899999618530273 4.3499999046325684
  endloop
 endfacet
 facet normal 0 0 -1
  outer loop
   vertex 18.416669845581055 17.899999618530273 4.3499999046325684
   vertex 18.416669845581055 17.875999450683594 4.3499999046325684
   vertex 16.916669845581055 17.875999450683594 4.3499999046325684
  endloop
 endfacet
 facet normal -0 0 1
  outer loop
   vertex 18.416669845581055 17.899999618530273 5.5500001907348633
   vertex 16.916669845581055 17.899999618530273 5.5500001907348633
   vertex 16.916669845581055 17.875999450683594 5.5500001907348633
  endloop
 endfacet
 facet normal 0 0 1
  outer loop
   vertex 18.416669845581055 17.899999618530273 5.5500001907348633
   vertex 16.916669845581055 17.875999450683594 5.5500001907348633
   vertex 18.416669845581055 17.875999450683594 5.5500001907348633
  endloop
 endfacet
 facet normal -1 0 0
  outer loop
   vertex 16.916669845581055 17.875999450683594 10.949999809265137
   vertex 16.916669845581055 17.899999618530273 9.75
   vertex 16.916669845581055 17.875999450683594 9.75
  endloop
 endfacet
 facet normal -1 -0 -0
  outer loop
   vertex 16.916669845581055 17.875999450683594 10.949999809265137
   vertex 16.916669845581055 17.899999618530273 10.949999809265137
   vertex 16.916669845581055 17.899999618530273 9.75
  endloop
 endfacet
 facet normal 1 0 0
  outer loop
   vertex 18.416669845581055 17.875999450683594 10.949999809265137
   vertex 18.416669845581055 17.875999450683594 9.75
   vertex 18.416669845581055 17.899999618530273 9.75
  endloop
 endfacet
 facet normal 1 0 -0
  outer loop
   vertex 18.416669845581055 17.875999450683594 10.949999809265137
   vertex 18.416669845581055 17.899999618530273 9.75
   vertex 18.416669845581055 17.899999618530273 10.949999809265137
  endloop
 endfacet
 facet normal 0 -1 0
  outer loop
   vertex 18.416669845581055 17.875999450683594 10.949999809265137
   vertex 16.916669845581055 17.875999450683594 9.75
   vertex 18.416669845581055 17.875999450683594 9.75
  endloop
 endfacet
 facet normal 0 -1 0
  outer loop
   vertex 18.416669845581055 17.875999450683594 10.949999809265137
   vertex 16.916669845581055 17.875999450683594 10.949999809265137
   vertex 16.916669845581055 17.875999450683594 9.75
  endloop
 endfacet
 facet normal 0 1 -0
  outer loop
   vertex 18.416669845581055 17.899999618530273 10.949999809265137
   vertex 18.416669845581055 17.899999618530273 9.75
   vertex 16.916669845581055 17.899999618530273 9.75
  endloop
 endfacet
 facet normal 0 1 0
  outer loop
   vertex 18.416669845581055 17.899999618530273 10.949999809265137
   vertex 16.916669845581055 17.899999618530273 9.75
   vertex 16.916669845581055 17.899999618530273 10.949999809265137
  endloop
 endfacet
 facet normal 0 0 -1
  outer loop
   vertex 18.416669845581055 17.899999618530273 9.75
   vertex 16.916669845581055 17.875999450683594 9.75
   vertex 16.916669845581055 17.899999618530273 9.75
  endloop
 endfacet
 facet normal 0 0 -1
  outer loop
   vertex 18.416669845581055 17.899999618530273 9.75
   vertex 18.416669845581055 17.875999450683594 9.75
   vertex 16.916669845581055 17.875999450683594 9.75
  endloop
 endfacet
 facet normal -0 0 1
  outer loop
   vertex 18.416669845581055 17.899999618530273 10.949999809265137
   vertex 16.916669845581055 17.899999618530273 10.949999809265137
   vertex 16.916669845581055 17.875999450683594 10.949999809265137
  endloop
 endfacet
 facet normal 0 0 1
  outer loop
   vertex 18.416669845581055 17.899999618530273 10.949999809265137
   vertex 16.916669845581055 17.875999450683594 10.949999809265137
   vertex 18.416669845581055 17.875999450683594 10.949999809265137
  endloop
 endfacet
 facet normal -1 0 0
  outer loop
   vertex 16.916669845581055 17.875999450683594 2.8499999046325684
   vertex 16.916669845581055 17.899999618530273 1.6499999761581421
   vertex 16.916669845581055 17.875999450683594 1.6499999761581421
  endloop
 endfacet
 facet normal -1 -0 -0
  outer loop
   vertex 16.916669845581055 17.875999450683594 2.8499999046325684
   vertex 16.916669845581055 17.899999618530273 2.8499999046325684
   vertex 16.916669845581055 17.899999618530273 1.6499999761581421
  endloop
 endfacet
 facet normal 1 0 0
  outer loop
   vertex 18.416669845581055 17.875999450683594 2.8499999046325684
   vertex 18.416669845581055 17.875999450683594 1.6499999761581421
   vertex 18.416669845581055 17.899999618530273 1.6499999761581421
  endloop
 endfacet
 facet normal 1 0 -0
  outer loop
   vertex 18.416669845581055 17.875999450683594 2.8499999046325684
   vertex 18.416669845581055 17.899999618530273 1.6499999761581421
   vertex 18.416669845581055 17.899999618530273 2.8499999046325684
  endloop
 endfacet
 facet normal 0 -1 0
  outer loop
   vertex 18.416669845581055 17.875999450683594 2.8499999046325684
   vertex 16.916669845581055 17.875999450683594 1.6499999761581421
   vertex 18.416669845581055 17.875999450683594 1.6499999761581421
  endloop
 endfacet
 facet normal 0 -1 0
  outer loop
   vertex 18.416669845581055 17.875999450683594 2.8499999046325684
   vertex 16.916669845581055 17.875999450683594 2.8499999046325684
   vertex 16.916669845581055 17.875999450683594 1.6499999761581421
  endloop
 endfacet
 facet normal 0 1 -0
  outer loop
   vertex 18.416669845581055 17.899999618530273 2.8499999046325684
   vertex 18.416669845581055 17.899999618530273 1.6499999761581421
   vertex 16.916669845581055 17.899999618530273 1.6499999761581421
  endloop
 endfacet
 facet normal 0 1 0
  outer loop
   vertex 18.416669845581055 17.899999618530273 2.8499999046325684
   vertex 16.916669845581055 17.899999618530273 1.6499999761581421
   vertex 16.916669845581055 17.899999618530273 2.8499999046325684
  endloop
 endfacet
 facet normal 0 0 -1
  outer loop
   vertex 18.416669845581055 17.899999618530273 1.6499999761581421
   vertex 16.916669845581055 17.875999450683594 1.6499999761581421
   vertex 16.916669845581055 17.899999618530273 1.6499999761581421
  endloop
 endfacet
 facet normal 0 0 -1
  outer loop
   vertex 18.416669845581055 17.899999618530273 1.6499999761581421
   vertex 18.416669845581055 17.875999450683594 1.6499999761581421
   vertex 16.916669845581055 17.875999450683594 1.6499999761581421
  endloop
 endfacet
 facet normal -0 0 1
  outer loop
   vertex 18.416669845581055 17.899999618530273 2.8499999046325684
   vertex 16.916669845581055 17.899999618530273 2.8499999046325684
   vertex 16.916669845581055 17.875999450683594 2.8499999046325684
  endloop
 endfacet
 facet normal 0 0 1
  outer loop
   vertex 18.416669845581055 17.899999618530273 2.8499999046325684
   vertex 16.916669845581055 17.875999450683594 2.8499999046325684
   vertex 18.416669845581055 17.875999450683594 2.8499999046325684
  endloop
 endfacet
 facet normal -1 0 0
  outer loop
   vertex 3.5833330154418945 17.875999450683594 2.8499999046325684
   vertex 3.5833330154418945 17.899999618530273 1.6499999761581421
   vertex 3.5833330154418945 17.875999450683594 1.6499999761581421
  endloop
 endfacet
 facet normal -1 -0 -0
  outer loop
   vertex 3.5833330154418945 17.875999450683594 2.8499999046325684
   vertex 3.5833330154418945 17.899999618530273 2.8499999046325684
   vertex 3.5833330154418945 17.899999618530273 1.6499999761581421
  endloop
 endfacet
 facet normal 1 0 0
  outer loop
   vertex 5.0833330154418945 17.875999450683594 2.8499999046325684
   vertex 5.0833330154418945 17.875999450683594 1.6499999761581421
   vertex 5.0833330154418945 17.899999618530273 1.6499999761581421
  endloop
 endfacet
 facet normal 1 0 -0
  outer loop
   vertex 5.0833330154418945 17.875999450683594 2.8499999046325684
   vertex 5.0833330154418945 17.899999618530273 1.6499999761581421
   vertex 5.0833330154418945 17.899999618530273 2.8499999046325684
  endloop
 endfacet
 facet normal 0 -1 0
  outer loop
   vertex 5.0833330154418945 17.875999450683594 2.8499999046325684
   vertex 3.5833330154418945 17.875999450683594 1.6499999761581421
   vertex 5.0833330154418945 17.875999450683594 1.6499999761581421
  endloop
 endfacet
 facet normal 0 -1 0
  outer loop
   vertex 5.0833330154418945 17.875999450683594 2.8499999046325684
   vertex 3.5833330154418945 17.875999450683594 2.8499999046325684
   vertex 3.5833330154418945 17.875999450683594 1.6499999761581421
  endloop
 endfacet
 facet normal 0 1 -0
  outer loop
   vertex 5.0833330154418945 17.899999618530273 2.8499999046325684
   vertex 5.0833330154418945 17.899999618530273 1.6499999761581421
   vertex 3.5833330154418945 17.899999618530273 1.6499999761581421
  endloop
 endfacet
 facet normal 0 1 0
  outer loop
   vertex 5.0833330154418945 17.899999618530273 2.8499999046325684
   vertex 3.5833330154418945 17.899999618530273 1.6499999761581421
   vertex 3.5833330154418945 17.899999618530273 2.8499999046325684
  endloop
 endfacet
 facet normal 0 0 -1
  outer loop
   vertex 5.0833330154418945 17.899999618530273 1.6499999761581421
   vertex 3.5833330154418945 17.875999450683594 1.6499999761581421
   vertex 3.5833330154418945 17.899999618530273 1.6499999761581421
  endloop
 endfacet
 facet normal 0 0 -1
  outer loop
   vertex 5.0833330154418945 17.899999618530273 1.6499999761581421
   vertex 5.0833330154418945 17.875999450683594 1.6499999761581421
   vertex 3.5833330154418945 17.875999450683594 1.6499999761581421
  endloop
 endfacet
 facet normal -0 0 1
  outer loop
   vertex 5.0833330154418945 17.899999618530273 2.8499999046325684
   vertex 3.5833330154418945 17.899999618530273 2.8499999046325684
   vertex 3.5833330154418945 17.875999450683594 2.8499999046325684
  endloop
 endfacet
 facet normal 0 0 1
  outer loop
   vertex 5.0833330154418945 17.899999618530273 2.8499999046325684
   vertex 3.5833330154418945 17.875999450683594 2.8499999046325684
   vertex 5.0833330154418945 17.875999450683594 2.8499999046325684
  endloop
 endfacet
 facet normal -1 0 0
  outer loop
   vertex 16.916669845581055 17.875999450683594 8.25
   vertex 16.916669845581055 17.899999618530273 7.0500001907348633
   vertex 16.916669845581055 17.875999450683594 7.0500001907348633
  endloop
 endfacet
 facet normal -1 -0 -0
  outer loop
   vertex 16.916669845581055 17.875999450683594 8.25
   vertex 16.916669845581055 17.899999618530273 8.25
   vertex 16.916669845581055 17.899999618530273 7.0500001907348633
  endloop
 endfacet
 facet normal 1 0 0
  outer loop
   vertex 18.416669845581055 17.875999450683594 8.25
   vertex 18.416669845581055 17.875999450683594 7.0500001907348633
   vertex 18.416669845581055 17.899999618530273 7.0500001907348633
  endloop
 endfacet
 facet normal 1 0 -0
  outer loop
   vertex 18.416669845581055 17.875999450683594 8.25
   vertex 18.416669845581055 17.899999618530273 7.0500001907348633
   vertex 18.416669845581055 17.899999618530273 8.25
  endloop
 endfacet
 facet normal 0 -1 0
  outer loop
   vertex 18.416669845581055 17.875999450683594 8.25
   vertex 16.916669845581055 17.875999450683594 7.0500001907348633
   vertex 18.416669845581055 17.875999450683594 7.0500001907348633
  endloop
 endfacet
 facet normal 0 -1 0
  outer loop
   vertex 18.416669845581055 17.875999450683594 8.25
   vertex 16.916669845581055 17.875999450683594 8.25
   vertex 16.916669845581055 17.875999450683594 7.0500001907348633
  endloop
 endfacet
 facet normal 0 1 -0
  outer loop
   vertex 18.416669845581055 17.899999618530273 8.25
   vertex 18.416669845581055 17.899999618530273 7.0500001907348633
   vertex 16.916669845581055 17.899999618530273 7.0500001907348633
  endloop
 endfacet
 facet normal 0 1 0
  outer loop
   vertex 18.416669845581055 17.899999618530273 8.25
   vertex 16.916669845581055 17.899999618530273 7.0500001907348633
   vertex 16.916669845581055 17.899999618530273 8.25
  endloop
 endfacet
 facet normal 0 0 -1
  outer loop
   vertex 18.416669845581055 17.899999618530273 7.0500001907348633
   vertex 16.916669845581055 17.875999450683594 7.0500001907348633
   vertex 16.916669845581055 17.899999618530273 7.0500001907348633
  endloop
 endfacet
 facet normal 0 0 -1
  outer loop
   vertex 18.416669845581055 17.899999618530273 7.0500001907348633
   vertex 18.416669845581055 17.875999450683594 7.0500001907348633
   vertex 16.916669845581055 17.875999450683594 7.0500001907348633
  endloop
 endfacet
 facet normal -0 0 1
  outer loop
   vertex 18.416669845581055 17.899999618530273 8.25
   vertex 16.916669845581055 17.899999618530273 8.25
   vertex 16.916669845581055 17.875999450683594 8.25
  endloop
 endfacet
 facet normal 0 0 1
  outer loop
   vertex 18.416669845581055 17.899999618530273 8.25
   vertex 16.916669845581055 17.875999450683594 8.25
   vertex 18.416669845581055 17.875999450683594 8.25
  endloop
 endfacet
 facet normal -1 0 0
  outer loop
   vertex 3.5833330154418945 17.875999450683594 8.25
   vertex 3.5833330154418945 17.899999618530273 7.0500001907348633
   vertex 3.5833330154418945 17.875999450683594 7.0500001907348633
  endloop
 endfacet
 facet normal -1 -0 -0
  outer loop
   vertex 3.5833330154418945 17.875999450683594 8.25
   vertex 3.5833330154418945 17.899999618530273 8.25
   vertex 3.5833330154418945 17.899999618530273 7.0500001907348633
  endloop
 endfacet
 facet normal 1 0 0
  outer loop
   vertex 5.0833330154418945 17.875999450683594 8.25
   vertex 5.0833330154418945 17.875999450683594 7.0500001907348633
   vertex 5.0833330154418945 17.899999618530273 7.0500001907348633
  endloop
 endfacet
 facet normal 1 0 -0
  outer loop
   vertex 5.0833330154418945 17.875999450683594 8.25
   vertex 5.0833330154418945 17.899999618530273 7.0500001907348633
   vertex 5.0833330154418945 17.899999618530273 8.25
  endloop
 endfacet
 facet normal 0 -1 0
  outer loop
   vertex 5.0833330154418945 17.875999450683594 8.25
   vertex 3.5833330154418945 17.875999450683594 7.0500001907348633
   vertex 5.0833330154418945 17.875999450683594 7.0500001907348633
  endloop
 endfacet
 facet normal 0 -1 0
  outer loop
   vertex 5.0833330154418945 17.875999450683594 8.25
   vertex 3.5833330154418945 17.875999450683594 8.25
   vertex 3.5833330154418945 17.875999450683594 7.0500001907348633
  endloop
 endfacet
 facet normal 0 1 -0
  outer loop
   vertex 5.0833330154418945 17.899999618530273 8.25
   vertex 5.0833330154418945 17.899999618530273 7.0500001907348633
   vertex 3.5833330154418945 17.899999618530273 7.0500001907348633
  endloop
 endfacet
 facet normal 0 1 0
  outer loop
   vertex 5.0833330154418945 17.899999618530273 8.25
   vertex 3.5833330154418945 17.899999618530273 7.0500001907348633
   vertex 3.5833330154418945 17.899999618530273 8.25
  endloop
 endfacet
 facet normal 0 0 -1
  outer loop
   vertex 5.0833330154418945 17.899999618530273 7.0500001907348633
   vertex 3.5833330154418945 17.875999450683594 7.0500001907348633
   vertex 3.5833330154418945 17.899999618530273 7.0500001907348633
  endloop
 endfacet
 facet normal 0 0 -1
  outer loop
   vertex 5.0833330154418945 17.899999618530273 7.0500001907348633
   vertex 5.0833330154418945 17.875999450683594 7.0500001907348633
   vertex 3.5833330154418945 17.875999450683594 7.0500001907348633
  endloop
 endfacet
 facet normal -0 0 1
  outer loop
   vertex 5.0833330154418945 17.899999618530273 8.25
   vertex 3.5833330154418945 17.899999618530273 8.25
   vertex 3.5833330154418945 17.875999450683594 8.25
  endloop
 endfacet
 facet normal 0 0 1
  outer loop
   vertex 5.0833330154418945 17.899999618530273 8.25
   vertex 3.5833330154418945 17.875999450683594 8.25
   vertex 5.0833330154418945 17.875999450683594 8.25
  endloop
 endfacet
 facet normal -1 0 0
  outer loop
   vertex 16.916669845581055 17.875999450683594 13.649999618530273
   vertex 16.916669845581055 17.899999618530273 12.449999809265137
   vertex 16.916669845581055 17.875999450683594 12.449999809265137
  endloop
 endfacet
 facet normal -1 -0 -0
  outer loop
   vertex 16.916669845581055 17.875999450683594 13.649999618530273
   vertex 16.916669845581055 17.899999618530273 13.649999618530273
   vertex 16.916669845581055 17.899999618530273 12.449999809265137
  endloop
 endfacet
 facet normal 1 0 0
  outer loop
   vertex 18.416669845581055 17.875999450683594 13.649999618530273
   vertex 18.416669845581055 17.875999450683594 12.449999809265137
   vertex 18.416669845581055 17.899999618530273 12.449999809265137
  endloop
 endfacet
 facet normal 1 0 -0
  outer loop
   vertex 18.416669845581055 17.875999450683594 13.649999618530273
   vertex 18.416669845581055 17.899999618530273 12.449999809265137
   vertex 18.416669845581055 17.899999618530273 13.649999618530273
  endloop
 endfacet
 facet normal 0 -1 0
  outer loop
   vertex 18.416669845581055 17.875999450683594 12.449999809265137
   vertex 16.916669845581055 17.875999450683594 13.649999618530273
   vertex 16.916669845581055 17.875999450683594 12.449999809265137
  endloop
 endfacet
 facet normal 0 -1 0
  outer loop
   vertex 18.416669845581055 17.875999450683594 13.649999618530273
   vertex 16.916669845581055 17.875999450683594 13.649999618530273
   vertex 18.416669845581055 17.875999450683594 12.449999809265137
  endloop
 endfacet
 facet normal 0 1 0
  outer loop
   vertex 18.416669845581055 17.899999618530273 12.449999809265137
   vertex 16.916669845581055 17.899999618530273 12.449999809265137
   vertex 16.916669845581055 17.899999618530273 13.649999618530273
  endloop
 endfacet
 facet normal 0 1 -0
  outer loop
   vertex 18.416669845581055 17.899999618530273 13.649999618530273
   vertex 18.416669845581055 17.899999618530273 12.449999809265137
   vertex 16.916669845581055 17.899999618530273 13.649999618530273
  endloop
 endfacet
 facet normal 0 0 -1
  outer loop
   vertex 18.416669845581055 17.899999618530273 12.449999809265137
   vertex 16.916669845581055 17.875999450683594 12.449999809265137
   vertex 16.916669845581055 17.899999618530273 12.449999809265137
  endloop
 endfacet
 facet normal 0 0 -1
  outer loop
   vertex 18.416669845581055 17.899999618530273 12.449999809265137
   vertex 18.416669845581055 17.875999450683594 12.449999809265137
   vertex 16.916669845581055 17.875999450683594 12.449999809265137
  endloop
 endfacet
 facet normal -0 0 1
  outer loop
   vertex 18.416669845581055 17.899999618530273 13.649999618530273
   vertex 16.916669845581055 17.899999618530273 13.649999618530273
   vertex 16.916669845581055 17.875999450683594 13.649999618530273
  endloop
 endfacet
 facet normal 0 0 1
  outer loop
   vertex 18.416669845581055 17.899999618530273 13.649999618530273
   vertex 16.916669845581055 17.875999450683594 13.649999618530273
   vertex 18.416669845581055 17.875999450683594 13.649999618530273
  endloop
 endfacet
 facet normal -1 0 0
  outer loop
   vertex 3.5833330154418945 17.875999450683594 13.649999618530273
   vertex 3.5833330154418945 17.899999618530273 12.449999809265137
   vertex 3.5833330154418945 17.875999450683594 12.449999809265137
  endloop
 endfacet
 facet normal -1 -0 -0
  outer loop
   vertex 3.5833330154418945 17.875999450683594 13.649999618530273
   vertex 3.5833330154418945 17.899999618530273 13.649999618530273
   vertex 3.5833330154418945 17.899999618530273 12.449999809265137
  endloop
 endfacet
 facet normal 1 0 0
  outer loop
   vertex 5.0833330154418945 17.875999450683594 13.649999618530273
   vertex 5.0833330154418945 17.875999450683594 12.449999809265137
   vertex 5.0833330154418945 17.899999618530273 12.449999809265137
  endloop
 endfacet
 facet normal 1 0 -0
  outer loop
   vertex 5.0833330154418945 17.875999450683594 13.649999618530273
   vertex 5.0833330154418945 17.899999618530273 12.449999809265137
   vertex 5.0833330154418945 17.899999618530273 13.649999618530273
  endloop
 endfacet
 facet normal 0 -1 0
  outer loop
   vertex 5.0833330154418945 17.875999450683594 12.449999809265137
   vertex 3.5833330154418945 17.875999450683594 13.649999618530273
   vertex 3.5833330154418945 17.875999450683594 12.449999809265137
  endloop
 endfacet
 facet normal 0 -1 0
  outer loop
   vertex 5.0833330154418945 17.875999450683594 13.649999618530273
   vertex 3.5833330154418945 17.875999450683594 13.649999618530273
   vertex 5.0833330154418945 17.875999450683594 12.449999809265137
  endloop
 endfacet
 facet normal 0 1 0
  outer loop
   vertex 5.0833330154418945 17.899999618530273 12.449999809265137
   vertex 3.5833330154418945 17.899999618530273 12.449999809265137
   vertex 3.5833330154418945 17.899999618530273 13.649999618530273
  endloop
 endfacet
 facet normal 0 1 -0
  outer loop
   vertex 5.0833330154418945 17.899999618530273 13.649999618530273
   vertex 5.0833330154418945 17.899999618530273 12.449999809265137
   vertex 3.5833330154418945 17.899999618530273 13.649999618530273
  endloop
 endfacet
 facet normal 0 0 -1
  outer loop
   vertex 5.0833330154418945 17.899999618530273 12.449999809265137
   vertex 3.5833330154418945 17.875999450683594 12.449999809265137
   vertex 3.5833330154418945 17.899999618530273 12.449999809265137
  endloop
 endfacet
 facet normal 0 0 -1
  outer loop
   vertex 5.0833330154418945 17.899999618530273 12.449999809265137
   vertex 5.0833330154418945 17.875999450683594 12.449999809265137
   vertex 3.5833330154418945 17.875999450683594 12.449999809265137
  endloop
 endfacet
 facet normal -0 0 1
  outer loop
   vertex 5.0833330154418945 17.899999618530273 13.649999618530273
   vertex 3.5833330154418945 17.899999618530273 13.649999618530273
   vertex 3.5833330154418945 17.875999450683594 13.649999618530273
  endloop
 endfacet
 facet normal 0 0 1
  outer loop
   vertex 5.0833330154418945 17.899999618530273 13.649999618530273
   vertex 3.5833330154418945 17.875999450683594 13.649999618530273
   vertex 5.0833330154418945 17.875999450683594 13.649999618530273
  endloop
 endfacet
 facet normal -1 0 0
  outer loop
   vertex 10.25 17.875999450683594 10.949999809265137
   vertex 10.25 17.899999618530273 9.75
   vertex 10.25 17.875999450683594 9.75
  endloop
 endfacet
 facet normal -1 -0 -0
  outer loop
   vertex 10.25 17.875999450683594 10.949999809265137
   vertex 10.25 17.899999618530273 10.949999809265137
   vertex 10.25 17.899999618530273 9.75
  endloop
 endfacet
 facet normal 1 0 0
  outer loop
   vertex 11.75 17.875999450683594 10.949999809265137
   vertex 11.75 17.875999450683594 9.75
   vertex 11.75 17.899999618530273 9.75
  endloop
 endfacet
 facet normal 1 0 -0
  outer loop
   vertex 11.75 17.875999450683594 10.949999809265137
   vertex 11.75 17.899999618530273 9.75
   vertex 11.75 17.899999618530273 10.949999809265137
  endloop
 endfacet
 facet normal 0 -1 0
  outer loop
   vertex 11.75 17.875999450683594 10.949999809265137
   vertex 10.25 17.875999450683594 9.75
   vertex 11.75 17.875999450683594 9.75
  endloop
 endfacet
 facet normal 0 -1 0
  outer loop
   vertex 11.75 17.875999450683594 10.949999809265137
   vertex 10.25 17.875999450683594 10.949999809265137
   vertex 10.25 17.875999450683594 9.75
  endloop
 endfacet
 facet normal 0 1 -0
  outer loop
   vertex 11.75 17.899999618530273 10.949999809265137
   vertex 11.75 17.899999618530273 9.75
   vertex 10.25 17.899999618530273 9.75
  endloop
 endfacet
 facet normal 0 1 0
  outer loop
   vertex 11.75 17.899999618530273 10.949999809265137
   vertex 10.25 17.899999618530273 9.75
   vertex 10.25 17.899999618530273 10.949999809265137
  endloop
 endfacet
 facet normal 0 0 -1
  outer loop
   vertex 11.75 17.899999618530273 9.75
   vertex 10.25 17.875999450683594 9.75
   vertex 10.25 17.899999618530273 9.75
  endloop
 endfacet
 facet normal 0 0 -1
  outer loop
   vertex 11.75 17.899999618530273 9.75
   vertex 11.75 17.875999450683594 9.75
   vertex 10.25 17.875999450683594 9.75
  endloop
 endfacet
 facet normal -0 0 1
  outer loop
   vertex 11.75 17.899999618530273 10.949999809265137
   vertex 10.25 17.899999618530273 10.949999809265137
   vertex 10.25 17.875999450683594 10.949999809265137
  endloop
 endfacet
 facet normal 0 0 1
  outer loop
   vertex 11.75 17.899999618530273 10.949999809265137
   vertex 10.25 17.875999450683594 10.949999809265137
   vertex 11.75 17.875999450683594 10.949999809265137
  endloop
 endfacet
 facet normal -1 0 0
  outer loop
   vertex 10.25 17.875999450683594 5.5500001907348633
   vertex 10.25 17.899999618530273 4.3499999046325684
   vertex 10.25 17.875999450683594 4.3499999046325684
  endloop
 endfacet
 facet normal -1 -0 -0
  outer loop
   vertex 10.25 17.875999450683594 5.5500001907348633
   vertex 10.25 17.899999618530273 5.5500001907348633
   vertex 10.25 17.899999618530273 4.3499999046325684
  endloop
 endfacet
 facet normal 1 0 0
  outer loop
   vertex 11.75 17.875999450683594 5.5500001907348633
   vertex 11.75 17.875999450683594 4.3499999046325684
   vertex 11.75 17.899999618530273 4.3499999046325684
  endloop
 endfacet
 facet normal 1 0 -0
  outer loop
   vertex 11.75 17.875999450683594 5.5500001907348633
   vertex 11.75 17.899999618530273 4.3499999046325684
   vertex 11.75 17.899999618530273 5.5500001907348633
  endloop
 endfacet
 facet normal 0 -1 0
  outer loop
   vertex 11.75 17.875999450683594 5.5500001907348633
   vertex 10.25 17.875999450683594 4.3499999046325684
   vertex 11.75 17.875999450683594 4.3499999046325684
  endloop
 endfacet
 facet normal 0 -1 0
  outer loop
   vertex 11.75 17.875999450683594 5.5500001907348633
   vertex 10.25 17.875999450683594 5.5500001907348633
   vertex 10.25 17.875999450683594 4.3499999046325684
  endloop
 endfacet
 facet normal 0 1 -0
  outer loop
   vertex 11.75 17.899999618530273 5.5500001907348633
   vertex 11.75 17.899999618530273 4.3499999046325684
   vertex 10.25 17.899999618530273 4.3499999046325684
  endloop
 endfacet
 facet normal 0 1 0
  outer loop
   vertex 11.75 17.899999618530273 5.5500001907348633
   vertex 10.25 17.899999618530273 4.3499999046325684
   vertex 10.25 17.899999618530273 5.5500001907348633
  endloop
 endfacet
 facet normal 0 0 -1
  outer loop
   vertex 11.75 17.899999618530273 4.3499999046325684
   vertex 10.25 17.875999450683594 4.3499999046325684
   vertex 10.25 17.899999618530273 4.3499999046325684
  endloop
 endfacet
 facet normal 0 0 -1
  outer loop
   vertex 11.75 17.899999618530273 4.3499999046325684
   vertex 11.75 17.875999450683594 4.3499999046325684
   vertex 10.25 17.875999450683594 4.3499999046325684
  endloop
 endfacet
 facet normal -0 0 1
  outer loop
   vertex 11.75 17.899999618530273 5.5500001907348633
   vertex 10.25 17.899999618530273 5.5500001907348633
   vertex 10.25 17.875999450683594 5.5500001907348633
  endloop
 endfacet
 facet normal 0 0 1
  outer loop
   vertex 11.75 17.899999618530273 5.5500001907348633
   vertex 10.25 17.875999450683594 5.5500001907348633
   vertex 11.75 17.875999450683594 5.5500001907348633
  endloop
 endfacet
 facet normal -1 0 0
  outer loop
   vertex 16.916669845581055 3.0999999046325684 13.649999618530273
   vertex 16.916669845581055 3.124000072479248 12.449999809265137
   vertex 16.916669845581055 3.0999999046325684 12.449999809265137
  endloop
 endfacet
 facet normal -1 -0 -0
  outer loop
   vertex 16.916669845581055 3.0999999046325684 13.649999618530273
   vertex 16.916669845581055 3.124000072479248 13.649999618530273
   vertex 16.916669845581055 3.124000072479248 12.449999809265137
  endloop
 endfacet
 facet normal 1 0 0
  outer loop
   vertex 18.416669845581055 3.0999999046325684 13.649999618530273
   vertex 18.416669845581055 3.0999999046325684 12.449999809265137
   vertex 18.416669845581055 3.124000072479248 12.449999809265137
  endloop
 endfacet
 facet normal 1 0 -0
  outer loop
   vertex 18.416669845581055 3.0999999046325684 13.649999618530273
   vertex 18.416669845581055 3.124000072479248 12.449999809265137
   vertex 18.416669845581055 3.124000072479248 13.649999618530273
  endloop
 endfacet
 facet normal 0 -1 0
  outer loop
   vertex 18.416669845581055 3.0999999046325684 12.449999809265137
   vertex 16.916669845581055 3.0999999046325684 13.649999618530273
   vertex 16.916669845581055 3.0999999046325684 12.449999809265137
  endloop
 endfacet
 facet normal 0 -1 0
  outer loop
   vertex 18.416669845581055 3.0999999046325684 13.649999618530273
   vertex 16.916669845581055 3.0999999046325684 13.649999618530273
   vertex 18.416669845581055 3.0999999046325684 12.449999809265137
  endloop
 endfacet
 facet normal 0 1 0
  outer loop
   vertex 18.416669845581055 3.124000072479248 12.449999809265137
   vertex 16.916669845581055 3.124000072479248 12.449999809265137
   vertex 16.916669845581055 3.124000072479248 13.649999618530273
  endloop
 endfacet
 facet normal 0 1 -0
  outer loop
   vertex 18.416669845581055 3.124000072479248 13.649999618530273
   vertex 18.416669845581055 3.124000072479248 12.449999809265137
   vertex 16.916669845581055 3.124000072479248 13.649999618530273
  endloop
 endfacet
 facet normal 0 0 -1
  outer loop
   vertex 18.416669845581055 3.124000072479248 12.449999809265137
   vertex 16.916669845581055 3.0999999046325684 12.449999809265137
   vertex 16.916669845581055 3.124000072479248 12.449999809265137
  endloop
 endfacet
 facet normal 0 0 -1
  outer loop
   vertex 18.416669845581055 3.124000072479248 12.449999809265137
   vertex 18.416669845581055 3.0999999046325684 12.449999809265137
   vertex 16.916669845581055 3.0999999046325684 12.449999809265137
  endloop
 endfacet
 facet normal -0 0 1
  outer loop
   vertex 18.416669845581055 3.124000072479248 13.649999618530273
   vertex 16.916669845581055 3.124000072479248 13.649999618530273
   vertex 16.916669845581055 3.0999999046325684 13.649999618530273
  endloop
 endfacet
 facet normal 0 0 1
  outer loop
   vertex 18.416669845581055 3.124000072479248 13.649999618530273
   vertex 16.916669845581055 3.0999999046325684 13.649999618530273
   vertex 18.416669845581055 3.0999999046325684 13.649999618530273
  endloop
 endfacet
 facet normal -1 0 0
  outer loop
   vertex 16.916669845581055 3.0999999046325684 10.949999809265137
   vertex 16.916669845581055 3.124000072479248 9.75
   vertex 16.916669845581055 3.0999999046325684 9.75
  endloop
 endfacet
 facet normal -1 -0 -0
  outer loop
   vertex 16.916669845581055 3.0999999046325684 10.949999809265137
   vertex 16.916669845581055 3.124000072479248 10.949999809265137
   vertex 16.916669845581055 3.124000072479248 9.75
  endloop
 endfacet
 facet normal 1 0 0
  outer loop
   vertex 18.416669845581055 3.0999999046325684 10.949999809265137
   vertex 18.416669845581055 3.0999999046325684 9.75
   vertex 18.416669845581055 3.124000072479248 9.75
  endloop
 endfacet
 facet normal 1 0 -0
  outer loop
   vertex 18.416669845581055 3.0999999046325684 10.949999809265137
   vertex 18.416669845581055 3.124000072479248 9.75
   vertex 18.416669845581055 3.124000072479248 10.949999809265137
  endloop
 endfacet
 facet normal 0 -1 0
  outer loop
   vertex 18.416669845581055 3.0999999046325684 10.949999809265137
   vertex 16.916669845581055 3.0999999046325684 9.75
   vertex 18.416669845581055 3.0999999046325684 9.75
  endloop
 endfacet
 facet normal 0 -1 0
  outer loop
   vertex 18.416669845581055 3.0999999046325684 10.949999809265137
   vertex 16.916669845581055 3.0999999046325684 10.949999809265137
   vertex 16.916669845581055 3.0999999046325684 9.75
  endloop
 endfacet
 facet normal 0 1 -0
  outer loop
   vertex 18.416669845581055 3.124000072479248 10.949999809265137
   vertex 18.416669845581055 3.124000072479248 9.75
   vertex 16.916669845581055 3.124000072479248 9.75
  endloop
 endfacet
 facet normal 0 1 0
  outer loop
   vertex 18.416669845581055 3.124000072479248 10.949999809265137
   vertex 16.916669845581055 3.124000072479248 9.75
   vertex 16.916669845581055 3.124000072479248 10.949999809265137
  endloop
 endfacet
 facet normal 0 0 -1
  outer loop
   vertex 18.416669845581055 3.124000072479248 9.75
   vertex 16.916669845581055 3.0999999046325684 9.75
   vertex 16.916669845581055 3.124000072479248 9.75
  endloop
 endfacet
 facet normal 0 0 -1
  outer loop
   vertex 18.416669845581055 3.124000072479248 9.75
   vertex 18.416669845581055 3.0999999046325684 9.75
   vertex 16.916669845581055 3.0999999046325684 9.75
  endloop
 endfacet
 facet normal -0 0 1
  outer loop
   vertex 18.416669845581055 3.124000072479248 10.949999809265137
   vertex 16.916669845581055 3.124000072479248 10.949999809265137
   vertex 16.916669845581055 3.0999999046325684 10.949999809265137
  endloop
 endfacet
 facet normal 0 0 1
  outer loop
   vertex 18.416669845581055 3.124000072479248 10.949999809265137
   vertex 16.916669845581055 3.0999999046325684 10.949999809265137
   vertex 18.416669845581055 3.0999999046325684 10.949999809265137
  endloop
 endfacet
 facet normal -1 0 0
  outer loop
   vertex 16.916669845581055 3.0999999046325684 8.25
   vertex 16.916669845581055 3.124000072479248 7.0500001907348633
   vertex 16.916669845581055 3.0999999046325684 7.0500001907348633
  endloop
 endfacet
 facet normal -1 -0 -0
  outer loop
   vertex 16.916669845581055 3.0999999046325684 8.25
   vertex 16.916669845581055 3.124000072479248 8.25
   vertex 16.916669845581055 3.124000072479248 7.0500001907348633
  endloop
 endfacet
 facet normal 1 0 0
  outer loop
   vertex 18.416669845581055 3.0999999046325684 8.25
   vertex 18.416669845581055 3.0999999046325684 7.0500001907348633
   vertex 18.416669845581055 3.124000072479248 7.0500001907348633
  endloop
 endfacet
 facet normal 1 0 -0
  outer loop
   vertex 18.416669845581055 3.0999999046325684 8.25
   vertex 18.416669845581055 3.124000072479248 7.0500001907348633
   vertex 18.416669845581055 3.124000072479248 8.25
  endloop
 endfacet
 facet normal 0 -1 0
  outer loop
   vertex 18.416669845581055 3.0999999046325684 8.25
   vertex 16.916669845581055 3.0999999046325684 7.0500001907348633
   vertex 18.416669845581055 3.0999999046325684 7.0500001907348633
  endloop
 endfacet
 facet normal 0 -1 0
  outer loop
   vertex 18.416669845581055 3.0999999046325684 8.25
   vertex 16.916669845581055 3.0999999046325684 8.25
   vertex 16.916669845581055 3.0999999046325684 7.0500001907348633
  endloop
 endfacet
 facet normal 0 1 -0
  outer loop
   vertex 18.416669845581055 3.124000072479248 8.25
   vertex 18.416669845581055 3.124000072479248 7.0500001907348633
   vertex 16.916669845581055 3.124000072479248 7.0500001907348633
  endloop
 endfacet
 facet normal 0 1 0
  outer loop
   vertex 18.416669845581055 3.124000072479248 8.25
   vertex 16.916669845581055 3.124000072479248 7.0500001907348633
   vertex 16.916669845581055 3.124000072479248 8.25
  endloop
 endfacet
 facet normal 0 0 -1
  outer loop
   vertex 18.416669845581055 3.124000072479248 7.0500001907348633
   vertex 16.916669845581055 3.0999999046325684 7.0500001907348633
   vertex 16.916669845581055 3.124000072479248 7.0500001907348633
  endloop
 endfacet
 facet normal 0 0 -1
  outer loop
   vertex 18.416669845581055 3.124000072479248 7.0500001907348633
   vertex 18.416669845581055 3.0999999046325684 7.0500001907348633
   vertex 16.916669845581055 3.0999999046325684 7.0500001907348633
  endloop
 endfacet
 facet normal -0 0 1
  outer loop
   vertex 18.416669845581055 3.124000072479248 8.25
   vertex 16.916669845581055 3.124000072479248 8.25
   vertex 16.916669845581055 3.0999999046325684 8.25
  endloop
 endfacet
 facet normal 0 0 1
  outer loop
   vertex 18.416669845581055 3.124000072479248 8.25
   vertex 16.916669845581055 3.0999999046325684 8.25
   vertex 18.416669845581055 3.0999999046325684 8.25
  endloop
 endfacet
 facet normal -1 0 0
  outer loop
   vertex 16.916669845581055 3.0999999046325684 5.5500001907348633
   vertex 16.916669845581055 3.124000072479248 4.3499999046325684
   vertex 16.916669845581055 3.0999999046325684 4.3499999046325684
  endloop
 endfacet
 facet normal -1 -0 -0
  outer loop
   vertex 16.916669845581055 3.0999999046325684 5.5500001907348633
   vertex 16.916669845581055 3.124000072479248 5.5500001907348633
   vertex 16.916669845581055 3.124000072479248 4.3499999046325684
  endloop
 endfacet
 facet normal 1 0 0
  outer loop
   vertex 18.416669845581055 3.0999999046325684 5.5500001907348633
   vertex 18.416669845581055 3.0999999046325684 4.3499999046325684
   vertex 18.416669845581055 3.124000072479248 4.3499999046325684
  endloop
 endfacet
 facet normal 1 0 -0
  outer loop
   vertex 18.416669845581055 3.0999999046325684 5.5500001907348633
   vertex 18.416669845581055 3.124000072479248 4.3499999046325684
   vertex 18.416669845581055 3.124000072479248 5.5500001907348633
  endloop
 endfacet
 facet normal 0 -1 0
  outer loop
   vertex 18.416669845581055 3.0999999046325684 5.5500001907348633
   vertex 16.916669845581055 3.0999999046325684 4.3499999046325684
   vertex 18.416669845581055 3.0999999046325684 4.3499999046325684
  endloop
 endfacet
 facet normal 0 -1 0
  outer loop
   vertex 18.416669845581055 3.0999999046325684 5.5500001907348633
   vertex 16.916669845581055 3.0999999046325684 5.5500001907348633
   vertex 16.916669845581055 3.0999999046325684 4.3499999046325684
  endloop
 endfacet
 facet normal 0 1 -0
  outer loop
   vertex 18.416669845581055 3.124000072479248 5.5500001907348633
   vertex 18.416669845581055 3.124000072479248 4.3499999046325684
   vertex 16.916669845581055 3.124000072479248 4.3499999046325684
  endloop
 endfacet
 facet normal 0 1 0
  outer loop
   vertex 18.416669845581055 3.124000072479248 5.5500001907348633
   vertex 16.916669845581055 3.124000072479248 4.3499999046325684
   vertex 16.916669845581055 3.124000072479248 5.5500001907348633
  endloop
 endfacet
 facet normal 0 0 -1
  outer loop
   vertex 18.416669845581055 3.124000072479248 4.3499999046325684
   vertex 16.916669845581055 3.0999999046325684 4.3499999046325684
   vertex 16.916669845581055 3.124000072479248 4.3499999046325684
  endloop
 endfacet
 facet normal 0 0 -1
  outer loop
   vertex 18.416669845581055 3.124000072479248 4.3499999046325684
   vertex 18.416669845581055 3.0999999046325684 4.3499999046325684
   vertex 16.916669845581055 3.0999999046325684 4.3499999046325684
  endloop
 endfacet
 facet normal -0 0 1
  outer loop
   vertex 18.416669845581055 3.124000072479248 5.5500001907348633
   vertex 16.916669845581055 3.124000072479248 5.5500001907348633
   vertex 16.916669845581055 3.0999999046325684 5.5500001907348633
  endloop
 endfacet
 facet normal 0 0 1
  outer loop
   vertex 18.416669845581055 3.124000072479248 5.5500001907348633
   vertex 16.916669845581055 3.0999999046325684 5.5500001907348633
   vertex 18.416669845581055 3.0999999046325684 5.5500001907348633
  endloop
 endfacet
 facet normal -1 0 0
  outer loop
   vertex 16.916669845581055 3.0999999046325684 2.8499999046325684
   vertex 16.916669845581055 3.124000072479248 1.6499999761581421
   vertex 16.916669845581055 3.0999999046325684 1.6499999761581421
  endloop
 endfacet
 facet normal -1 -0 -0
  outer loop
   vertex 16.916669845581055 3.0999999046325684 2.8499999046325684
   vertex 16.916669845581055 3.124000072479248 2.8499999046325684
   vertex 16.916669845581055 3.124000072479248 1.6499999761581421
  endloop
 endfacet
 facet normal 1 0 0
  outer loop
   vertex 18.416669845581055 3.0999999046325684 2.8499999046325684
   vertex 18.416669845581055 3.0999999046325684 1.6499999761581421
   vertex 18.416669845581055 3.124000072479248 1.6499999761581421
  endloop
 endfacet
 facet normal 1 0 -0
  outer loop
   vertex 18.416669845581055 3.0999999046325684 2.8499999046325684
   vertex 18.416669845581055 3.124000072479248 1.6499999761581421
   vertex 18.416669845581055 3.124000072479248 2.8499999046325684
  endloop
 endfacet
 facet normal 0 -1 0
  outer loop
   vertex 18.416669845581055 3.0999999046325684 2.8499999046325684
   vertex 16.916669845581055 3.0999999046325684 1.6499999761581421
   vertex 18.416669845581055 3.0999999046325684 1.6499999761581421
  endloop
 endfacet
 facet normal 0 -1 0
  outer loop
   vertex 18.416669845581055 3.0999999046325684 2.8499999046325684
   vertex 16.916669845581055 3.0999999046325684 2.8499999046325684
   vertex 16.916669845581055 3.0999999046325684 1.6499999761581421
  endloop
 endfacet
 facet normal 0 1 -0
  outer loop
   vertex 18.416669845581055 3.124000072479248 2.8499999046325684
   vertex 18.416669845581055 3.124000072479248 1.6499999761581421
   vertex 16.916669845581055 3.124000072479248 1.6499999761581421
  endloop
 endfacet
 facet normal 0 1 0
  outer loop
   vertex 18.416669845581055 3.124000072479248 2.8499999046325684
   vertex 16.916669845581055 3.124000072479248 1.6499999761581421
   vertex 16.916669845581055 3.124000072479248 2.8499999046325684
  endloop
 endfacet
 facet normal 0 0 -1
  outer loop
   vertex 18.416669845581055 3.124000072479248 1.6499999761581421
   vertex 16.916669845581055 3.0999999046325684 1.6499999761581421
   vertex 16.916669845581055 3.124000072479248 1.6499999761581421
  endloop
 endfacet
 facet normal 0 0 -1
  outer loop
   vertex 18.416669845581055 3.124000072479248 1.6499999761581421
   vertex 18.416669845581055 3.0999999046325684 1.6499999761581421
   vertex 16.916669845581055 3.0999999046325684 1.6499999761581421
  endloop
 endfacet
 facet normal -0 0 1
  outer loop
   vertex 18.416669845581055 3.124000072479248 2.8499999046325684
   vertex 16.916669845581055 3.124000072479248 2.8499999046325684
   vertex 16.916669845581055 3.0999999046325684 2.8499999046325684
  endloop
 endfacet
 facet normal 0 0 1
  outer loop
   vertex 18.416669845581055 3.124000072479248 2.8499999046325684
   vertex 16.916669845581055 3.0999999046325684 2.8499999046325684
   vertex 18.416669845581055 3.0999999046325684 2.8499999046325684
  endloop
 endfacet
 facet normal -1 0 0
  outer loop
   vertex 10.25 3.0999999046325684 13.649999618530273
   vertex 10.25 3.124000072479248 12.449999809265137
   vertex 10.25 3.0999999046325684 12.449999809265137
  endloop
 endfacet
 facet normal -1 -0 -0
  outer loop
   vertex 10.25 3.0999999046325684 13.649999618530273
   vertex 10.25 3.124000072479248 13.649999618530273
   vertex 10.25 3.124000072479248 12.449999809265137
  endloop
 endfacet
 facet normal 1 0 0
  outer loop
   vertex 11.75 3.0999999046325684 13.649999618530273
   vertex 11.75 3.0999999046325684 12.449999809265137
   vertex 11.75 3.124000072479248 12.449999809265137
  endloop
 endfacet
 facet normal 1 0 -0
  outer loop
   vertex 11.75 3.0999999046325684 13.649999618530273
   vertex 11.75 3.124000072479248 12.449999809265137
   vertex 11.75 3.124000072479248 13.649999618530273
  endloop
 endfacet
 facet normal 0 -1 0
  outer loop
   vertex 11.75 3.0999999046325684 12.449999809265137
   vertex 10.25 3.0999999046325684 13.649999618530273
   vertex 10.25 3.0999999046325684 12.449999809265137
  endloop
 endfacet
 facet normal 0 -1 0
  outer loop
   vertex 11.75 3.0999999046325684 13.649999618530273
   vertex 10.25 3.0999999046325684 13.649999618530273
   vertex 11.75 3.0999999046325684 12.449999809265137
  endloop
 endfacet
 facet normal 0 1 0
  outer loop
   vertex 11.75 3.124000072479248 12.449999809265137
   vertex 10.25 3.124000072479248 12.449999809265137
   vertex 10.25 3.124000072479248 13.649999618530273
  endloop
 endfacet
 facet normal 0 1 -0
  outer loop
   vertex 11.75 3.124000072479248 13.649999618530273
   vertex 11.75 3.124000072479248 12.449999809265137
   vertex 10.25 3.124000072479248 13.649999618530273
  endloop
 endfacet
 facet normal 0 0 -1
  outer loop
   vertex 11.75 3.124000072479248 12.449999809265137
   vertex 10.25 3.0999999046325684 12.449999809265137
   vertex 10.25 3.124000072479248 12.449999809265137
  endloop
 endfacet
 facet normal 0 0 -1
  outer loop
   vertex 11.75 3.124000072479248 12.449999809265137
   vertex 11.75 3.0999999046325684 12.449999809265137
   vertex 10.25 3.0999999046325684 12.449999809265137
  endloop
 endfacet
 facet normal -0 0 1
  outer loop
   vertex 11.75 3.124000072479248 13.649999618530273
   vertex 10.25 3.124000072479248 13.649999618530273
   vertex 10.25 3.0999999046325684 13.649999618530273
  endloop
 endfacet
 facet normal 0 0 1
  outer loop
   vertex 11.75 3.124000072479248 13.649999618530273
   vertex 10.25 3.0999999046325684 13.649999618530273
   vertex 11.75 3.0999999046325684 13.649999618530273
  endloop
 endfacet
 facet normal -1 0 0
  outer loop
   vertex 10.25 3.0999999046325684 10.949999809265137
   vertex 10.25 3.124000072479248 9.75
   vertex 10.25 3.0999999046325684 9.75
  endloop
 endfacet
 facet normal -1 -0 -0
  outer loop
   vertex 10.25 3.0999999046325684 10.949999809265137
   vertex 10.25 3.124000072479248 10.949999809265137
   vertex 10.25 3.124000072479248 9.75
  endloop
 endfacet
 facet normal 1 0 0
  outer loop
   vertex 11.75 3.0999999046325684 10.949999809265137
   vertex 11.75 3.0999999046325684 9.75
   vertex 11.75 3.124000072479248 9.75
  endloop
 endfacet
 facet normal 1 0 -0
  outer loop
   vertex 11.75 3.0999999046325684 10.949999809265137
   vertex 11.75 3.124000072479248 9.75
   vertex 11.75 3.124000072479248 10.949999809265137
  endloop
 endfacet
 facet normal 0 -1 0
  outer loop
   vertex 11.75 3.0999999046325684 10.949999809265137
   vertex 10.25 3.0999999046325684 9.75
   vertex 11.75 3.0999999046325684 9.75
  endloop
 endfacet
 facet normal 0 -1 0
  outer loop
   vertex 11.75 3.0999999046325684 10.949999809265137
   vertex 10.25 3.0999999046325684 10.949999809265137
   vertex 10.25 3.0999999046325684 9.75
  endloop
 endfacet
 facet normal 0 1 -0
  outer loop
   vertex 11.75 3.124000072479248 10.949999809265137
   vertex 11.75 3.124000072479248 9.75
   vertex 10.25 3.124000072479248 9.75
  endloop
 endfacet
 facet normal 0 1 0
  outer loop
   vertex 11.75 3.124000072479248 10.949999809265137
   vertex 10.25 3.124000072479248 9.75
   vertex 10.25 3.124000072479248 10.949999809265137
  endloop
 endfacet
 facet normal 0 0 -1
  outer loop
   vertex 11.75 3.124000072479248 9.75
   vertex 10.25 3.0999999046325684 9.75
   vertex 10.25 3.124000072479248 9.75
  endloop
 endfacet
 facet normal 0 0 -1
  outer loop
   vertex 11.75 3.124000072479248 9.75
   vertex 11.75 3.0999999046325684 9.75
   vertex 10.25 3.0999999046325684 9.75
  endloop
 endfacet
 facet normal -0 0 1
  outer loop
   vertex 11.75 3.124000072479248 10.949999809265137
   vertex 10.25 3.124000072479248 10.949999809265137
   vertex 10.25 3.0999999046325684 10.949999809265137
  endloop
 endfacet
 facet normal 0 0 1
  outer loop
   vertex 11.75 3.124000072479248 10.949999809265137
   vertex 10.25 3.0999999046325684 10.949999809265137
   vertex 11.75 3.0999999046325684 10.949999809265137
  endloop
 endfacet
 facet normal -1 0 0
  outer loop
   vertex 10.25 3.0999999046325684 8.25
   vertex 10.25 3.124000072479248 7.0500001907348633
   vertex 10.25 3.0999999046325684 7.0500001907348633
  endloop
 endfacet
 facet normal -1 -0 -0
  outer loop
   vertex 10.25 3.0999999046325684 8.25
   vertex 10.25 3.124000072479248 8.25
   vertex 10.25 3.124000072479248 7.0500001907348633
  endloop
 endfacet
 facet normal 1 0 0
  outer loop
   vertex 11.75 3.0999999046325684 8.25
   vertex 11.75 3.0999999046325684 7.0500001907348633
   vertex 11.75 3.124000072479248 7.0500001907348633
  endloop
 endfacet
 facet normal 1 0 -0
  outer loop
   vertex 11.75 3.0999999046325684 8.25
   vertex 11.75 3.124000072479248 7.0500001907348633
   vertex 11.75 3.124000072479248 8.25
  endloop
 endfacet
 facet normal 0 -1 0
  outer loop
   vertex 11.75 3.0999999046325684 8.25
   vertex 10.25 3.0999999046325684 7.0500001907348633
   vertex 11.75 3.0999999046325684 7.0500001907348633
  endloop
 endfacet
 facet normal 0 -1 0
  outer loop
   vertex 11.75 3.0999999046325684 8.25
   vertex 10.25 3.0999999046325684 8.25
   vertex 10.25 3.0999999046325684 7.0500001907348633
  endloop
 endfacet
 facet normal 0 1 -0
  outer loop
   vertex 11.75 3.124000072479248 8.25
   vertex 11.75 3.124000072479248 7.0500001907348633
   vertex 10.25 3.124000072479248 7.0500001907348633
  endloop
 endfacet
 facet normal 0 1 0
  outer loop
   vertex 11.75 3.124000072479248 8.25
   vertex 10.25 3.124000072479248 7.0500001907348633
   vertex 10.25 3.124000072479248 8.25
  endloop
 endfacet
 facet normal 0 0 -1
  outer loop
   vertex 11.75 3.124000072479248 7.0500001907348633
   vertex 10.25 3.0999999046325684 7.0500001907348633
   vertex 10.25 3.124000072479248 7.0500001907348633
  endloop
 endfacet
 facet normal 0 0 -1
  outer loop
   vertex 11.75 3.124000072479248 7.0500001907348633
   vertex 11.75 3.0999999046325684 7.0500001907348633
   vertex 10.25 3.0999999046325684 7.0500001907348633
  endloop
 endfacet
 facet normal -0 0 1
  outer loop
   vertex 11.75 3.124000072479248 8.25
   vertex 10.25 3.124000072479248 8.25
   vertex 10.25 3.0999999046325684 8.25
  endloop
 endfacet
 facet normal 0 0 1
  outer loop
   vertex 11.75 3.124000072479248 8.25
   vertex 10.25 3.0999999046325684 8.25
   vertex 11.75 3.0999999046325684 8.25
  endloop
 endfacet
 facet normal -1 0 0
  outer loop
   vertex 10.25 3.0999999046325684 5.5500001907348633
   vertex 10.25 3.124000072479248 4.3499999046325684
   vertex 10.25 3.0999999046325684 4.3499999046325684
  endloop
 endfacet
 facet normal -1 -0 -0
  outer loop
   vertex 10.25 3.0999999046325684 5.5500001907348633
   vertex 10.25 3.124000072479248 5.5500001907348633
   vertex 10.25 3.124000072479248 4.3499999046325684
  endloop
 endfacet
 facet normal 1 0 0
  outer loop
   vertex 11.75 3.0999999046325684 5.5500001907348633
   vertex 11.75 3.0999999046325684 4.3499999046325684
   vertex 11.75 3.124000072479248 4.3499999046325684
  endloop
 endfacet
 facet normal 1 0 -0
  outer loop
   vertex 11.75 3.0999999046325684 5.5500001907348633
   vertex 11.75 3.124000072479248 4.3499999046325684
   vertex 11.75 3.124000072479248 5.5500001907348633
  endloop
 endfacet
 facet normal 0 -1 0
  outer loop
   vertex 11.75 3.0999999046325684 5.5500001907348633
   vertex 10.25 3.0999999046325684 4.3499999046325684
   vertex 11.75 3.0999999046325684 4.3499999046325684
  endloop
 endfacet
 facet normal 0 -1 0
  outer loop
   vertex 11.75 3.0999999046325684 5.5500001907348633
   vertex 10.25 3.0999999046325684 5.5500001907348633
   vertex 10.25 3.0999999046325684 4.3499999046325684
  endloop
 endfacet
 facet normal 0 1 -0
  outer loop
   vertex 11.75 3.124000072479248 5.5500001907348633
   vertex 11.75 3.124000072479248 4.3499999046325684
   vertex 10.25 3.124000072479248 4.3499999046325684
  endloop
 endfacet
 facet normal 0 1 0
  outer loop
   vertex 11.75 3.124000072479248 5.5500001907348633
   vertex 10.25 3.124000072479248 4.3499999046325684
   vertex 10.25 3.124000072479248 5.5500001907348633
  endloop
 endfacet
 facet normal 0 0 -1
  outer loop
   vertex 11.75 3.124000072479248 4.3499999046325684
   vertex 10.25 3.0999999046325684 4.3499999046325684
   vertex 10.25 3.124000072479248 4.3499999046325684
  endloop
 endfacet
 facet normal 0 0 -1
  outer loop
   vertex 11.75 3.124000072479248 4.3499999046325684
   vertex 11.75 3.0999999046325684 4.3499999046325684
   vertex 10.25 3.0999999046325684 4.3499999046325684
  endloop
 endfacet
 facet normal -0 0 1
  outer loop
   vertex 11.75 3.124000072479248 5.5500001907348633
   vertex 10.25 3.124000072479248 5.5500001907348633
   vertex 10.25 3.0999999046325684 5.5500001907348633
  endloop
 endfacet
 facet normal 0 0 1
  outer loop
   vertex 11.75 3.124000072479248 5.5500001907348633
   vertex 10.25 3.0999999046325684 5.5500001907348633
   vertex 11.75 3.0999999046325684 5.5500001907348633
  endloop
 endfacet
 facet normal -1 0 0
  outer loop
   vertex 10.25 3.0999999046325684 2.8499999046325684
   vertex 10.25 3.124000072479248 1.6499999761581421
   vertex 10.25 3.0999999046325684 1.6499999761581421
  endloop
 endfacet
 facet normal -1 -0 -0
  outer loop
   vertex 10.25 3.0999999046325684 2.8499999046325684
   vertex 10.25 3.124000072479248 2.8499999046325684
   vertex 10.25 3.124000072479248 1.6499999761581421
  endloop
 endfacet
 facet normal 1 0 0
  outer loop
   vertex 11.75 3.0999999046325684 2.8499999046325684
   vertex 11.75 3.0999999046325684 1.6499999761581421
   vertex 11.75 3.124000072479248 1.6499999761581421
  endloop
 endfacet
 facet normal 1 0 -0
  outer loop
   vertex 11.75 3.0999999046325684 2.8499999046325684
   vertex 11.75 3.124000072479248 1.6499999761581421
   vertex 11.75 3.124000072479248 2.8499999046325684
  endloop
 endfacet
 facet normal 0 -1 0
  outer loop
   vertex 11.75 3.0999999046325684 2.8499999046325684
   vertex 10.25 3.0999999046325684 1.6499999761581421
   vertex 11.75 3.0999999046325684 1.6499999761581421
  endloop
 endfacet
 facet normal 0 -1 0
  outer loop
   vertex 11.75 3.0999999046325684 2.8499999046325684
   vertex 10.25 3.0999999046325684 2.8499999046325684
   vertex 10.25 3.0999999046325684 1.6499999761581421
  endloop
 endfacet
 facet normal 0 1 -0
  outer loop
   vertex 11.75 3.124000072479248 2.8499999046325684
   vertex 11.75 3.124000072479248 1.6499999761581421
   vertex 10.25 3.124000072479248 1.6499999761581421
  endloop
 endfacet
 facet normal 0 1 0
  outer loop
   vertex 11.75 3.124000072479248 2.8499999046325684
   vertex 10.25 3.124000072479248 1.6499999761581421
   vertex 10.25 3.124000072479248 2.8499999046325684
  endloop
 endfacet
 facet normal 0 0 -1
  outer loop
   vertex 11.75 3.124000072479248 1.6499999761581421
   vertex 10.25 3.0999999046325684 1.6499999761581421
   vertex 10.25 3.124000072479248 1.6499999761581421
  endloop
 endfacet
 facet normal 0 0 -1
  outer loop
   vertex 11.75 3.124000072479248 1.6499999761581421
   vertex 11.75 3.0999999046325684 1.6499999761581421
   vertex 10.25 3.0999999046325684 1.6499999761581421
  endloop
 endfacet
 facet normal -0 0 1
  outer loop
   vertex 11.75 3.124000072479248 2.8499999046325684
   vertex 10.25 3.124000072479248 2.8499999046325684
   vertex 10.25 3.0999999046325684 2.8499999046325684
  endloop
 endfacet
 facet normal 0 0 1
  outer loop
   vertex 11.75 3.124000072479248 2.8499999046325684
   vertex 10.25 3.0999999046325684 2.8499999046325684
   vertex 11.75 3.0999999046325684 2.8499999046325684
  endloop
 endfacet
 facet normal -1 0 0
  outer loop
   vertex 3.5833330154418945 3.0999999046325684 13.649999618530273
   vertex 3.5833330154418945 3.124000072479248 12.449999809265137
   vertex 3.5833330154418945 3.0999999046325684 12.449999809265137
  endloop
 endfacet
 facet normal -1 -0 -0
  outer loop
   vertex 3.5833330154418945 3.0999999046325684 13.649999618530273
   vertex 3.5833330154418945 3.124000072479248 13.649999618530273
   vertex 3.5833330154418945 3.124000072479248 12.449999809265137
  endloop
 endfacet
 facet normal 1 0 0
  outer loop
   vertex 5.0833330154418945 3.0999999046325684 13.649999618530273
   vertex 5.0833330154418945 3.0999999046325684 12.449999809265137
   vertex 5.0833330154418945 3.124000072479248 12.449999809265137
  endloop
 endfacet
 facet normal 1 0 -0
  outer loop
   vertex 5.0833330154418945 3.0999999046325684 13.649999618530273
   vertex 5.0833330154418945 3.124000072479248 12.449999809265137
   vertex 5.0833330154418945 3.124000072479248 13.649999618530273
  endloop
 endfacet
 facet normal 0 -1 0
  outer loop
   vertex 5.0833330154418945 3.0999999046325684 12.449999809265137
   vertex 3.5833330154418945 3.0999999046325684 13.649999618530273
   vertex 3.5833330154418945 3.0999999046325684 12.449999809265137
  endloop
 endfacet
 facet normal 0 -1 0
  outer loop
   vertex 5.0833330154418945 3.0999999046325684 13.649999618530273
   vertex 3.5833330154418945 3.0999999046325684 13.649999618530273
   vertex 5.0833330154418945 3.0999999046325684 12.449999809265137
  endloop
 endfacet
 facet normal 0 1 0
  outer loop
   vertex 5.0833330154418945 3.124000072479248 12.449999809265137
   vertex 3.5833330154418945 3.124000072479248 12.449999809265137
   vertex 3.5833330154418945 3.124000072479248 13.649999618530273
  endloop
 endfacet
 facet normal 0 1 -0
  outer loop
   vertex 5.0833330154418945 3.124000072479248 13.649999618530273
   vertex 5.0833330154418945 3.124000072479248 12.449999809265137
   vertex 3.5833330154418945 3.124000072479248 13.649999618530273
  endloop
 endfacet
 facet normal 0 0 -1
  outer loop
   vertex 5.0833330154418945 3.124000072479248 12.449999809265137
   vertex 3.5833330154418945 3.0999999046325684 12.449999809265137
   vertex 3.5833330154418945 3.124000072479248 12.449999809265137
  endloop
 endfacet
 facet normal 0 0 -1
  outer loop
   vertex 5.0833330154418945 3.124000072479248 12.449999809265137
   vertex 5.0833330154418945 3.0999999046325684 12.449999809265137
   vertex 3.5833330154418945 3.0999999046325684 12.449999809265137
  endloop
 endfacet
 facet normal -0 0 1
  outer loop
   vertex 5.0833330154418945 3.124000072479248 13.649999618530273
   vertex 3.5833330154418945 3.124000072479248 13.649999618530273
   vertex 3.5833330154418945 3.0999999046325684 13.649999618530273
  endloop
 endfacet
 facet normal 0 0 1
  outer loop
   vertex 5.0833330154418945 3.124000072479248 13.649999618530273
   vertex 3.5833330154418945 3.0999999046325684 13.649999618530273
   vertex 5.0833330154418945 3.0999999046325684 13.649999618530273
  endloop
 endfacet
 facet normal -1 0 0
  outer loop
   vertex 3.5833330154418945 3.0999999046325684 10.949999809265137
   vertex 3.5833330154418945 3.124000072479248 9.75
   vertex 3.5833330154418945 3.0999999046325684 9.75
  endloop
 endfacet
 facet normal -1 -0 -0
  outer loop
   vertex 3.5833330154418945 3.0999999046325684 10.949999809265137
   vertex 3.5833330154418945 3.124000072479248 10.949999809265137
   vertex 3.5833330154418945 3.124000072479248 9.75
  endloop
 endfacet
 facet normal 1 0 0
  outer loop
   vertex 5.0833330154418945 3.0999999046325684 10.949999809265137
   vertex 5.0833330154418945 3.0999999046325684 9.75
   vertex 5.0833330154418945 3.124000072479248 9.75
  endloop
 endfacet
 facet normal 1 0 -0
  outer loop
   vertex 5.0833330154418945 3.0999999046325684 10.949999809265137
   vertex 5.0833330154418945 3.124000072479248 9.75
   vertex 5.0833330154418945 3.124000072479248 10.949999809265137
  endloop
 endfacet
 facet normal 0 -1 0
  outer loop
   vertex 5.0833330154418945 3.0999999046325684 10.949999809265137
   vertex 3.5833330154418945 3.0999999046325684 9.75
   vertex 5.0833330154418945 3.0999999046325684 9.75
  endloop
 endfacet
 facet normal 0 -1 0
  outer loop
   vertex 5.0833330154418945 3.0999999046325684 10.949999809265137
   vertex 3.5833330154418945 3.0999999046325684 10.949999809265137
   vertex 3.5833330154418945 3.0999999046325684 9.75
  endloop
 endfacet
 facet normal 0 1 -0
  outer loop
   vertex 5.0833330154418945 3.124000072479248 10.949999809265137
   vertex 5.0833330154418945 3.124000072479248 9.75
   vertex 3.5833330154418945 3.124000072479248 9.75
  endloop
 endfacet
 facet normal 0 1 0
  outer loop
   vertex 5.0833330154418945 3.124000072479248 10.949999809265137
   vertex 3.5833330154418945 3.124000072479248 9.75
   vertex 3.5833330154418945 3.124000072479248 10.949999809265137
  endloop
 endfacet
 facet normal 0 0 -1
  outer loop
   vertex 5.0833330154418945 3.124000072479248 9.75
   vertex 3.5833330154418945 3.0999999046325684 9.75
   vertex 3.5833330154418945 3.124000072479248 9.75
  endloop
 endfacet
 facet normal 0 0 -1
  outer loop
   vertex 5.0833330154418945 3.124000072479248 9.75
   vertex 5.0833330154418945 3.0999999046325684 9.75
   vertex 3.5833330154418945 3.0999999046325684 9.75
  endloop
 endfacet
 facet normal -0 0 1
  outer loop
   vertex 5.0833330154418945 3.124000072479248 10.949999809265137
   vertex 3.5833330154418945 3.124000072479248 10.949999809265137
   vertex 3.5833330154418945 3.0999999046325684 10.949999809265137
  endloop
 endfacet
 facet normal 0 0 1
  outer loop
   vertex 5.0833330154418945 3.124000072479248 10.949999809265137
   vertex 3.5833330154418945 3.0999999046325684 10.949999809265137
   vertex 5.0833330154418945 3.0999999046325684 10.949999809265137
  endloop
 endfacet
 facet normal -1 0 0
  outer loop
   vertex 3.5833330154418945 3.0999999046325684 8.25
   vertex 3.5833330154418945 3.124000072479248 7.0500001907348633
   vertex 3.5833330154418945 3.0999999046325684 7.0500001907348633
  endloop
 endfacet
 facet normal -1 -0 -0
  outer loop
   vertex 3.5833330154418945 3.0999999046325684 8.25
   vertex 3.5833330154418945 3.124000072479248 8.25
   vertex 3.5833330154418945 3.124000072479248 7.0500001907348633
  endloop
 endfacet
 facet normal 1 0 0
  outer loop
   vertex 5.0833330154418945 3.0999999046325684 8.25
   vertex 5.0833330154418945 3.0999999046325684 7.0500001907348633
   vertex 5.0833330154418945 3.124000072479248 7.0500001907348633
  endloop
 endfacet
 facet normal 1 0 -0
  outer loop
   vertex 5.0833330154418945 3.0999999046325684 8.25
   vertex 5.0833330154418945 3.124000072479248 7.0500001907348633
   vertex 5.0833330154418945 3.124000072479248 8.25
  endloop
 endfacet
 facet normal 0 -1 0
  outer loop
   vertex 5.0833330154418945 3.0999999046325684 8.25
   vertex 3.5833330154418945 3.0999999046325684 7.0500001907348633
   vertex 5.0833330154418945 3.0999999046325684 7.0500001907348633
  endloop
 endfacet
 facet normal 0 -1 0
  outer loop
   vertex 5.0833330154418945 3.0999999046325684 8.25
   vertex 3.5833330154418945 3.0999999046325684 8.25
   vertex 3.5833330154418945 3.0999999046325684 7.0500001907348633
  endloop
 endfacet
 facet normal 0 1 -0
  outer loop
   vertex 5.0833330154418945 3.124000072479248 8.25
   vertex 5.0833330154418945 3.124000072479248 7.0500001907348633
   vertex 3.5833330154418945 3.124000072479248 7.0500001907348633
  endloop
 endfacet
 facet normal 0 1 0
  outer loop
   vertex 5.0833330154418945 3.124000072479248 8.25
   vertex 3.5833330154418945 3.124000072479248 7.0500001907348633
   vertex 3.5833330154418945 3.124000072479248 8.25
  endloop
 endfacet
 facet normal 0 0 -1
  outer loop
   vertex 5.0833330154418945 3.124000072479248 7.0500001907348633
   vertex 3.5833330154418945 3.0999999046325684 7.0500001907348633
   vertex 3.5833330154418945 3.124000072479248 7.0500001907348633
  endloop
 endfacet
 facet normal 0 0 -1
  outer loop
   vertex 5.0833330154418945 3.124000072479248 7.0500001907348633
   vertex 5.0833330154418945 3.0999999046325684 7.0500001907348633
   vertex 3.5833330154418945 3.0999999046325684 7.0500001907348633
  endloop
 endfacet
 facet normal -0 0 1
  outer loop
   vertex 5.0833330154418945 3.124000072479248 8.25
   vertex 3.5833330154418945 3.124000072479248 8.25
   vertex 3.5833330154418945 3.0999999046325684 8.25
  endloop
 endfacet
 facet normal 0 0 1
  outer loop
   vertex 5.0833330154418945 3.124000072479248 8.25
   vertex 3.5833330154418945 3.0999999046325684 8.25
   vertex 5.0833330154418945 3.0999999046325684 8.25
  endloop
 endfacet
 facet normal -1 0 0
  outer loop
   vertex 3.5833330154418945 3.0999999046325684 2.8499999046325684
   vertex 3.5833330154418945 3.124000072479248 1.6499999761581421
   vertex 3.5833330154418945 3.0999999046325684 1.6499999761581421
  endloop
 endfacet
 facet normal -1 -0 -0
  outer loop
   vertex 3.5833330154418945 3.0999999046325684 2.8499999046325684
   vertex 3.5833330154418945 3.124000072479248 2.8499999046325684
   vertex 3.5833330154418945 3.124000072479248 1.6499999761581421
  endloop
 endfacet
 facet normal 1 0 0
  outer loop
   vertex 5.0833330154418945 3.0999999046325684 2.8499999046325684
   vertex 5.0833330154418945 3.0999999046325684 1.6499999761581421
   vertex 5.0833330154418945 3.124000072479248 1.6499999761581421
  endloop
 endfacet
 facet normal 1 0 -0
  outer loop
   vertex 5.0833330154418945 3.0999999046325684 2.8499999046325684
   vertex 5.0833330154418945 3.124000072479248 1.6499999761581421
   vertex 5.0833330154418945 3.124000072479248 2.8499999046325684
  endloop
 endfacet
 facet normal 0 -1 0
  outer loop
   vertex 5.0833330154418945 3.0999999046325684 2.8499999046325684
   vertex 3.5833330154418945 3.0999999046325684 1.6499999761581421
   vertex 5.0833330154418945 3.0999999046325684 1.6499999761581421
  endloop
 endfacet
 facet normal 0 -1 0
  outer loop
   vertex 5.0833330154418945 3.0999999046325684 2.8499999046325684
   vertex 3.5833330154418945 3.0999999046325684 2.8499999046325684
   vertex 3.5833330154418945 3.0999999046325684 1.6499999761581421
  endloop
 endfacet
 facet normal 0 1 -0
  outer loop
   vertex 5.0833330154418945 3.124000072479248 2.8499999046325684
   vertex 5.0833330154418945 3.124000072479248 1.6499999761581421
   vertex 3.5833330154418945 3.124000072479248 1.6499999761581421
  endloop
 endfacet
 facet normal 0 1 0
  outer loop
   vertex 5.0833330154418945 3.124000072479248 2.8499999046325684
   vertex 3.5833330154418945 3.124000072479248 1.6499999761581421
   vertex 3.5833330154418945 3.124000072479248 2.8499999046325684
  endloop
 endfacet
 facet normal 0 0 -1
  outer loop
   vertex 5.0833330154418945 3.124000072479248 1.6499999761581421
   vertex 3.5833330154418945 3.0999999046325684 1.6499999761581421
   vertex 3.5833330154418945 3.124000072479248 1.6499999761581421
  endloop
 endfacet
 facet normal 0 0 -1
  outer loop
   vertex 5.0833330154418945 3.124000072479248 1.6499999761581421
   vertex 5.0833330154418945 3.0999999046325684 1.6499999761581421
   vertex 3.5833330154418945 3.0999999046325684 1.6499999761581421
  endloop
 endfacet
 facet normal -0 0 1
  outer loop
   vertex 5.0833330154418945 3.124000072479248 2.8499999046325684
   vertex 3.5833330154418945 3.124000072479248 2.8499999046325684
   vertex 3.5833330154418945 3.0999999046325684 2.8499999046325684
  endloop
 endfacet
 facet normal 0 0 1
  outer loop
   vertex 5.0833330154418945 3.124000072479248 2.8499999046325684
   vertex 3.5833330154418945 3.0999999046325684 2.8499999046325684
   vertex 5.0833330154418945 3.0999999046325684 2.8499999046325684
  endloop
 endfacet
 facet normal -1 0 0
  outer loop
   vertex 3.5833330154418945 3.0999999046325684 5.5500001907348633
   vertex 3.5833330154418945 3.124000072479248 4.3499999046325684
   vertex 3.5833330154418945 3.0999999046325684 4.3499999046325684
  endloop
 endfacet
 facet normal -1 -0 -0
  outer loop
   vertex 3.5833330154418945 3.0999999046325684 5.5500001907348633
   vertex 3.5833330154418945 3.124000072479248 5.5500001907348633
   vertex 3.5833330154418945 3.124000072479248 4.3499999046325684
  endloop
 endfacet
 facet normal 1 0 0
  outer loop
   vertex 5.0833330154418945 3.0999999046325684 5.5500001907348633
   vertex 5.0833330154418945 3.0999999046325684 4.3499999046325684
   vertex 5.0833330154418945 3.124000072479248 4.3499999046325684
  endloop
 endfacet
 facet normal 1 0 -0
  outer loop
   vertex 5.0833330154418945 3.0999999046325684 5.5500001907348633
   vertex 5.0833330154418945 3.124000072479248 4.3499999046325684
   vertex 5.0833330154418945 3.124000072479248 5.5500001907348633
  endloop
 endfacet
 facet normal 0 -1 0
  outer loop
   vertex 5.0833330154418945 3.0999999046325684 5.5500001907348633
   vertex 3.5833330154418945 3.0999999046325684 4.3499999046325684
   vertex 5.0833330154418945 3.0999999046325684 4.3499999046325684
  endloop
 endfacet
 facet normal 0 -1 0
  outer loop
   vertex 5.0833330154418945 3.0999999046325684 5.5500001907348633
   vertex 3.5833330154418945 3.0999999046325684 5.5500001907348633
   vertex 3.5833330154418945 3.0999999046325684 4.3499999046325684
  endloop
 endfacet
 facet normal 0 1 -0
  outer loop
   vertex 5.0833330154418945 3.124000072479248 5.5500001907348633
   vertex 5.0833330154418945 3.124000072479248 4.3499999046325684
   vertex 3.5833330154418945 3.124000072479248 4.3499999046325684
  endloop
 endfacet
 facet normal 0 1 0
  outer loop
   vertex 5.0833330154418945 3.124000072479248 5.5500001907348633
   vertex 3.5833330154418945 3.124000072479248 4.3499999046325684
   vertex 3.5833330154418945 3.124000072479248 5.5500001907348633
  endloop
 endfacet
 facet normal 0 0 -1
  outer loop
   vertex 5.0833330154418945 3.124000072479248 4.3499999046325684
   vertex 3.5833330154418945 3.0999999046325684 4.3499999046325684
   vertex 3.5833330154418945 3.124000072479248 4.3499999046325684
  endloop
 endfacet
 facet normal 0 0 -1
  outer loop
   vertex 5.0833330154418945 3.124000072479248 4.3499999046325684
   vertex 5.0833330154418945 3.0999999046325684 4.3499999046325684
   vertex 3.5833330154418945 3.0999999046325684 4.3499999046325684
  endloop
 endfacet
 facet normal -0 0 1
  outer loop
   vertex 5.0833330154418945 3.124000072479248 5.5500001907348633
   vertex 3.5833330154418945 3.124000072479248 5.5500001907348633
   vertex 3.5833330154418945 3.0999999046325684 5.5500001907348633
  endloop
 endfacet
 facet normal 0 0 1
  outer loop
   vertex 5.0833330154418945 3.124000072479248 5.5500001907348633
   vertex 3.5833330154418945 3.0999999046325684 5.5500001907348633
   vertex 5.0833330154418945 3.0999999046325684 5.5500001907348633
  endloop
 endfacet
 facet normal -1 0 0
  outer loop
   vertex 33.583328247070312 67.875999450683594 5.5500001907348633
   vertex 33.583328247070312 67.900001525878906 4.3499999046325684
   vertex 33.583328247070312 67.875999450683594 4.3499999046325684
  endloop
 endfacet
 facet normal -1 -0 -0
  outer loop
   vertex 33.583328247070312 67.875999450683594 5.5500001907348633
   vertex 33.583328247070312 67.900001525878906 5.5500001907348633
   vertex 33.583328247070312 67.900001525878906 4.3499999046325684
  endloop
 endfacet
 facet normal 1 0 0
  outer loop
   vertex 35.083328247070312 67.875999450683594 5.5500001907348633
   vertex 35.083328247070312 67.875999450683594 4.3499999046325684
   vertex 35.083328247070312 67.900001525878906 4.3499999046325684
  endloop
 endfacet
 facet normal 1 0 -0
  outer loop
   vertex 35.083328247070312 67.875999450683594 5.5500001907348633
   vertex 35.083328247070312 67.900001525878906 4.3499999046325684
   vertex 35.083328247070312 67.900001525878906 5.5500001907348633
  endloop
 endfacet
 facet normal 0 -1 0
  outer loop
   vertex 35.083328247070312 67.875999450683594 5.5500001907348633
   vertex 33.583328247070312 67.875999450683594 4.3499999046325684
   vertex 35.083328247070312 67.875999450683594 4.3499999046325684
  endloop
 endfacet
 facet normal 0 -1 0
  outer loop
   vertex 35.083328247070312 67.875999450683594 5.5500001907348633
   vertex 33.583328247070312 67.875999450683594 5.5500001907348633
   vertex 33.583328247070312 67.875999450683594 4.3499999046325684
  endloop
 endfacet
 facet normal 0 1 -0
  outer loop
   vertex 35.083328247070312 67.900001525878906 5.5500001907348633
   vertex 35.083328247070312 67.900001525878906 4.3499999046325684
   vertex 33.583328247070312 67.900001525878906 4.3499999046325684
  endloop
 endfacet
 facet normal 0 1 0
  outer loop
   vertex 35.083328247070312 67.900001525878906 5.5500001907348633
   vertex 33.583328247070312 67.900001525878906 4.3499999046325684
   vertex 33.583328247070312 67.900001525878906 5.5500001907348633
  endloop
 endfacet
 facet normal 0 0 -1
  outer loop
   vertex 35.083328247070312 67.900001525878906 4.3499999046325684
   vertex 33.583328247070312 67.875999450683594 4.3499999046325684
   vertex 33.583328247070312 67.900001525878906 4.3499999046325684
  endloop
 endfacet
 facet normal 0 0 -1
  outer loop
   vertex 35.083328247070312 67.900001525878906 4.3499999046325684
   vertex 35.083328247070312 67.875999450683594 4.3499999046325684
   vertex 33.583328247070312 67.875999450683594 4.3499999046325684
  endloop
 endfacet
 facet normal -0 0 1
  outer loop
   vertex 35.083328247070312 67.900001525878906 5.5500001907348633
   vertex 33.583328247070312 67.900001525878906 5.5500001907348633
   vertex 33.583328247070312 67.875999450683594 5.5500001907348633
  endloop
 endfacet
 facet normal 0 0 1
  outer loop
   vertex 35.083328247070312 67.900001525878906 5.5500001907348633
   vertex 33.583328247070312 67.875999450683594 5.5500001907348633
   vertex 35.083328247070312 67.875999450683594 5.5500001907348633
  endloop
 endfacet
 facet normal -1 0 0
  outer loop
   vertex 40.25 67.875999450683594 13.649999618530273
   vertex 40.25 67.900001525878906 12.449999809265137
   vertex 40.25 67.875999450683594 12.449999809265137
  endloop
 endfacet
 facet normal -1 -0 -0
  outer loop
   vertex 40.25 67.875999450683594 13.649999618530273
   vertex 40.25 67.900001525878906 13.649999618530273
   vertex 40.25 67.900001525878906 12.449999809265137
  endloop
 endfacet
 facet normal 1 0 0
  outer loop
   vertex 41.75 67.875999450683594 13.649999618530273
   vertex 41.75 67.875999450683594 12.449999809265137
   vertex 41.75 67.900001525878906 12.449999809265137
  endloop
 endfacet
 facet normal 1 0 -0
  outer loop
   vertex 41.75 67.875999450683594 13.649999618530273
   vertex 41.75 67.900001525878906 12.449999809265137
   vertex 41.75 67.900001525878906 13.649999618530273
  endloop
 endfacet
 facet normal 0 -1 0
  outer loop
   vertex 41.75 67.875999450683594 12.449999809265137
   vertex 40.25 67.875999450683594 13.649999618530273
   vertex 40.25 67.875999450683594 12.449999809265137
  endloop
 endfacet
 facet normal 0 -1 0
  outer loop
   vertex 41.75 67.875999450683594 13.649999618530273
   vertex 40.25 67.875999450683594 13.649999618530273
   vertex 41.75 67.875999450683594 12.449999809265137
  endloop
 endfacet
 facet normal 0 1 0
  outer loop
   vertex 41.75 67.900001525878906 12.449999809265137
   vertex 40.25 67.900001525878906 12.449999809265137
   vertex 40.25 67.900001525878906 13.649999618530273
  endloop
 endfacet
 facet normal 0 1 -0
  outer loop
   vertex 41.75 67.900001525878906 13.649999618530273
   vertex 41.75 67.900001525878906 12.449999809265137
   vertex 40.25 67.900001525878906 13.649999618530273
  endloop
 endfacet
 facet normal 0 0 -1
  outer loop
   vertex 41.75 67.900001525878906 12.449999809265137
   vertex 40.25 67.875999450683594 12.449999809265137
   vertex 40.25 67.900001525878906 12.449999809265137
  endloop
 endfacet
 facet normal 0 0 -1
  outer loop
   vertex 41.75 67.900001525878906 12.449999809265137
   vertex 41.75 67.875999450683594 12.449999809265137
   vertex 40.25 67.875999450683594 12.449999809265137
  endloop
 endfacet
 facet normal -0 0 1
  outer loop
   vertex 41.75 67.900001525878906 13.649999618530273
   vertex 40.25 67.900001525878906 13.649999618530273
   vertex 40.25 67.875999450683594 13.649999618530273
  endloop
 endfacet
 facet normal 0 0 1
  outer loop
   vertex 41.75 67.900001525878906 13.649999618530273
   vertex 40.25 67.875999450683594 13.649999618530273
   vertex 41.75 67.875999450683594 13.649999618530273
  endloop
 endfacet
 facet normal -1 0 0
  outer loop
   vertex 33.583328247070312 67.875999450683594 10.949999809265137
   vertex 33.583328247070312 67.900001525878906 9.75
   vertex 33.583328247070312 67.875999450683594 9.75
  endloop
 endfacet
 facet normal -1 -0 -0
  outer loop
   vertex 33.583328247070312 67.875999450683594 10.949999809265137
   vertex 33.583328247070312 67.900001525878906 10.949999809265137
   vertex 33.583328247070312 67.900001525878906 9.75
  endloop
 endfacet
 facet normal 1 0 0
  outer loop
   vertex 35.083328247070312 67.875999450683594 10.949999809265137
   vertex 35.083328247070312 67.875999450683594 9.75
   vertex 35.083328247070312 67.900001525878906 9.75
  endloop
 endfacet
 facet normal 1 0 -0
  outer loop
   vertex 35.083328247070312 67.875999450683594 10.949999809265137
   vertex 35.083328247070312 67.900001525878906 9.75
   vertex 35.083328247070312 67.900001525878906 10.949999809265137
  endloop
 endfacet
 facet normal 0 -1 0
  outer loop
   vertex 35.083328247070312 67.875999450683594 10.949999809265137
   vertex 33.583328247070312 67.875999450683594 9.75
   vertex 35.083328247070312 67.875999450683594 9.75
  endloop
 endfacet
 facet normal 0 -1 0
  outer loop
   vertex 35.083328247070312 67.875999450683594 10.949999809265137
   vertex 33.583328247070312 67.875999450683594 10.949999809265137
   vertex 33.583328247070312 67.875999450683594 9.75
  endloop
 endfacet
 facet normal 0 1 -0
  outer loop
   vertex 35.083328247070312 67.900001525878906 10.949999809265137
   vertex 35.083328247070312 67.900001525878906 9.75
   vertex 33.583328247070312 67.900001525878906 9.75
  endloop
 endfacet
 facet normal 0 1 0
  outer loop
   vertex 35.083328247070312 67.900001525878906 10.949999809265137
   vertex 33.583328247070312 67.900001525878906 9.75
   vertex 33.583328247070312 67.900001525878906 10.949999809265137
  endloop
 endfacet
 facet normal 0 0 -1
  outer loop
   vertex 35.083328247070312 67.900001525878906 9.75
   vertex 33.583328247070312 67.875999450683594 9.75
   vertex 33.583328247070312 67.900001525878906 9.75
  endloop
 endfacet
 facet normal 0 0 -1
  outer loop
   vertex 35.083328247070312 67.900001525878906 9.75
   vertex 35.083328247070312 67.875999450683594 9.75
   vertex 33.583328247070312 67.875999450683594 9.75
  endloop
 endfacet
 facet normal -0 0 1
  outer loop
   vertex 35.083328247070312 67.900001525878906 10.949999809265137
   vertex 33.583328247070312 67.900001525878906 10.949999809265137
   vertex 33.583328247070312 67.875999450683594 10.949999809265137
  endloop
 endfacet
 facet normal 0 0 1
  outer loop
   vertex 35.083328247070312 67.900001525878906 10.949999809265137
   vertex 33.583328247070312 67.875999450683594 10.949999809265137
   vertex 35.083328247070312 67.875999450683594 10.949999809265137
  endloop
 endfacet
 facet normal -1 0 0
  outer loop
   vertex 40.25 67.875999450683594 2.8499999046325684
   vertex 40.25 67.900001525878906 1.6499999761581421
   vertex 40.25 67.875999450683594 1.6499999761581421
  endloop
 endfacet
 facet normal -1 -0 -0
  outer loop
   vertex 40.25 67.875999450683594 2.8499999046325684
   vertex 40.25 67.900001525878906 2.8499999046325684
   vertex 40.25 67.900001525878906 1.6499999761581421
  endloop
 endfacet
 facet normal 1 0 0
  outer loop
   vertex 41.75 67.875999450683594 2.8499999046325684
   vertex 41.75 67.875999450683594 1.6499999761581421
   vertex 41.75 67.900001525878906 1.6499999761581421
  endloop
 endfacet
 facet normal 1 0 -0
  outer loop
   vertex 41.75 67.875999450683594 2.8499999046325684
   vertex 41.75 67.900001525878906 1.6499999761581421
   vertex 41.75 67.900001525878906 2.8499999046325684
  endloop
 endfacet
 facet normal 0 -1 0
  outer loop
   vertex 41.75 67.875999450683594 2.8499999046325684
   vertex 40.25 67.875999450683594 1.6499999761581421
   vertex 41.75 67.875999450683594 1.6499999761581421
  endloop
 endfacet
 facet normal 0 -1 0
  outer loop
   vertex 41.75 67.875999450683594 2.8499999046325684
   vertex 40.25 67.875999450683594 2.8499999046325684
   vertex 40.25 67.875999450683594 1.6499999761581421
  endloop
 endfacet
 facet normal 0 1 -0
  outer loop
   vertex 41.75 67.900001525878906 2.8499999046325684
   vertex 41.75 67.900001525878906 1.6499999761581421
   vertex 40.25 67.900001525878906 1.6499999761581421
  endloop
 endfacet
 facet normal 0 1 0
  outer loop
   vertex 41.75 67.900001525878906 2.8499999046325684
   vertex 40.25 67.900001525878906 1.6499999761581421
   vertex 40.25 67.900001525878906 2.8499999046325684
  endloop
 endfacet
 facet normal 0 0 -1
  outer loop
   vertex 41.75 67.900001525878906 1.6499999761581421
   vertex 40.25 67.875999450683594 1.6499999761581421
   vertex 40.25 67.900001525878906 1.6499999761581421
  endloop
 endfacet
 facet normal 0 0 -1
  outer loop
   vertex 41.75 67.900001525878906 1.6499999761581421
   vertex 41.75 67.875999450683594 1.6499999761581421
   vertex 40.25 67.875999450683594 1.6499999761581421
  endloop
 endfacet
 facet normal -0 0 1
  outer loop
   vertex 41.75 67.900001525878906 2.8499999046325684
   vertex 40.25 67.900001525878906 2.8499999046325684
   vertex 40.25 67.875999450683594 2.8499999046325684
  endloop
 endfacet
 facet normal 0 0 1
  outer loop
   vertex 41.75 67.900001525878906 2.8499999046325684
   vertex 40.25 67.875999450683594 2.8499999046325684
   vertex 41.75 67.875999450683594 2.8499999046325684
  endloop
 endfacet
 facet normal -1 0 0
  outer loop
   vertex 40.25 67.875999450683594 8.25
   vertex 40.25 67.900001525878906 7.0500001907348633
   vertex 40.25 67.875999450683594 7.0500001907348633
  endloop
 endfacet
 facet normal -1 -0 -0
  outer loop
   vertex 40.25 67.875999450683594 8.25
   vertex 40.25 67.900001525878906 8.25
   vertex 40.25 67.900001525878906 7.0500001907348633
  endloop
 endfacet
 facet normal 1 0 0
  outer loop
   vertex 41.75 67.875999450683594 8.25
   vertex 41.75 67.875999450683594 7.0500001907348633
   vertex 41.75 67.900001525878906 7.0500001907348633
  endloop
 endfacet
 facet normal 1 0 -0
  outer loop
   vertex 41.75 67.875999450683594 8.25
   vertex 41.75 67.900001525878906 7.0500001907348633
   vertex 41.75 67.900001525878906 8.25
  endloop
 endfacet
 facet normal 0 -1 0
  outer loop
   vertex 41.75 67.875999450683594 8.25
   vertex 40.25 67.875999450683594 7.0500001907348633
   vertex 41.75 67.875999450683594 7.0500001907348633
  endloop
 endfacet
 facet normal 0 -1 0
  outer loop
   vertex 41.75 67.875999450683594 8.25
   vertex 40.25 67.875999450683594 8.25
   vertex 40.25 67.875999450683594 7.0500001907348633
  endloop
 endfacet
 facet normal 0 1 -0
  outer loop
   vertex 41.75 67.900001525878906 8.25
   vertex 41.75 67.900001525878906 7.0500001907348633
   vertex 40.25 67.900001525878906 7.0500001907348633
  endloop
 endfacet
 facet normal 0 1 0
  outer loop
   vertex 41.75 67.900001525878906 8.25
   vertex 40.25 67.900001525878906 7.0500001907348633
   vertex 40.25 67.900001525878906 8.25
  endloop
 endfacet
 facet normal 0 0 -1
  outer loop
   vertex 41.75 67.900001525878906 7.0500001907348633
   vertex 40.25 67.875999450683594 7.0500001907348633
   vertex 40.25 67.900001525878906 7.0500001907348633
  endloop
 endfacet
 facet normal 0 0 -1
  outer loop
   vertex 41.75 67.900001525878906 7.0500001907348633
   vertex 41.75 67.875999450683594 7.0500001907348633
   vertex 40.25 67.875999450683594 7.0500001907348633
  endloop
 endfacet
 facet normal -0 0 1
  outer loop
   vertex 41.75 67.900001525878906 8.25
   vertex 40.25 67.900001525878906 8.25
   vertex 40.25 67.875999450683594 8.25
  endloop
 endfacet
 facet normal 0 0 1
  outer loop
   vertex 41.75 67.900001525878906 8.25
   vertex 40.25 67.875999450683594 8.25
   vertex 41.75 67.875999450683594 8.25
  endloop
 endfacet
 facet normal -1 0 0
  outer loop
   vertex 46.916671752929688 67.875999450683594 5.5500001907348633
   vertex 46.916671752929688 67.900001525878906 4.3499999046325684
   vertex 46.916671752929688 67.875999450683594 4.3499999046325684
  endloop
 endfacet
 facet normal -1 -0 -0
  outer loop
   vertex 46.916671752929688 67.875999450683594 5.5500001907348633
   vertex 46.916671752929688 67.900001525878906 5.5500001907348633
   vertex 46.916671752929688 67.900001525878906 4.3499999046325684
  endloop
 endfacet
 facet normal 1 0 0
  outer loop
   vertex 48.416671752929688 67.875999450683594 5.5500001907348633
   vertex 48.416671752929688 67.875999450683594 4.3499999046325684
   vertex 48.416671752929688 67.900001525878906 4.3499999046325684
  endloop
 endfacet
 facet normal 1 0 -0
  outer loop
   vertex 48.416671752929688 67.875999450683594 5.5500001907348633
   vertex 48.416671752929688 67.900001525878906 4.3499999046325684
   vertex 48.416671752929688 67.900001525878906 5.5500001907348633
  endloop
 endfacet
 facet normal 0 -1 0
  outer loop
   vertex 48.416671752929688 67.875999450683594 5.5500001907348633
   vertex 46.916671752929688 67.875999450683594 4.3499999046325684
   vertex 48.416671752929688 67.875999450683594 4.3499999046325684
  endloop
 endfacet
 facet normal 0 -1 0
  outer loop
   vertex 48.416671752929688 67.875999450683594 5.5500001907348633
   vertex 46.916671752929688 67.875999450683594 5.5500001907348633
   vertex 46.916671752929688 67.875999450683594 4.3499999046325684
  endloop
 endfacet
 facet normal 0 1 -0
  outer loop
   vertex 48.416671752929688 67.900001525878906 5.5500001907348633
   vertex 48.416671752929688 67.900001525878906 4.3499999046325684
   vertex 46.916671752929688 67.900001525878906 4.3499999046325684
  endloop
 endfacet
 facet normal 0 1 0
  outer loop
   vertex 48.416671752929688 67.900001525878906 5.5500001907348633
   vertex 46.916671752929688 67.900001525878906 4.3499999046325684
   vertex 46.916671752929688 67.900001525878906 5.5500001907348633
  endloop
 endfacet
 facet normal 0 0 -1
  outer loop
   vertex 48.416671752929688 67.900001525878906 4.3499999046325684
   vertex 46.916671752929688 67.875999450683594 4.3499999046325684
   vertex 46.916671752929688 67.900001525878906 4.3499999046325684
  endloop
 endfacet
 facet normal 0 0 -1
  outer loop
   vertex 48.416671752929688 67.900001525878906 4.3499999046325684
   vertex 48.416671752929688 67.875999450683594 4.3499999046325684
   vertex 46.916671752929688 67.875999450683594 4.3499999046325684
  endloop
 endfacet
 facet normal -0 0 1
  outer loop
   vertex 48.416671752929688 67.900001525878906 5.5500001907348633
   vertex 46.916671752929688 67.900001525878906 5.5500001907348633
   vertex 46.916671752929688 67.875999450683594 5.5500001907348633
  endloop
 endfacet
 facet normal 0 0 1
  outer loop
   vertex 48.416671752929688 67.900001525878906 5.5500001907348633
   vertex 46.916671752929688 67.875999450683594 5.5500001907348633
   vertex 48.416671752929688 67.875999450683594 5.5500001907348633
  endloop
 endfacet
 facet normal -1 0 0
  outer loop
   vertex 46.916671752929688 67.875999450683594 10.949999809265137
   vertex 46.916671752929688 67.900001525878906 9.75
   vertex 46.916671752929688 67.875999450683594 9.75
  endloop
 endfacet
 facet normal -1 -0 -0
  outer loop
   vertex 46.916671752929688 67.875999450683594 10.949999809265137
   vertex 46.916671752929688 67.900001525878906 10.949999809265137
   vertex 46.916671752929688 67.900001525878906 9.75
  endloop
 endfacet
 facet normal 1 0 0
  outer loop
   vertex 48.416671752929688 67.875999450683594 10.949999809265137
   vertex 48.416671752929688 67.875999450683594 9.75
   vertex 48.416671752929688 67.900001525878906 9.75
  endloop
 endfacet
 facet normal 1 0 -0
  outer loop
   vertex 48.416671752929688 67.875999450683594 10.949999809265137
   vertex 48.416671752929688 67.900001525878906 9.75
   vertex 48.416671752929688 67.900001525878906 10.949999809265137
  endloop
 endfacet
 facet normal 0 -1 0
  outer loop
   vertex 48.416671752929688 67.875999450683594 10.949999809265137
   vertex 46.916671752929688 67.875999450683594 9.75
   vertex 48.416671752929688 67.875999450683594 9.75
  endloop
 endfacet
 facet normal 0 -1 0
  outer loop
   vertex 48.416671752929688 67.875999450683594 10.949999809265137
   vertex 46.916671752929688 67.875999450683594 10.949999809265137
   vertex 46.916671752929688 67.875999450683594 9.75
  endloop
 endfacet
 facet normal 0 1 -0
  outer loop
   vertex 48.416671752929688 67.900001525878906 10.949999809265137
   vertex 48.416671752929688 67.900001525878906 9.75
   vertex 46.916671752929688 67.900001525878906 9.75
  endloop
 endfacet
 facet normal 0 1 0
  outer loop
   vertex 48.416671752929688 67.900001525878906 10.949999809265137
   vertex 46.916671752929688 67.900001525878906 9.75
   vertex 46.916671752929688 67.900001525878906 10.949999809265137
  endloop
 endfacet
 facet normal 0 0 -1
  outer loop
   vertex 48.416671752929688 67.900001525878906 9.75
   vertex 46.916671752929688 67.875999450683594 9.75
   vertex 46.916671752929688 67.900001525878906 9.75
  endloop
 endfacet
 facet normal 0 0 -1
  outer loop
   vertex 48.416671752929688 67.900001525878906 9.75
   vertex 48.416671752929688 67.875999450683594 9.75
   vertex 46.916671752929688 67.875999450683594 9.75
  endloop
 endfacet
 facet normal -0 0 1
  outer loop
   vertex 48.416671752929688 67.900001525878906 10.949999809265137
   vertex 46.916671752929688 67.900001525878906 10.949999809265137
   vertex 46.916671752929688 67.875999450683594 10.949999809265137
  endloop
 endfacet
 facet normal 0 0 1
  outer loop
   vertex 48.416671752929688 67.900001525878906 10.949999809265137
   vertex 46.916671752929688 67.875999450683594 10.949999809265137
   vertex 48.416671752929688 67.875999450683594 10.949999809265137
  endloop
 endfacet
 facet normal -1 0 0
  outer loop
   vertex 46.916671752929688 67.875999450683594 2.8499999046325684
   vertex 46.916671752929688 67.900001525878906 1.6499999761581421
   vertex 46.916671752929688 67.875999450683594 1.6499999761581421
  endloop
 endfacet
 facet normal -1 -0 -0
  outer loop
   vertex 46.916671752929688 67.875999450683594 2.8499999046325684
   vertex 46.916671752929688 67.900001525878906 2.8499999046325684
   vertex 46.916671752929688 67.900001525878906 1.6499999761581421
  endloop
 endfacet
 facet normal 1 0 0
  outer loop
   vertex 48.416671752929688 67.875999450683594 2.8499999046325684
   vertex 48.416671752929688 67.875999450683594 1.6499999761581421
   vertex 48.416671752929688 67.900001525878906 1.6499999761581421
  endloop
 endfacet
 facet normal 1 0 -0
  outer loop
   vertex 48.416671752929688 67.875999450683594 2.8499999046325684
   vertex 48.416671752929688 67.900001525878906 1.6499999761581421
   vertex 48.416671752929688 67.900001525878906 2.8499999046325684
  endloop
 endfacet
 facet normal 0 -1 0
  outer loop
   vertex 48.416671752929688 67.875999450683594 2.8499999046325684
   vertex 46.916671752929688 67.875999450683594 1.6499999761581421
   vertex 48.416671752929688 67.875999450683594 1.6499999761581421
  endloop
 endfacet
 facet normal 0 -1 0
  outer loop
   vertex 48.416671752929688 67.875999450683594 2.8499999046325684
   vertex 46.916671752929688 67.875999450683594 2.8499999046325684
   vertex 46.916671752929688 67.875999450683594 1.6499999761581421
  endloop
 endfacet
 facet normal 0 1 -0
  outer loop
   vertex 48.416671752929688 67.900001525878906 2.8499999046325684
   vertex 48.416671752929688 67.900001525878906 1.6499999761581421
   vertex 46.916671752929688 67.900001525878906 1.6499999761581421
  endloop
 endfacet
 facet normal 0 1 0
  outer loop
   vertex 48.416671752929688 67.900001525878906 2.8499999046325684
   vertex 46.916671752929688 67.900001525878906 1.6499999761581421
   vertex 46.916671752929688 67.900001525878906 2.8499999046325684
  endloop
 endfacet
 facet normal 0 0 -1
  outer loop
   vertex 48.416671752929688 67.900001525878906 1.6499999761581421
   vertex 46.916671752929688 67.875999450683594 1.6499999761581421
   vertex 46.916671752929688 67.900001525878906 1.6499999761581421
  endloop
 endfacet
 facet normal 0 0 -1
  outer loop
   vertex 48.416671752929688 67.900001525878906 1.6499999761581421
   vertex 48.416671752929688 67.875999450683594 1.6499999761581421
   vertex 46.916671752929688 67.875999450683594 1.6499999761581421
  endloop
 endfacet
 facet normal -0 0 1
  outer loop
   vertex 48.416671752929688 67.900001525878906 2.8499999046325684
   vertex 46.916671752929688 67.900001525878906 2.8499999046325684
   vertex 46.916671752929688 67.875999450683594 2.8499999046325684
  endloop
 endfacet
 facet normal 0 0 1
  outer loop
   vertex 48.416671752929688 67.900001525878906 2.8499999046325684
   vertex 46.916671752929688 67.875999450683594 2.8499999046325684
   vertex 48.416671752929688 67.875999450683594 2.8499999046325684
  endloop
 endfacet
 facet normal -1 0 0
  outer loop
   vertex 33.583328247070312 67.875999450683594 2.8499999046325684
   vertex 33.583328247070312 67.900001525878906 1.6499999761581421
   vertex 33.583328247070312 67.875999450683594 1.6499999761581421
  endloop
 endfacet
 facet normal -1 -0 -0
  outer loop
   vertex 33.583328247070312 67.875999450683594 2.8499999046325684
   vertex 33.583328247070312 67.900001525878906 2.8499999046325684
   vertex 33.583328247070312 67.900001525878906 1.6499999761581421
  endloop
 endfacet
 facet normal 1 0 0
  outer loop
   vertex 35.083328247070312 67.875999450683594 2.8499999046325684
   vertex 35.083328247070312 67.875999450683594 1.6499999761581421
   vertex 35.083328247070312 67.900001525878906 1.6499999761581421
  endloop
 endfacet
 facet normal 1 0 -0
  outer loop
   vertex 35.083328247070312 67.875999450683594 2.8499999046325684
   vertex 35.083328247070312 67.900001525878906 1.6499999761581421
   vertex 35.083328247070312 67.900001525878906 2.8499999046325684
  endloop
 endfacet
 facet normal 0 -1 0
  outer loop
   vertex 35.083328247070312 67.875999450683594 2.8499999046325684
   vertex 33.583328247070312 67.875999450683594 1.6499999761581421
   vertex 35.083328247070312 67.875999450683594 1.6499999761581421
  endloop
 endfacet
 facet normal 0 -1 0
  outer loop
   vertex 35.083328247070312 67.875999450683594 2.8499999046325684
   vertex 33.583328247070312 67.875999450683594 2.8499999046325684
   vertex 33.583328247070312 67.875999450683594 1.6499999761581421
  endloop
 endfacet
 facet normal 0 1 -0
  outer loop
   vertex 35.083328247070312 67.900001525878906 2.8499999046325684
   vertex 35.083328247070312 67.900001525878906 1.6499999761581421
   vertex 33.583328247070312 67.900001525878906 1.6499999761581421
  endloop
 endfacet
 facet normal 0 1 0
  outer loop
   vertex 35.083328247070312 67.900001525878906 2.8499999046325684
   vertex 33.583328247070312 67.900001525878906 1.6499999761581421
   vertex 33.583328247070312 67.900001525878906 2.8499999046325684
  endloop
 endfacet
 facet normal 0 0 -1
  outer loop
   vertex 35.083328247070312 67.900001525878906 1.6499999761581421
   vertex 33.583328247070312 67.875999450683594 1.6499999761581421
   vertex 33.583328247070312 67.900001525878906 1.6499999761581421
  endloop
 endfacet
 facet normal 0 0 -1
  outer loop
   vertex 35.083328247070312 67.900001525878906 1.6499999761581421
   vertex 35.083328247070312 67.875999450683594 1.6499999761581421
   vertex 33.583328247070312 67.875999450683594 1.6499999761581421
  endloop
 endfacet
 facet normal -0 0 1
  outer loop
   vertex 35.083328247070312 67.900001525878906 2.8499999046325684
   vertex 33.583328247070312 67.900001525878906 2.8499999046325684
   vertex 33.583328247070312 67.875999450683594 2.8499999046325684
  endloop
 endfacet
 facet normal 0 0 1
  outer loop
   vertex 35.083328247070312 67.900001525878906 2.8499999046325684
   vertex 33.583328247070312 67.875999450683594 2.8499999046325684
   vertex 35.083328247070312 67.875999450683594 2.8499999046325684
  endloop
 endfacet
 facet normal -1 0 0
  outer loop
   vertex 46.916671752929688 67.875999450683594 8.25
   vertex 46.916671752929688 67.900001525878906 7.0500001907348633
   vertex 46.916671752929688 67.875999450683594 7.0500001907348633
  endloop
 endfacet
 facet normal -1 -0 -0
  outer loop
   vertex 46.916671752929688 67.875999450683594 8.25
   vertex 46.916671752929688 67.900001525878906 8.25
   vertex 46.916671752929688 67.900001525878906 7.0500001907348633
  endloop
 endfacet
 facet normal 1 0 0
  outer loop
   vertex 48.416671752929688 67.875999450683594 8.25
   vertex 48.416671752929688 67.875999450683594 7.0500001907348633
   vertex 48.416671752929688 67.900001525878906 7.0500001907348633
  endloop
 endfacet
 facet normal 1 0 -0
  outer loop
   vertex 48.416671752929688 67.875999450683594 8.25
   vertex 48.416671752929688 67.900001525878906 7.0500001907348633
   vertex 48.416671752929688 67.900001525878906 8.25
  endloop
 endfacet
 facet normal 0 -1 0
  outer loop
   vertex 48.416671752929688 67.875999450683594 8.25
   vertex 46.916671752929688 67.875999450683594 7.0500001907348633
   vertex 48.416671752929688 67.875999450683594 7.0500001907348633
  endloop
 endfacet
 facet normal 0 -1 0
  outer loop
   vertex 48.416671752929688 67.875999450683594 8.25
   vertex 46.916671752929688 67.875999450683594 8.25
   vertex 46.916671752929688 67.875999450683594 7.0500001907348633
  endloop
 endfacet
 facet normal 0 1 -0
  outer loop
   vertex 48.416671752929688 67.900001525878906 8.25
   vertex 48.416671752929688 67.900001525878906 7.0500001907348633
   vertex 46.916671752929688 67.900001525878906 7.0500001907348633
  endloop
 endfacet
 facet normal 0 1 0
  outer loop
   vertex 48.416671752929688 67.900001525878906 8.25
   vertex 46.916671752929688 67.900001525878906 7.0500001907348633
   vertex 46.916671752929688 67.900001525878906 8.25
  endloop
 endfacet
 facet normal 0 0 -1
  outer loop
   vertex 48.416671752929688 67.900001525878906 7.0500001907348633
   vertex 46.916671752929688 67.875999450683594 7.0500001907348633
   vertex 46.916671752929688 67.900001525878906 7.0500001907348633
  endloop
 endfacet
 facet normal 0 0 -1
  outer loop
   vertex 48.416671752929688 67.900001525878906 7.0500001907348633
   vertex 48.416671752929688 67.875999450683594 7.0500001907348633
   vertex 46.916671752929688 67.875999450683594 7.0500001907348633
  endloop
 endfacet
 facet normal -0 0 1
  outer loop
   vertex 48.416671752929688 67.900001525878906 8.25
   vertex 46.916671752929688 67.900001525878906 8.25
   vertex 46.916671752929688 67.875999450683594 8.25
  endloop
 endfacet
 facet normal 0 0 1
  outer loop
   vertex 48.416671752929688 67.900001525878906 8.25
   vertex 46.916671752929688 67.875999450683594 8.25
   vertex 48.416671752929688 67.875999450683594 8.25
  endloop
 endfacet
 facet normal -1 0 0
  outer loop
   vertex 33.583328247070312 67.875999450683594 8.25
   vertex 33.583328247070312 67.900001525878906 7.0500001907348633
   vertex 33.583328247070312 67.875999450683594 7.0500001907348633
  endloop
 endfacet
 facet normal -1 -0 -0
  outer loop
   vertex 33.583328247070312 67.875999450683594 8.25
   vertex 33.583328247070312 67.900001525878906 8.25
   vertex 33.583328247070312 67.900001525878906 7.0500001907348633
  endloop
 endfacet
 facet normal 1 0 0
  outer loop
   vertex 35.083328247070312 67.875999450683594 8.25
   vertex 35.083328247070312 67.875999450683594 7.0500001907348633
   vertex 35.083328247070312 67.900001525878906 7.0500001907348633
  endloop
 endfacet
 facet normal 1 0 -0
  outer loop
   vertex 35.083328247070312 67.875999450683594 8.25
   vertex 35.083328247070312 67.900001525878906 7.0500001907348633
   vertex 35.083328247070312 67.900001525878906 8.25
  endloop
 endfacet
 facet normal 0 -1 0
  outer loop
   vertex 35.083328247070312 67.875999450683594 8.25
   vertex 33.583328247070312 67.875999450683594 7.0500001907348633
   vertex 35.083328247070312 67.875999450683594 7.0500001907348633
  endloop
 endfacet
 facet normal 0 -1 0
  outer loop
   vertex 35.083328247070312 67.875999450683594 8.25
   vertex 33.583328247070312 67.875999450683594 8.25
   vertex 33.583328247070312 67.875999450683594 7.0500001907348633
  endloop
 endfacet
 facet normal 0 1 -0
  outer loop
   vertex 35.083328247070312 67.900001525878906 8.25
   vertex 35.083328247070312 67.900001525878906 7.0500001907348633
   vertex 33.583328247070312 67.900001525878906 7.0500001907348633
  endloop
 endfacet
 facet normal 0 1 0
  outer loop
   vertex 35.083328247070312 67.900001525878906 8.25
   vertex 33.583328247070312 67.900001525878906 7.0500001907348633
   vertex 33.583328247070312 67.900001525878906 8.25
  endloop
 endfacet
 facet normal 0 0 -1
  outer loop
   vertex 35.083328247070312 67.900001525878906 7.0500001907348633
   vertex 33.583328247070312 67.875999450683594 7.0500001907348633
   vertex 33.583328247070312 67.900001525878906 7.0500001907348633
  endloop
 endfacet
 facet normal 0 0 -1
  outer loop
   vertex 35.083328247070312 67.900001525878906 7.0500001907348633
   vertex 35.083328247070312 67.875999450683594 7.0500001907348633
   vertex 33.583328247070312 67.875999450683594 7.0500001907348633
  endloop
 endfacet
 facet normal -0 0 1
  outer loop
   vertex 35.083328247070312 67.900001525878906 8.25
   vertex 33.583328247070312 67.900001525878906 8.25
   vertex 33.583328247070312 67.875999450683594 8.25
  endloop
 endfacet
 facet normal 0 0 1
  outer loop
   vertex 35.083328247070312 67.900001525878906 8.25
   vertex 33.583328247070312 67.875999450683594 8.25
   vertex 35.083328247070312 67.875999450683594 8.25
  endloop
 endfacet
 facet normal -1 0 0
  outer loop
   vertex 46.916671752929688 67.875999450683594 13.649999618530273
   vertex 46.916671752929688 67.900001525878906 12.449999809265137
   vertex 46.916671752929688 67.875999450683594 12.449999809265137
  endloop
 endfacet
 facet normal -1 -0 -0
  outer loop
   vertex 46.916671752929688 67.875999450683594 13.649999618530273
   vertex 46.916671752929688 67.900001525878906 13.649999618530273
   vertex 46.916671752929688 67.900001525878906 12.449999809265137
  endloop
 endfacet
 facet normal 1 0 0
  outer loop
   vertex 48.416671752929688 67.875999450683594 13.649999618530273
   vertex 48.416671752929688 67.875999450683594 12.449999809265137
   vertex 48.416671752929688 67.900001525878906 12.449999809265137
  endloop
 endfacet
 facet normal 1 0 -0
  outer loop
   vertex 48.416671752929688 67.875999450683594 13.649999618530273
   vertex 48.416671752929688 67.900001525878906 12.449999809265137
   vertex 48.416671752929688 67.900001525878906 13.649999618530273
  endloop
 endfacet
 facet normal 0 -1 0
  outer loop
   vertex 48.416671752929688 67.875999450683594 12.449999809265137
   vertex 46.916671752929688 67.875999450683594 13.649999618530273
   vertex 46.916671752929688 67.875999450683594 12.449999809265137
  endloop
 endfacet
 facet normal 0 -1 0
  outer loop
   vertex 48.416671752929688 67.875999450683594 13.649999618530273
   vertex 46.916671752929688 67.875999450683594 13.649999618530273
   vertex 48.416671752929688 67.875999450683594 12.449999809265137
  endloop
 endfacet
 facet normal 0 1 0
  outer loop
   vertex 48.416671752929688 67.900001525878906 12.449999809265137
   vertex 46.916671752929688 67.900001525878906 12.449999809265137
   vertex 46.916671752929688 67.900001525878906 13.649999618530273
  endloop
 endfacet
 facet normal 0 1 -0
  outer loop
   vertex 48.416671752929688 67.900001525878906 13.649999618530273
   vertex 48.416671752929688 67.900001525878906 12.449999809265137
   vertex 46.916671752929688 67.900001525878906 13.649999618530273
  endloop
 endfacet
 facet normal 0 0 -1
  outer loop
   vertex 48.416671752929688 67.900001525878906 12.449999809265137
   vertex 46.916671752929688 67.875999450683594 12.449999809265137
   vertex 46.916671752929688 67.900001525878906 12.449999809265137
  endloop
 endfacet
 facet normal 0 0 -1
  outer loop
   vertex 48.416671752929688 67.900001525878906 12.449999809265137
   vertex 48.416671752929688 67.875999450683594 12.449999809265137
   vertex 46.916671752929688 67.875999450683594 12.449999809265137
  endloop
 endfacet
 facet normal -0 0 1
  outer loop
   vertex 48.416671752929688 67.900001525878906 13.649999618530273
   vertex 46.916671752929688 67.900001525878906 13.649999618530273
   vertex 46.916671752929688 67.875999450683594 13.649999618530273
  endloop
 endfacet
 facet normal 0 0 1
  outer loop
   vertex 48.416671752929688 67.900001525878906 13.649999618530273
   vertex 46.916671752929688 67.875999450683594 13.649999618530273
   vertex 48.416671752929688 67.875999450683594 13.649999618530273
  endloop
 endfacet
 facet normal -1 0 0
  outer loop
   vertex 33.583328247070312 67.875999450683594 13.649999618530273
   vertex 33.583328247070312 67.900001525878906 12.449999809265137
   vertex 33.583328247070312 67.875999450683594 12.449999809265137
  endloop
 endfacet
 facet normal -1 -0 -0
  outer loop
   vertex 33.583328247070312 67.875999450683594 13.649999618530273
   vertex 33.583328247070312 67.900001525878906 13.649999618530273
   vertex 33.583328247070312 67.900001525878906 12.449999809265137
  endloop
 endfacet
 facet normal 1 0 0
  outer loop
   vertex 35.083328247070312 67.875999450683594 13.649999618530273
   vertex 35.083328247070312 67.875999450683594 12.449999809265137
   vertex 35.083328247070312 67.900001525878906 12.449999809265137
  endloop
 endfacet
 facet normal 1 0 -0
  outer loop
   vertex 35.083328247070312 67.875999450683594 13.649999618530273
   vertex 35.083328247070312 67.900001525878906 12.449999809265137
   vertex 35.083328247070312 67.900001525878906 13.649999618530273
  endloop
 endfacet
 facet normal 0 -1 0
  outer loop
   vertex 35.083328247070312 67.875999450683594 12.449999809265137
   vertex 33.583328247070312 67.875999450683594 13.649999618530273
   vertex 33.583328247070312 67.875999450683594 12.449999809265137
  endloop
 endfacet
 facet normal 0 -1 0
  outer loop
   vertex 35.083328247070312 67.875999450683594 13.649999618530273
   vertex 33.583328247070312 67.875999450683594 13.649999618530273
   vertex 35.083328247070312 67.875999450683594 12.449999809265137
  endloop
 endfacet
 facet normal 0 1 0
  outer loop
   vertex 35.083328247070312 67.900001525878906 12.449999809265137
   vertex 33.583328247070312 67.900001525878906 12.449999809265137
   vertex 33.583328247070312 67.900001525878906 13.649999618530273
  endloop
 endfacet
 facet normal 0 1 -0
  outer loop
   vertex 35.083328247070312 67.900001525878906 13.649999618530273
   vertex 35.083328247070312 67.900001525878906 12.449999809265137
   vertex 33.583328247070312 67.900001525878906 13.649999618530273
  endloop
 endfacet
 facet normal 0 0 -1
  outer loop
   vertex 35.083328247070312 67.900001525878906 12.449999809265137
   vertex 33.583328247070312 67.875999450683594 12.449999809265137
   vertex 33.583328247070312 67.900001525878906 12.449999809265137
  endloop
 endfacet
 facet normal 0 0 -1
  outer loop
   vertex 35.083328247070312 67.900001525878906 12.449999809265137
   vertex 35.083328247070312 67.875999450683594 12.449999809265137
   vertex 33.583328247070312 67.875999450683594 12.449999809265137
  endloop
 endfacet
 facet normal -0 0 1
  outer loop
   vertex 35.083328247070312 67.900001525878906 13.649999618530273
   vertex 33.583328247070312 67.900001525878906 13.649999618530273
   vertex 33.583328247070312 67.875999450683594 13.649999618530273
  endloop
 endfacet
 facet normal 0 0 1
  outer loop
   vertex 35.083328247070312 67.900001525878906 13.649999618530273
   vertex 33.583328247070312 67.875999450683594 13.649999618530273
   vertex 35.083328247070312 67.875999450683594 13.649999618530273
  endloop
 endfacet
 facet normal -1 0 0
  outer loop
   vertex 40.25 67.875999450683594 10.949999809265137
   vertex 40.25 67.900001525878906 9.75
   vertex 40.25 67.875999450683594 9.75
  endloop
 endfacet
 facet normal -1 -0 -0
  outer loop
   vertex 40.25 67.875999450683594 10.949999809265137
   vertex 40.25 67.900001525878906 10.949999809265137
   vertex 40.25 67.900001525878906 9.75
  endloop
 endfacet
 facet normal 1 0 0
  outer loop
   vertex 41.75 67.875999450683594 10.949999809265137
   vertex 41.75 67.875999450683594 9.75
   vertex 41.75 67.900001525878906 9.75
  endloop
 endfacet
 facet normal 1 0 -0
  outer loop
   vertex 41.75 67.875999450683594 10.949999809265137
   vertex 41.75 67.900001525878906 9.75
   vertex 41.75 67.900001525878906 10.949999809265137
  endloop
 endfacet
 facet normal 0 -1 0
  outer loop
   vertex 41.75 67.875999450683594 10.949999809265137
   vertex 40.25 67.875999450683594 9.75
   vertex 41.75 67.875999450683594 9.75
  endloop
 endfacet
 facet normal 0 -1 0
  outer loop
   vertex 41.75 67.875999450683594 10.949999809265137
   vertex 40.25 67.875999450683594 10.949999809265137
   vertex 40.25 67.875999450683594 9.75
  endloop
 endfacet
 facet normal 0 1 -0
  outer loop
   vertex 41.75 67.900001525878906 10.949999809265137
   vertex 41.75 67.900001525878906 9.75
   vertex 40.25 67.900001525878906 9.75
  endloop
 endfacet
 facet normal 0 1 0
  outer loop
   vertex 41.75 67.900001525878906 10.949999809265137
   vertex 40.25 67.900001525878906 9.75
   vertex 40.25 67.900001525878906 10.949999809265137
  endloop
 endfacet
 facet normal 0 0 -1
  outer loop
   vertex 41.75 67.900001525878906 9.75
   vertex 40.25 67.875999450683594 9.75
   vertex 40.25 67.900001525878906 9.75
  endloop
 endfacet
 facet normal 0 0 -1
  outer loop
   vertex 41.75 67.900001525878906 9.75
   vertex 41.75 67.875999450683594 9.75
   vertex 40.25 67.875999450683594 9.75
  endloop
 endfacet
 facet normal -0 0 1
  outer loop
   vertex 41.75 67.900001525878906 10.949999809265137
   vertex 40.25 67.900001525878906 10.949999809265137
   vertex 40.25 67.875999450683594 10.949999809265137
  endloop
 endfacet
 facet normal 0 0 1
  outer loop
   vertex 41.75 67.900001525878906 10.949999809265137
   vertex 40.25 67.875999450683594 10.949999809265137
   vertex 41.75 67.875999450683594 10.949999809265137
  endloop
 endfacet
 facet normal -1 0 0
  outer loop
   vertex 40.25 67.875999450683594 5.5500001907348633
   vertex 40.25 67.900001525878906 4.3499999046325684
   vertex 40.25 67.875999450683594 4.3499999046325684
  endloop
 endfacet
 facet normal -1 -0 -0
  outer loop
   vertex 40.25 67.875999450683594 5.5500001907348633
   vertex 40.25 67.900001525878906 5.5500001907348633
   vertex 40.25 67.900001525878906 4.3499999046325684
  endloop
 endfacet
 facet normal 1 0 0
  outer loop
   vertex 41.75 67.875999450683594 5.5500001907348633
   vertex 41.75 67.875999450683594 4.3499999046325684
   vertex 41.75 67.900001525878906 4.3499999046325684
  endloop
 endfacet
 facet normal 1 0 -0
  outer loop
   vertex 41.75 67.875999450683594 5.5500001907348633
   vertex 41.75 67.900001525878906 4.3499999046325684
   vertex 41.75 67.900001525878906 5.5500001907348633
  endloop
 endfacet
 facet normal 0 -1 0
  outer loop
   vertex 41.75 67.875999450683594 5.5500001907348633
   vertex 40.25 67.875999450683594 4.3499999046325684
   vertex 41.75 67.875999450683594 4.3499999046325684
  endloop
 endfacet
 facet normal 0 -1 0
  outer loop
   vertex 41.75 67.875999450683594 5.5500001907348633
   vertex 40.25 67.875999450683594 5.5500001907348633
   vertex 40.25 67.875999450683594 4.3499999046325684
  endloop
 endfacet
 facet normal 0 1 -0
  outer loop
   vertex 41.75 67.900001525878906 5.5500001907348633
   vertex 41.75 67.900001525878906 4.3499999046325684
   vertex 40.25 67.900001525878906 4.3499999046325684
  endloop
 endfacet
 facet normal 0 1 0
  outer loop
   vertex 41.75 67.900001525878906 5.5500001907348633
   vertex 40.25 67.900001525878906 4.3499999046325684
   vertex 40.25 67.900001525878906 5.5500001907348633
  endloop
 endfacet
 facet normal 0 0 -1
  outer loop
   vertex 41.75 67.900001525878906 4.3499999046325684
   vertex 40.25 67.875999450683594 4.3499999046325684
   vertex 40.25 67.900001525878906 4.3499999046325684
  endloop
 endfacet
 facet normal 0 0 -1
  outer loop
   vertex 41.75 67.900001525878906 4.3499999046325684
   vertex 41.75 67.875999450683594 4.3499999046325684
   vertex 40.25 67.875999450683594 4.3499999046325684
  endloop
 endfacet
 facet normal -0 0 1
  outer loop
   vertex 41.75 67.900001525878906 5.5500001907348633
   vertex 40.25 67.900001525878906 5.5500001907348633
   vertex 40.25 67.875999450683594 5.5500001907348633
  endloop
 endfacet
 facet normal 0 0 1
  outer loop
   vertex 41.75 67.900001525878906 5.5500001907348633
   vertex 40.25 67.875999450683594 5.5500001907348633
   vertex 41.75 67.875999450683594 5.5500001907348633
  endloop
 endfacet
 facet normal -1 0 0
  outer loop
   vertex 46.916671752929688 53.099998474121094 13.649999618530273
   vertex 46.916671752929688 53.124000549316406 12.449999809265137
   vertex 46.916671752929688 53.099998474121094 12.449999809265137
  endloop
 endfacet
 facet normal -1 -0 -0
  outer loop
   vertex 46.916671752929688 53.099998474121094 13.649999618530273
   vertex 46.916671752929688 53.124000549316406 13.649999618530273
   vertex 46.916671752929688 53.124000549316406 12.449999809265137
  endloop
 endfacet
 facet normal 1 0 0
  outer loop
   vertex 48.416671752929688 53.099998474121094 13.649999618530273
   vertex 48.416671752929688 53.099998474121094 12.449999809265137
   vertex 48.416671752929688 53.124000549316406 12.449999809265137
  endloop
 endfacet
 facet normal 1 0 -0
  outer loop
   vertex 48.416671752929688 53.099998474121094 13.649999618530273
   vertex 48.416671752929688 53.124000549316406 12.449999809265137
   vertex 48.416671752929688 53.124000549316406 13.649999618530273
  endloop
 endfacet
 facet normal 0 -1 0
  outer loop
   vertex 48.416671752929688 53.099998474121094 12.449999809265137
   vertex 46.916671752929688 53.099998474121094 13.649999618530273
   vertex 46.916671752929688 53.099998474121094 12.449999809265137
  endloop
 endfacet
 facet normal 0 -1 0
  outer loop
   vertex 48.416671752929688 53.099998474121094 13.649999618530273
   vertex 46.916671752929688 53.099998474121094 13.649999618530273
   vertex 48.416671752929688 53.099998474121094 12.449999809265137
  endloop
 endfacet
 facet normal 0 1 0
  outer loop
   vertex 48.416671752929688 53.124000549316406 12.449999809265137
   vertex 46.916671752929688 53.124000549316406 12.449999809265137
   vertex 46.916671752929688 53.124000549316406 13.649999618530273
  endloop
 endfacet
 facet normal 0 1 -0
  outer loop
   vertex 48.416671752929688 53.124000549316406 13.649999618530273
   vertex 48.416671752929688 53.124000549316406 12.449999809265137
   vertex 46.916671752929688 53.124000549316406 13.649999618530273
  endloop
 endfacet
 facet normal 0 0 -1
  outer loop
   vertex 48.416671752929688 53.124000549316406 12.449999809265137
   vertex 46.916671752929688 53.099998474121094 12.449999809265137
   vertex 46.916671752929688 53.124000549316406 12.449999809265137
  endloop
 endfacet
 facet normal 0 0 -1
  outer loop
   vertex 48.416671752929688 53.124000549316406 12.449999809265137
   vertex 48.416671752929688 53.099998474121094 12.449999809265137
   vertex 46.916671752929688 53.099998474121094 12.449999809265137
  endloop
 endfacet
 facet normal -0 0 1
  outer loop
   vertex 48.416671752929688 53.124000549316406 13.649999618530273
   vertex 46.916671752929688 53.124000549316406 13.649999618530273
   vertex 46.916671752929688 53.099998474121094 13.649999618530273
  endloop
 endfacet
 facet normal 0 0 1
  outer loop
   vertex 48.416671752929688 53.124000549316406 13.649999618530273
   vertex 46.916671752929688 53.099998474121094 13.649999618530273
   vertex 48.416671752929688 53.099998474121094 13.649999618530273
  endloop
 endfacet
 facet normal -1 0 0
  outer loop
   vertex 46.916671752929688 53.099998474121094 10.949999809265137
   vertex 46.916671752929688 53.124000549316406 9.75
   vertex 46.916671752929688 53.099998474121094 9.75
  endloop
 endfacet
 facet normal -1 -0 -0
  outer loop
   vertex 46.916671752929688 53.099998474121094 10.949999809265137
   vertex 46.916671752929688 53.124000549316406 10.949999809265137
   vertex 46.916671752929688 53.124000549316406 9.75
  endloop
 endfacet
 facet normal 1 0 0
  outer loop
   vertex 48.416671752929688 53.099998474121094 10.949999809265137
   vertex 48.416671752929688 53.099998474121094 9.75
   vertex 48.416671752929688 53.124000549316406 9.75
  endloop
 endfacet
 facet normal 1 0 -0
  outer loop
   vertex 48.416671752929688 53.099998474121094 10.949999809265137
   vertex 48.416671752929688 53.124000549316406 9.75
   vertex 48.416671752929688 53.124000549316406 10.949999809265137
  endloop
 endfacet
 facet normal 0 -1 0
  outer loop
   vertex 48.416671752929688 53.099998474121094 10.949999809265137
   vertex 46.916671752929688 53.099998474121094 9.75
   vertex 48.416671752929688 53.099998474121094 9.75
  endloop
 endfacet
 facet normal 0 -1 0
  outer loop
   vertex 48.416671752929688 53.099998474121094 10.949999809265137
   vertex 46.916671752929688 53.099998474121094 10.949999809265137
   vertex 46.916671752929688 53.099998474121094 9.75
  endloop
 endfacet
 facet normal 0 1 -0
  outer loop
   vertex 48.416671752929688 53.124000549316406 10.949999809265137
   vertex 48.416671752929688 53.124000549316406 9.75
   vertex 46.916671752929688 53.124000549316406 9.75
  endloop
 endfacet
 facet normal 0 1 0
  outer loop
   vertex 48.416671752929688 53.124000549316406 10.949999809265137
   vertex 46.916671752929688 53.124000549316406 9.75
   vertex 46.916671752929688 53.124000549316406 10.949999809265137
  endloop
 endfacet
 facet normal 0 0 -1
  outer loop
   vertex 48.416671752929688 53.124000549316406 9.75
   vertex 46.916671752929688 53.099998474121094 9.75
   vertex 46.916671752929688 53.124000549316406 9.75
  endloop
 endfacet
 facet normal 0 0 -1
  outer loop
   vertex 48.416671752929688 53.124000549316406 9.75
   vertex 48.416671752929688 53.099998474121094 9.75
   vertex 46.916671752929688 53.099998474121094 9.75
  endloop
 endfacet
 facet normal -0 0 1
  outer loop
   vertex 48.416671752929688 53.124000549316406 10.949999809265137
   vertex 46.916671752929688 53.124000549316406 10.949999809265137
   vertex 46.916671752929688 53.099998474121094 10.949999809265137
  endloop
 endfacet
 facet normal 0 0 1
  outer loop
   vertex 48.416671752929688 53.124000549316406 10.949999809265137
   vertex 46.916671752929688 53.099998474121094 10.949999809265137
   vertex 48.416671752929688 53.099998474121094 10.949999809265137
  endloop
 endfacet
 facet normal -1 0 0
  outer loop
   vertex 46.916671752929688 53.099998474121094 8.25
   vertex 46.916671752929688 53.124000549316406 7.0500001907348633
   vertex 46.916671752929688 53.099998474121094 7.0500001907348633
  endloop
 endfacet
 facet normal -1 -0 -0
  outer loop
   vertex 46.916671752929688 53.099998474121094 8.25
   vertex 46.916671752929688 53.124000549316406 8.25
   vertex 46.916671752929688 53.124000549316406 7.0500001907348633
  endloop
 endfacet
 facet normal 1 0 0
  outer loop
   vertex 48.416671752929688 53.099998474121094 8.25
   vertex 48.416671752929688 53.099998474121094 7.0500001907348633
   vertex 48.416671752929688 53.124000549316406 7.0500001907348633
  endloop
 endfacet
 facet normal 1 0 -0
  outer loop
   vertex 48.416671752929688 53.099998474121094 8.25
   vertex 48.416671752929688 53.124000549316406 7.0500001907348633
   vertex 48.416671752929688 53.124000549316406 8.25
  endloop
 endfacet
 facet normal 0 -1 0
  outer loop
   vertex 48.416671752929688 53.099998474121094 8.25
   vertex 46.916671752929688 53.099998474121094 7.0500001907348633
   vertex 48.416671752929688 53.099998474121094 7.0500001907348633
  endloop
 endfacet
 facet normal 0 -1 0
  outer loop
   vertex 48.416671752929688 53.099998474121094 8.25
   vertex 46.916671752929688 53.099998474121094 8.25
   vertex 46.916671752929688 53.099998474121094 7.0500001907348633
  endloop
 endfacet
 facet normal 0 1 -0
  outer loop
   vertex 48.416671752929688 53.124000549316406 8.25
   vertex 48.416671752929688 53.124000549316406 7.0500001907348633
   vertex 46.916671752929688 53.124000549316406 7.0500001907348633
  endloop
 endfacet
 facet normal 0 1 0
  outer loop
   vertex 48.416671752929688 53.124000549316406 8.25
   vertex 46.916671752929688 53.124000549316406 7.0500001907348633
   vertex 46.916671752929688 53.124000549316406 8.25
  endloop
 endfacet
 facet normal 0 0 -1
  outer loop
   vertex 48.416671752929688 53.124000549316406 7.0500001907348633
   vertex 46.916671752929688 53.099998474121094 7.0500001907348633
   vertex 46.916671752929688 53.124000549316406 7.0500001907348633
  endloop
 endfacet
 facet normal 0 0 -1
  outer loop
   vertex 48.416671752929688 53.124000549316406 7.0500001907348633
   vertex 48.416671752929688 53.099998474121094 7.0500001907348633
   vertex 46.916671752929688 53.099998474121094 7.0500001907348633
  endloop
 endfacet
 facet normal -0 0 1
  outer loop
   vertex 48.416671752929688 53.124000549316406 8.25
   vertex 46.916671752929688 53.124000549316406 8.25
   vertex 46.916671752929688 53.099998474121094 8.25
  endloop
 endfacet
 facet normal 0 0 1
  outer loop
   vertex 48.416671752929688 53.124000549316406 8.25
   vertex 46.916671752929688 53.099998474121094 8.25
   vertex 48.416671752929688 53.099998474121094 8.25
  endloop
 endfacet
 facet normal -1 0 0
  outer loop
   vertex 46.916671752929688 53.099998474121094 5.5500001907348633
   vertex 46.916671752929688 53.124000549316406 4.3499999046325684
   vertex 46.916671752929688 53.099998474121094 4.3499999046325684
  endloop
 endfacet
 facet normal -1 -0 -0
  outer loop
   vertex 46.916671752929688 53.099998474121094 5.5500001907348633
   vertex 46.916671752929688 53.124000549316406 5.5500001907348633
   vertex 46.916671752929688 53.124000549316406 4.3499999046325684
  endloop
 endfacet
 facet normal 1 0 0
  outer loop
   vertex 48.416671752929688 53.099998474121094 5.5500001907348633
   vertex 48.416671752929688 53.099998474121094 4.3499999046325684
   vertex 48.416671752929688 53.124000549316406 4.3499999046325684
  endloop
 endfacet
 facet normal 1 0 -0
  outer loop
   vertex 48.416671752929688 53.099998474121094 5.5500001907348633
   vertex 48.416671752929688 53.124000549316406 4.3499999046325684
   vertex 48.416671752929688 53.124000549316406 5.5500001907348633
  endloop
 endfacet
 facet normal 0 -1 0
  outer loop
   vertex 48.416671752929688 53.099998474121094 5.5500001907348633
   vertex 46.916671752929688 53.099998474121094 4.3499999046325684
   vertex 48.416671752929688 53.099998474121094 4.3499999046325684
  endloop
 endfacet
 facet normal 0 -1 0
  outer loop
   vertex 48.416671752929688 53.099998474121094 5.5500001907348633
   vertex 46.916671752929688 53.099998474121094 5.5500001907348633
   vertex 46.916671752929688 53.099998474121094 4.3499999046325684
  endloop
 endfacet
 facet normal 0 1 -0
  outer loop
   vertex 48.416671752929688 53.124000549316406 5.5500001907348633
   vertex 48.416671752929688 53.124000549316406 4.3499999046325684
   vertex 46.916671752929688 53.124000549316406 4.3499999046325684
  endloop
 endfacet
 facet normal 0 1 0
  outer loop
   vertex 48.416671752929688 53.124000549316406 5.5500001907348633
   vertex 46.916671752929688 53.124000549316406 4.3499999046325684
   vertex 46.916671752929688 53.124000549316406 5.5500001907348633
  endloop
 endfacet
 facet normal 0 0 -1
  outer loop
   vertex 48.416671752929688 53.124000549316406 4.3499999046325684
   vertex 46.916671752929688 53.099998474121094 4.3499999046325684
   vertex 46.916671752929688 53.124000549316406 4.3499999046325684
  endloop
 endfacet
 facet normal 0 0 -1
  outer loop
   vertex 48.416671752929688 53.124000549316406 4.3499999046325684
   vertex 48.416671752929688 53.099998474121094 4.3499999046325684
   vertex 46.916671752929688 53.099998474121094 4.3499999046325684
  endloop
 endfacet
 facet normal -0 0 1
  outer loop
   vertex 48.416671752929688 53.124000549316406 5.5500001907348633
   vertex 46.916671752929688 53.124000549316406 5.5500001907348633
   vertex 46.916671752929688 53.099998474121094 5.5500001907348633
  endloop
 endfacet
 facet normal 0 0 1
  outer loop
   vertex 48.416671752929688 53.124000549316406 5.5500001907348633
   vertex 46.916671752929688 53.099998474121094 5.5500001907348633
   vertex 48.416671752929688 53.099998474121094 5.5500001907348633
  endloop
 endfacet
 facet normal -1 0 0
  outer loop
   vertex 46.916671752929688 53.099998474121094 2.8499999046325684
   vertex 46.916671752929688 53.124000549316406 1.6499999761581421
   vertex 46.916671752929688 53.099998474121094 1.6499999761581421
  endloop
 endfacet
 facet normal -1 -0 -0
  outer loop
   vertex 46.916671752929688 53.099998474121094 2.8499999046325684
   vertex 46.916671752929688 53.124000549316406 2.8499999046325684
   vertex 46.916671752929688 53.124000549316406 1.6499999761581421
  endloop
 endfacet
 facet normal 1 0 0
  outer loop
   vertex 48.416671752929688 53.099998474121094 2.8499999046325684
   vertex 48.416671752929688 53.099998474121094 1.6499999761581421
   vertex 48.416671752929688 53.124000549316406 1.6499999761581421
  endloop
 endfacet
 facet normal 1 0 -0
  outer loop
   vertex 48.416671752929688 53.099998474121094 2.8499999046325684
   vertex 48.416671752929688 53.124000549316406 1.6499999761581421
   vertex 48.416671752929688 53.124000549316406 2.8499999046325684
  endloop
 endfacet
 facet normal 0 -1 0
  outer loop
   vertex 48.416671752929688 53.099998474121094 2.8499999046325684
   vertex 46.916671752929688 53.099998474121094 1.6499999761581421
   vertex 48.416671752929688 53.099998474121094 1.6499999761581421
  endloop
 endfacet
 facet normal 0 -1 0
  outer loop
   vertex 48.416671752929688 53.099998474121094 2.8499999046325684
   vertex 46.916671752929688 53.099998474121094 2.8499999046325684
   vertex 46.916671752929688 53.099998474121094 1.6499999761581421
  endloop
 endfacet
 facet normal 0 1 -0
  outer loop
   vertex 48.416671752929688 53.124000549316406 2.8499999046325684
   vertex 48.416671752929688 53.124000549316406 1.6499999761581421
   vertex 46.916671752929688 53.124000549316406 1.6499999761581421
  endloop
 endfacet
 facet normal 0 1 0
  outer loop
   vertex 48.416671752929688 53.124000549316406 2.8499999046325684
   vertex 46.916671752929688 53.124000549316406 1.6499999761581421
   vertex 46.916671752929688 53.124000549316406 2.8499999046325684
  endloop
 endfacet
 facet normal 0 0 -1
  outer loop
   vertex 48.416671752929688 53.124000549316406 1.6499999761581421
   vertex 46.916671752929688 53.099998474121094 1.6499999761581421
   vertex 46.916671752929688 53.124000549316406 1.6499999761581421
  endloop
 endfacet
 facet normal 0 0 -1
  outer loop
   vertex 48.416671752929688 53.124000549316406 1.6499999761581421
   vertex 48.416671752929688 53.099998474121094 1.6499999761581421
   vertex 46.916671752929688 53.099998474121094 1.6499999761581421
  endloop
 endfacet
 facet normal -0 0 1
  outer loop
   vertex 48.416671752929688 53.124000549316406 2.8499999046325684
   vertex 46.916671752929688 53.124000549316406 2.8499999046325684
   vertex 46.916671752929688 53.099998474121094 2.8499999046325684
  endloop
 endfacet
 facet normal 0 0 1
  outer loop
   vertex 48.416671752929688 53.124000549316406 2.8499999046325684
   vertex 46.916671752929688 53.099998474121094 2.8499999046325684
   vertex 48.416671752929688 53.099998474121094 2.8499999046325684
  endloop
 endfacet
 facet normal -1 0 0
  outer loop
   vertex 40.25 53.099998474121094 13.649999618530273
   vertex 40.25 53.124000549316406 12.449999809265137
   vertex 40.25 53.099998474121094 12.449999809265137
  endloop
 endfacet
 facet normal -1 -0 -0
  outer loop
   vertex 40.25 53.099998474121094 13.649999618530273
   vertex 40.25 53.124000549316406 13.649999618530273
   vertex 40.25 53.124000549316406 12.449999809265137
  endloop
 endfacet
 facet normal 1 0 0
  outer loop
   vertex 41.75 53.099998474121094 13.649999618530273
   vertex 41.75 53.099998474121094 12.449999809265137
   vertex 41.75 53.124000549316406 12.449999809265137
  endloop
 endfacet
 facet normal 1 0 -0
  outer loop
   vertex 41.75 53.099998474121094 13.649999618530273
   vertex 41.75 53.124000549316406 12.449999809265137
   vertex 41.75 53.124000549316406 13.649999618530273
  endloop
 endfacet
 facet normal 0 -1 0
  outer loop
   vertex 41.75 53.099998474121094 12.449999809265137
   vertex 40.25 53.099998474121094 13.649999618530273
   vertex 40.25 53.099998474121094 12.449999809265137
  endloop
 endfacet
 facet normal 0 -1 0
  outer loop
   vertex 41.75 53.099998474121094 13.649999618530273
   vertex 40.25 53.099998474121094 13.649999618530273
   vertex 41.75 53.099998474121094 12.449999809265137
  endloop
 endfacet
 facet normal 0 1 0
  outer loop
   vertex 41.75 53.124000549316406 12.449999809265137
   vertex 40.25 53.124000549316406 12.449999809265137
   vertex 40.25 53.124000549316406 13.649999618530273
  endloop
 endfacet
 facet normal 0 1 -0
  outer loop
   vertex 41.75 53.124000549316406 13.649999618530273
   vertex 41.75 53.124000549316406 12.449999809265137
   vertex 40.25 53.124000549316406 13.649999618530273
  endloop
 endfacet
 facet normal 0 0 -1
  outer loop
   vertex 41.75 53.124000549316406 12.449999809265137
   vertex 40.25 53.099998474121094 12.449999809265137
   vertex 40.25 53.124000549316406 12.449999809265137
  endloop
 endfacet
 facet normal 0 0 -1
  outer loop
   vertex 41.75 53.124000549316406 12.449999809265137
   vertex 41.75 53.099998474121094 12.449999809265137
   vertex 40.25 53.099998474121094 12.449999809265137
  endloop
 endfacet
 facet normal -0 0 1
  outer loop
   vertex 41.75 53.124000549316406 13.649999618530273
   vertex 40.25 53.124000549316406 13.649999618530273
   vertex 40.25 53.099998474121094 13.649999618530273
  endloop
 endfacet
 facet normal 0 0 1
  outer loop
   vertex 41.75 53.124000549316406 13.649999618530273
   vertex 40.25 53.099998474121094 13.649999618530273
   vertex 41.75 53.099998474121094 13.649999618530273
  endloop
 endfacet
 facet normal -1 0 0
  outer loop
   vertex 40.25 53.099998474121094 10.949999809265137
   vertex 40.25 53.124000549316406 9.75
   vertex 40.25 53.099998474121094 9.75
  endloop
 endfacet
 facet normal -1 -0 -0
  outer loop
   vertex 40.25 53.099998474121094 10.949999809265137
   vertex 40.25 53.124000549316406 10.949999809265137
   vertex 40.25 53.124000549316406 9.75
  endloop
 endfacet
 facet normal 1 0 0
  outer loop
   vertex 41.75 53.099998474121094 10.949999809265137
   vertex 41.75 53.099998474121094 9.75
   vertex 41.75 53.124000549316406 9.75
  endloop
 endfacet
 facet normal 1 0 -0
  outer loop
   vertex 41.75 53.099998474121094 10.949999809265137
   vertex 41.75 53.124000549316406 9.75
   vertex 41.75 53.124000549316406 10.949999809265137
  endloop
 endfacet
 facet normal 0 -1 0
  outer loop
   vertex 41.75 53.099998474121094 10.949999809265137
   vertex 40.25 53.099998474121094 9.75
   vertex 41.75 53.099998474121094 9.75
  endloop
 endfacet
 facet normal 0 -1 0
  outer loop
   vertex 41.75 53.099998474121094 10.949999809265137
   vertex 40.25 53.099998474121094 10.949999809265137
   vertex 40.25 53.099998474121094 9.75
  endloop
 endfacet
 facet normal 0 1 -0
  outer loop
   vertex 41.75 53.124000549316406 10.949999809265137
   vertex 41.75 53.124000549316406 9.75
   vertex 40.25 53.124000549316406 9.75
  endloop
 endfacet
 facet normal 0 1 0
  outer loop
   vertex 41.75 53.124000549316406 10.949999809265137
   vertex 40.25 53.124000549316406 9.75
   vertex 40.25 53.124000549316406 10.949999809265137
  endloop
 endfacet
 facet normal 0 0 -1
  outer loop
   vertex 41.75 53.124000549316406 9.75
   vertex 40.25 53.099998474121094 9.75
   vertex 40.25 53.124000549316406 9.75
  endloop
 endfacet
 facet normal 0 0 -1
  outer loop
   vertex 41.75 53.124000549316406 9.75
   vertex 41.75 53.099998474121094 9.75
   vertex 40.25 53.099998474121094 9.75
  endloop
 endfacet
 facet normal -0 0 1
  outer loop
   vertex 41.75 53.124000549316406 10.949999809265137
   vertex 40.25 53.124000549316406 10.949999809265137
   vertex 40.25 53.099998474121094 10.949999809265137
  endloop
 endfacet
 facet normal 0 0 1
  outer loop
   vertex 41.75 53.124000549316406 10.949999809265137
   vertex 40.25 53.099998474121094 10.949999809265137
   vertex 41.75 53.099998474121094 10.949999809265137
  endloop
 endfacet
 facet normal -1 0 0
  outer loop
   vertex 40.25 53.099998474121094 8.25
   vertex 40.25 53.124000549316406 7.0500001907348633
   vertex 40.25 53.099998474121094 7.0500001907348633
  endloop
 endfacet
 facet normal -1 -0 -0
  outer loop
   vertex 40.25 53.099998474121094 8.25
   vertex 40.25 53.124000549316406 8.25
   vertex 40.25 53.124000549316406 7.0500001907348633
  endloop
 endfacet
 facet normal 1 0 0
  outer loop
   vertex 41.75 53.099998474121094 8.25
   vertex 41.75 53.099998474121094 7.0500001907348633
   vertex 41.75 53.124000549316406 7.0500001907348633
  endloop
 endfacet
 facet normal 1 0 -0
  outer loop
   vertex 41.75 53.099998474121094 8.25
   vertex 41.75 53.124000549316406 7.0500001907348633
   vertex 41.75 53.124000549316406 8.25
  endloop
 endfacet
 facet normal 0 -1 0
  outer loop
   vertex 41.75 53.099998474121094 8.25
   vertex 40.25 53.099998474121094 7.0500001907348633
   vertex 41.75 53.099998474121094 7.0500001907348633
  endloop
 endfacet
 facet normal 0 -1 0
  outer loop
   vertex 41.75 53.099998474121094 8.25
   vertex 40.25 53.099998474121094 8.25
   vertex 40.25 53.099998474121094 7.0500001907348633
  endloop
 endfacet
 facet normal 0 1 -0
  outer loop
   vertex 41.75 53.124000549316406 8.25
   vertex 41.75 53.124000549316406 7.0500001907348633
   vertex 40.25 53.124000549316406 7.0500001907348633
  endloop
 endfacet
 facet normal 0 1 0
  outer loop
   vertex 41.75 53.124000549316406 8.25
   vertex 40.25 53.124000549316406 7.0500001907348633
   vertex 40.25 53.124000549316406 8.25
  endloop
 endfacet
 facet normal 0 0 -1
  outer loop
   vertex 41.75 53.124000549316406 7.0500001907348633
   vertex 40.25 53.099998474121094 7.0500001907348633
   vertex 40.25 53.124000549316406 7.0500001907348633
  endloop
 endfacet
 facet normal 0 0 -1
  outer loop
   vertex 41.75 53.124000549316406 7.0500001907348633
   vertex 41.75 53.099998474121094 7.0500001907348633
   vertex 40.25 53.099998474121094 7.0500001907348633
  endloop
 endfacet
 facet normal -0 0 1
  outer loop
   vertex 41.75 53.124000549316406 8.25
   vertex 40.25 53.124000549316406 8.25
   vertex 40.25 53.099998474121094 8.25
  endloop
 endfacet
 facet normal 0 0 1
  outer loop
   vertex 41.75 53.124000549316406 8.25
   vertex 40.25 53.099998474121094 8.25
   vertex 41.75 53.099998474121094 8.25
  endloop
 endfacet
 facet normal -1 0 0
  outer loop
   vertex 40.25 53.099998474121094 5.5500001907348633
   vertex 40.25 53.124000549316406 4.3499999046325684
   vertex 40.25 53.099998474121094 4.3499999046325684
  endloop
 endfacet
 facet normal -1 -0 -0
  outer loop
   vertex 40.25 53.099998474121094 5.5500001907348633
   vertex 40.25 53.124000549316406 5.5500001907348633
   vertex 40.25 53.124000549316406 4.3499999046325684
  endloop
 endfacet
 facet normal 1 0 0
  outer loop
   vertex 41.75 53.099998474121094 5.5500001907348633
   vertex 41.75 53.099998474121094 4.3499999046325684
   vertex 41.75 53.124000549316406 4.3499999046325684
  endloop
 endfacet
 facet normal 1 0 -0
  outer loop
   vertex 41.75 53.099998474121094 5.5500001907348633
   vertex 41.75 53.124000549316406 4.3499999046325684
   vertex 41.75 53.124000549316406 5.5500001907348633
  endloop
 endfacet
 facet normal 0 -1 0
  outer loop
   vertex 41.75 53.099998474121094 5.5500001907348633
   vertex 40.25 53.099998474121094 4.3499999046325684
   vertex 41.75 53.099998474121094 4.3499999046325684
  endloop
 endfacet
 facet normal 0 -1 0
  outer loop
   vertex 41.75 53.099998474121094 5.5500001907348633
   vertex 40.25 53.099998474121094 5.5500001907348633
   vertex 40.25 53.099998474121094 4.3499999046325684
  endloop
 endfacet
 facet normal 0 1 -0
  outer loop
   vertex 41.75 53.124000549316406 5.5500001907348633
   vertex 41.75 53.124000549316406 4.3499999046325684
   vertex 40.25 53.124000549316406 4.3499999046325684
  endloop
 endfacet
 facet normal 0 1 0
  outer loop
   vertex 41.75 53.124000549316406 5.5500001907348633
   vertex 40.25 53.124000549316406 4.3499999046325684
   vertex 40.25 53.124000549316406 5.5500001907348633
  endloop
 endfacet
 facet normal 0 0 -1
  outer loop
   vertex 41.75 53.124000549316406 4.3499999046325684
   vertex 40.25 53.099998474121094 4.3499999046325684
   vertex 40.25 53.124000549316406 4.3499999046325684
  endloop
 endfacet
 facet normal 0 0 -1
  outer loop
   vertex 41.75 53.124000549316406 4.3499999046325684
   vertex 41.75 53.099998474121094 4.3499999046325684
   vertex 40.25 53.099998474121094 4.3499999046325684
  endloop
 endfacet
 facet normal -0 0 1
  outer loop
   vertex 41.75 53.124000549316406 5.5500001907348633
   vertex 40.25 53.124000549316406 5.5500001907348633
   vertex 40.25 53.099998474121094 5.5500001907348633
  endloop
 endfacet
 facet normal 0 0 1
  outer loop
   vertex 41.75 53.124000549316406 5.5500001907348633
   vertex 40.25 53.099998474121094 5.5500001907348633
   vertex 41.75 53.099998474121094 5.5500001907348633
  endloop
 endfacet
 facet normal -1 0 0
  outer loop
   vertex 40.25 53.099998474121094 2.8499999046325684
   vertex 40.25 53.124000549316406 1.6499999761581421
   vertex 40.25 53.099998474121094 1.6499999761581421
  endloop
 endfacet
 facet normal -1 -0 -0
  outer loop
   vertex 40.25 53.099998474121094 2.8499999046325684
   vertex 40.25 53.124000549316406 2.8499999046325684
   vertex 40.25 53.124000549316406 1.6499999761581421
  endloop
 endfacet
 facet normal 1 0 0
  outer loop
   vertex 41.75 53.099998474121094 2.8499999046325684
   vertex 41.75 53.099998474121094 1.6499999761581421
   vertex 41.75 53.124000549316406 1.6499999761581421
  endloop
 endfacet
 facet normal 1 0 -0
  outer loop
   vertex 41.75 53.099998474121094 2.8499999046325684
   vertex 41.75 53.124000549316406 1.6499999761581421
   vertex 41.75 53.124000549316406 2.8499999046325684
  endloop
 endfacet
 facet normal 0 -1 0
  outer loop
   vertex 41.75 53.099998474121094 2.8499999046325684
   vertex 40.25 53.099998474121094 1.6499999761581421
   vertex 41.75 53.099998474121094 1.6499999761581421
  endloop
 endfacet
 facet normal 0 -1 0
  outer loop
   vertex 41.75 53.099998474121094 2.8499999046325684
   vertex 40.25 53.099998474121094 2.8499999046325684
   vertex 40.25 53.099998474121094 1.6499999761581421
  endloop
 endfacet
 facet normal 0 1 -0
  outer loop
   vertex 41.75 53.124000549316406 2.8499999046325684
   vertex 41.75 53.124000549316406 1.6499999761581421
   vertex 40.25 53.124000549316406 1.6499999761581421
  endloop
 endfacet
 facet normal 0 1 0
  outer loop
   vertex 41.75 53.124000549316406 2.8499999046325684
   vertex 40.25 53.124000549316406 1.6499999761581421
   vertex 40.25 53.124000549316406 2.8499999046325684
  endloop
 endfacet
 facet normal 0 0 -1
  outer loop
   vertex 41.75 53.124000549316406 1.6499999761581421
   vertex 40.25 53.099998474121094 1.6499999761581421
   vertex 40.25 53.124000549316406 1.6499999761581421
  endloop
 endfacet
 facet normal 0 0 -1
  outer loop
   vertex 41.75 53.124000549316406 1.6499999761581421
   vertex 41.75 53.099998474121094 1.6499999761581421
   vertex 40.25 53.099998474121094 1.6499999761581421
  endloop
 endfacet
 facet normal -0 0 1
  outer loop
   vertex 41.75 53.124000549316406 2.8499999046325684
   vertex 40.25 53.124000549316406 2.8499999046325684
   vertex 40.25 53.099998474121094 2.8499999046325684
  endloop
 endfacet
 facet normal 0 0 1
  outer loop
   vertex 41.75 53.124000549316406 2.8499999046325684
   vertex 40.25 53.099998474121094 2.8499999046325684
   vertex 41.75 53.099998474121094 2.8499999046325684
  endloop
 endfacet
 facet normal -1 0 0
  outer loop
   vertex 33.583328247070312 53.099998474121094 13.649999618530273
   vertex 33.583328247070312 53.124000549316406 12.449999809265137
   vertex 33.583328247070312 53.099998474121094 12.449999809265137
  endloop
 endfacet
 facet normal -1 -0 -0
  outer loop
   vertex 33.583328247070312 53.099998474121094 13.649999618530273
   vertex 33.583328247070312 53.124000549316406 13.649999618530273
   vertex 33.583328247070312 53.124000549316406 12.449999809265137
  endloop
 endfacet
 facet normal 1 0 0
  outer loop
   vertex 35.083328247070312 53.099998474121094 13.649999618530273
   vertex 35.083328247070312 53.099998474121094 12.449999809265137
   vertex 35.083328247070312 53.124000549316406 12.449999809265137
  endloop
 endfacet
 facet normal 1 0 -0
  outer loop
   vertex 35.083328247070312 53.099998474121094 13.649999618530273
   vertex 35.083328247070312 53.124000549316406 12.449999809265137
   vertex 35.083328247070312 53.124000549316406 13.649999618530273
  endloop
 endfacet
 facet normal 0 -1 0
  outer loop
   vertex 35.083328247070312 53.099998474121094 12.449999809265137
   vertex 33.583328247070312 53.099998474121094 13.649999618530273
   vertex 33.583328247070312 53.099998474121094 12.449999809265137
  endloop
 endfacet
 facet normal 0 -1 0
  outer loop
   vertex 35.083328247070312 53.099998474121094 13.649999618530273
   vertex 33.583328247070312 53.099998474121094 13.649999618530273
   vertex 35.083328247070312 53.099998474121094 12.449999809265137
  endloop
 endfacet
 facet normal 0 1 0
  outer loop
   vertex 35.083328247070312 53.124000549316406 12.449999809265137
   vertex 33.583328247070312 53.124000549316406 12.449999809265137
   vertex 33.583328247070312 53.124000549316406 13.649999618530273
  endloop
 endfacet
 facet normal 0 1 -0
  outer loop
   vertex 35.083328247070312 53.124000549316406 13.649999618530273
   vertex 35.083328247070312 53.124000549316406 12.449999809265137
   vertex 33.583328247070312 53.124000549316406 13.649999618530273
  endloop
 endfacet
 facet normal 0 0 -1
  outer loop
   vertex 35.083328247070312 53.124000549316406 12.449999809265137
   vertex 33.583328247070312 53.099998474121094 12.449999809265137
   vertex 33.583328247070312 53.124000549316406 12.449999809265137
  endloop
 endfacet
 facet normal 0 0 -1
  outer loop
   vertex 35.083328247070312 53.124000549316406 12.449999809265137
   vertex 35.083328247070312 53.099998474121094 12.449999809265137
   vertex 33.583328247070312 53.099998474121094 12.449999809265137
  endloop
 endfacet
 facet normal -0 0 1
  outer loop
   vertex 35.083328247070312 53.124000549316406 13.649999618530273
   vertex 33.583328247070312 53.124000549316406 13.649999618530273
   vertex 33.583328247070312 53.099998474121094 13.649999618530273
  endloop
 endfacet
 facet normal 0 0 1
  outer loop
   vertex 35.083328247070312 53.124000549316406 13.649999618530273
   vertex 33.583328247070312 53.099998474121094 13.649999618530273
   vertex 35.083328247070312 53.099998474121094 13.649999618530273
  endloop
 endfacet
 facet normal -1 0 0
  outer loop
   vertex 33.583328247070312 53.099998474121094 10.949999809265137
   vertex 33.583328247070312 53.124000549316406 9.75
   vertex 33.583328247070312 53.099998474121094 9.75
  endloop
 endfacet
 facet normal -1 -0 -0
  outer loop
   vertex 33.583328247070312 53.099998474121094 10.949999809265137
   vertex 33.583328247070312 53.124000549316406 10.949999809265137
   vertex 33.583328247070312 53.124000549316406 9.75
  endloop
 endfacet
 facet normal 1 0 0
  outer loop
   vertex 35.083328247070312 53.099998474121094 10.949999809265137
   vertex 35.083328247070312 53.099998474121094 9.75
   vertex 35.083328247070312 53.124000549316406 9.75
  endloop
 endfacet
 facet normal 1 0 -0
  outer loop
   vertex 35.083328247070312 53.099998474121094 10.949999809265137
   vertex 35.083328247070312 53.124000549316406 9.75
   vertex 35.083328247070312 53.124000549316406 10.949999809265137
  endloop
 endfacet
 facet normal 0 -1 0
  outer loop
   vertex 35.083328247070312 53.099998474121094 10.949999809265137
   vertex 33.583328247070312 53.099998474121094 9.75
   vertex 35.083328247070312 53.099998474121094 9.75
  endloop
 endfacet
 facet normal 0 -1 0
  outer loop
   vertex 35.083328247070312 53.099998474121094 10.949999809265137
   vertex 33.583328247070312 53.099998474121094 10.949999809265137
   vertex 33.583328247070312 53.099998474121094 9.75
  endloop
 endfacet
 facet normal 0 1 -0
  outer loop
   vertex 35.083328247070312 53.124000549316406 10.949999809265137
   vertex 35.083328247070312 53.124000549316406 9.75
   vertex 33.583328247070312 53.124000549316406 9.75
  endloop
 endfacet
 facet normal 0 1 0
  outer loop
   vertex 35.083328247070312 53.124000549316406 10.949999809265137
   vertex 33.583328247070312 53.124000549316406 9.75
   vertex 33.583328247070312 53.124000549316406 10.949999809265137
  endloop
 endfacet
 facet normal 0 0 -1
  outer loop
   vertex 35.083328247070312 53.124000549316406 9.75
   vertex 33.583328247070312 53.099998474121094 9.75
   vertex 33.583328247070312 53.124000549316406 9.75
  endloop
 endfacet
 facet normal 0 0 -1
  outer loop
   vertex 35.083328247070312 53.124000549316406 9.75
   vertex 35.083328247070312 53.099998474121094 9.75
   vertex 33.583328247070312 53.099998474121094 9.75
  endloop
 endfacet
 facet normal -0 0 1
  outer loop
   vertex 35.083328247070312 53.124000549316406 10.949999809265137
   vertex 33.583328247070312 53.124000549316406 10.949999809265137
   vertex 33.583328247070312 53.099998474121094 10.949999809265137
  endloop
 endfacet
 facet normal 0 0 1
  outer loop
   vertex 35.083328247070312 53.124000549316406 10.949999809265137
   vertex 33.583328247070312 53.099998474121094 10.949999809265137
   vertex 35.083328247070312 53.099998474121094 10.949999809265137
  endloop
 endfacet
 facet normal -1 0 0
  outer loop
   vertex 33.583328247070312 53.099998474121094 8.25
   vertex 33.583328247070312 53.124000549316406 7.0500001907348633
   vertex 33.583328247070312 53.099998474121094 7.0500001907348633
  endloop
 endfacet
 facet normal -1 -0 -0
  outer loop
   vertex 33.583328247070312 53.099998474121094 8.25
   vertex 33.583328247070312 53.124000549316406 8.25
   vertex 33.583328247070312 53.124000549316406 7.0500001907348633
  endloop
 endfacet
 facet normal 1 0 0
  outer loop
   vertex 35.083328247070312 53.099998474121094 8.25
   vertex 35.083328247070312 53.099998474121094 7.0500001907348633
   vertex 35.083328247070312 53.124000549316406 7.0500001907348633
  endloop
 endfacet
 facet normal 1 0 -0
  outer loop
   vertex 35.083328247070312 53.099998474121094 8.25
   vertex 35.083328247070312 53.124000549316406 7.0500001907348633
   vertex 35.083328247070312 53.124000549316406 8.25
  endloop
 endfacet
 facet normal 0 -1 0
  outer loop
   vertex 35.083328247070312 53.099998474121094 8.25
   vertex 33.583328247070312 53.099998474121094 7.0500001907348633
   vertex 35.083328247070312 53.099998474121094 7.0500001907348633
  endloop
 endfacet
 facet normal 0 -1 0
  outer loop
   vertex 35.083328247070312 53.099998474121094 8.25
   vertex 33.583328247070312 53.099998474121094 8.25
   vertex 33.583328247070312 53.099998474121094 7.0500001907348633
  endloop
 endfacet
 facet normal 0 1 -0
  outer loop
   vertex 35.083328247070312 53.124000549316406 8.25
   vertex 35.083328247070312 53.124000549316406 7.0500001907348633
   vertex 33.583328247070312 53.124000549316406 7.0500001907348633
  endloop
 endfacet
 facet normal 0 1 0
  outer loop
   vertex 35.083328247070312 53.124000549316406 8.25
   vertex 33.583328247070312 53.124000549316406 7.0500001907348633
   vertex 33.583328247070312 53.124000549316406 8.25
  endloop
 endfacet
 facet normal 0 0 -1
  outer loop
   vertex 35.083328247070312 53.124000549316406 7.0500001907348633
   vertex 33.583328247070312 53.099998474121094 7.0500001907348633
   vertex 33.583328247070312 53.124000549316406 7.0500001907348633
  endloop
 endfacet
 facet normal 0 0 -1
  outer loop
   vertex 35.083328247070312 53.124000549316406 7.0500001907348633
   vertex 35.083328247070312 53.099998474121094 7.0500001907348633
   vertex 33.583328247070312 53.099998474121094 7.0500001907348633
  endloop
 endfacet
 facet normal -0 0 1
  outer loop
   vertex 35.083328247070312 53.124000549316406 8.25
   vertex 33.583328247070312 53.124000549316406 8.25
   vertex 33.583328247070312 53.099998474121094 8.25
  endloop
 endfacet
 facet normal 0 0 1
  outer loop
   vertex 35.083328247070312 53.124000549316406 8.25
   vertex 33.583328247070312 53.099998474121094 8.25
   vertex 35.083328247070312 53.099998474121094 8.25
  endloop
 endfacet
 facet normal -1 0 0
  outer loop
   vertex 33.583328247070312 53.099998474121094 2.8499999046325684
   vertex 33.583328247070312 53.124000549316406 1.6499999761581421
   vertex 33.583328247070312 53.099998474121094 1.6499999761581421
  endloop
 endfacet
 facet normal -1 -0 -0
  outer loop
   vertex 33.583328247070312 53.099998474121094 2.8499999046325684
   vertex 33.583328247070312 53.124000549316406 2.8499999046325684
   vertex 33.583328247070312 53.124000549316406 1.6499999761581421
  endloop
 endfacet
 facet normal 1 0 0
  outer loop
   vertex 35.083328247070312 53.099998474121094 2.8499999046325684
   vertex 35.083328247070312 53.099998474121094 1.6499999761581421
   vertex 35.083328247070312 53.124000549316406 1.6499999761581421
  endloop
 endfacet
 facet normal 1 0 -0
  outer loop
   vertex 35.083328247070312 53.099998474121094 2.8499999046325684
   vertex 35.083328247070312 53.124000549316406 1.6499999761581421
   vertex 35.083328247070312 53.124000549316406 2.8499999046325684
  endloop
 endfacet
 facet normal 0 -1 0
  outer loop
   vertex 35.083328247070312 53.099998474121094 2.8499999046325684
   vertex 33.583328247070312 53.099998474121094 1.6499999761581421
   vertex 35.083328247070312 53.099998474121094 1.6499999761581421
  endloop
 endfacet
 facet normal 0 -1 0
  outer loop
   vertex 35.083328247070312 53.099998474121094 2.8499999046325684
   vertex 33.583328247070312 53.099998474121094 2.8499999046325684
   vertex 33.583328247070312 53.099998474121094 1.6499999761581421
  endloop
 endfacet
 facet normal 0 1 -0
  outer loop
   vertex 35.083328247070312 53.124000549316406 2.8499999046325684
   vertex 35.083328247070312 53.124000549316406 1.6499999761581421
   vertex 33.583328247070312 53.124000549316406 1.6499999761581421
  endloop
 endfacet
 facet normal 0 1 0
  outer loop
   vertex 35.083328247070312 53.124000549316406 2.8499999046325684
   vertex 33.583328247070312 53.124000549316406 1.6499999761581421
   vertex 33.583328247070312 53.124000549316406 2.8499999046325684
  endloop
 endfacet
 facet normal 0 0 -1
  outer loop
   vertex 35.083328247070312 53.124000549316406 1.6499999761581421
   vertex 33.583328247070312 53.099998474121094 1.6499999761581421
   vertex 33.583328247070312 53.124000549316406 1.6499999761581421
  endloop
 endfacet
 facet normal 0 0 -1
  outer loop
   vertex 35.083328247070312 53.124000549316406 1.6499999761581421
   vertex 35.083328247070312 53.099998474121094 1.6499999761581421
   vertex 33.583328247070312 53.099998474121094 1.6499999761581421
  endloop
 endfacet
 facet normal -0 0 1
  outer loop
   vertex 35.083328247070312 53.124000549316406 2.8499999046325684
   vertex 33.583328247070312 53.124000549316406 2.8499999046325684
   vertex 33.583328247070312 53.099998474121094 2.8499999046325684
  endloop
 endfacet
 facet normal 0 0 1
  outer loop
   vertex 35.083328247070312 53.124000549316406 2.8499999046325684
   vertex 33.583328247070312 53.099998474121094 2.8499999046325684
   vertex 35.083328247070312 53.099998474121094 2.8499999046325684
  endloop
 endfacet
 facet normal -1 0 0
  outer loop
   vertex 33.583328247070312 53.099998474121094 5.5500001907348633
   vertex 33.583328247070312 53.124000549316406 4.3499999046325684
   vertex 33.583328247070312 53.099998474121094 4.3499999046325684
  endloop
 endfacet
 facet normal -1 -0 -0
  outer loop
   vertex 33.583328247070312 53.099998474121094 5.5500001907348633
   vertex 33.583328247070312 53.124000549316406 5.5500001907348633
   vertex 33.583328247070312 53.124000549316406 4.3499999046325684
  endloop
 endfacet
 facet normal 1 0 0
  outer loop
   vertex 35.083328247070312 53.099998474121094 5.5500001907348633
   vertex 35.083328247070312 53.099998474121094 4.3499999046325684
   vertex 35.083328247070312 53.124000549316406 4.3499999046325684
  endloop
 endfacet
 facet normal 1 0 -0
  outer loop
   vertex 35.083328247070312 53.099998474121094 5.5500001907348633
   vertex 35.083328247070312 53.124000549316406 4.3499999046325684
   vertex 35.083328247070312 53.124000549316406 5.5500001907348633
  endloop
 endfacet
 facet normal 0 -1 0
  outer loop
   vertex 35.083328247070312 53.099998474121094 5.5500001907348633
   vertex 33.583328247070312 53.099998474121094 4.3499999046325684
   vertex 35.083328247070312 53.099998474121094 4.3499999046325684
  endloop
 endfacet
 facet normal 0 -1 0
  outer loop
   vertex 35.083328247070312 53.099998474121094 5.5500001907348633
   vertex 33.583328247070312 53.099998474121094 5.5500001907348633
   vertex 33.583328247070312 53.099998474121094 4.3499999046325684
  endloop
 endfacet
 facet normal 0 1 -0
  outer loop
   vertex 35.083328247070312 53.124000549316406 5.5500001907348633
   vertex 35.083328247070312 53.124000549316406 4.3499999046325684
   vertex 33.583328247070312 53.124000549316406 4.3499999046325684
  endloop
 endfacet
 facet normal 0 1 0
  outer loop
   vertex 35.083328247070312 53.124000549316406 5.5500001907348633
   vertex 33.583328247070312 53.124000549316406 4.3499999046325684
   vertex 33.583328247070312 53.124000549316406 5.5500001907348633
  endloop
 endfacet
 facet normal 0 0 -1
  outer loop
   vertex 35.083328247070312 53.124000549316406 4.3499999046325684
   vertex 33.583328247070312 53.099998474121094 4.3499999046325684
   vertex 33.583328247070312 53.124000549316406 4.3499999046325684
  endloop
 endfacet
 facet normal 0 0 -1
  outer loop
   vertex 35.083328247070312 53.124000549316406 4.3499999046325684
   vertex 35.083328247070312 53.099998474121094 4.3499999046325684
   vertex 33.583328247070312 53.099998474121094 4.3499999046325684
  endloop
 endfacet
 facet normal -0 0 1
  outer loop
   vertex 35.083328247070312 53.124000549316406 5.5500001907348633
   vertex 33.583328247070312 53.124000549316406 5.5500001907348633
   vertex 33.583328247070312 53.099998474121094 5.5500001907348633
  endloop
 endfacet
 facet normal 0 0 1
  outer loop
   vertex 35.083328247070312 53.124000549316406 5.5500001907348633
   vertex 33.583328247070312 53.099998474121094 5.5500001907348633
   vertex 35.083328247070312 53.099998474121094 5.5500001907348633
  endloop
 endfacet
 facet normal -1 0 0
  outer loop
   vertex 63.583328247070312 67.875999450683594 5.5500001907348633
   vertex 63.583328247070312 67.900001525878906 4.3499999046325684
   vertex 63.583328247070312 67.875999450683594 4.3499999046325684
  endloop
 endfacet
 facet normal -1 -0 -0
  outer loop
   vertex 63.583328247070312 67.875999450683594 5.5500001907348633
   vertex 63.583328247070312 67.900001525878906 5.5500001907348633
   vertex 63.583328247070312 67.900001525878906 4.3499999046325684
  endloop
 endfacet
 facet normal 1 0 0
  outer loop
   vertex 65.083328247070312 67.875999450683594 5.5500001907348633
   vertex 65.083328247070312 67.875999450683594 4.3499999046325684
   vertex 65.083328247070312 67.900001525878906 4.3499999046325684
  endloop
 endfacet
 facet normal 1 0 -0
  outer loop
   vertex 65.083328247070312 67.875999450683594 5.5500001907348633
   vertex 65.083328247070312 67.900001525878906 4.3499999046325684
   vertex 65.083328247070312 67.900001525878906 5.5500001907348633
  endloop
 endfacet
 facet normal 0 -1 0
  outer loop
   vertex 65.083328247070312 67.875999450683594 5.5500001907348633
   vertex 63.583328247070312 67.875999450683594 4.3499999046325684
   vertex 65.083328247070312 67.875999450683594 4.3499999046325684
  endloop
 endfacet
 facet normal 0 -1 0
  outer loop
   vertex 65.083328247070312 67.875999450683594 5.5500001907348633
   vertex 63.583328247070312 67.875999450683594 5.5500001907348633
   vertex 63.583328247070312 67.875999450683594 4.3499999046325684
  endloop
 endfacet
 facet normal 0 1 -0
  outer loop
   vertex 65.083328247070312 67.900001525878906 5.5500001907348633
   vertex 65.083328247070312 67.900001525878906 4.3499999046325684
   vertex 63.583328247070312 67.900001525878906 4.3499999046325684
  endloop
 endfacet
 facet normal 0 1 0
  outer loop
   vertex 65.083328247070312 67.900001525878906 5.5500001907348633
   vertex 63.583328247070312 67.900001525878906 4.3499999046325684
   vertex 63.583328247070312 67.900001525878906 5.5500001907348633
  endloop
 endfacet
 facet normal 0 0 -1
  outer loop
   vertex 65.083328247070312 67.900001525878906 4.3499999046325684
   vertex 63.583328247070312 67.875999450683594 4.3499999046325684
   vertex 63.583328247070312 67.900001525878906 4.3499999046325684
  endloop
 endfacet
 facet normal 0 0 -1
  outer loop
   vertex 65.083328247070312 67.900001525878906 4.3499999046325684
   vertex 65.083328247070312 67.875999450683594 4.3499999046325684
   vertex 63.583328247070312 67.875999450683594 4.3499999046325684
  endloop
 endfacet
 facet normal -0 0 1
  outer loop
   vertex 65.083328247070312 67.900001525878906 5.5500001907348633
   vertex 63.583328247070312 67.900001525878906 5.5500001907348633
   vertex 63.583328247070312 67.875999450683594 5.5500001907348633
  endloop
 endfacet
 facet normal 0 0 1
  outer loop
   vertex 65.083328247070312 67.900001525878906 5.5500001907348633
   vertex 63.583328247070312 67.875999450683594 5.5500001907348633
   vertex 65.083328247070312 67.875999450683594 5.5500001907348633
  endloop
 endfacet
 facet normal -1 0 0
  outer loop
   vertex 70.25 67.875999450683594 13.649999618530273
   vertex 70.25 67.900001525878906 12.449999809265137
   vertex 70.25 67.875999450683594 12.449999809265137
  endloop
 endfacet
 facet normal -1 -0 -0
  outer loop
   vertex 70.25 67.875999450683594 13.649999618530273
   vertex 70.25 67.900001525878906 13.649999618530273
   vertex 70.25 67.900001525878906 12.449999809265137
  endloop
 endfacet
 facet normal 1 0 0
  outer loop
   vertex 71.75 67.875999450683594 13.649999618530273
   vertex 71.75 67.875999450683594 12.449999809265137
   vertex 71.75 67.900001525878906 12.449999809265137
  endloop
 endfacet
 facet normal 1 0 -0
  outer loop
   vertex 71.75 67.875999450683594 13.649999618530273
   vertex 71.75 67.900001525878906 12.449999809265137
   vertex 71.75 67.900001525878906 13.649999618530273
  endloop
 endfacet
 facet normal 0 -1 0
  outer loop
   vertex 71.75 67.875999450683594 12.449999809265137
   vertex 70.25 67.875999450683594 13.649999618530273
   vertex 70.25 67.875999450683594 12.449999809265137
  endloop
 endfacet
 facet normal 0 -1 0
  outer loop
   vertex 71.75 67.875999450683594 13.649999618530273
   vertex 70.25 67.875999450683594 13.649999618530273
   vertex 71.75 67.875999450683594 12.449999809265137
  endloop
 endfacet
 facet normal 0 1 0
  outer loop
   vertex 71.75 67.900001525878906 12.449999809265137
   vertex 70.25 67.900001525878906 12.449999809265137
   vertex 70.25 67.900001525878906 13.649999618530273
  endloop
 endfacet
 facet normal 0 1 -0
  outer loop
   vertex 71.75 67.900001525878906 13.649999618530273
   vertex 71.75 67.900001525878906 12.449999809265137
   vertex 70.25 67.900001525878906 13.649999618530273
  endloop
 endfacet
 facet normal 0 0 -1
  outer loop
   vertex 71.75 67.900001525878906 12.449999809265137
   vertex 70.25 67.875999450683594 12.449999809265137
   vertex 70.25 67.900001525878906 12.449999809265137
  endloop
 endfacet
 facet normal 0 0 -1
  outer loop
   vertex 71.75 67.900001525878906 12.449999809265137
   vertex 71.75 67.875999450683594 12.449999809265137
   vertex 70.25 67.875999450683594 12.449999809265137
  endloop
 endfacet
 facet normal -0 0 1
  outer loop
   vertex 71.75 67.900001525878906 13.649999618530273
   vertex 70.25 67.900001525878906 13.649999618530273
   vertex 70.25 67.875999450683594 13.649999618530273
  endloop
 endfacet
 facet normal 0 0 1
  outer loop
   vertex 71.75 67.900001525878906 13.649999618530273
   vertex 70.25 67.875999450683594 13.649999618530273
   vertex 71.75 67.875999450683594 13.649999618530273
  endloop
 endfacet
 facet normal -1 0 0
  outer loop
   vertex 63.583328247070312 67.875999450683594 10.949999809265137
   vertex 63.583328247070312 67.900001525878906 9.75
   vertex 63.583328247070312 67.875999450683594 9.75
  endloop
 endfacet
 facet normal -1 -0 -0
  outer loop
   vertex 63.583328247070312 67.875999450683594 10.949999809265137
   vertex 63.583328247070312 67.900001525878906 10.949999809265137
   vertex 63.583328247070312 67.900001525878906 9.75
  endloop
 endfacet
 facet normal 1 0 0
  outer loop
   vertex 65.083328247070312 67.875999450683594 10.949999809265137
   vertex 65.083328247070312 67.875999450683594 9.75
   vertex 65.083328247070312 67.900001525878906 9.75
  endloop
 endfacet
 facet normal 1 0 -0
  outer loop
   vertex 65.083328247070312 67.875999450683594 10.949999809265137
   vertex 65.083328247070312 67.900001525878906 9.75
   vertex 65.083328247070312 67.900001525878906 10.949999809265137
  endloop
 endfacet
 facet normal 0 -1 0
  outer loop
   vertex 65.083328247070312 67.875999450683594 10.949999809265137
   vertex 63.583328247070312 67.875999450683594 9.75
   vertex 65.083328247070312 67.875999450683594 9.75
  endloop
 endfacet
 facet normal 0 -1 0
  outer loop
   vertex 65.083328247070312 67.875999450683594 10.949999809265137
   vertex 63.583328247070312 67.875999450683594 10.949999809265137
   vertex 63.583328247070312 67.875999450683594 9.75
  endloop
 endfacet
 facet normal 0 1 -0
  outer loop
   vertex 65.083328247070312 67.900001525878906 10.949999809265137
   vertex 65.083328247070312 67.900001525878906 9.75
   vertex 63.583328247070312 67.900001525878906 9.75
  endloop
 endfacet
 facet normal 0 1 0
  outer loop
   vertex 65.083328247070312 67.900001525878906 10.949999809265137
   vertex 63.583328247070312 67.900001525878906 9.75
   vertex 63.583328247070312 67.900001525878906 10.949999809265137
  endloop
 endfacet
 facet normal 0 0 -1
  outer loop
   vertex 65.083328247070312 67.900001525878906 9.75
   vertex 63.583328247070312 67.875999450683594 9.75
   vertex 63.583328247070312 67.900001525878906 9.75
  endloop
 endfacet
 facet normal 0 0 -1
  outer loop
   vertex 65.083328247070312 67.900001525878906 9.75
   vertex 65.083328247070312 67.875999450683594 9.75
   vertex 63.583328247070312 67.875999450683594 9.75
  endloop
 endfacet
 facet normal -0 0 1
  outer loop
   vertex 65.083328247070312 67.900001525878906 10.949999809265137
   vertex 63.583328247070312 67.900001525878906 10.949999809265137
   vertex 63.583328247070312 67.875999450683594 10.949999809265137
  endloop
 endfacet
 facet normal 0 0 1
  outer loop
   vertex 65.083328247070312 67.900001525878906 10.949999809265137
   vertex 63.583328247070312 67.875999450683594 10.949999809265137
   vertex 65.083328247070312 67.875999450683594 10.949999809265137
  endloop
 endfacet
 facet normal -1 0 0
  outer loop
   vertex 70.25 67.875999450683594 2.8499999046325684
   vertex 70.25 67.900001525878906 1.6499999761581421
   vertex 70.25 67.875999450683594 1.6499999761581421
  endloop
 endfacet
 facet normal -1 -0 -0
  outer loop
   vertex 70.25 67.875999450683594 2.8499999046325684
   vertex 70.25 67.900001525878906 2.8499999046325684
   vertex 70.25 67.900001525878906 1.6499999761581421
  endloop
 endfacet
 facet normal 1 0 0
  outer loop
   vertex 71.75 67.875999450683594 2.8499999046325684
   vertex 71.75 67.875999450683594 1.6499999761581421
   vertex 71.75 67.900001525878906 1.6499999761581421
  endloop
 endfacet
 facet normal 1 0 -0
  outer loop
   vertex 71.75 67.875999450683594 2.8499999046325684
   vertex 71.75 67.900001525878906 1.6499999761581421
   vertex 71.75 67.900001525878906 2.8499999046325684
  endloop
 endfacet
 facet normal 0 -1 0
  outer loop
   vertex 71.75 67.875999450683594 2.8499999046325684
   vertex 70.25 67.875999450683594 1.6499999761581421
   vertex 71.75 67.875999450683594 1.6499999761581421
  endloop
 endfacet
 facet normal 0 -1 0
  outer loop
   vertex 71.75 67.875999450683594 2.8499999046325684
   vertex 70.25 67.875999450683594 2.8499999046325684
   vertex 70.25 67.875999450683594 1.6499999761581421
  endloop
 endfacet
 facet normal 0 1 -0
  outer loop
   vertex 71.75 67.900001525878906 2.8499999046325684
   vertex 71.75 67.900001525878906 1.6499999761581421
   vertex 70.25 67.900001525878906 1.6499999761581421
  endloop
 endfacet
 facet normal 0 1 0
  outer loop
   vertex 71.75 67.900001525878906 2.8499999046325684
   vertex 70.25 67.900001525878906 1.6499999761581421
   vertex 70.25 67.900001525878906 2.8499999046325684
  endloop
 endfacet
 facet normal 0 0 -1
  outer loop
   vertex 71.75 67.900001525878906 1.6499999761581421
   vertex 70.25 67.875999450683594 1.6499999761581421
   vertex 70.25 67.900001525878906 1.6499999761581421
  endloop
 endfacet
 facet normal 0 0 -1
  outer loop
   vertex 71.75 67.900001525878906 1.6499999761581421
   vertex 71.75 67.875999450683594 1.6499999761581421
   vertex 70.25 67.875999450683594 1.6499999761581421
  endloop
 endfacet
 facet normal -0 0 1
  outer loop
   vertex 71.75 67.900001525878906 2.8499999046325684
   vertex 70.25 67.900001525878906 2.8499999046325684
   vertex 70.25 67.875999450683594 2.8499999046325684
  endloop
 endfacet
 facet normal 0 0 1
  outer loop
   vertex 71.75 67.900001525878906 2.8499999046325684
   vertex 70.25 67.875999450683594 2.8499999046325684
   vertex 71.75 67.875999450683594 2.8499999046325684
  endloop
 endfacet
 facet normal -1 0 0
  outer loop
   vertex 70.25 67.875999450683594 8.25
   vertex 70.25 67.900001525878906 7.0500001907348633
   vertex 70.25 67.875999450683594 7.0500001907348633
  endloop
 endfacet
 facet normal -1 -0 -0
  outer loop
   vertex 70.25 67.875999450683594 8.25
   vertex 70.25 67.900001525878906 8.25
   vertex 70.25 67.900001525878906 7.0500001907348633
  endloop
 endfacet
 facet normal 1 0 0
  outer loop
   vertex 71.75 67.875999450683594 8.25
   vertex 71.75 67.875999450683594 7.0500001907348633
   vertex 71.75 67.900001525878906 7.0500001907348633
  endloop
 endfacet
 facet normal 1 0 -0
  outer loop
   vertex 71.75 67.875999450683594 8.25
   vertex 71.75 67.900001525878906 7.0500001907348633
   vertex 71.75 67.900001525878906 8.25
  endloop
 endfacet
 facet normal 0 -1 0
  outer loop
   vertex 71.75 67.875999450683594 8.25
   vertex 70.25 67.875999450683594 7.0500001907348633
   vertex 71.75 67.875999450683594 7.0500001907348633
  endloop
 endfacet
 facet normal 0 -1 0
  outer loop
   vertex 71.75 67.875999450683594 8.25
   vertex 70.25 67.875999450683594 8.25
   vertex 70.25 67.875999450683594 7.0500001907348633
  endloop
 endfacet
 facet normal 0 1 -0
  outer loop
   vertex 71.75 67.900001525878906 8.25
   vertex 71.75 67.900001525878906 7.0500001907348633
   vertex 70.25 67.900001525878906 7.0500001907348633
  endloop
 endfacet
 facet normal 0 1 0
  outer loop
   vertex 71.75 67.900001525878906 8.25
   vertex 70.25 67.900001525878906 7.0500001907348633
   vertex 70.25 67.900001525878906 8.25
  endloop
 endfacet
 facet normal 0 0 -1
  outer loop
   vertex 71.75 67.900001525878906 7.0500001907348633
   vertex 70.25 67.875999450683594 7.0500001907348633
   vertex 70.25 67.900001525878906 7.0500001907348633
  endloop
 endfacet
 facet normal 0 0 -1
  outer loop
   vertex 71.75 67.900001525878906 7.0500001907348633
   vertex 71.75 67.875999450683594 7.0500001907348633
   vertex 70.25 67.875999450683594 7.0500001907348633
  endloop
 endfacet
 facet normal -0 0 1
  outer loop
   vertex 71.75 67.900001525878906 8.25
   vertex 70.25 67.900001525878906 8.25
   vertex 70.25 67.875999450683594 8.25
  endloop
 endfacet
 facet normal 0 0 1
  outer loop
   vertex 71.75 67.900001525878906 8.25
   vertex 70.25 67.875999450683594 8.25
   vertex 71.75 67.875999450683594 8.25
  endloop
 endfacet
 facet normal -1 0 0
  outer loop
   vertex 76.916671752929688 67.875999450683594 5.5500001907348633
   vertex 76.916671752929688 67.900001525878906 4.3499999046325684
   vertex 76.916671752929688 67.875999450683594 4.3499999046325684
  endloop
 endfacet
 facet normal -1 -0 -0
  outer loop
   vertex 76.916671752929688 67.875999450683594 5.5500001907348633
   vertex 76.916671752929688 67.900001525878906 5.5500001907348633
   vertex 76.916671752929688 67.900001525878906 4.3499999046325684
  endloop
 endfacet
 facet normal 1 0 0
  outer loop
   vertex 78.416671752929688 67.875999450683594 5.5500001907348633
   vertex 78.416671752929688 67.875999450683594 4.3499999046325684
   vertex 78.416671752929688 67.900001525878906 4.3499999046325684
  endloop
 endfacet
 facet normal 1 0 -0
  outer loop
   vertex 78.416671752929688 67.875999450683594 5.5500001907348633
   vertex 78.416671752929688 67.900001525878906 4.3499999046325684
   vertex 78.416671752929688 67.900001525878906 5.5500001907348633
  endloop
 endfacet
 facet normal 0 -1 0
  outer loop
   vertex 78.416671752929688 67.875999450683594 5.5500001907348633
   vertex 76.916671752929688 67.875999450683594 4.3499999046325684
   vertex 78.416671752929688 67.875999450683594 4.3499999046325684
  endloop
 endfacet
 facet normal 0 -1 0
  outer loop
   vertex 78.416671752929688 67.875999450683594 5.5500001907348633
   vertex 76.916671752929688 67.875999450683594 5.5500001907348633
   vertex 76.916671752929688 67.875999450683594 4.3499999046325684
  endloop
 endfacet
 facet normal 0 1 -0
  outer loop
   vertex 78.416671752929688 67.900001525878906 5.5500001907348633
   vertex 78.416671752929688 67.900001525878906 4.3499999046325684
   vertex 76.916671752929688 67.900001525878906 4.3499999046325684
  endloop
 endfacet
 facet normal 0 1 0
  outer loop
   vertex 78.416671752929688 67.900001525878906 5.5500001907348633
   vertex 76.916671752929688 67.900001525878906 4.3499999046325684
   vertex 76.916671752929688 67.900001525878906 5.5500001907348633
  endloop
 endfacet
 facet normal 0 0 -1
  outer loop
   vertex 78.416671752929688 67.900001525878906 4.3499999046325684
   vertex 76.916671752929688 67.875999450683594 4.3499999046325684
   vertex 76.916671752929688 67.900001525878906 4.3499999046325684
  endloop
 endfacet
 facet normal 0 0 -1
  outer loop
   vertex 78.416671752929688 67.900001525878906 4.3499999046325684
   vertex 78.416671752929688 67.875999450683594 4.3499999046325684
   vertex 76.916671752929688 67.875999450683594 4.3499999046325684
  endloop
 endfacet
 facet normal -0 0 1
  outer loop
   vertex 78.416671752929688 67.900001525878906 5.5500001907348633
   vertex 76.916671752929688 67.900001525878906 5.5500001907348633
   vertex 76.916671752929688 67.875999450683594 5.5500001907348633
  endloop
 endfacet
 facet normal 0 0 1
  outer loop
   vertex 78.416671752929688 67.900001525878906 5.5500001907348633
   vertex 76.916671752929688 67.875999450683594 5.5500001907348633
   vertex 78.416671752929688 67.875999450683594 5.5500001907348633
  endloop
 endfacet
 facet normal -1 0 0
  outer loop
   vertex 76.916671752929688 67.875999450683594 10.949999809265137
   vertex 76.916671752929688 67.900001525878906 9.75
   vertex 76.916671752929688 67.875999450683594 9.75
  endloop
 endfacet
 facet normal -1 -0 -0
  outer loop
   vertex 76.916671752929688 67.875999450683594 10.949999809265137
   vertex 76.916671752929688 67.900001525878906 10.949999809265137
   vertex 76.916671752929688 67.900001525878906 9.75
  endloop
 endfacet
 facet normal 1 0 0
  outer loop
   vertex 78.416671752929688 67.875999450683594 10.949999809265137
   vertex 78.416671752929688 67.875999450683594 9.75
   vertex 78.416671752929688 67.900001525878906 9.75
  endloop
 endfacet
 facet normal 1 0 -0
  outer loop
   vertex 78.416671752929688 67.875999450683594 10.949999809265137
   vertex 78.416671752929688 67.900001525878906 9.75
   vertex 78.416671752929688 67.900001525878906 10.949999809265137
  endloop
 endfacet
 facet normal 0 -1 0
  outer loop
   vertex 78.416671752929688 67.875999450683594 10.949999809265137
   vertex 76.916671752929688 67.875999450683594 9.75
   vertex 78.416671752929688 67.875999450683594 9.75
  endloop
 endfacet
 facet normal 0 -1 0
  outer loop
   vertex 78.416671752929688 67.875999450683594 10.949999809265137
   vertex 76.916671752929688 67.875999450683594 10.949999809265137
   vertex 76.916671752929688 67.875999450683594 9.75
  endloop
 endfacet
 facet normal 0 1 -0
  outer loop
   vertex 78.416671752929688 67.900001525878906 10.949999809265137
   vertex 78.416671752929688 67.900001525878906 9.75
   vertex 76.916671752929688 67.900001525878906 9.75
  endloop
 endfacet
 facet normal 0 1 0
  outer loop
   vertex 78.416671752929688 67.900001525878906 10.949999809265137
   vertex 76.916671752929688 67.900001525878906 9.75
   vertex 76.916671752929688 67.900001525878906 10.949999809265137
  endloop
 endfacet
 facet normal 0 0 -1
  outer loop
   vertex 78.416671752929688 67.900001525878906 9.75
   vertex 76.916671752929688 67.875999450683594 9.75
   vertex 76.916671752929688 67.900001525878906 9.75
  endloop
 endfacet
 facet normal 0 0 -1
  outer loop
   vertex 78.416671752929688 67.900001525878906 9.75
   vertex 78.416671752929688 67.875999450683594 9.75
   vertex 76.916671752929688 67.875999450683594 9.75
  endloop
 endfacet
 facet normal -0 0 1
  outer loop
   vertex 78.416671752929688 67.900001525878906 10.949999809265137
   vertex 76.916671752929688 67.900001525878906 10.949999809265137
   vertex 76.916671752929688 67.875999450683594 10.949999809265137
  endloop
 endfacet
 facet normal 0 0 1
  outer loop
   vertex 78.416671752929688 67.900001525878906 10.949999809265137
   vertex 76.916671752929688 67.875999450683594 10.949999809265137
   vertex 78.416671752929688 67.875999450683594 10.949999809265137
  endloop
 endfacet
 facet normal -1 0 0
  outer loop
   vertex 76.916671752929688 67.875999450683594 2.8499999046325684
   vertex 76.916671752929688 67.900001525878906 1.6499999761581421
   vertex 76.916671752929688 67.875999450683594 1.6499999761581421
  endloop
 endfacet
 facet normal -1 -0 -0
  outer loop
   vertex 76.916671752929688 67.875999450683594 2.8499999046325684
   vertex 76.916671752929688 67.900001525878906 2.8499999046325684
   vertex 76.916671752929688 67.900001525878906 1.6499999761581421
  endloop
 endfacet
 facet normal 1 0 0
  outer loop
   vertex 78.416671752929688 67.875999450683594 2.8499999046325684
   vertex 78.416671752929688 67.875999450683594 1.6499999761581421
   vertex 78.416671752929688 67.900001525878906 1.6499999761581421
  endloop
 endfacet
 facet normal 1 0 -0
  outer loop
   vertex 78.416671752929688 67.875999450683594 2.8499999046325684
   vertex 78.416671752929688 67.900001525878906 1.6499999761581421
   vertex 78.416671752929688 67.900001525878906 2.8499999046325684
  endloop
 endfacet
 facet normal 0 -1 0
  outer loop
   vertex 78.416671752929688 67.875999450683594 2.8499999046325684
   vertex 76.916671752929688 67.875999450683594 1.6499999761581421
   vertex 78.416671752929688 67.875999450683594 1.6499999761581421
  endloop
 endfacet
 facet normal 0 -1 0
  outer loop
   vertex 78.416671752929688 67.875999450683594 2.8499999046325684
   vertex 76.916671752929688 67.875999450683594 2.8499999046325684
   vertex 76.916671752929688 67.875999450683594 1.6499999761581421
  endloop
 endfacet
 facet normal 0 1 -0
  outer loop
   vertex 78.416671752929688 67.900001525878906 2.8499999046325684
   vertex 78.416671752929688 67.900001525878906 1.6499999761581421
   vertex 76.916671752929688 67.900001525878906 1.6499999761581421
  endloop
 endfacet
 facet normal 0 1 0
  outer loop
   vertex 78.416671752929688 67.900001525878906 2.8499999046325684
   vertex 76.916671752929688 67.900001525878906 1.6499999761581421
   vertex 76.916671752929688 67.900001525878906 2.8499999046325684
  endloop
 endfacet
 facet normal 0 0 -1
  outer loop
   vertex 78.416671752929688 67.900001525878906 1.6499999761581421
   vertex 76.916671752929688 67.875999450683594 1.6499999761581421
   vertex 76.916671752929688 67.900001525878906 1.6499999761581421
  endloop
 endfacet
 facet normal 0 0 -1
  outer loop
   vertex 78.416671752929688 67.900001525878906 1.6499999761581421
   vertex 78.416671752929688 67.875999450683594 1.6499999761581421
   vertex 76.916671752929688 67.875999450683594 1.6499999761581421
  endloop
 endfacet
 facet normal -0 0 1
  outer loop
   vertex 78.416671752929688 67.900001525878906 2.8499999046325684
   vertex 76.916671752929688 67.900001525878906 2.8499999046325684
   vertex 76.916671752929688 67.875999450683594 2.8499999046325684
  endloop
 endfacet
 facet normal 0 0 1
  outer loop
   vertex 78.416671752929688 67.900001525878906 2.8499999046325684
   vertex 76.916671752929688 67.875999450683594 2.8499999046325684
   vertex 78.416671752929688 67.875999450683594 2.8499999046325684
  endloop
 endfacet
 facet normal -1 0 0
  outer loop
   vertex 63.583328247070312 67.875999450683594 2.8499999046325684
   vertex 63.583328247070312 67.900001525878906 1.6499999761581421
   vertex 63.583328247070312 67.875999450683594 1.6499999761581421
  endloop
 endfacet
 facet normal -1 -0 -0
  outer loop
   vertex 63.583328247070312 67.875999450683594 2.8499999046325684
   vertex 63.583328247070312 67.900001525878906 2.8499999046325684
   vertex 63.583328247070312 67.900001525878906 1.6499999761581421
  endloop
 endfacet
 facet normal 1 0 0
  outer loop
   vertex 65.083328247070312 67.875999450683594 2.8499999046325684
   vertex 65.083328247070312 67.875999450683594 1.6499999761581421
   vertex 65.083328247070312 67.900001525878906 1.6499999761581421
  endloop
 endfacet
 facet normal 1 0 -0
  outer loop
   vertex 65.083328247070312 67.875999450683594 2.8499999046325684
   vertex 65.083328247070312 67.900001525878906 1.6499999761581421
   vertex 65.083328247070312 67.900001525878906 2.8499999046325684
  endloop
 endfacet
 facet normal 0 -1 0
  outer loop
   vertex 65.083328247070312 67.875999450683594 2.8499999046325684
   vertex 63.583328247070312 67.875999450683594 1.6499999761581421
   vertex 65.083328247070312 67.875999450683594 1.6499999761581421
  endloop
 endfacet
 facet normal 0 -1 0
  outer loop
   vertex 65.083328247070312 67.875999450683594 2.8499999046325684
   vertex 63.583328247070312 67.875999450683594 2.8499999046325684
   vertex 63.583328247070312 67.875999450683594 1.6499999761581421
  endloop
 endfacet
 facet normal 0 1 -0
  outer loop
   vertex 65.083328247070312 67.900001525878906 2.8499999046325684
   vertex 65.083328247070312 67.900001525878906 1.6499999761581421
   vertex 63.583328247070312 67.900001525878906 1.6499999761581421
  endloop
 endfacet
 facet normal 0 1 0
  outer loop
   vertex 65.083328247070312 67.900001525878906 2.8499999046325684
   vertex 63.583328247070312 67.900001525878906 1.6499999761581421
   vertex 63.583328247070312 67.900001525878906 2.8499999046325684
  endloop
 endfacet
 facet normal 0 0 -1
  outer loop
   vertex 65.083328247070312 67.900001525878906 1.6499999761581421
   vertex 63.583328247070312 67.875999450683594 1.6499999761581421
   vertex 63.583328247070312 67.900001525878906 1.6499999761581421
  endloop
 endfacet
 facet normal 0 0 -1
  outer loop
   vertex 65.083328247070312 67.900001525878906 1.6499999761581421
   vertex 65.083328247070312 67.875999450683594 1.6499999761581421
   vertex 63.583328247070312 67.875999450683594 1.6499999761581421
  endloop
 endfacet
 facet normal -0 0 1
  outer loop
   vertex 65.083328247070312 67.900001525878906 2.8499999046325684
   vertex 63.583328247070312 67.900001525878906 2.8499999046325684
   vertex 63.583328247070312 67.875999450683594 2.8499999046325684
  endloop
 endfacet
 facet normal 0 0 1
  outer loop
   vertex 65.083328247070312 67.900001525878906 2.8499999046325684
   vertex 63.583328247070312 67.875999450683594 2.8499999046325684
   vertex 65.083328247070312 67.875999450683594 2.8499999046325684
  endloop
 endfacet
 facet normal -1 0 0
  outer loop
   vertex 76.916671752929688 67.875999450683594 8.25
   vertex 76.916671752929688 67.900001525878906 7.0500001907348633
   vertex 76.916671752929688 67.875999450683594 7.0500001907348633
  endloop
 endfacet
 facet normal -1 -0 -0
  outer loop
   vertex 76.916671752929688 67.875999450683594 8.25
   vertex 76.916671752929688 67.900001525878906 8.25
   vertex 76.916671752929688 67.900001525878906 7.0500001907348633
  endloop
 endfacet
 facet normal 1 0 0
  outer loop
   vertex 78.416671752929688 67.875999450683594 8.25
   vertex 78.416671752929688 67.875999450683594 7.0500001907348633
   vertex 78.416671752929688 67.900001525878906 7.0500001907348633
  endloop
 endfacet
 facet normal 1 0 -0
  outer loop
   vertex 78.416671752929688 67.875999450683594 8.25
   vertex 78.416671752929688 67.900001525878906 7.0500001907348633
   vertex 78.416671752929688 67.900001525878906 8.25
  endloop
 endfacet
 facet normal 0 -1 0
  outer loop
   vertex 78.416671752929688 67.875999450683594 8.25
   vertex 76.916671752929688 67.875999450683594 7.0500001907348633
   vertex 78.416671752929688 67.875999450683594 7.0500001907348633
  endloop
 endfacet
 facet normal 0 -1 0
  outer loop
   vertex 78.416671752929688 67.875999450683594 8.25
   vertex 76.916671752929688 67.875999450683594 8.25
   vertex 76.916671752929688 67.875999450683594 7.0500001907348633
  endloop
 endfacet
 facet normal 0 1 -0
  outer loop
   vertex 78.416671752929688 67.900001525878906 8.25
   vertex 78.416671752929688 67.900001525878906 7.0500001907348633
   vertex 76.916671752929688 67.900001525878906 7.0500001907348633
  endloop
 endfacet
 facet normal 0 1 0
  outer loop
   vertex 78.416671752929688 67.900001525878906 8.25
   vertex 76.916671752929688 67.900001525878906 7.0500001907348633
   vertex 76.916671752929688 67.900001525878906 8.25
  endloop
 endfacet
 facet normal 0 0 -1
  outer loop
   vertex 78.416671752929688 67.900001525878906 7.0500001907348633
   vertex 76.916671752929688 67.875999450683594 7.0500001907348633
   vertex 76.916671752929688 67.900001525878906 7.0500001907348633
  endloop
 endfacet
 facet normal 0 0 -1
  outer loop
   vertex 78.416671752929688 67.900001525878906 7.0500001907348633
   vertex 78.416671752929688 67.875999450683594 7.0500001907348633
   vertex 76.916671752929688 67.875999450683594 7.0500001907348633
  endloop
 endfacet
 facet normal -0 0 1
  outer loop
   vertex 78.416671752929688 67.900001525878906 8.25
   vertex 76.916671752929688 67.900001525878906 8.25
   vertex 76.916671752929688 67.875999450683594 8.25
  endloop
 endfacet
 facet normal 0 0 1
  outer loop
   vertex 78.416671752929688 67.900001525878906 8.25
   vertex 76.916671752929688 67.875999450683594 8.25
   vertex 78.416671752929688 67.875999450683594 8.25
  endloop
 endfacet
 facet normal -1 0 0
  outer loop
   vertex 63.583328247070312 67.875999450683594 8.25
   vertex 63.583328247070312 67.900001525878906 7.0500001907348633
   vertex 63.583328247070312 67.875999450683594 7.0500001907348633
  endloop
 endfacet
 facet normal -1 -0 -0
  outer loop
   vertex 63.583328247070312 67.875999450683594 8.25
   vertex 63.583328247070312 67.900001525878906 8.25
   vertex 63.583328247070312 67.900001525878906 7.0500001907348633
  endloop
 endfacet
 facet normal 1 0 0
  outer loop
   vertex 65.083328247070312 67.875999450683594 8.25
   vertex 65.083328247070312 67.875999450683594 7.0500001907348633
   vertex 65.083328247070312 67.900001525878906 7.0500001907348633
  endloop
 endfacet
 facet normal 1 0 -0
  outer loop
   vertex 65.083328247070312 67.875999450683594 8.25
   vertex 65.083328247070312 67.900001525878906 7.0500001907348633
   vertex 65.083328247070312 67.900001525878906 8.25
  endloop
 endfacet
 facet normal 0 -1 0
  outer loop
   vertex 65.083328247070312 67.875999450683594 8.25
   vertex 63.583328247070312 67.875999450683594 7.0500001907348633
   vertex 65.083328247070312 67.875999450683594 7.0500001907348633
  endloop
 endfacet
 facet normal 0 -1 0
  outer loop
   vertex 65.083328247070312 67.875999450683594 8.25
   vertex 63.583328247070312 67.875999450683594 8.25
   vertex 63.583328247070312 67.875999450683594 7.0500001907348633
  endloop
 endfacet
 facet normal 0 1 -0
  outer loop
   vertex 65.083328247070312 67.900001525878906 8.25
   vertex 65.083328247070312 67.900001525878906 7.0500001907348633
   vertex 63.583328247070312 67.900001525878906 7.0500001907348633
  endloop
 endfacet
 facet normal 0 1 0
  outer loop
   vertex 65.083328247070312 67.900001525878906 8.25
   vertex 63.583328247070312 67.900001525878906 7.0500001907348633
   vertex 63.583328247070312 67.900001525878906 8.25
  endloop
 endfacet
 facet normal 0 0 -1
  outer loop
   vertex 65.083328247070312 67.900001525878906 7.0500001907348633
   vertex 63.583328247070312 67.875999450683594 7.0500001907348633
   vertex 63.583328247070312 67.900001525878906 7.0500001907348633
  endloop
 endfacet
 facet normal 0 0 -1
  outer loop
   vertex 65.083328247070312 67.900001525878906 7.0500001907348633
   vertex 65.083328247070312 67.875999450683594 7.0500001907348633
   vertex 63.583328247070312 67.875999450683594 7.0500001907348633
  endloop
 endfacet
 facet normal -0 0 1
  outer loop
   vertex 65.083328247070312 67.900001525878906 8.25
   vertex 63.583328247070312 67.900001525878906 8.25
   vertex 63.583328247070312 67.875999450683594 8.25
  endloop
 endfacet
 facet normal 0 0 1
  outer loop
   vertex 65.083328247070312 67.900001525878906 8.25
   vertex 63.583328247070312 67.875999450683594 8.25
   vertex 65.083328247070312 67.875999450683594 8.25
  endloop
 endfacet
 facet normal -1 0 0
  outer loop
   vertex 76.916671752929688 67.875999450683594 13.649999618530273
   vertex 76.916671752929688 67.900001525878906 12.449999809265137
   vertex 76.916671752929688 67.875999450683594 12.449999809265137
  endloop
 endfacet
 facet normal -1 -0 -0
  outer loop
   vertex 76.916671752929688 67.875999450683594 13.649999618530273
   vertex 76.916671752929688 67.900001525878906 13.649999618530273
   vertex 76.916671752929688 67.900001525878906 12.449999809265137
  endloop
 endfacet
 facet normal 1 0 0
  outer loop
   vertex 78.416671752929688 67.875999450683594 13.649999618530273
   vertex 78.416671752929688 67.875999450683594 12.449999809265137
   vertex 78.416671752929688 67.900001525878906 12.449999809265137
  endloop
 endfacet
 facet normal 1 0 -0
  outer loop
   vertex 78.416671752929688 67.875999450683594 13.649999618530273
   vertex 78.416671752929688 67.900001525878906 12.449999809265137
   vertex 78.416671752929688 67.900001525878906 13.649999618530273
  endloop
 endfacet
 facet normal 0 -1 0
  outer loop
   vertex 78.416671752929688 67.875999450683594 12.449999809265137
   vertex 76.916671752929688 67.875999450683594 13.649999618530273
   vertex 76.916671752929688 67.875999450683594 12.449999809265137
  endloop
 endfacet
 facet normal 0 -1 0
  outer loop
   vertex 78.416671752929688 67.875999450683594 13.649999618530273
   vertex 76.916671752929688 67.875999450683594 13.649999618530273
   vertex 78.416671752929688 67.875999450683594 12.449999809265137
  endloop
 endfacet
 facet normal 0 1 0
  outer loop
   vertex 78.416671752929688 67.900001525878906 12.449999809265137
   vertex 76.916671752929688 67.900001525878906 12.449999809265137
   vertex 76.916671752929688 67.900001525878906 13.649999618530273
  endloop
 endfacet
 facet normal 0 1 -0
  outer loop
   vertex 78.416671752929688 67.900001525878906 13.649999618530273
   vertex 78.416671752929688 67.900001525878906 12.449999809265137
   vertex 76.916671752929688 67.900001525878906 13.649999618530273
  endloop
 endfacet
 facet normal 0 0 -1
  outer loop
   vertex 78.416671752929688 67.900001525878906 12.449999809265137
   vertex 76.916671752929688 67.875999450683594 12.449999809265137
   vertex 76.916671752929688 67.900001525878906 12.449999809265137
  endloop
 endfacet
 facet normal 0 0 -1
  outer loop
   vertex 78.416671752929688 67.900001525878906 12.449999809265137
   vertex 78.416671752929688 67.875999450683594 12.449999809265137
   vertex 76.916671752929688 67.875999450683594 12.449999809265137
  endloop
 endfacet
 facet normal -0 0 1
  outer loop
   vertex 78.416671752929688 67.900001525878906 13.649999618530273
   vertex 76.916671752929688 67.900001525878906 13.649999618530273
   vertex 76.916671752929688 67.875999450683594 13.649999618530273
  endloop
 endfacet
 facet normal 0 0 1
  outer loop
   vertex 78.416671752929688 67.900001525878906 13.649999618530273
   vertex 76.916671752929688 67.875999450683594 13.649999618530273
   vertex 78.416671752929688 67.875999450683594 13.649999618530273
  endloop
 endfacet
 facet normal -1 0 0
  outer loop
   vertex 63.583328247070312 67.875999450683594 13.649999618530273
   vertex 63.583328247070312 67.900001525878906 12.449999809265137
   vertex 63.583328247070312 67.875999450683594 12.449999809265137
  endloop
 endfacet
 facet normal -1 -0 -0
  outer loop
   vertex 63.583328247070312 67.875999450683594 13.649999618530273
   vertex 63.583328247070312 67.900001525878906 13.649999618530273
   vertex 63.583328247070312 67.900001525878906 12.449999809265137
  endloop
 endfacet
 facet normal 1 0 0
  outer loop
   vertex 65.083328247070312 67.875999450683594 13.649999618530273
   vertex 65.083328247070312 67.875999450683594 12.449999809265137
   vertex 65.083328247070312 67.900001525878906 12.449999809265137
  endloop
 endfacet
 facet normal 1 0 -0
  outer loop
   vertex 65.083328247070312 67.875999450683594 13.649999618530273
   vertex 65.083328247070312 67.900001525878906 12.449999809265137
   vertex 65.083328247070312 67.900001525878906 13.649999618530273
  endloop
 endfacet
 facet normal 0 -1 0
  outer loop
   vertex 65.083328247070312 67.875999450683594 12.449999809265137
   vertex 63.583328247070312 67.875999450683594 13.649999618530273
   vertex 63.583328247070312 67.875999450683594 12.449999809265137
  endloop
 endfacet
 facet normal 0 -1 0
  outer loop
   vertex 65.083328247070312 67.875999450683594 13.649999618530273
   vertex 63.583328247070312 67.875999450683594 13.649999618530273
   vertex 65.083328247070312 67.875999450683594 12.449999809265137
  endloop
 endfacet
 facet normal 0 1 0
  outer loop
   vertex 65.083328247070312 67.900001525878906 12.449999809265137
   vertex 63.583328247070312 67.900001525878906 12.449999809265137
   vertex 63.583328247070312 67.900001525878906 13.649999618530273
  endloop
 endfacet
 facet normal 0 1 -0
  outer loop
   vertex 65.083328247070312 67.900001525878906 13.649999618530273
   vertex 65.083328247070312 67.900001525878906 12.449999809265137
   vertex 63.583328247070312 67.900001525878906 13.649999618530273
  endloop
 endfacet
 facet normal 0 0 -1
  outer loop
   vertex 65.083328247070312 67.900001525878906 12.449999809265137
   vertex 63.583328247070312 67.875999450683594 12.449999809265137
   vertex 63.583328247070312 67.900001525878906 12.449999809265137
  endloop
 endfacet
 facet normal 0 0 -1
  outer loop
   vertex 65.083328247070312 67.900001525878906 12.449999809265137
   vertex 65.083328247070312 67.875999450683594 12.449999809265137
   vertex 63.583328247070312 67.875999450683594 12.449999809265137
  endloop
 endfacet
 facet normal -0 0 1
  outer loop
   vertex 65.083328247070312 67.900001525878906 13.649999618530273
   vertex 63.583328247070312 67.900001525878906 13.649999618530273
   vertex 63.583328247070312 67.875999450683594 13.649999618530273
  endloop
 endfacet
 facet normal 0 0 1
  outer loop
   vertex 65.083328247070312 67.900001525878906 13.649999618530273
   vertex 63.583328247070312 67.875999450683594 13.649999618530273
   vertex 65.083328247070312 67.875999450683594 13.649999618530273
  endloop
 endfacet
 facet normal -1 0 0
  outer loop
   vertex 70.25 67.875999450683594 10.949999809265137
   vertex 70.25 67.900001525878906 9.75
   vertex 70.25 67.875999450683594 9.75
  endloop
 endfacet
 facet normal -1 -0 -0
  outer loop
   vertex 70.25 67.875999450683594 10.949999809265137
   vertex 70.25 67.900001525878906 10.949999809265137
   vertex 70.25 67.900001525878906 9.75
  endloop
 endfacet
 facet normal 1 0 0
  outer loop
   vertex 71.75 67.875999450683594 10.949999809265137
   vertex 71.75 67.875999450683594 9.75
   vertex 71.75 67.900001525878906 9.75
  endloop
 endfacet
 facet normal 1 0 -0
  outer loop
   vertex 71.75 67.875999450683594 10.949999809265137
   vertex 71.75 67.900001525878906 9.75
   vertex 71.75 67.900001525878906 10.949999809265137
  endloop
 endfacet
 facet normal 0 -1 0
  outer loop
   vertex 71.75 67.875999450683594 10.949999809265137
   vertex 70.25 67.875999450683594 9.75
   vertex 71.75 67.875999450683594 9.75
  endloop
 endfacet
 facet normal 0 -1 0
  outer loop
   vertex 71.75 67.875999450683594 10.949999809265137
   vertex 70.25 67.875999450683594 10.949999809265137
   vertex 70.25 67.875999450683594 9.75
  endloop
 endfacet
 facet normal 0 1 -0
  outer loop
   vertex 71.75 67.900001525878906 10.949999809265137
   vertex 71.75 67.900001525878906 9.75
   vertex 70.25 67.900001525878906 9.75
  endloop
 endfacet
 facet normal 0 1 0
  outer loop
   vertex 71.75 67.900001525878906 10.949999809265137
   vertex 70.25 67.900001525878906 9.75
   vertex 70.25 67.900001525878906 10.949999809265137
  endloop
 endfacet
 facet normal 0 0 -1
  outer loop
   vertex 71.75 67.900001525878906 9.75
   vertex 70.25 67.875999450683594 9.75
   vertex 70.25 67.900001525878906 9.75
  endloop
 endfacet
 facet normal 0 0 -1
  outer loop
   vertex 71.75 67.900001525878906 9.75
   vertex 71.75 67.875999450683594 9.75
   vertex 70.25 67.875999450683594 9.75
  endloop
 endfacet
 facet normal -0 0 1
  outer loop
   vertex 71.75 67.900001525878906 10.949999809265137
   vertex 70.25 67.900001525878906 10.949999809265137
   vertex 70.25 67.875999450683594 10.949999809265137
  endloop
 endfacet
 facet normal 0 0 1
  outer loop
   vertex 71.75 67.900001525878906 10.949999809265137
   vertex 70.25 67.875999450683594 10.949999809265137
   vertex 71.75 67.875999450683594 10.949999809265137
  endloop
 endfacet
 facet normal -1 0 0
  outer loop
   vertex 70.25 67.875999450683594 5.5500001907348633
   vertex 70.25 67.900001525878906 4.3499999046325684
   vertex 70.25 67.875999450683594 4.3499999046325684
  endloop
 endfacet
 facet normal -1 -0 -0
  outer loop
   vertex 70.25 67.875999450683594 5.5500001907348633
   vertex 70.25 67.900001525878906 5.5500001907348633
   vertex 70.25 67.900001525878906 4.3499999046325684
  endloop
 endfacet
 facet normal 1 0 0
  outer loop
   vertex 71.75 67.875999450683594 5.5500001907348633
   vertex 71.75 67.875999450683594 4.3499999046325684
   vertex 71.75 67.900001525878906 4.3499999046325684
  endloop
 endfacet
 facet normal 1 0 -0
  outer loop
   vertex 71.75 67.875999450683594 5.5500001907348633
   vertex 71.75 67.900001525878906 4.3499999046325684
   vertex 71.75 67.900001525878906 5.5500001907348633
  endloop
 endfacet
 facet normal 0 -1 0
  outer loop
   vertex 71.75 67.875999450683594 5.5500001907348633
   vertex 70.25 67.875999450683594 4.3499999046325684
   vertex 71.75 67.875999450683594 4.3499999046325684
  endloop
 endfacet
 facet normal 0 -1 0
  outer loop
   vertex 71.75 67.875999450683594 5.5500001907348633
   vertex 70.25 67.875999450683594 5.5500001907348633
   vertex 70.25 67.875999450683594 4.3499999046325684
  endloop
 endfacet
 facet normal 0 1 -0
  outer loop
   vertex 71.75 67.900001525878906 5.5500001907348633
   vertex 71.75 67.900001525878906 4.3499999046325684
   vertex 70.25 67.900001525878906 4.3499999046325684
  endloop
 endfacet
 facet normal 0 1 0
  outer loop
   vertex 71.75 67.900001525878906 5.5500001907348633
   vertex 70.25 67.900001525878906 4.3499999046325684
   vertex 70.25 67.900001525878906 5.5500001907348633
  endloop
 endfacet
 facet normal 0 0 -1
  outer loop
   vertex 71.75 67.900001525878906 4.3499999046325684
   vertex 70.25 67.875999450683594 4.3499999046325684
   vertex 70.25 67.900001525878906 4.3499999046325684
  endloop
 endfacet
 facet normal 0 0 -1
  outer loop
   vertex 71.75 67.900001525878906 4.3499999046325684
   vertex 71.75 67.875999450683594 4.3499999046325684
   vertex 70.25 67.875999450683594 4.3499999046325684
  endloop
 endfacet
 facet normal -0 0 1
  outer loop
   vertex 71.75 67.900001525878906 5.5500001907348633
   vertex 70.25 67.900001525878906 5.5500001907348633
   vertex 70.25 67.875999450683594 5.5500001907348633
  endloop
 endfacet
 facet normal 0 0 1
  outer loop
   vertex 71.75 67.900001525878906 5.5500001907348633
   vertex 70.25 67.875999450683594 5.5500001907348633
   vertex 71.75 67.875999450683594 5.5500001907348633
  endloop
 endfacet
 facet normal -1 0 0
  outer loop
   vertex 76.916671752929688 53.099998474121094 13.649999618530273
   vertex 76.916671752929688 53.124000549316406 12.449999809265137
   vertex 76.916671752929688 53.099998474121094 12.449999809265137
  endloop
 endfacet
 facet normal -1 -0 -0
  outer loop
   vertex 76.916671752929688 53.099998474121094 13.649999618530273
   vertex 76.916671752929688 53.124000549316406 13.649999618530273
   vertex 76.916671752929688 53.124000549316406 12.449999809265137
  endloop
 endfacet
 facet normal 1 0 0
  outer loop
   vertex 78.416671752929688 53.099998474121094 13.649999618530273
   vertex 78.416671752929688 53.099998474121094 12.449999809265137
   vertex 78.416671752929688 53.124000549316406 12.449999809265137
  endloop
 endfacet
 facet normal 1 0 -0
  outer loop
   vertex 78.416671752929688 53.099998474121094 13.649999618530273
   vertex 78.416671752929688 53.124000549316406 12.449999809265137
   vertex 78.416671752929688 53.124000549316406 13.649999618530273
  endloop
 endfacet
 facet normal 0 -1 0
  outer loop
   vertex 78.416671752929688 53.099998474121094 12.449999809265137
   vertex 76.916671752929688 53.099998474121094 13.649999618530273
   vertex 76.916671752929688 53.099998474121094 12.449999809265137
  endloop
 endfacet
 facet normal 0 -1 0
  outer loop
   vertex 78.416671752929688 53.099998474121094 13.649999618530273
   vertex 76.916671752929688 53.099998474121094 13.649999618530273
   vertex 78.416671752929688 53.099998474121094 12.449999809265137
  endloop
 endfacet
 facet normal 0 1 0
  outer loop
   vertex 78.416671752929688 53.124000549316406 12.449999809265137
   vertex 76.916671752929688 53.124000549316406 12.449999809265137
   vertex 76.916671752929688 53.124000549316406 13.649999618530273
  endloop
 endfacet
 facet normal 0 1 -0
  outer loop
   vertex 78.416671752929688 53.124000549316406 13.649999618530273
   vertex 78.416671752929688 53.124000549316406 12.449999809265137
   vertex 76.916671752929688 53.124000549316406 13.649999618530273
  endloop
 endfacet
 facet normal 0 0 -1
  outer loop
   vertex 78.416671752929688 53.124000549316406 12.449999809265137
   vertex 76.916671752929688 53.099998474121094 12.449999809265137
   vertex 76.916671752929688 53.124000549316406 12.449999809265137
  endloop
 endfacet
 facet normal 0 0 -1
  outer loop
   vertex 78.416671752929688 53.124000549316406 12.449999809265137
   vertex 78.416671752929688 53.099998474121094 12.449999809265137
   vertex 76.916671752929688 53.099998474121094 12.449999809265137
  endloop
 endfacet
 facet normal -0 0 1
  outer loop
   vertex 78.416671752929688 53.124000549316406 13.649999618530273
   vertex 76.916671752929688 53.124000549316406 13.649999618530273
   vertex 76.916671752929688 53.099998474121094 13.649999618530273
  endloop
 endfacet
 facet normal 0 0 1
  outer loop
   vertex 78.416671752929688 53.124000549316406 13.649999618530273
   vertex 76.916671752929688 53.099998474121094 13.649999618530273
   vertex 78.416671752929688 53.099998474121094 13.649999618530273
  endloop
 endfacet
 facet normal -1 0 0
  outer loop
   vertex 76.916671752929688 53.099998474121094 10.949999809265137
   vertex 76.916671752929688 53.124000549316406 9.75
   vertex 76.916671752929688 53.099998474121094 9.75
  endloop
 endfacet
 facet normal -1 -0 -0
  outer loop
   vertex 76.916671752929688 53.099998474121094 10.949999809265137
   vertex 76.916671752929688 53.124000549316406 10.949999809265137
   vertex 76.916671752929688 53.124000549316406 9.75
  endloop
 endfacet
 facet normal 1 0 0
  outer loop
   vertex 78.416671752929688 53.099998474121094 10.949999809265137
   vertex 78.416671752929688 53.099998474121094 9.75
   vertex 78.416671752929688 53.124000549316406 9.75
  endloop
 endfacet
 facet normal 1 0 -0
  outer loop
   vertex 78.416671752929688 53.099998474121094 10.949999809265137
   vertex 78.416671752929688 53.124000549316406 9.75
   vertex 78.416671752929688 53.124000549316406 10.949999809265137
  endloop
 endfacet
 facet normal 0 -1 0
  outer loop
   vertex 78.416671752929688 53.099998474121094 10.949999809265137
   vertex 76.916671752929688 53.099998474121094 9.75
   vertex 78.416671752929688 53.099998474121094 9.75
  endloop
 endfacet
 facet normal 0 -1 0
  outer loop
   vertex 78.416671752929688 53.099998474121094 10.949999809265137
   vertex 76.916671752929688 53.099998474121094 10.949999809265137
   vertex 76.916671752929688 53.099998474121094 9.75
  endloop
 endfacet
 facet normal 0 1 -0
  outer loop
   vertex 78.416671752929688 53.124000549316406 10.949999809265137
   vertex 78.416671752929688 53.124000549316406 9.75
   vertex 76.916671752929688 53.124000549316406 9.75
  endloop
 endfacet
 facet normal 0 1 0
  outer loop
   vertex 78.416671752929688 53.124000549316406 10.949999809265137
   vertex 76.916671752929688 53.124000549316406 9.75
   vertex 76.916671752929688 53.124000549316406 10.949999809265137
  endloop
 endfacet
 facet normal 0 0 -1
  outer loop
   vertex 78.416671752929688 53.124000549316406 9.75
   vertex 76.916671752929688 53.099998474121094 9.75
   vertex 76.916671752929688 53.124000549316406 9.75
  endloop
 endfacet
 facet normal 0 0 -1
  outer loop
   vertex 78.416671752929688 53.124000549316406 9.75
   vertex 78.416671752929688 53.099998474121094 9.75
   vertex 76.916671752929688 53.099998474121094 9.75
  endloop
 endfacet
 facet normal -0 0 1
  outer loop
   vertex 78.416671752929688 53.124000549316406 10.949999809265137
   vertex 76.916671752929688 53.124000549316406 10.949999809265137
   vertex 76.916671752929688 53.099998474121094 10.949999809265137
  endloop
 endfacet
 facet normal 0 0 1
  outer loop
   vertex 78.416671752929688 53.124000549316406 10.949999809265137
   vertex 76.916671752929688 53.099998474121094 10.949999809265137
   vertex 78.416671752929688 53.099998474121094 10.949999809265137
  endloop
 endfacet
 facet normal -1 0 0
  outer loop
   vertex 76.916671752929688 53.099998474121094 8.25
   vertex 76.916671752929688 53.124000549316406 7.0500001907348633
   vertex 76.916671752929688 53.099998474121094 7.0500001907348633
  endloop
 endfacet
 facet normal -1 -0 -0
  outer loop
   vertex 76.916671752929688 53.099998474121094 8.25
   vertex 76.916671752929688 53.124000549316406 8.25
   vertex 76.916671752929688 53.124000549316406 7.0500001907348633
  endloop
 endfacet
 facet normal 1 0 0
  outer loop
   vertex 78.416671752929688 53.099998474121094 8.25
   vertex 78.416671752929688 53.099998474121094 7.0500001907348633
   vertex 78.416671752929688 53.124000549316406 7.0500001907348633
  endloop
 endfacet
 facet normal 1 0 -0
  outer loop
   vertex 78.416671752929688 53.099998474121094 8.25
   vertex 78.416671752929688 53.124000549316406 7.0500001907348633
   vertex 78.416671752929688 53.124000549316406 8.25
  endloop
 endfacet
 facet normal 0 -1 0
  outer loop
   vertex 78.416671752929688 53.099998474121094 8.25
   vertex 76.916671752929688 53.099998474121094 7.0500001907348633
   vertex 78.416671752929688 53.099998474121094 7.0500001907348633
  endloop
 endfacet
 facet normal 0 -1 0
  outer loop
   vertex 78.416671752929688 53.099998474121094 8.25
   vertex 76.916671752929688 53.099998474121094 8.25
   vertex 76.916671752929688 53.099998474121094 7.0500001907348633
  endloop
 endfacet
 facet normal 0 1 -0
  outer loop
   vertex 78.416671752929688 53.124000549316406 8.25
   vertex 78.416671752929688 53.124000549316406 7.0500001907348633
   vertex 76.916671752929688 53.124000549316406 7.0500001907348633
  endloop
 endfacet
 facet normal 0 1 0
  outer loop
   vertex 78.416671752929688 53.124000549316406 8.25
   vertex 76.916671752929688 53.124000549316406 7.0500001907348633
   vertex 76.916671752929688 53.124000549316406 8.25
  endloop
 endfacet
 facet normal 0 0 -1
  outer loop
   vertex 78.416671752929688 53.124000549316406 7.0500001907348633
   vertex 76.916671752929688 53.099998474121094 7.0500001907348633
   vertex 76.916671752929688 53.124000549316406 7.0500001907348633
  endloop
 endfacet
 facet normal 0 0 -1
  outer loop
   vertex 78.416671752929688 53.124000549316406 7.0500001907348633
   vertex 78.416671752929688 53.099998474121094 7.0500001907348633
   vertex 76.916671752929688 53.099998474121094 7.0500001907348633
  endloop
 endfacet
 facet normal -0 0 1
  outer loop
   vertex 78.416671752929688 53.124000549316406 8.25
   vertex 76.916671752929688 53.124000549316406 8.25
   vertex 76.916671752929688 53.099998474121094 8.25
  endloop
 endfacet
 facet normal 0 0 1
  outer loop
   vertex 78.416671752929688 53.124000549316406 8.25
   vertex 76.916671752929688 53.099998474121094 8.25
   vertex 78.416671752929688 53.099998474121094 8.25
  endloop
 endfacet
 facet normal -1 0 0
  outer loop
   vertex 76.916671752929688 53.099998474121094 5.5500001907348633
   vertex 76.916671752929688 53.124000549316406 4.3499999046325684
   vertex 76.916671752929688 53.099998474121094 4.3499999046325684
  endloop
 endfacet
 facet normal -1 -0 -0
  outer loop
   vertex 76.916671752929688 53.099998474121094 5.5500001907348633
   vertex 76.916671752929688 53.124000549316406 5.5500001907348633
   vertex 76.916671752929688 53.124000549316406 4.3499999046325684
  endloop
 endfacet
 facet normal 1 0 0
  outer loop
   vertex 78.416671752929688 53.099998474121094 5.5500001907348633
   vertex 78.416671752929688 53.099998474121094 4.3499999046325684
   vertex 78.416671752929688 53.124000549316406 4.3499999046325684
  endloop
 endfacet
 facet normal 1 0 -0
  outer loop
   vertex 78.416671752929688 53.099998474121094 5.5500001907348633
   vertex 78.416671752929688 53.124000549316406 4.3499999046325684
   vertex 78.416671752929688 53.124000549316406 5.5500001907348633
  endloop
 endfacet
 facet normal 0 -1 0
  outer loop
   vertex 78.416671752929688 53.099998474121094 5.5500001907348633
   vertex 76.916671752929688 53.099998474121094 4.3499999046325684
   vertex 78.416671752929688 53.099998474121094 4.3499999046325684
  endloop
 endfacet
 facet normal 0 -1 0
  outer loop
   vertex 78.416671752929688 53.099998474121094 5.5500001907348633
   vertex 76.916671752929688 53.099998474121094 5.5500001907348633
   vertex 76.916671752929688 53.099998474121094 4.3499999046325684
  endloop
 endfacet
 facet normal 0 1 -0
  outer loop
   vertex 78.416671752929688 53.124000549316406 5.5500001907348633
   vertex 78.416671752929688 53.124000549316406 4.3499999046325684
   vertex 76.916671752929688 53.124000549316406 4.3499999046325684
  endloop
 endfacet
 facet normal 0 1 0
  outer loop
   vertex 78.416671752929688 53.124000549316406 5.5500001907348633
   vertex 76.916671752929688 53.124000549316406 4.3499999046325684
   vertex 76.916671752929688 53.124000549316406 5.5500001907348633
  endloop
 endfacet
 facet normal 0 0 -1
  outer loop
   vertex 78.416671752929688 53.124000549316406 4.3499999046325684
   vertex 76.916671752929688 53.099998474121094 4.3499999046325684
   vertex 76.916671752929688 53.124000549316406 4.3499999046325684
  endloop
 endfacet
 facet normal 0 0 -1
  outer loop
   vertex 78.416671752929688 53.124000549316406 4.3499999046325684
   vertex 78.416671752929688 53.099998474121094 4.3499999046325684
   vertex 76.916671752929688 53.099998474121094 4.3499999046325684
  endloop
 endfacet
 facet normal -0 0 1
  outer loop
   vertex 78.416671752929688 53.124000549316406 5.5500001907348633
   vertex 76.916671752929688 53.124000549316406 5.5500001907348633
   vertex 76.916671752929688 53.099998474121094 5.5500001907348633
  endloop
 endfacet
 facet normal 0 0 1
  outer loop
   vertex 78.416671752929688 53.124000549316406 5.5500001907348633
   vertex 76.916671752929688 53.099998474121094 5.5500001907348633
   vertex 78.416671752929688 53.099998474121094 5.5500001907348633
  endloop
 endfacet
 facet normal -1 0 0
  outer loop
   vertex 76.916671752929688 53.099998474121094 2.8499999046325684
   vertex 76.916671752929688 53.124000549316406 1.6499999761581421
   vertex 76.916671752929688 53.099998474121094 1.6499999761581421
  endloop
 endfacet
 facet normal -1 -0 -0
  outer loop
   vertex 76.916671752929688 53.099998474121094 2.8499999046325684
   vertex 76.916671752929688 53.124000549316406 2.8499999046325684
   vertex 76.916671752929688 53.124000549316406 1.6499999761581421
  endloop
 endfacet
 facet normal 1 0 0
  outer loop
   vertex 78.416671752929688 53.099998474121094 2.8499999046325684
   vertex 78.416671752929688 53.099998474121094 1.6499999761581421
   vertex 78.416671752929688 53.124000549316406 1.6499999761581421
  endloop
 endfacet
 facet normal 1 0 -0
  outer loop
   vertex 78.416671752929688 53.099998474121094 2.8499999046325684
   vertex 78.416671752929688 53.124000549316406 1.6499999761581421
   vertex 78.416671752929688 53.124000549316406 2.8499999046325684
  endloop
 endfacet
 facet normal 0 -1 0
  outer loop
   vertex 78.416671752929688 53.099998474121094 2.8499999046325684
   vertex 76.916671752929688 53.099998474121094 1.6499999761581421
   vertex 78.416671752929688 53.099998474121094 1.6499999761581421
  endloop
 endfacet
 facet normal 0 -1 0
  outer loop
   vertex 78.416671752929688 53.099998474121094 2.8499999046325684
   vertex 76.916671752929688 53.099998474121094 2.8499999046325684
   vertex 76.916671752929688 53.099998474121094 1.6499999761581421
  endloop
 endfacet
 facet normal 0 1 -0
  outer loop
   vertex 78.416671752929688 53.124000549316406 2.8499999046325684
   vertex 78.416671752929688 53.124000549316406 1.6499999761581421
   vertex 76.916671752929688 53.124000549316406 1.6499999761581421
  endloop
 endfacet
 facet normal 0 1 0
  outer loop
   vertex 78.416671752929688 53.124000549316406 2.8499999046325684
   vertex 76.916671752929688 53.124000549316406 1.6499999761581421
   vertex 76.916671752929688 53.124000549316406 2.8499999046325684
  endloop
 endfacet
 facet normal 0 0 -1
  outer loop
   vertex 78.416671752929688 53.124000549316406 1.6499999761581421
   vertex 76.916671752929688 53.099998474121094 1.6499999761581421
   vertex 76.916671752929688 53.124000549316406 1.6499999761581421
  endloop
 endfacet
 facet normal 0 0 -1
  outer loop
   vertex 78.416671752929688 53.124000549316406 1.6499999761581421
   vertex 78.416671752929688 53.099998474121094 1.6499999761581421
   vertex 76.916671752929688 53.099998474121094 1.6499999761581421
  endloop
 endfacet
 facet normal -0 0 1
  outer loop
   vertex 78.416671752929688 53.124000549316406 2.8499999046325684
   vertex 76.916671752929688 53.124000549316406 2.8499999046325684
   vertex 76.916671752929688 53.099998474121094 2.8499999046325684
  endloop
 endfacet
 facet normal 0 0 1
  outer loop
   vertex 78.416671752929688 53.124000549316406 2.8499999046325684
   vertex 76.916671752929688 53.099998474121094 2.8499999046325684
   vertex 78.416671752929688 53.099998474121094 2.8499999046325684
  endloop
 endfacet
 facet normal -1 0 0
  outer loop
   vertex 70.25 53.099998474121094 13.649999618530273
   vertex 70.25 53.124000549316406 12.449999809265137
   vertex 70.25 53.099998474121094 12.449999809265137
  endloop
 endfacet
 facet normal -1 -0 -0
  outer loop
   vertex 70.25 53.099998474121094 13.649999618530273
   vertex 70.25 53.124000549316406 13.649999618530273
   vertex 70.25 53.124000549316406 12.449999809265137
  endloop
 endfacet
 facet normal 1 0 0
  outer loop
   vertex 71.75 53.099998474121094 13.649999618530273
   vertex 71.75 53.099998474121094 12.449999809265137
   vertex 71.75 53.124000549316406 12.449999809265137
  endloop
 endfacet
 facet normal 1 0 -0
  outer loop
   vertex 71.75 53.099998474121094 13.649999618530273
   vertex 71.75 53.124000549316406 12.449999809265137
   vertex 71.75 53.124000549316406 13.649999618530273
  endloop
 endfacet
 facet normal 0 -1 0
  outer loop
   vertex 71.75 53.099998474121094 12.449999809265137
   vertex 70.25 53.099998474121094 13.649999618530273
   vertex 70.25 53.099998474121094 12.449999809265137
  endloop
 endfacet
 facet normal 0 -1 0
  outer loop
   vertex 71.75 53.099998474121094 13.649999618530273
   vertex 70.25 53.099998474121094 13.649999618530273
   vertex 71.75 53.099998474121094 12.449999809265137
  endloop
 endfacet
 facet normal 0 1 0
  outer loop
   vertex 71.75 53.124000549316406 12.449999809265137
   vertex 70.25 53.124000549316406 12.449999809265137
   vertex 70.25 53.124000549316406 13.649999618530273
  endloop
 endfacet
 facet normal 0 1 -0
  outer loop
   vertex 71.75 53.124000549316406 13.649999618530273
   vertex 71.75 53.124000549316406 12.449999809265137
   vertex 70.25 53.124000549316406 13.649999618530273
  endloop
 endfacet
 facet normal 0 0 -1
  outer loop
   vertex 71.75 53.124000549316406 12.449999809265137
   vertex 70.25 53.099998474121094 12.449999809265137
   vertex 70.25 53.124000549316406 12.449999809265137
  endloop
 endfacet
 facet normal 0 0 -1
  outer loop
   vertex 71.75 53.124000549316406 12.449999809265137
   vertex 71.75 53.099998474121094 12.449999809265137
   vertex 70.25 53.099998474121094 12.449999809265137
  endloop
 endfacet
 facet normal -0 0 1
  outer loop
   vertex 71.75 53.124000549316406 13.649999618530273
   vertex 70.25 53.124000549316406 13.649999618530273
   vertex 70.25 53.099998474121094 13.649999618530273
  endloop
 endfacet
 facet normal 0 0 1
  outer loop
   vertex 71.75 53.124000549316406 13.649999618530273
   vertex 70.25 53.099998474121094 13.649999618530273
   vertex 71.75 53.099998474121094 13.649999618530273
  endloop
 endfacet
 facet normal -1 0 0
  outer loop
   vertex 70.25 53.099998474121094 10.949999809265137
   vertex 70.25 53.124000549316406 9.75
   vertex 70.25 53.099998474121094 9.75
  endloop
 endfacet
 facet normal -1 -0 -0
  outer loop
   vertex 70.25 53.099998474121094 10.949999809265137
   vertex 70.25 53.124000549316406 10.949999809265137
   vertex 70.25 53.124000549316406 9.75
  endloop
 endfacet
 facet normal 1 0 0
  outer loop
   vertex 71.75 53.099998474121094 10.949999809265137
   vertex 71.75 53.099998474121094 9.75
   vertex 71.75 53.124000549316406 9.75
  endloop
 endfacet
 facet normal 1 0 -0
  outer loop
   vertex 71.75 53.099998474121094 10.949999809265137
   vertex 71.75 53.124000549316406 9.75
   vertex 71.75 53.124000549316406 10.949999809265137
  endloop
 endfacet
 facet normal 0 -1 0
  outer loop
   vertex 71.75 53.099998474121094 10.949999809265137
   vertex 70.25 53.099998474121094 9.75
   vertex 71.75 53.099998474121094 9.75
  endloop
 endfacet
 facet normal 0 -1 0
  outer loop
   vertex 71.75 53.099998474121094 10.949999809265137
   vertex 70.25 53.099998474121094 10.949999809265137
   vertex 70.25 53.099998474121094 9.75
  endloop
 endfacet
 facet normal 0 1 -0
  outer loop
   vertex 71.75 53.124000549316406 10.949999809265137
   vertex 71.75 53.124000549316406 9.75
   vertex 70.25 53.124000549316406 9.75
  endloop
 endfacet
 facet normal 0 1 0
  outer loop
   vertex 71.75 53.124000549316406 10.949999809265137
   vertex 70.25 53.124000549316406 9.75
   vertex 70.25 53.124000549316406 10.949999809265137
  endloop
 endfacet
 facet normal 0 0 -1
  outer loop
   vertex 71.75 53.124000549316406 9.75
   vertex 70.25 53.099998474121094 9.75
   vertex 70.25 53.124000549316406 9.75
  endloop
 endfacet
 facet normal 0 0 -1
  outer loop
   vertex 71.75 53.124000549316406 9.75
   vertex 71.75 53.099998474121094 9.75
   vertex 70.25 53.099998474121094 9.75
  endloop
 endfacet
 facet normal -0 0 1
  outer loop
   vertex 71.75 53.124000549316406 10.949999809265137
   vertex 70.25 53.124000549316406 10.949999809265137
   vertex 70.25 53.099998474121094 10.949999809265137
  endloop
 endfacet
 facet normal 0 0 1
  outer loop
   vertex 71.75 53.124000549316406 10.949999809265137
   vertex 70.25 53.099998474121094 10.949999809265137
   vertex 71.75 53.099998474121094 10.949999809265137
  endloop
 endfacet
 facet normal -1 0 0
  outer loop
   vertex 70.25 53.099998474121094 8.25
   vertex 70.25 53.124000549316406 7.0500001907348633
   vertex 70.25 53.099998474121094 7.0500001907348633
  endloop
 endfacet
 facet normal -1 -0 -0
  outer loop
   vertex 70.25 53.099998474121094 8.25
   vertex 70.25 53.124000549316406 8.25
   vertex 70.25 53.124000549316406 7.0500001907348633
  endloop
 endfacet
 facet normal 1 0 0
  outer loop
   vertex 71.75 53.099998474121094 8.25
   vertex 71.75 53.099998474121094 7.0500001907348633
   vertex 71.75 53.124000549316406 7.0500001907348633
  endloop
 endfacet
 facet normal 1 0 -0
  outer loop
   vertex 71.75 53.099998474121094 8.25
   vertex 71.75 53.124000549316406 7.0500001907348633
   vertex 71.75 53.124000549316406 8.25
  endloop
 endfacet
 facet normal 0 -1 0
  outer loop
   vertex 71.75 53.099998474121094 8.25
   vertex 70.25 53.099998474121094 7.0500001907348633
   vertex 71.75 53.099998474121094 7.0500001907348633
  endloop
 endfacet
 facet normal 0 -1 0
  outer loop
   vertex 71.75 53.099998474121094 8.25
   vertex 70.25 53.099998474121094 8.25
   vertex 70.25 53.099998474121094 7.0500001907348633
  endloop
 endfacet
 facet normal 0 1 -0
  outer loop
   vertex 71.75 53.124000549316406 8.25
   vertex 71.75 53.124000549316406 7.0500001907348633
   vertex 70.25 53.124000549316406 7.0500001907348633
  endloop
 endfacet
 facet normal 0 1 0
  outer loop
   vertex 71.75 53.124000549316406 8.25
   vertex 70.25 53.124000549316406 7.0500001907348633
   vertex 70.25 53.124000549316406 8.25
  endloop
 endfacet
 facet normal 0 0 -1
  outer loop
   vertex 71.75 53.124000549316406 7.0500001907348633
   vertex 70.25 53.099998474121094 7.0500001907348633
   vertex 70.25 53.124000549316406 7.0500001907348633
  endloop
 endfacet
 facet normal 0 0 -1
  outer loop
   vertex 71.75 53.124000549316406 7.0500001907348633
   vertex 71.75 53.099998474121094 7.0500001907348633
   vertex 70.25 53.099998474121094 7.0500001907348633
  endloop
 endfacet
 facet normal -0 0 1
  outer loop
   vertex 71.75 53.124000549316406 8.25
   vertex 70.25 53.124000549316406 8.25
   vertex 70.25 53.099998474121094 8.25
  endloop
 endfacet
 facet normal 0 0 1
  outer loop
   vertex 71.75 53.124000549316406 8.25
   vertex 70.25 53.099998474121094 8.25
   vertex 71.75 53.099998474121094 8.25
  endloop
 endfacet
 facet normal -1 0 0
  outer loop
   vertex 70.25 53.099998474121094 5.5500001907348633
   vertex 70.25 53.124000549316406 4.3499999046325684
   vertex 70.25 53.099998474121094 4.3499999046325684
  endloop
 endfacet
 facet normal -1 -0 -0
  outer loop
   vertex 70.25 53.099998474121094 5.5500001907348633
   vertex 70.25 53.124000549316406 5.5500001907348633
   vertex 70.25 53.124000549316406 4.3499999046325684
  endloop
 endfacet
 facet normal 1 0 0
  outer loop
   vertex 71.75 53.099998474121094 5.5500001907348633
   vertex 71.75 53.099998474121094 4.3499999046325684
   vertex 71.75 53.124000549316406 4.3499999046325684
  endloop
 endfacet
 facet normal 1 0 -0
  outer loop
   vertex 71.75 53.099998474121094 5.5500001907348633
   vertex 71.75 53.124000549316406 4.3499999046325684
   vertex 71.75 53.124000549316406 5.5500001907348633
  endloop
 endfacet
 facet normal 0 -1 0
  outer loop
   vertex 71.75 53.099998474121094 5.5500001907348633
   vertex 70.25 53.099998474121094 4.3499999046325684
   vertex 71.75 53.099998474121094 4.3499999046325684
  endloop
 endfacet
 facet normal 0 -1 0
  outer loop
   vertex 71.75 53.099998474121094 5.5500001907348633
   vertex 70.25 53.099998474121094 5.5500001907348633
   vertex 70.25 53.099998474121094 4.3499999046325684
  endloop
 endfacet
 facet normal 0 1 -0
  outer loop
   vertex 71.75 53.124000549316406 5.5500001907348633
   vertex 71.75 53.124000549316406 4.3499999046325684
   vertex 70.25 53.124000549316406 4.3499999046325684
  endloop
 endfacet
 facet normal 0 1 0
  outer loop
   vertex 71.75 53.124000549316406 5.5500001907348633
   vertex 70.25 53.124000549316406 4.3499999046325684
   vertex 70.25 53.124000549316406 5.5500001907348633
  endloop
 endfacet
 facet normal 0 0 -1
  outer loop
   vertex 71.75 53.124000549316406 4.3499999046325684
   vertex 70.25 53.099998474121094 4.3499999046325684
   vertex 70.25 53.124000549316406 4.3499999046325684
  endloop
 endfacet
 facet normal 0 0 -1
  outer loop
   vertex 71.75 53.124000549316406 4.3499999046325684
   vertex 71.75 53.099998474121094 4.3499999046325684
   vertex 70.25 53.099998474121094 4.3499999046325684
  endloop
 endfacet
 facet normal -0 0 1
  outer loop
   vertex 71.75 53.124000549316406 5.5500001907348633
   vertex 70.25 53.124000549316406 5.5500001907348633
   vertex 70.25 53.099998474121094 5.5500001907348633
  endloop
 endfacet
 facet normal 0 0 1
  outer loop
   vertex 71.75 53.124000549316406 5.5500001907348633
   vertex 70.25 53.099998474121094 5.5500001907348633
   vertex 71.75 53.099998474121094 5.5500001907348633
  endloop
 endfacet
 facet normal -1 0 0
  outer loop
   vertex 70.25 53.099998474121094 2.8499999046325684
   vertex 70.25 53.124000549316406 1.6499999761581421
   vertex 70.25 53.099998474121094 1.6499999761581421
  endloop
 endfacet
 facet normal -1 -0 -0
  outer loop
   vertex 70.25 53.099998474121094 2.8499999046325684
   vertex 70.25 53.124000549316406 2.8499999046325684
   vertex 70.25 53.124000549316406 1.6499999761581421
  endloop
 endfacet
 facet normal 1 0 0
  outer loop
   vertex 71.75 53.099998474121094 2.8499999046325684
   vertex 71.75 53.099998474121094 1.6499999761581421
   vertex 71.75 53.124000549316406 1.6499999761581421
  endloop
 endfacet
 facet normal 1 0 -0
  outer loop
   vertex 71.75 53.099998474121094 2.8499999046325684
   vertex 71.75 53.124000549316406 1.6499999761581421
   vertex 71.75 53.124000549316406 2.8499999046325684
  endloop
 endfacet
 facet normal 0 -1 0
  outer loop
   vertex 71.75 53.099998474121094 2.8499999046325684
   vertex 70.25 53.099998474121094 1.6499999761581421
   vertex 71.75 53.099998474121094 1.6499999761581421
  endloop
 endfacet
 facet normal 0 -1 0
  outer loop
   vertex 71.75 53.099998474121094 2.8499999046325684
   vertex 70.25 53.099998474121094 2.8499999046325684
   vertex 70.25 53.099998474121094 1.6499999761581421
  endloop
 endfacet
 facet normal 0 1 -0
  outer loop
   vertex 71.75 53.124000549316406 2.8499999046325684
   vertex 71.75 53.124000549316406 1.6499999761581421
   vertex 70.25 53.124000549316406 1.6499999761581421
  endloop
 endfacet
 facet normal 0 1 0
  outer loop
   vertex 71.75 53.124000549316406 2.8499999046325684
   vertex 70.25 53.124000549316406 1.6499999761581421
   vertex 70.25 53.124000549316406 2.8499999046325684
  endloop
 endfacet
 facet normal 0 0 -1
  outer loop
   vertex 71.75 53.124000549316406 1.6499999761581421
   vertex 70.25 53.099998474121094 1.6499999761581421
   vertex 70.25 53.124000549316406 1.6499999761581421
  endloop
 endfacet
 facet normal 0 0 -1
  outer loop
   vertex 71.75 53.124000549316406 1.6499999761581421
   vertex 71.75 53.099998474121094 1.6499999761581421
   vertex 70.25 53.099998474121094 1.6499999761581421
  endloop
 endfacet
 facet normal -0 0 1
  outer loop
   vertex 71.75 53.124000549316406 2.8499999046325684
   vertex 70.25 53.124000549316406 2.8499999046325684
   vertex 70.25 53.099998474121094 2.8499999046325684
  endloop
 endfacet
 facet normal 0 0 1
  outer loop
   vertex 71.75 53.124000549316406 2.8499999046325684
   vertex 70.25 53.099998474121094 2.8499999046325684
   vertex 71.75 53.099998474121094 2.8499999046325684
  endloop
 endfacet
 facet normal -1 0 0
  outer loop
   vertex 63.583328247070312 53.099998474121094 13.649999618530273
   vertex 63.583328247070312 53.124000549316406 12.449999809265137
   vertex 63.583328247070312 53.099998474121094 12.449999809265137
  endloop
 endfacet
 facet normal -1 -0 -0
  outer loop
   vertex 63.583328247070312 53.099998474121094 13.649999618530273
   vertex 63.583328247070312 53.124000549316406 13.649999618530273
   vertex 63.583328247070312 53.124000549316406 12.449999809265137
  endloop
 endfacet
 facet normal 1 0 0
  outer loop
   vertex 65.083328247070312 53.099998474121094 13.649999618530273
   vertex 65.083328247070312 53.099998474121094 12.449999809265137
   vertex 65.083328247070312 53.124000549316406 12.449999809265137
  endloop
 endfacet
 facet normal 1 0 -0
  outer loop
   vertex 65.083328247070312 53.099998474121094 13.649999618530273
   vertex 65.083328247070312 53.124000549316406 12.449999809265137
   vertex 65.083328247070312 53.124000549316406 13.649999618530273
  endloop
 endfacet
 facet normal 0 -1 0
  outer loop
   vertex 65.083328247070312 53.099998474121094 12.449999809265137
   vertex 63.583328247070312 53.099998474121094 13.649999618530273
   vertex 63.583328247070312 53.099998474121094 12.449999809265137
  endloop
 endfacet
 facet normal 0 -1 0
  outer loop
   vertex 65.083328247070312 53.099998474121094 13.649999618530273
   vertex 63.583328247070312 53.099998474121094 13.649999618530273
   vertex 65.083328247070312 53.099998474121094 12.449999809265137
  endloop
 endfacet
 facet normal 0 1 0
  outer loop
   vertex 65.083328247070312 53.124000549316406 12.449999809265137
   vertex 63.583328247070312 53.124000549316406 12.449999809265137
   vertex 63.583328247070312 53.124000549316406 13.649999618530273
  endloop
 endfacet
 facet normal 0 1 -0
  outer loop
   vertex 65.083328247070312 53.124000549316406 13.649999618530273
   vertex 65.083328247070312 53.124000549316406 12.449999809265137
   vertex 63.583328247070312 53.124000549316406 13.649999618530273
  endloop
 endfacet
 facet normal 0 0 -1
  outer loop
   vertex 65.083328247070312 53.124000549316406 12.449999809265137
   vertex 63.583328247070312 53.099998474121094 12.449999809265137
   vertex 63.583328247070312 53.124000549316406 12.449999809265137
  endloop
 endfacet
 facet normal 0 0 -1
  outer loop
   vertex 65.083328247070312 53.124000549316406 12.449999809265137
   vertex 65.083328247070312 53.099998474121094 12.449999809265137
   vertex 63.583328247070312 53.099998474121094 12.449999809265137
  endloop
 endfacet
 facet normal -0 0 1
  outer loop
   vertex 65.083328247070312 53.124000549316406 13.649999618530273
   vertex 63.583328247070312 53.124000549316406 13.649999618530273
   vertex 63.583328247070312 53.099998474121094 13.649999618530273
  endloop
 endfacet
 facet normal 0 0 1
  outer loop
   vertex 65.083328247070312 53.124000549316406 13.649999618530273
   vertex 63.583328247070312 53.099998474121094 13.649999618530273
   vertex 65.083328247070312 53.099998474121094 13.649999618530273
  endloop
 endfacet
 facet normal -1 0 0
  outer loop
   vertex 63.583328247070312 53.099998474121094 10.949999809265137
   vertex 63.583328247070312 53.124000549316406 9.75
   vertex 63.583328247070312 53.099998474121094 9.75
  endloop
 endfacet
 facet normal -1 -0 -0
  outer loop
   vertex 63.583328247070312 53.099998474121094 10.949999809265137
   vertex 63.583328247070312 53.124000549316406 10.949999809265137
   vertex 63.583328247070312 53.124000549316406 9.75
  endloop
 endfacet
 facet normal 1 0 0
  outer loop
   vertex 65.083328247070312 53.099998474121094 10.949999809265137
   vertex 65.083328247070312 53.099998474121094 9.75
   vertex 65.083328247070312 53.124000549316406 9.75
  endloop
 endfacet
 facet normal 1 0 -0
  outer loop
   vertex 65.083328247070312 53.099998474121094 10.949999809265137
   vertex 65.083328247070312 53.124000549316406 9.75
   vertex 65.083328247070312 53.124000549316406 10.949999809265137
  endloop
 endfacet
 facet normal 0 -1 0
  outer loop
   vertex 65.083328247070312 53.099998474121094 10.949999809265137
   vertex 63.583328247070312 53.099998474121094 9.75
   vertex 65.083328247070312 53.099998474121094 9.75
  endloop
 endfacet
 facet normal 0 -1 0
  outer loop
   vertex 65.083328247070312 53.099998474121094 10.949999809265137
   vertex 63.583328247070312 53.099998474121094 10.949999809265137
   vertex 63.583328247070312 53.099998474121094 9.75
  endloop
 endfacet
 facet normal 0 1 -0
  outer loop
   vertex 65.083328247070312 53.124000549316406 10.949999809265137
   vertex 65.083328247070312 53.124000549316406 9.75
   vertex 63.583328247070312 53.124000549316406 9.75
  endloop
 endfacet
 facet normal 0 1 0
  outer loop
   vertex 65.083328247070312 53.124000549316406 10.949999809265137
   vertex 63.583328247070312 53.124000549316406 9.75
   vertex 63.583328247070312 53.124000549316406 10.949999809265137
  endloop
 endfacet
 facet normal 0 0 -1
  outer loop
   vertex 65.083328247070312 53.124000549316406 9.75
   vertex 63.583328247070312 53.099998474121094 9.75
   vertex 63.583328247070312 53.124000549316406 9.75
  endloop
 endfacet
 facet normal 0 0 -1
  outer loop
   vertex 65.083328247070312 53.124000549316406 9.75
   vertex 65.083328247070312 53.099998474121094 9.75
   vertex 63.583328247070312 53.099998474121094 9.75
  endloop
 endfacet
 facet normal -0 0 1
  outer loop
   vertex 65.083328247070312 53.124000549316406 10.949999809265137
   vertex 63.583328247070312 53.124000549316406 10.949999809265137
   vertex 63.583328247070312 53.099998474121094 10.949999809265137
  endloop
 endfacet
 facet normal 0 0 1
  outer loop
   vertex 65.083328247070312 53.124000549316406 10.949999809265137
   vertex 63.583328247070312 53.099998474121094 10.949999809265137
   vertex 65.083328247070312 53.099998474121094 10.949999809265137
  endloop
 endfacet
 facet normal -1 0 0
  outer loop
   vertex 63.583328247070312 53.099998474121094 8.25
   vertex 63.583328247070312 53.124000549316406 7.0500001907348633
   vertex 63.583328247070312 53.099998474121094 7.0500001907348633
  endloop
 endfacet
 facet normal -1 -0 -0
  outer loop
   vertex 63.583328247070312 53.099998474121094 8.25
   vertex 63.583328247070312 53.124000549316406 8.25
   vertex 63.583328247070312 53.124000549316406 7.0500001907348633
  endloop
 endfacet
 facet normal 1 0 0
  outer loop
   vertex 65.083328247070312 53.099998474121094 8.25
   vertex 65.083328247070312 53.099998474121094 7.0500001907348633
   vertex 65.083328247070312 53.124000549316406 7.0500001907348633
  endloop
 endfacet
 facet normal 1 0 -0
  outer loop
   vertex 65.083328247070312 53.099998474121094 8.25
   vertex 65.083328247070312 53.124000549316406 7.0500001907348633
   vertex 65.083328247070312 53.124000549316406 8.25
  endloop
 endfacet
 facet normal 0 -1 0
  outer loop
   vertex 65.083328247070312 53.099998474121094 8.25
   vertex 63.583328247070312 53.099998474121094 7.0500001907348633
   vertex 65.083328247070312 53.099998474121094 7.0500001907348633
  endloop
 endfacet
 facet normal 0 -1 0
  outer loop
   vertex 65.083328247070312 53.099998474121094 8.25
   vertex 63.583328247070312 53.099998474121094 8.25
   vertex 63.583328247070312 53.099998474121094 7.0500001907348633
  endloop
 endfacet
 facet normal 0 1 -0
  outer loop
   vertex 65.083328247070312 53.124000549316406 8.25
   vertex 65.083328247070312 53.124000549316406 7.0500001907348633
   vertex 63.583328247070312 53.124000549316406 7.0500001907348633
  endloop
 endfacet
 facet normal 0 1 0
  outer loop
   vertex 65.083328247070312 53.124000549316406 8.25
   vertex 63.583328247070312 53.124000549316406 7.0500001907348633
   vertex 63.583328247070312 53.124000549316406 8.25
  endloop
 endfacet
 facet normal 0 0 -1
  outer loop
   vertex 65.083328247070312 53.124000549316406 7.0500001907348633
   vertex 63.583328247070312 53.099998474121094 7.0500001907348633
   vertex 63.583328247070312 53.124000549316406 7.0500001907348633
  endloop
 endfacet
 facet normal 0 0 -1
  outer loop
   vertex 65.083328247070312 53.124000549316406 7.0500001907348633
   vertex 65.083328247070312 53.099998474121094 7.0500001907348633
   vertex 63.583328247070312 53.099998474121094 7.0500001907348633
  endloop
 endfacet
 facet normal -0 0 1
  outer loop
   vertex 65.083328247070312 53.124000549316406 8.25
   vertex 63.583328247070312 53.124000549316406 8.25
   vertex 63.583328247070312 53.099998474121094 8.25
  endloop
 endfacet
 facet normal 0 0 1
  outer loop
   vertex 65.083328247070312 53.124000549316406 8.25
   vertex 63.583328247070312 53.099998474121094 8.25
   vertex 65.083328247070312 53.099998474121094 8.25
  endloop
 endfacet
 facet normal -1 0 0
  outer loop
   vertex 63.583328247070312 53.099998474121094 2.8499999046325684
   vertex 63.583328247070312 53.124000549316406 1.6499999761581421
   vertex 63.583328247070312 53.099998474121094 1.6499999761581421
  endloop
 endfacet
 facet normal -1 -0 -0
  outer loop
   vertex 63.583328247070312 53.099998474121094 2.8499999046325684
   vertex 63.583328247070312 53.124000549316406 2.8499999046325684
   vertex 63.583328247070312 53.124000549316406 1.6499999761581421
  endloop
 endfacet
 facet normal 1 0 0
  outer loop
   vertex 65.083328247070312 53.099998474121094 2.8499999046325684
   vertex 65.083328247070312 53.099998474121094 1.6499999761581421
   vertex 65.083328247070312 53.124000549316406 1.6499999761581421
  endloop
 endfacet
 facet normal 1 0 -0
  outer loop
   vertex 65.083328247070312 53.099998474121094 2.8499999046325684
   vertex 65.083328247070312 53.124000549316406 1.6499999761581421
   vertex 65.083328247070312 53.124000549316406 2.8499999046325684
  endloop
 endfacet
 facet normal 0 -1 0
  outer loop
   vertex 65.083328247070312 53.099998474121094 2.8499999046325684
   vertex 63.583328247070312 53.099998474121094 1.6499999761581421
   vertex 65.083328247070312 53.099998474121094 1.6499999761581421
  endloop
 endfacet
 facet normal 0 -1 0
  outer loop
   vertex 65.083328247070312 53.099998474121094 2.8499999046325684
   vertex 63.583328247070312 53.099998474121094 2.8499999046325684
   vertex 63.583328247070312 53.099998474121094 1.6499999761581421
  endloop
 endfacet
 facet normal 0 1 -0
  outer loop
   vertex 65.083328247070312 53.124000549316406 2.8499999046325684
   vertex 65.083328247070312 53.124000549316406 1.6499999761581421
   vertex 63.583328247070312 53.124000549316406 1.6499999761581421
  endloop
 endfacet
 facet normal 0 1 0
  outer loop
   vertex 65.083328247070312 53.124000549316406 2.8499999046325684
   vertex 63.583328247070312 53.124000549316406 1.6499999761581421
   vertex 63.583328247070312 53.124000549316406 2.8499999046325684
  endloop
 endfacet
 facet normal 0 0 -1
  outer loop
   vertex 65.083328247070312 53.124000549316406 1.6499999761581421
   vertex 63.583328247070312 53.099998474121094 1.6499999761581421
   vertex 63.583328247070312 53.124000549316406 1.6499999761581421
  endloop
 endfacet
 facet normal 0 0 -1
  outer loop
   vertex 65.083328247070312 53.124000549316406 1.6499999761581421
   vertex 65.083328247070312 53.099998474121094 1.6499999761581421
   vertex 63.583328247070312 53.099998474121094 1.6499999761581421
  endloop
 endfacet
 facet normal -0 0 1
  outer loop
   vertex 65.083328247070312 53.124000549316406 2.8499999046325684
   vertex 63.583328247070312 53.124000549316406 2.8499999046325684
   vertex 63.583328247070312 53.099998474121094 2.8499999046325684
  endloop
 endfacet
 facet normal 0 0 1
  outer loop
   vertex 65.083328247070312 53.124000549316406 2.8499999046325684
   vertex 63.583328247070312 53.099998474121094 2.8499999046325684
   vertex 65.083328247070312 53.099998474121094 2.8499999046325684
  endloop
 endfacet
 facet normal -1 0 0
  outer loop
   vertex 63.583328247070312 53.099998474121094 5.5500001907348633
   vertex 63.583328247070312 53.124000549316406 4.3499999046325684
   vertex 63.583328247070312 53.099998474121094 4.3499999046325684
  endloop
 endfacet
 facet normal -1 -0 -0
  outer loop
   vertex 63.583328247070312 53.099998474121094 5.5500001907348633
   vertex 63.583328247070312 53.124000549316406 5.5500001907348633
   vertex 63.583328247070312 53.124000549316406 4.3499999046325684
  endloop
 endfacet
 facet normal 1 0 0
  outer loop
   vertex 65.083328247070312 53.099998474121094 5.5500001907348633
   vertex 65.083328247070312 53.099998474121094 4.3499999046325684
   vertex 65.083328247070312 53.124000549316406 4.3499999046325684
  endloop
 endfacet
 facet normal 1 0 -0
  outer loop
   vertex 65.083328247070312 53.099998474121094 5.5500001907348633
   vertex 65.083328247070312 53.124000549316406 4.3499999046325684
   vertex 65.083328247070312 53.124000549316406 5.5500001907348633
  endloop
 endfacet
 facet normal 0 -1 0
  outer loop
   vertex 65.083328247070312 53.099998474121094 5.5500001907348633
   vertex 63.583328247070312 53.099998474121094 4.3499999046325684
   vertex 65.083328247070312 53.099998474121094 4.3499999046325684
  endloop
 endfacet
 facet normal 0 -1 0
  outer loop
   vertex 65.083328247070312 53.099998474121094 5.5500001907348633
   vertex 63.583328247070312 53.099998474121094 5.5500001907348633
   vertex 63.583328247070312 53.099998474121094 4.3499999046325684
  endloop
 endfacet
 facet normal 0 1 -0
  outer loop
   vertex 65.083328247070312 53.124000549316406 5.5500001907348633
   vertex 65.083328247070312 53.124000549316406 4.3499999046325684
   vertex 63.583328247070312 53.124000549316406 4.3499999046325684
  endloop
 endfacet
 facet normal 0 1 0
  outer loop
   vertex 65.083328247070312 53.124000549316406 5.5500001907348633
   vertex 63.583328247070312 53.124000549316406 4.3499999046325684
   vertex 63.583328247070312 53.124000549316406 5.5500001907348633
  endloop
 endfacet
 facet normal 0 0 -1
  outer loop
   vertex 65.083328247070312 53.124000549316406 4.3499999046325684
   vertex 63.583328247070312 53.099998474121094 4.3499999046325684
   vertex 63.583328247070312 53.124000549316406 4.3499999046325684
  endloop
 endfacet
 facet normal 0 0 -1
  outer loop
   vertex 65.083328247070312 53.124000549316406 4.3499999046325684
   vertex 65.083328247070312 53.099998474121094 4.3499999046325684
   vertex 63.583328247070312 53.099998474121094 4.3499999046325684
  endloop
 endfacet
 facet normal -0 0 1
  outer loop
   vertex 65.083328247070312 53.124000549316406 5.5500001907348633
   vertex 63.583328247070312 53.124000549316406 5.5500001907348633
   vertex 63.583328247070312 53.099998474121094 5.5500001907348633
  endloop
 endfacet
 facet normal 0 0 1
  outer loop
   vertex 65.083328247070312 53.124000549316406 5.5500001907348633
   vertex 63.583328247070312 53.099998474121094 5.5500001907348633
   vertex 65.083328247070312 53.099998474121094 5.5500001907348633
  endloop
 endfacet
 facet normal -1 0 0
  outer loop
   vertex 93.583328247070312 67.875999450683594 5.5500001907348633
   vertex 93.583328247070312 67.900001525878906 4.3499999046325684
   vertex 93.583328247070312 67.875999450683594 4.3499999046325684
  endloop
 endfacet
 facet normal -1 -0 -0
  outer loop
   vertex 93.583328247070312 67.875999450683594 5.5500001907348633
   vertex 93.583328247070312 67.900001525878906 5.5500001907348633
   vertex 93.583328247070312 67.900001525878906 4.3499999046325684
  endloop
 endfacet
 facet normal 1 0 0
  outer loop
   vertex 95.083328247070312 67.875999450683594 5.5500001907348633
   vertex 95.083328247070312 67.875999450683594 4.3499999046325684
   vertex 95.083328247070312 67.900001525878906 4.3499999046325684
  endloop
 endfacet
 facet normal 1 0 -0
  outer loop
   vertex 95.083328247070312 67.875999450683594 5.5500001907348633
   vertex 95.083328247070312 67.900001525878906 4.3499999046325684
   vertex 95.083328247070312 67.900001525878906 5.5500001907348633
  endloop
 endfacet
 facet normal 0 -1 0
  outer loop
   vertex 95.083328247070312 67.875999450683594 5.5500001907348633
   vertex 93.583328247070312 67.875999450683594 4.3499999046325684
   vertex 95.083328247070312 67.875999450683594 4.3499999046325684
  endloop
 endfacet
 facet normal 0 -1 0
  outer loop
   vertex 95.083328247070312 67.875999450683594 5.5500001907348633
   vertex 93.583328247070312 67.875999450683594 5.5500001907348633
   vertex 93.583328247070312 67.875999450683594 4.3499999046325684
  endloop
 endfacet
 facet normal 0 1 -0
  outer loop
   vertex 95.083328247070312 67.900001525878906 5.5500001907348633
   vertex 95.083328247070312 67.900001525878906 4.3499999046325684
   vertex 93.583328247070312 67.900001525878906 4.3499999046325684
  endloop
 endfacet
 facet normal 0 1 0
  outer loop
   vertex 95.083328247070312 67.900001525878906 5.5500001907348633
   vertex 93.583328247070312 67.900001525878906 4.3499999046325684
   vertex 93.583328247070312 67.900001525878906 5.5500001907348633
  endloop
 endfacet
 facet normal 0 0 -1
  outer loop
   vertex 95.083328247070312 67.900001525878906 4.3499999046325684
   vertex 93.583328247070312 67.875999450683594 4.3499999046325684
   vertex 93.583328247070312 67.900001525878906 4.3499999046325684
  endloop
 endfacet
 facet normal 0 0 -1
  outer loop
   vertex 95.083328247070312 67.900001525878906 4.3499999046325684
   vertex 95.083328247070312 67.875999450683594 4.3499999046325684
   vertex 93.583328247070312 67.875999450683594 4.3499999046325684
  endloop
 endfacet
 facet normal -0 0 1
  outer loop
   vertex 95.083328247070312 67.900001525878906 5.5500001907348633
   vertex 93.583328247070312 67.900001525878906 5.5500001907348633
   vertex 93.583328247070312 67.875999450683594 5.5500001907348633
  endloop
 endfacet
 facet normal 0 0 1
  outer loop
   vertex 95.083328247070312 67.900001525878906 5.5500001907348633
   vertex 93.583328247070312 67.875999450683594 5.5500001907348633
   vertex 95.083328247070312 67.875999450683594 5.5500001907348633
  endloop
 endfacet
 facet normal -1 0 0
  outer loop
   vertex 100.25 67.875999450683594 13.649999618530273
   vertex 100.25 67.900001525878906 12.449999809265137
   vertex 100.25 67.875999450683594 12.449999809265137
  endloop
 endfacet
 facet normal -1 -0 -0
  outer loop
   vertex 100.25 67.875999450683594 13.649999618530273
   vertex 100.25 67.900001525878906 13.649999618530273
   vertex 100.25 67.900001525878906 12.449999809265137
  endloop
 endfacet
 facet normal 1 0 0
  outer loop
   vertex 101.75 67.875999450683594 13.649999618530273
   vertex 101.75 67.875999450683594 12.449999809265137
   vertex 101.75 67.900001525878906 12.449999809265137
  endloop
 endfacet
 facet normal 1 0 -0
  outer loop
   vertex 101.75 67.875999450683594 13.649999618530273
   vertex 101.75 67.900001525878906 12.449999809265137
   vertex 101.75 67.900001525878906 13.649999618530273
  endloop
 endfacet
 facet normal 0 -1 0
  outer loop
   vertex 101.75 67.875999450683594 12.449999809265137
   vertex 100.25 67.875999450683594 13.649999618530273
   vertex 100.25 67.875999450683594 12.449999809265137
  endloop
 endfacet
 facet normal 0 -1 0
  outer loop
   vertex 101.75 67.875999450683594 13.649999618530273
   vertex 100.25 67.875999450683594 13.649999618530273
   vertex 101.75 67.875999450683594 12.449999809265137
  endloop
 endfacet
 facet normal 0 1 0
  outer loop
   vertex 101.75 67.900001525878906 12.449999809265137
   vertex 100.25 67.900001525878906 12.449999809265137
   vertex 100.25 67.900001525878906 13.649999618530273
  endloop
 endfacet
 facet normal 0 1 -0
  outer loop
   vertex 101.75 67.900001525878906 13.649999618530273
   vertex 101.75 67.900001525878906 12.449999809265137
   vertex 100.25 67.900001525878906 13.649999618530273
  endloop
 endfacet
 facet normal 0 0 -1
  outer loop
   vertex 101.75 67.900001525878906 12.449999809265137
   vertex 100.25 67.875999450683594 12.449999809265137
   vertex 100.25 67.900001525878906 12.449999809265137
  endloop
 endfacet
 facet normal 0 0 -1
  outer loop
   vertex 101.75 67.900001525878906 12.449999809265137
   vertex 101.75 67.875999450683594 12.449999809265137
   vertex 100.25 67.875999450683594 12.449999809265137
  endloop
 endfacet
 facet normal -0 0 1
  outer loop
   vertex 101.75 67.900001525878906 13.649999618530273
   vertex 100.25 67.900001525878906 13.649999618530273
   vertex 100.25 67.875999450683594 13.649999618530273
  endloop
 endfacet
 facet normal 0 0 1
  outer loop
   vertex 101.75 67.900001525878906 13.649999618530273
   vertex 100.25 67.875999450683594 13.649999618530273
   vertex 101.75 67.875999450683594 13.649999618530273
  endloop
 endfacet
 facet normal -1 0 0
  outer loop
   vertex 93.583328247070312 67.875999450683594 10.949999809265137
   vertex 93.583328247070312 67.900001525878906 9.75
   vertex 93.583328247070312 67.875999450683594 9.75
  endloop
 endfacet
 facet normal -1 -0 -0
  outer loop
   vertex 93.583328247070312 67.875999450683594 10.949999809265137
   vertex 93.583328247070312 67.900001525878906 10.949999809265137
   vertex 93.583328247070312 67.900001525878906 9.75
  endloop
 endfacet
 facet normal 1 0 0
  outer loop
   vertex 95.083328247070312 67.875999450683594 10.949999809265137
   vertex 95.083328247070312 67.875999450683594 9.75
   vertex 95.083328247070312 67.900001525878906 9.75
  endloop
 endfacet
 facet normal 1 0 -0
  outer loop
   vertex 95.083328247070312 67.875999450683594 10.949999809265137
   vertex 95.083328247070312 67.900001525878906 9.75
   vertex 95.083328247070312 67.900001525878906 10.949999809265137
  endloop
 endfacet
 facet normal 0 -1 0
  outer loop
   vertex 95.083328247070312 67.875999450683594 10.949999809265137
   vertex 93.583328247070312 67.875999450683594 9.75
   vertex 95.083328247070312 67.875999450683594 9.75
  endloop
 endfacet
 facet normal 0 -1 0
  outer loop
   vertex 95.083328247070312 67.875999450683594 10.949999809265137
   vertex 93.583328247070312 67.875999450683594 10.949999809265137
   vertex 93.583328247070312 67.875999450683594 9.75
  endloop
 endfacet
 facet normal 0 1 -0
  outer loop
   vertex 95.083328247070312 67.900001525878906 10.949999809265137
   vertex 95.083328247070312 67.900001525878906 9.75
   vertex 93.583328247070312 67.900001525878906 9.75
  endloop
 endfacet
 facet normal 0 1 0
  outer loop
   vertex 95.083328247070312 67.900001525878906 10.949999809265137
   vertex 93.583328247070312 67.900001525878906 9.75
   vertex 93.583328247070312 67.900001525878906 10.949999809265137
  endloop
 endfacet
 facet normal 0 0 -1
  outer loop
   vertex 95.083328247070312 67.900001525878906 9.75
   vertex 93.583328247070312 67.875999450683594 9.75
   vertex 93.583328247070312 67.900001525878906 9.75
  endloop
 endfacet
 facet normal 0 0 -1
  outer loop
   vertex 95.083328247070312 67.900001525878906 9.75
   vertex 95.083328247070312 67.875999450683594 9.75
   vertex 93.583328247070312 67.875999450683594 9.75
  endloop
 endfacet
 facet normal -0 0 1
  outer loop
   vertex 95.083328247070312 67.900001525878906 10.949999809265137
   vertex 93.583328247070312 67.900001525878906 10.949999809265137
   vertex 93.583328247070312 67.875999450683594 10.949999809265137
  endloop
 endfacet
 facet normal 0 0 1
  outer loop
   vertex 95.083328247070312 67.900001525878906 10.949999809265137
   vertex 93.583328247070312 67.875999450683594 10.949999809265137
   vertex 95.083328247070312 67.875999450683594 10.949999809265137
  endloop
 endfacet
 facet normal -1 0 0
  outer loop
   vertex 100.25 67.875999450683594 2.8499999046325684
   vertex 100.25 67.900001525878906 1.6499999761581421
   vertex 100.25 67.875999450683594 1.6499999761581421
  endloop
 endfacet
 facet normal -1 -0 -0
  outer loop
   vertex 100.25 67.875999450683594 2.8499999046325684
   vertex 100.25 67.900001525878906 2.8499999046325684
   vertex 100.25 67.900001525878906 1.6499999761581421
  endloop
 endfacet
 facet normal 1 0 0
  outer loop
   vertex 101.75 67.875999450683594 2.8499999046325684
   vertex 101.75 67.875999450683594 1.6499999761581421
   vertex 101.75 67.900001525878906 1.6499999761581421
  endloop
 endfacet
 facet normal 1 0 -0
  outer loop
   vertex 101.75 67.875999450683594 2.8499999046325684
   vertex 101.75 67.900001525878906 1.6499999761581421
   vertex 101.75 67.900001525878906 2.8499999046325684
  endloop
 endfacet
 facet normal 0 -1 0
  outer loop
   vertex 101.75 67.875999450683594 2.8499999046325684
   vertex 100.25 67.875999450683594 1.6499999761581421
   vertex 101.75 67.875999450683594 1.6499999761581421
  endloop
 endfacet
 facet normal 0 -1 0
  outer loop
   vertex 101.75 67.875999450683594 2.8499999046325684
   vertex 100.25 67.875999450683594 2.8499999046325684
   vertex 100.25 67.875999450683594 1.6499999761581421
  endloop
 endfacet
 facet normal 0 1 -0
  outer loop
   vertex 101.75 67.900001525878906 2.8499999046325684
   vertex 101.75 67.900001525878906 1.6499999761581421
   vertex 100.25 67.900001525878906 1.6499999761581421
  endloop
 endfacet
 facet normal 0 1 0
  outer loop
   vertex 101.75 67.900001525878906 2.8499999046325684
   vertex 100.25 67.900001525878906 1.6499999761581421
   vertex 100.25 67.900001525878906 2.8499999046325684
  endloop
 endfacet
 facet normal 0 0 -1
  outer loop
   vertex 101.75 67.900001525878906 1.6499999761581421
   vertex 100.25 67.875999450683594 1.6499999761581421
   vertex 100.25 67.900001525878906 1.6499999761581421
  endloop
 endfacet
 facet normal 0 0 -1
  outer loop
   vertex 101.75 67.900001525878906 1.6499999761581421
   vertex 101.75 67.875999450683594 1.6499999761581421
   vertex 100.25 67.875999450683594 1.6499999761581421
  endloop
 endfacet
 facet normal -0 0 1
  outer loop
   vertex 101.75 67.900001525878906 2.8499999046325684
   vertex 100.25 67.900001525878906 2.8499999046325684
   vertex 100.25 67.875999450683594 2.8499999046325684
  endloop
 endfacet
 facet normal 0 0 1
  outer loop
   vertex 101.75 67.900001525878906 2.8499999046325684
   vertex 100.25 67.875999450683594 2.8499999046325684
   vertex 101.75 67.875999450683594 2.8499999046325684
  endloop
 endfacet
 facet normal -1 0 0
  outer loop
   vertex 100.25 67.875999450683594 8.25
   vertex 100.25 67.900001525878906 7.0500001907348633
   vertex 100.25 67.875999450683594 7.0500001907348633
  endloop
 endfacet
 facet normal -1 -0 -0
  outer loop
   vertex 100.25 67.875999450683594 8.25
   vertex 100.25 67.900001525878906 8.25
   vertex 100.25 67.900001525878906 7.0500001907348633
  endloop
 endfacet
 facet normal 1 0 0
  outer loop
   vertex 101.75 67.875999450683594 8.25
   vertex 101.75 67.875999450683594 7.0500001907348633
   vertex 101.75 67.900001525878906 7.0500001907348633
  endloop
 endfacet
 facet normal 1 0 -0
  outer loop
   vertex 101.75 67.875999450683594 8.25
   vertex 101.75 67.900001525878906 7.0500001907348633
   vertex 101.75 67.900001525878906 8.25
  endloop
 endfacet
 facet normal 0 -1 0
  outer loop
   vertex 101.75 67.875999450683594 8.25
   vertex 100.25 67.875999450683594 7.0500001907348633
   vertex 101.75 67.875999450683594 7.0500001907348633
  endloop
 endfacet
 facet normal 0 -1 0
  outer loop
   vertex 101.75 67.875999450683594 8.25
   vertex 100.25 67.875999450683594 8.25
   vertex 100.25 67.875999450683594 7.0500001907348633
  endloop
 endfacet
 facet normal 0 1 -0
  outer loop
   vertex 101.75 67.900001525878906 8.25
   vertex 101.75 67.900001525878906 7.0500001907348633
   vertex 100.25 67.900001525878906 7.0500001907348633
  endloop
 endfacet
 facet normal 0 1 0
  outer loop
   vertex 101.75 67.900001525878906 8.25
   vertex 100.25 67.900001525878906 7.0500001907348633
   vertex 100.25 67.900001525878906 8.25
  endloop
 endfacet
 facet normal 0 0 -1
  outer loop
   vertex 101.75 67.900001525878906 7.0500001907348633
   vertex 100.25 67.875999450683594 7.0500001907348633
   vertex 100.25 67.900001525878906 7.0500001907348633
  endloop
 endfacet
 facet normal 0 0 -1
  outer loop
   vertex 101.75 67.900001525878906 7.0500001907348633
   vertex 101.75 67.875999450683594 7.0500001907348633
   vertex 100.25 67.875999450683594 7.0500001907348633
  endloop
 endfacet
 facet normal -0 0 1
  outer loop
   vertex 101.75 67.900001525878906 8.25
   vertex 100.25 67.900001525878906 8.25
   vertex 100.25 67.875999450683594 8.25
  endloop
 endfacet
 facet normal 0 0 1
  outer loop
   vertex 101.75 67.900001525878906 8.25
   vertex 100.25 67.875999450683594 8.25
   vertex 101.75 67.875999450683594 8.25
  endloop
 endfacet
 facet normal -1 0 0
  outer loop
   vertex 106.91670227050781 67.875999450683594 5.5500001907348633
   vertex 106.91670227050781 67.900001525878906 4.3499999046325684
   vertex 106.91670227050781 67.875999450683594 4.3499999046325684
  endloop
 endfacet
 facet normal -1 -0 -0
  outer loop
   vertex 106.91670227050781 67.875999450683594 5.5500001907348633
   vertex 106.91670227050781 67.900001525878906 5.5500001907348633
   vertex 106.91670227050781 67.900001525878906 4.3499999046325684
  endloop
 endfacet
 facet normal 1 0 0
  outer loop
   vertex 108.41670227050781 67.875999450683594 5.5500001907348633
   vertex 108.41670227050781 67.875999450683594 4.3499999046325684
   vertex 108.41670227050781 67.900001525878906 4.3499999046325684
  endloop
 endfacet
 facet normal 1 0 -0
  outer loop
   vertex 108.41670227050781 67.875999450683594 5.5500001907348633
   vertex 108.41670227050781 67.900001525878906 4.3499999046325684
   vertex 108.41670227050781 67.900001525878906 5.5500001907348633
  endloop
 endfacet
 facet normal 0 -1 0
  outer loop
   vertex 108.41670227050781 67.875999450683594 5.5500001907348633
   vertex 106.91670227050781 67.875999450683594 4.3499999046325684
   vertex 108.41670227050781 67.875999450683594 4.3499999046325684
  endloop
 endfacet
 facet normal 0 -1 0
  outer loop
   vertex 108.41670227050781 67.875999450683594 5.5500001907348633
   vertex 106.91670227050781 67.875999450683594 5.5500001907348633
   vertex 106.91670227050781 67.875999450683594 4.3499999046325684
  endloop
 endfacet
 facet normal 0 1 -0
  outer loop
   vertex 108.41670227050781 67.900001525878906 5.5500001907348633
   vertex 108.41670227050781 67.900001525878906 4.3499999046325684
   vertex 106.91670227050781 67.900001525878906 4.3499999046325684
  endloop
 endfacet
 facet normal 0 1 0
  outer loop
   vertex 108.41670227050781 67.900001525878906 5.5500001907348633
   vertex 106.91670227050781 67.900001525878906 4.3499999046325684
   vertex 106.91670227050781 67.900001525878906 5.5500001907348633
  endloop
 endfacet
 facet normal 0 0 -1
  outer loop
   vertex 108.41670227050781 67.900001525878906 4.3499999046325684
   vertex 106.91670227050781 67.875999450683594 4.3499999046325684
   vertex 106.91670227050781 67.900001525878906 4.3499999046325684
  endloop
 endfacet
 facet normal 0 0 -1
  outer loop
   vertex 108.41670227050781 67.900001525878906 4.3499999046325684
   vertex 108.41670227050781 67.875999450683594 4.3499999046325684
   vertex 106.91670227050781 67.875999450683594 4.3499999046325684
  endloop
 endfacet
 facet normal -0 0 1
  outer loop
   vertex 108.41670227050781 67.900001525878906 5.5500001907348633
   vertex 106.91670227050781 67.900001525878906 5.5500001907348633
   vertex 106.91670227050781 67.875999450683594 5.5500001907348633
  endloop
 endfacet
 facet normal 0 0 1
  outer loop
   vertex 108.41670227050781 67.900001525878906 5.5500001907348633
   vertex 106.91670227050781 67.875999450683594 5.5500001907348633
   vertex 108.41670227050781 67.875999450683594 5.5500001907348633
  endloop
 endfacet
 facet normal -1 0 0
  outer loop
   vertex 106.91670227050781 67.875999450683594 10.949999809265137
   vertex 106.91670227050781 67.900001525878906 9.75
   vertex 106.91670227050781 67.875999450683594 9.75
  endloop
 endfacet
 facet normal -1 -0 -0
  outer loop
   vertex 106.91670227050781 67.875999450683594 10.949999809265137
   vertex 106.91670227050781 67.900001525878906 10.949999809265137
   vertex 106.91670227050781 67.900001525878906 9.75
  endloop
 endfacet
 facet normal 1 0 0
  outer loop
   vertex 108.41670227050781 67.875999450683594 10.949999809265137
   vertex 108.41670227050781 67.875999450683594 9.75
   vertex 108.41670227050781 67.900001525878906 9.75
  endloop
 endfacet
 facet normal 1 0 -0
  outer loop
   vertex 108.41670227050781 67.875999450683594 10.949999809265137
   vertex 108.41670227050781 67.900001525878906 9.75
   vertex 108.41670227050781 67.900001525878906 10.949999809265137
  endloop
 endfacet
 facet normal 0 -1 0
  outer loop
   vertex 108.41670227050781 67.875999450683594 10.949999809265137
   vertex 106.91670227050781 67.875999450683594 9.75
   vertex 108.41670227050781 67.875999450683594 9.75
  endloop
 endfacet
 facet normal 0 -1 0
  outer loop
   vertex 108.41670227050781 67.875999450683594 10.949999809265137
   vertex 106.91670227050781 67.875999450683594 10.949999809265137
   vertex 106.91670227050781 67.875999450683594 9.75
  endloop
 endfacet
 facet normal 0 1 -0
  outer loop
   vertex 108.41670227050781 67.900001525878906 10.949999809265137
   vertex 108.41670227050781 67.900001525878906 9.75
   vertex 106.91670227050781 67.900001525878906 9.75
  endloop
 endfacet
 facet normal 0 1 0
  outer loop
   vertex 108.41670227050781 67.900001525878906 10.949999809265137
   vertex 106.91670227050781 67.900001525878906 9.75
   vertex 106.91670227050781 67.900001525878906 10.949999809265137
  endloop
 endfacet
 facet normal 0 0 -1
  outer loop
   vertex 108.41670227050781 67.900001525878906 9.75
   vertex 106.91670227050781 67.875999450683594 9.75
   vertex 106.91670227050781 67.900001525878906 9.75
  endloop
 endfacet
 facet normal 0 0 -1
  outer loop
   vertex 108.41670227050781 67.900001525878906 9.75
   vertex 108.41670227050781 67.875999450683594 9.75
   vertex 106.91670227050781 67.875999450683594 9.75
  endloop
 endfacet
 facet normal -0 0 1
  outer loop
   vertex 108.41670227050781 67.900001525878906 10.949999809265137
   vertex 106.91670227050781 67.900001525878906 10.949999809265137
   vertex 106.91670227050781 67.875999450683594 10.949999809265137
  endloop
 endfacet
 facet normal 0 0 1
  outer loop
   vertex 108.41670227050781 67.900001525878906 10.949999809265137
   vertex 106.91670227050781 67.875999450683594 10.949999809265137
   vertex 108.41670227050781 67.875999450683594 10.949999809265137
  endloop
 endfacet
 facet normal -1 0 0
  outer loop
   vertex 106.91670227050781 67.875999450683594 2.8499999046325684
   vertex 106.91670227050781 67.900001525878906 1.6499999761581421
   vertex 106.91670227050781 67.875999450683594 1.6499999761581421
  endloop
 endfacet
 facet normal -1 -0 -0
  outer loop
   vertex 106.91670227050781 67.875999450683594 2.8499999046325684
   vertex 106.91670227050781 67.900001525878906 2.8499999046325684
   vertex 106.91670227050781 67.900001525878906 1.6499999761581421
  endloop
 endfacet
 facet normal 1 0 0
  outer loop
   vertex 108.41670227050781 67.875999450683594 2.8499999046325684
   vertex 108.41670227050781 67.875999450683594 1.6499999761581421
   vertex 108.41670227050781 67.900001525878906 1.6499999761581421
  endloop
 endfacet
 facet normal 1 0 -0
  outer loop
   vertex 108.41670227050781 67.875999450683594 2.8499999046325684
   vertex 108.41670227050781 67.900001525878906 1.6499999761581421
   vertex 108.41670227050781 67.900001525878906 2.8499999046325684
  endloop
 endfacet
 facet normal 0 -1 0
  outer loop
   vertex 108.41670227050781 67.875999450683594 2.8499999046325684
   vertex 106.91670227050781 67.875999450683594 1.6499999761581421
   vertex 108.41670227050781 67.875999450683594 1.6499999761581421
  endloop
 endfacet
 facet normal 0 -1 0
  outer loop
   vertex 108.41670227050781 67.875999450683594 2.8499999046325684
   vertex 106.91670227050781 67.875999450683594 2.8499999046325684
   vertex 106.91670227050781 67.875999450683594 1.6499999761581421
  endloop
 endfacet
 facet normal 0 1 -0
  outer loop
   vertex 108.41670227050781 67.900001525878906 2.8499999046325684
   vertex 108.41670227050781 67.900001525878906 1.6499999761581421
   vertex 106.91670227050781 67.900001525878906 1.6499999761581421
  endloop
 endfacet
 facet normal 0 1 0
  outer loop
   vertex 108.41670227050781 67.900001525878906 2.8499999046325684
   vertex 106.91670227050781 67.900001525878906 1.6499999761581421
   vertex 106.91670227050781 67.900001525878906 2.8499999046325684
  endloop
 endfacet
 facet normal 0 0 -1
  outer loop
   vertex 108.41670227050781 67.900001525878906 1.6499999761581421
   vertex 106.91670227050781 67.875999450683594 1.6499999761581421
   vertex 106.91670227050781 67.900001525878906 1.6499999761581421
  endloop
 endfacet
 facet normal 0 0 -1
  outer loop
   vertex 108.41670227050781 67.900001525878906 1.6499999761581421
   vertex 108.41670227050781 67.875999450683594 1.6499999761581421
   vertex 106.91670227050781 67.875999450683594 1.6499999761581421
  endloop
 endfacet
 facet normal -0 0 1
  outer loop
   vertex 108.41670227050781 67.900001525878906 2.8499999046325684
   vertex 106.91670227050781 67.900001525878906 2.8499999046325684
   vertex 106.91670227050781 67.875999450683594 2.8499999046325684
  endloop
 endfacet
 facet normal 0 0 1
  outer loop
   vertex 108.41670227050781 67.900001525878906 2.8499999046325684
   vertex 106.91670227050781 67.875999450683594 2.8499999046325684
   vertex 108.41670227050781 67.875999450683594 2.8499999046325684
  endloop
 endfacet
 facet normal -1 0 0
  outer loop
   vertex 93.583328247070312 67.875999450683594 2.8499999046325684
   vertex 93.583328247070312 67.900001525878906 1.6499999761581421
   vertex 93.583328247070312 67.875999450683594 1.6499999761581421
  endloop
 endfacet
 facet normal -1 -0 -0
  outer loop
   vertex 93.583328247070312 67.875999450683594 2.8499999046325684
   vertex 93.583328247070312 67.900001525878906 2.8499999046325684
   vertex 93.583328247070312 67.900001525878906 1.6499999761581421
  endloop
 endfacet
 facet normal 1 0 0
  outer loop
   vertex 95.083328247070312 67.875999450683594 2.8499999046325684
   vertex 95.083328247070312 67.875999450683594 1.6499999761581421
   vertex 95.083328247070312 67.900001525878906 1.6499999761581421
  endloop
 endfacet
 facet normal 1 0 -0
  outer loop
   vertex 95.083328247070312 67.875999450683594 2.8499999046325684
   vertex 95.083328247070312 67.900001525878906 1.6499999761581421
   vertex 95.083328247070312 67.900001525878906 2.8499999046325684
  endloop
 endfacet
 facet normal 0 -1 0
  outer loop
   vertex 95.083328247070312 67.875999450683594 2.8499999046325684
   vertex 93.583328247070312 67.875999450683594 1.6499999761581421
   vertex 95.083328247070312 67.875999450683594 1.6499999761581421
  endloop
 endfacet
 facet normal 0 -1 0
  outer loop
   vertex 95.083328247070312 67.875999450683594 2.8499999046325684
   vertex 93.583328247070312 67.875999450683594 2.8499999046325684
   vertex 93.583328247070312 67.875999450683594 1.6499999761581421
  endloop
 endfacet
 facet normal 0 1 -0
  outer loop
   vertex 95.083328247070312 67.900001525878906 2.8499999046325684
   vertex 95.083328247070312 67.900001525878906 1.6499999761581421
   vertex 93.583328247070312 67.900001525878906 1.6499999761581421
  endloop
 endfacet
 facet normal 0 1 0
  outer loop
   vertex 95.083328247070312 67.900001525878906 2.8499999046325684
   vertex 93.583328247070312 67.900001525878906 1.6499999761581421
   vertex 93.583328247070312 67.900001525878906 2.8499999046325684
  endloop
 endfacet
 facet normal 0 0 -1
  outer loop
   vertex 95.083328247070312 67.900001525878906 1.6499999761581421
   vertex 93.583328247070312 67.875999450683594 1.6499999761581421
   vertex 93.583328247070312 67.900001525878906 1.6499999761581421
  endloop
 endfacet
 facet normal 0 0 -1
  outer loop
   vertex 95.083328247070312 67.900001525878906 1.6499999761581421
   vertex 95.083328247070312 67.875999450683594 1.6499999761581421
   vertex 93.583328247070312 67.875999450683594 1.6499999761581421
  endloop
 endfacet
 facet normal -0 0 1
  outer loop
   vertex 95.083328247070312 67.900001525878906 2.8499999046325684
   vertex 93.583328247070312 67.900001525878906 2.8499999046325684
   vertex 93.583328247070312 67.875999450683594 2.8499999046325684
  endloop
 endfacet
 facet normal 0 0 1
  outer loop
   vertex 95.083328247070312 67.900001525878906 2.8499999046325684
   vertex 93.583328247070312 67.875999450683594 2.8499999046325684
   vertex 95.083328247070312 67.875999450683594 2.8499999046325684
  endloop
 endfacet
 facet normal -1 0 0
  outer loop
   vertex 106.91670227050781 67.875999450683594 8.25
   vertex 106.91670227050781 67.900001525878906 7.0500001907348633
   vertex 106.91670227050781 67.875999450683594 7.0500001907348633
  endloop
 endfacet
 facet normal -1 -0 -0
  outer loop
   vertex 106.91670227050781 67.875999450683594 8.25
   vertex 106.91670227050781 67.900001525878906 8.25
   vertex 106.91670227050781 67.900001525878906 7.0500001907348633
  endloop
 endfacet
 facet normal 1 0 0
  outer loop
   vertex 108.41670227050781 67.875999450683594 8.25
   vertex 108.41670227050781 67.875999450683594 7.0500001907348633
   vertex 108.41670227050781 67.900001525878906 7.0500001907348633
  endloop
 endfacet
 facet normal 1 0 -0
  outer loop
   vertex 108.41670227050781 67.875999450683594 8.25
   vertex 108.41670227050781 67.900001525878906 7.0500001907348633
   vertex 108.41670227050781 67.900001525878906 8.25
  endloop
 endfacet
 facet normal 0 -1 0
  outer loop
   vertex 108.41670227050781 67.875999450683594 8.25
   vertex 106.91670227050781 67.875999450683594 7.0500001907348633
   vertex 108.41670227050781 67.875999450683594 7.0500001907348633
  endloop
 endfacet
 facet normal 0 -1 0
  outer loop
   vertex 108.41670227050781 67.875999450683594 8.25
   vertex 106.91670227050781 67.875999450683594 8.25
   vertex 106.91670227050781 67.875999450683594 7.0500001907348633
  endloop
 endfacet
 facet normal 0 1 -0
  outer loop
   vertex 108.41670227050781 67.900001525878906 8.25
   vertex 108.41670227050781 67.900001525878906 7.0500001907348633
   vertex 106.91670227050781 67.900001525878906 7.0500001907348633
  endloop
 endfacet
 facet normal 0 1 0
  outer loop
   vertex 108.41670227050781 67.900001525878906 8.25
   vertex 106.91670227050781 67.900001525878906 7.0500001907348633
   vertex 106.91670227050781 67.900001525878906 8.25
  endloop
 endfacet
 facet normal 0 0 -1
  outer loop
   vertex 108.41670227050781 67.900001525878906 7.0500001907348633
   vertex 106.91670227050781 67.875999450683594 7.0500001907348633
   vertex 106.91670227050781 67.900001525878906 7.0500001907348633
  endloop
 endfacet
 facet normal 0 0 -1
  outer loop
   vertex 108.41670227050781 67.900001525878906 7.0500001907348633
   vertex 108.41670227050781 67.875999450683594 7.0500001907348633
   vertex 106.91670227050781 67.875999450683594 7.0500001907348633
  endloop
 endfacet
 facet normal -0 0 1
  outer loop
   vertex 108.41670227050781 67.900001525878906 8.25
   vertex 106.91670227050781 67.900001525878906 8.25
   vertex 106.91670227050781 67.875999450683594 8.25
  endloop
 endfacet
 facet normal 0 0 1
  outer loop
   vertex 108.41670227050781 67.900001525878906 8.25
   vertex 106.91670227050781 67.875999450683594 8.25
   vertex 108.41670227050781 67.875999450683594 8.25
  endloop
 endfacet
 facet normal -1 0 0
  outer loop
   vertex 93.583328247070312 67.875999450683594 8.25
   vertex 93.583328247070312 67.900001525878906 7.0500001907348633
   vertex 93.583328247070312 67.875999450683594 7.0500001907348633
  endloop
 endfacet
 facet normal -1 -0 -0
  outer loop
   vertex 93.583328247070312 67.875999450683594 8.25
   vertex 93.583328247070312 67.900001525878906 8.25
   vertex 93.583328247070312 67.900001525878906 7.0500001907348633
  endloop
 endfacet
 facet normal 1 0 0
  outer loop
   vertex 95.083328247070312 67.875999450683594 8.25
   vertex 95.083328247070312 67.875999450683594 7.0500001907348633
   vertex 95.083328247070312 67.900001525878906 7.0500001907348633
  endloop
 endfacet
 facet normal 1 0 -0
  outer loop
   vertex 95.083328247070312 67.875999450683594 8.25
   vertex 95.083328247070312 67.900001525878906 7.0500001907348633
   vertex 95.083328247070312 67.900001525878906 8.25
  endloop
 endfacet
 facet normal 0 -1 0
  outer loop
   vertex 95.083328247070312 67.875999450683594 8.25
   vertex 93.583328247070312 67.875999450683594 7.0500001907348633
   vertex 95.083328247070312 67.875999450683594 7.0500001907348633
  endloop
 endfacet
 facet normal 0 -1 0
  outer loop
   vertex 95.083328247070312 67.875999450683594 8.25
   vertex 93.583328247070312 67.875999450683594 8.25
   vertex 93.583328247070312 67.875999450683594 7.0500001907348633
  endloop
 endfacet
 facet normal 0 1 -0
  outer loop
   vertex 95.083328247070312 67.900001525878906 8.25
   vertex 95.083328247070312 67.900001525878906 7.0500001907348633
   vertex 93.583328247070312 67.900001525878906 7.0500001907348633
  endloop
 endfacet
 facet normal 0 1 0
  outer loop
   vertex 95.083328247070312 67.900001525878906 8.25
   vertex 93.583328247070312 67.900001525878906 7.0500001907348633
   vertex 93.583328247070312 67.900001525878906 8.25
  endloop
 endfacet
 facet normal 0 0 -1
  outer loop
   vertex 95.083328247070312 67.900001525878906 7.0500001907348633
   vertex 93.583328247070312 67.875999450683594 7.0500001907348633
   vertex 93.583328247070312 67.900001525878906 7.0500001907348633
  endloop
 endfacet
 facet normal 0 0 -1
  outer loop
   vertex 95.083328247070312 67.900001525878906 7.0500001907348633
   vertex 95.083328247070312 67.875999450683594 7.0500001907348633
   vertex 93.583328247070312 67.875999450683594 7.0500001907348633
  endloop
 endfacet
 facet normal -0 0 1
  outer loop
   vertex 95.083328247070312 67.900001525878906 8.25
   vertex 93.583328247070312 67.900001525878906 8.25
   vertex 93.583328247070312 67.875999450683594 8.25
  endloop
 endfacet
 facet normal 0 0 1
  outer loop
   vertex 95.083328247070312 67.900001525878906 8.25
   vertex 93.583328247070312 67.875999450683594 8.25
   vertex 95.083328247070312 67.875999450683594 8.25
  endloop
 endfacet
 facet normal -1 0 0
  outer loop
   vertex 106.91670227050781 67.875999450683594 13.649999618530273
   vertex 106.91670227050781 67.900001525878906 12.449999809265137
   vertex 106.91670227050781 67.875999450683594 12.449999809265137
  endloop
 endfacet
 facet normal -1 -0 -0
  outer loop
   vertex 106.91670227050781 67.875999450683594 13.649999618530273
   vertex 106.91670227050781 67.900001525878906 13.649999618530273
   vertex 106.91670227050781 67.900001525878906 12.449999809265137
  endloop
 endfacet
 facet normal 1 0 0
  outer loop
   vertex 108.41670227050781 67.875999450683594 13.649999618530273
   vertex 108.41670227050781 67.875999450683594 12.449999809265137
   vertex 108.41670227050781 67.900001525878906 12.449999809265137
  endloop
 endfacet
 facet normal 1 0 -0
  outer loop
   vertex 108.41670227050781 67.875999450683594 13.649999618530273
   vertex 108.41670227050781 67.900001525878906 12.449999809265137
   vertex 108.41670227050781 67.900001525878906 13.649999618530273
  endloop
 endfacet
 facet normal 0 -1 0
  outer loop
   vertex 108.41670227050781 67.875999450683594 12.449999809265137
   vertex 106.91670227050781 67.875999450683594 13.649999618530273
   vertex 106.91670227050781 67.875999450683594 12.449999809265137
  endloop
 endfacet
 facet normal 0 -1 0
  outer loop
   vertex 108.41670227050781 67.875999450683594 13.649999618530273
   vertex 106.91670227050781 67.875999450683594 13.649999618530273
   vertex 108.41670227050781 67.875999450683594 12.449999809265137
  endloop
 endfacet
 facet normal 0 1 0
  outer loop
   vertex 108.41670227050781 67.900001525878906 12.449999809265137
   vertex 106.91670227050781 67.900001525878906 12.449999809265137
   vertex 106.91670227050781 67.900001525878906 13.649999618530273
  endloop
 endfacet
 facet normal 0 1 -0
  outer loop
   vertex 108.41670227050781 67.900001525878906 13.649999618530273
   vertex 108.41670227050781 67.900001525878906 12.449999809265137
   vertex 106.91670227050781 67.900001525878906 13.649999618530273
  endloop
 endfacet
 facet normal 0 0 -1
  outer loop
   vertex 108.41670227050781 67.900001525878906 12.449999809265137
   vertex 106.91670227050781 67.875999450683594 12.449999809265137
   vertex 106.91670227050781 67.900001525878906 12.449999809265137
  endloop
 endfacet
 facet normal 0 0 -1
  outer loop
   vertex 108.41670227050781 67.900001525878906 12.449999809265137
   vertex 108.41670227050781 67.875999450683594 12.449999809265137
   vertex 106.91670227050781 67.875999450683594 12.449999809265137
  endloop
 endfacet
 facet normal -0 0 1
  outer loop
   vertex 108.41670227050781 67.900001525878906 13.649999618530273
   vertex 106.91670227050781 67.900001525878906 13.649999618530273
   vertex 106.91670227050781 67.875999450683594 13.649999618530273
  endloop
 endfacet
 facet normal 0 0 1
  outer loop
   vertex 108.41670227050781 67.900001525878906 13.649999618530273
   vertex 106.91670227050781 67.875999450683594 13.649999618530273
   vertex 108.41670227050781 67.875999450683594 13.649999618530273
  endloop
 endfacet
 facet normal -1 0 0
  outer loop
   vertex 93.583328247070312 67.875999450683594 13.649999618530273
   vertex 93.583328247070312 67.900001525878906 12.449999809265137
   vertex 93.583328247070312 67.875999450683594 12.449999809265137
  endloop
 endfacet
 facet normal -1 -0 -0
  outer loop
   vertex 93.583328247070312 67.875999450683594 13.649999618530273
   vertex 93.583328247070312 67.900001525878906 13.649999618530273
   vertex 93.583328247070312 67.900001525878906 12.449999809265137
  endloop
 endfacet
 facet normal 1 0 0
  outer loop
   vertex 95.083328247070312 67.875999450683594 13.649999618530273
   vertex 95.083328247070312 67.875999450683594 12.449999809265137
   vertex 95.083328247070312 67.900001525878906 12.449999809265137
  endloop
 endfacet
 facet normal 1 0 -0
  outer loop
   vertex 95.083328247070312 67.875999450683594 13.649999618530273
   vertex 95.083328247070312 67.900001525878906 12.449999809265137
   vertex 95.083328247070312 67.900001525878906 13.649999618530273
  endloop
 endfacet
 facet normal 0 -1 0
  outer loop
   vertex 95.083328247070312 67.875999450683594 12.449999809265137
   vertex 93.583328247070312 67.875999450683594 13.649999618530273
   vertex 93.583328247070312 67.875999450683594 12.449999809265137
  endloop
 endfacet
 facet normal 0 -1 0
  outer loop
   vertex 95.083328247070312 67.875999450683594 13.649999618530273
   vertex 93.583328247070312 67.875999450683594 13.649999618530273
   vertex 95.083328247070312 67.875999450683594 12.449999809265137
  endloop
 endfacet
 facet normal 0 1 0
  outer loop
   vertex 95.083328247070312 67.900001525878906 12.449999809265137
   vertex 93.583328247070312 67.900001525878906 12.449999809265137
   vertex 93.583328247070312 67.900001525878906 13.649999618530273
  endloop
 endfacet
 facet normal 0 1 -0
  outer loop
   vertex 95.083328247070312 67.900001525878906 13.649999618530273
   vertex 95.083328247070312 67.900001525878906 12.449999809265137
   vertex 93.583328247070312 67.900001525878906 13.649999618530273
  endloop
 endfacet
 facet normal 0 0 -1
  outer loop
   vertex 95.083328247070312 67.900001525878906 12.449999809265137
   vertex 93.583328247070312 67.875999450683594 12.449999809265137
   vertex 93.583328247070312 67.900001525878906 12.449999809265137
  endloop
 endfacet
 facet normal 0 0 -1
  outer loop
   vertex 95.083328247070312 67.900001525878906 12.449999809265137
   vertex 95.083328247070312 67.875999450683594 12.449999809265137
   vertex 93.583328247070312 67.875999450683594 12.449999809265137
  endloop
 endfacet
 facet normal -0 0 1
  outer loop
   vertex 95.083328247070312 67.900001525878906 13.649999618530273
   vertex 93.583328247070312 67.900001525878906 13.649999618530273
   vertex 93.583328247070312 67.875999450683594 13.649999618530273
  endloop
 endfacet
 facet normal 0 0 1
  outer loop
   vertex 95.083328247070312 67.900001525878906 13.649999618530273
   vertex 93.583328247070312 67.875999450683594 13.649999618530273
   vertex 95.083328247070312 67.875999450683594 13.649999618530273
  endloop
 endfacet
 facet normal -1 0 0
  outer loop
   vertex 100.25 67.875999450683594 10.949999809265137
   vertex 100.25 67.900001525878906 9.75
   vertex 100.25 67.875999450683594 9.75
  endloop
 endfacet
 facet normal -1 -0 -0
  outer loop
   vertex 100.25 67.875999450683594 10.949999809265137
   vertex 100.25 67.900001525878906 10.949999809265137
   vertex 100.25 67.900001525878906 9.75
  endloop
 endfacet
 facet normal 1 0 0
  outer loop
   vertex 101.75 67.875999450683594 10.949999809265137
   vertex 101.75 67.875999450683594 9.75
   vertex 101.75 67.900001525878906 9.75
  endloop
 endfacet
 facet normal 1 0 -0
  outer loop
   vertex 101.75 67.875999450683594 10.949999809265137
   vertex 101.75 67.900001525878906 9.75
   vertex 101.75 67.900001525878906 10.949999809265137
  endloop
 endfacet
 facet normal 0 -1 0
  outer loop
   vertex 101.75 67.875999450683594 10.949999809265137
   vertex 100.25 67.875999450683594 9.75
   vertex 101.75 67.875999450683594 9.75
  endloop
 endfacet
 facet normal 0 -1 0
  outer loop
   vertex 101.75 67.875999450683594 10.949999809265137
   vertex 100.25 67.875999450683594 10.949999809265137
   vertex 100.25 67.875999450683594 9.75
  endloop
 endfacet
 facet normal 0 1 -0
  outer loop
   vertex 101.75 67.900001525878906 10.949999809265137
   vertex 101.75 67.900001525878906 9.75
   vertex 100.25 67.900001525878906 9.75
  endloop
 endfacet
 facet normal 0 1 0
  outer loop
   vertex 101.75 67.900001525878906 10.949999809265137
   vertex 100.25 67.900001525878906 9.75
   vertex 100.25 67.900001525878906 10.949999809265137
  endloop
 endfacet
 facet normal 0 0 -1
  outer loop
   vertex 101.75 67.900001525878906 9.75
   vertex 100.25 67.875999450683594 9.75
   vertex 100.25 67.900001525878906 9.75
  endloop
 endfacet
 facet normal 0 0 -1
  outer loop
   vertex 101.75 67.900001525878906 9.75
   vertex 101.75 67.875999450683594 9.75
   vertex 100.25 67.875999450683594 9.75
  endloop
 endfacet
 facet normal -0 0 1
  outer loop
   vertex 101.75 67.900001525878906 10.949999809265137
   vertex 100.25 67.900001525878906 10.949999809265137
   vertex 100.25 67.875999450683594 10.949999809265137
  endloop
 endfacet
 facet normal 0 0 1
  outer loop
   vertex 101.75 67.900001525878906 10.949999809265137
   vertex 100.25 67.875999450683594 10.949999809265137
   vertex 101.75 67.875999450683594 10.949999809265137
  endloop
 endfacet
 facet normal -1 0 0
  outer loop
   vertex 100.25 67.875999450683594 5.5500001907348633
   vertex 100.25 67.900001525878906 4.3499999046325684
   vertex 100.25 67.875999450683594 4.3499999046325684
  endloop
 endfacet
 facet normal -1 -0 -0
  outer loop
   vertex 100.25 67.875999450683594 5.5500001907348633
   vertex 100.25 67.900001525878906 5.5500001907348633
   vertex 100.25 67.900001525878906 4.3499999046325684
  endloop
 endfacet
 facet normal 1 0 0
  outer loop
   vertex 101.75 67.875999450683594 5.5500001907348633
   vertex 101.75 67.875999450683594 4.3499999046325684
   vertex 101.75 67.900001525878906 4.3499999046325684
  endloop
 endfacet
 facet normal 1 0 -0
  outer loop
   vertex 101.75 67.875999450683594 5.5500001907348633
   vertex 101.75 67.900001525878906 4.3499999046325684
   vertex 101.75 67.900001525878906 5.5500001907348633
  endloop
 endfacet
 facet normal 0 -1 0
  outer loop
   vertex 101.75 67.875999450683594 5.5500001907348633
   vertex 100.25 67.875999450683594 4.3499999046325684
   vertex 101.75 67.875999450683594 4.3499999046325684
  endloop
 endfacet
 facet normal 0 -1 0
  outer loop
   vertex 101.75 67.875999450683594 5.5500001907348633
   vertex 100.25 67.875999450683594 5.5500001907348633
   vertex 100.25 67.875999450683594 4.3499999046325684
  endloop
 endfacet
 facet normal 0 1 -0
  outer loop
   vertex 101.75 67.900001525878906 5.5500001907348633
   vertex 101.75 67.900001525878906 4.3499999046325684
   vertex 100.25 67.900001525878906 4.3499999046325684
  endloop
 endfacet
 facet normal 0 1 0
  outer loop
   vertex 101.75 67.900001525878906 5.5500001907348633
   vertex 100.25 67.900001525878906 4.3499999046325684
   vertex 100.25 67.900001525878906 5.5500001907348633
  endloop
 endfacet
 facet normal 0 0 -1
  outer loop
   vertex 101.75 67.900001525878906 4.3499999046325684
   vertex 100.25 67.875999450683594 4.3499999046325684
   vertex 100.25 67.900001525878906 4.3499999046325684
  endloop
 endfacet
 facet normal 0 0 -1
  outer loop
   vertex 101.75 67.900001525878906 4.3499999046325684
   vertex 101.75 67.875999450683594 4.3499999046325684
   vertex 100.25 67.875999450683594 4.3499999046325684
  endloop
 endfacet
 facet normal -0 0 1
  outer loop
   vertex 101.75 67.900001525878906 5.5500001907348633
   vertex 100.25 67.900001525878906 5.5500001907348633
   vertex 100.25 67.875999450683594 5.5500001907348633
  endloop
 endfacet
 facet normal 0 0 1
  outer loop
   vertex 101.75 67.900001525878906 5.5500001907348633
   vertex 100.25 67.875999450683594 5.5500001907348633
   vertex 101.75 67.875999450683594 5.5500001907348633
  endloop
 endfacet
 facet normal -1 0 0
  outer loop
   vertex 106.91670227050781 53.099998474121094 13.649999618530273
   vertex 106.91670227050781 53.124000549316406 12.449999809265137
   vertex 106.91670227050781 53.099998474121094 12.449999809265137
  endloop
 endfacet
 facet normal -1 -0 -0
  outer loop
   vertex 106.91670227050781 53.099998474121094 13.649999618530273
   vertex 106.91670227050781 53.124000549316406 13.649999618530273
   vertex 106.91670227050781 53.124000549316406 12.449999809265137
  endloop
 endfacet
 facet normal 1 0 0
  outer loop
   vertex 108.41670227050781 53.099998474121094 13.649999618530273
   vertex 108.41670227050781 53.099998474121094 12.449999809265137
   vertex 108.41670227050781 53.124000549316406 12.449999809265137
  endloop
 endfacet
 facet normal 1 0 -0
  outer loop
   vertex 108.41670227050781 53.099998474121094 13.649999618530273
   vertex 108.41670227050781 53.124000549316406 12.449999809265137
   vertex 108.41670227050781 53.124000549316406 13.649999618530273
  endloop
 endfacet
 facet normal 0 -1 0
  outer loop
   vertex 108.41670227050781 53.099998474121094 12.449999809265137
   vertex 106.91670227050781 53.099998474121094 13.649999618530273
   vertex 106.91670227050781 53.099998474121094 12.449999809265137
  endloop
 endfacet
 facet normal 0 -1 0
  outer loop
   vertex 108.41670227050781 53.099998474121094 13.649999618530273
   vertex 106.91670227050781 53.099998474121094 13.649999618530273
   vertex 108.41670227050781 53.099998474121094 12.449999809265137
  endloop
 endfacet
 facet normal 0 1 0
  outer loop
   vertex 108.41670227050781 53.124000549316406 12.449999809265137
   vertex 106.91670227050781 53.124000549316406 12.449999809265137
   vertex 106.91670227050781 53.124000549316406 13.649999618530273
  endloop
 endfacet
 facet normal 0 1 -0
  outer loop
   vertex 108.41670227050781 53.124000549316406 13.649999618530273
   vertex 108.41670227050781 53.124000549316406 12.449999809265137
   vertex 106.91670227050781 53.124000549316406 13.649999618530273
  endloop
 endfacet
 facet normal 0 0 -1
  outer loop
   vertex 108.41670227050781 53.124000549316406 12.449999809265137
   vertex 106.91670227050781 53.099998474121094 12.449999809265137
   vertex 106.91670227050781 53.124000549316406 12.449999809265137
  endloop
 endfacet
 facet normal 0 0 -1
  outer loop
   vertex 108.41670227050781 53.124000549316406 12.449999809265137
   vertex 108.41670227050781 53.099998474121094 12.449999809265137
   vertex 106.91670227050781 53.099998474121094 12.449999809265137
  endloop
 endfacet
 facet normal -0 0 1
  outer loop
   vertex 108.41670227050781 53.124000549316406 13.649999618530273
   vertex 106.91670227050781 53.124000549316406 13.649999618530273
   vertex 106.91670227050781 53.099998474121094 13.649999618530273
  endloop
 endfacet
 facet normal 0 0 1
  outer loop
   vertex 108.41670227050781 53.124000549316406 13.649999618530273
   vertex 106.91670227050781 53.099998474121094 13.649999618530273
   vertex 108.41670227050781 53.099998474121094 13.649999618530273
  endloop
 endfacet
 facet normal -1 0 0
  outer loop
   vertex 106.91670227050781 53.099998474121094 10.949999809265137
   vertex 106.91670227050781 53.124000549316406 9.75
   vertex 106.91670227050781 53.099998474121094 9.75
  endloop
 endfacet
 facet normal -1 -0 -0
  outer loop
   vertex 106.91670227050781 53.099998474121094 10.949999809265137
   vertex 106.91670227050781 53.124000549316406 10.949999809265137
   vertex 106.91670227050781 53.124000549316406 9.75
  endloop
 endfacet
 facet normal 1 0 0
  outer loop
   vertex 108.41670227050781 53.099998474121094 10.949999809265137
   vertex 108.41670227050781 53.099998474121094 9.75
   vertex 108.41670227050781 53.124000549316406 9.75
  endloop
 endfacet
 facet normal 1 0 -0
  outer loop
   vertex 108.41670227050781 53.099998474121094 10.949999809265137
   vertex 108.41670227050781 53.124000549316406 9.75
   vertex 108.41670227050781 53.124000549316406 10.949999809265137
  endloop
 endfacet
 facet normal 0 -1 0
  outer loop
   vertex 108.41670227050781 53.099998474121094 10.949999809265137
   vertex 106.91670227050781 53.099998474121094 9.75
   vertex 108.41670227050781 53.099998474121094 9.75
  endloop
 endfacet
 facet normal 0 -1 0
  outer loop
   vertex 108.41670227050781 53.099998474121094 10.949999809265137
   vertex 106.91670227050781 53.099998474121094 10.949999809265137
   vertex 106.91670227050781 53.099998474121094 9.75
  endloop
 endfacet
 facet normal 0 1 -0
  outer loop
   vertex 108.41670227050781 53.124000549316406 10.949999809265137
   vertex 108.41670227050781 53.124000549316406 9.75
   vertex 106.91670227050781 53.124000549316406 9.75
  endloop
 endfacet
 facet normal 0 1 0
  outer loop
   vertex 108.41670227050781 53.124000549316406 10.949999809265137
   vertex 106.91670227050781 53.124000549316406 9.75
   vertex 106.91670227050781 53.124000549316406 10.949999809265137
  endloop
 endfacet
 facet normal 0 0 -1
  outer loop
   vertex 108.41670227050781 53.124000549316406 9.75
   vertex 106.91670227050781 53.099998474121094 9.75
   vertex 106.91670227050781 53.124000549316406 9.75
  endloop
 endfacet
 facet normal 0 0 -1
  outer loop
   vertex 108.41670227050781 53.124000549316406 9.75
   vertex 108.41670227050781 53.099998474121094 9.75
   vertex 106.91670227050781 53.099998474121094 9.75
  endloop
 endfacet
 facet normal -0 0 1
  outer loop
   vertex 108.41670227050781 53.124000549316406 10.949999809265137
   vertex 106.91670227050781 53.124000549316406 10.949999809265137
   vertex 106.91670227050781 53.099998474121094 10.949999809265137
  endloop
 endfacet
 facet normal 0 0 1
  outer loop
   vertex 108.41670227050781 53.124000549316406 10.949999809265137
   vertex 106.91670227050781 53.099998474121094 10.949999809265137
   vertex 108.41670227050781 53.099998474121094 10.949999809265137
  endloop
 endfacet
 facet normal -1 0 0
  outer loop
   vertex 106.91670227050781 53.099998474121094 8.25
   vertex 106.91670227050781 53.124000549316406 7.0500001907348633
   vertex 106.91670227050781 53.099998474121094 7.0500001907348633
  endloop
 endfacet
 facet normal -1 -0 -0
  outer loop
   vertex 106.91670227050781 53.099998474121094 8.25
   vertex 106.91670227050781 53.124000549316406 8.25
   vertex 106.91670227050781 53.124000549316406 7.0500001907348633
  endloop
 endfacet
 facet normal 1 0 0
  outer loop
   vertex 108.41670227050781 53.099998474121094 8.25
   vertex 108.41670227050781 53.099998474121094 7.0500001907348633
   vertex 108.41670227050781 53.124000549316406 7.0500001907348633
  endloop
 endfacet
 facet normal 1 0 -0
  outer loop
   vertex 108.41670227050781 53.099998474121094 8.25
   vertex 108.41670227050781 53.124000549316406 7.0500001907348633
   vertex 108.41670227050781 53.124000549316406 8.25
  endloop
 endfacet
 facet normal 0 -1 0
  outer loop
   vertex 108.41670227050781 53.099998474121094 8.25
   vertex 106.91670227050781 53.099998474121094 7.0500001907348633
   vertex 108.41670227050781 53.099998474121094 7.0500001907348633
  endloop
 endfacet
 facet normal 0 -1 0
  outer loop
   vertex 108.41670227050781 53.099998474121094 8.25
   vertex 106.91670227050781 53.099998474121094 8.25
   vertex 106.91670227050781 53.099998474121094 7.0500001907348633
  endloop
 endfacet
 facet normal 0 1 -0
  outer loop
   vertex 108.41670227050781 53.124000549316406 8.25
   vertex 108.41670227050781 53.124000549316406 7.0500001907348633
   vertex 106.91670227050781 53.124000549316406 7.0500001907348633
  endloop
 endfacet
 facet normal 0 1 0
  outer loop
   vertex 108.41670227050781 53.124000549316406 8.25
   vertex 106.91670227050781 53.124000549316406 7.0500001907348633
   vertex 106.91670227050781 53.124000549316406 8.25
  endloop
 endfacet
 facet normal 0 0 -1
  outer loop
   vertex 108.41670227050781 53.124000549316406 7.0500001907348633
   vertex 106.91670227050781 53.099998474121094 7.0500001907348633
   vertex 106.91670227050781 53.124000549316406 7.0500001907348633
  endloop
 endfacet
 facet normal 0 0 -1
  outer loop
   vertex 108.41670227050781 53.124000549316406 7.0500001907348633
   vertex 108.41670227050781 53.099998474121094 7.0500001907348633
   vertex 106.91670227050781 53.099998474121094 7.0500001907348633
  endloop
 endfacet
 facet normal -0 0 1
  outer loop
   vertex 108.41670227050781 53.124000549316406 8.25
   vertex 106.91670227050781 53.124000549316406 8.25
   vertex 106.91670227050781 53.099998474121094 8.25
  endloop
 endfacet
 facet normal 0 0 1
  outer loop
   vertex 108.41670227050781 53.124000549316406 8.25
   vertex 106.91670227050781 53.099998474121094 8.25
   vertex 108.41670227050781 53.099998474121094 8.25
  endloop
 endfacet
 facet normal -1 0 0
  outer loop
   vertex 106.91670227050781 53.099998474121094 5.5500001907348633
   vertex 106.91670227050781 53.124000549316406 4.3499999046325684
   vertex 106.91670227050781 53.099998474121094 4.3499999046325684
  endloop
 endfacet
 facet normal -1 -0 -0
  outer loop
   vertex 106.91670227050781 53.099998474121094 5.5500001907348633
   vertex 106.91670227050781 53.124000549316406 5.5500001907348633
   vertex 106.91670227050781 53.124000549316406 4.3499999046325684
  endloop
 endfacet
 facet normal 1 0 0
  outer loop
   vertex 108.41670227050781 53.099998474121094 5.5500001907348633
   vertex 108.41670227050781 53.099998474121094 4.3499999046325684
   vertex 108.41670227050781 53.124000549316406 4.3499999046325684
  endloop
 endfacet
 facet normal 1 0 -0
  outer loop
   vertex 108.41670227050781 53.099998474121094 5.5500001907348633
   vertex 108.41670227050781 53.124000549316406 4.3499999046325684
   vertex 108.41670227050781 53.124000549316406 5.5500001907348633
  endloop
 endfacet
 facet normal 0 -1 0
  outer loop
   vertex 108.41670227050781 53.099998474121094 5.5500001907348633
   vertex 106.91670227050781 53.099998474121094 4.3499999046325684
   vertex 108.41670227050781 53.099998474121094 4.3499999046325684
  endloop
 endfacet
 facet normal 0 -1 0
  outer loop
   vertex 108.41670227050781 53.099998474121094 5.5500001907348633
   vertex 106.91670227050781 53.099998474121094 5.5500001907348633
   vertex 106.91670227050781 53.099998474121094 4.3499999046325684
  endloop
 endfacet
 facet normal 0 1 -0
  outer loop
   vertex 108.41670227050781 53.124000549316406 5.5500001907348633
   vertex 108.41670227050781 53.124000549316406 4.3499999046325684
   vertex 106.91670227050781 53.124000549316406 4.3499999046325684
  endloop
 endfacet
 facet normal 0 1 0
  outer loop
   vertex 108.41670227050781 53.124000549316406 5.5500001907348633
   vertex 106.91670227050781 53.124000549316406 4.3499999046325684
   vertex 106.91670227050781 53.124000549316406 5.5500001907348633
  endloop
 endfacet
 facet normal 0 0 -1
  outer loop
   vertex 108.41670227050781 53.124000549316406 4.3499999046325684
   vertex 106.91670227050781 53.099998474121094 4.3499999046325684
   vertex 106.91670227050781 53.124000549316406 4.3499999046325684
  endloop
 endfacet
 facet normal 0 0 -1
  outer loop
   vertex 108.41670227050781 53.124000549316406 4.3499999046325684
   vertex 108.41670227050781 53.099998474121094 4.3499999046325684
   vertex 106.91670227050781 53.099998474121094 4.3499999046325684
  endloop
 endfacet
 facet normal -0 0 1
  outer loop
   vertex 108.41670227050781 53.124000549316406 5.5500001907348633
   vertex 106.91670227050781 53.124000549316406 5.5500001907348633
   vertex 106.91670227050781 53.099998474121094 5.5500001907348633
  endloop
 endfacet
 facet normal 0 0 1
  outer loop
   vertex 108.41670227050781 53.124000549316406 5.5500001907348633
   vertex 106.91670227050781 53.099998474121094 5.5500001907348633
   vertex 108.41670227050781 53.099998474121094 5.5500001907348633
  endloop
 endfacet
 facet normal -1 0 0
  outer loop
   vertex 106.91670227050781 53.099998474121094 2.8499999046325684
   vertex 106.91670227050781 53.124000549316406 1.6499999761581421
   vertex 106.91670227050781 53.099998474121094 1.6499999761581421
  endloop
 endfacet
 facet normal -1 -0 -0
  outer loop
   vertex 106.91670227050781 53.099998474121094 2.8499999046325684
   vertex 106.91670227050781 53.124000549316406 2.8499999046325684
   vertex 106.91670227050781 53.124000549316406 1.6499999761581421
  endloop
 endfacet
 facet normal 1 0 0
  outer loop
   vertex 108.41670227050781 53.099998474121094 2.8499999046325684
   vertex 108.41670227050781 53.099998474121094 1.6499999761581421
   vertex 108.41670227050781 53.124000549316406 1.6499999761581421
  endloop
 endfacet
 facet normal 1 0 -0
  outer loop
   vertex 108.41670227050781 53.099998474121094 2.8499999046325684
   vertex 108.41670227050781 53.124000549316406 1.6499999761581421
   vertex 108.41670227050781 53.124000549316406 2.8499999046325684
  endloop
 endfacet
 facet normal 0 -1 0
  outer loop
   vertex 108.41670227050781 53.099998474121094 2.8499999046325684
   vertex 106.91670227050781 53.099998474121094 1.6499999761581421
   vertex 108.41670227050781 53.099998474121094 1.6499999761581421
  endloop
 endfacet
 facet normal 0 -1 0
  outer loop
   vertex 108.41670227050781 53.099998474121094 2.8499999046325684
   vertex 106.91670227050781 53.099998474121094 2.8499999046325684
   vertex 106.91670227050781 53.099998474121094 1.6499999761581421
  endloop
 endfacet
 facet normal 0 1 -0
  outer loop
   vertex 108.41670227050781 53.124000549316406 2.8499999046325684
   vertex 108.41670227050781 53.124000549316406 1.6499999761581421
   vertex 106.91670227050781 53.124000549316406 1.6499999761581421
  endloop
 endfacet
 facet normal 0 1 0
  outer loop
   vertex 108.41670227050781 53.124000549316406 2.8499999046325684
   vertex 106.91670227050781 53.124000549316406 1.6499999761581421
   vertex 106.91670227050781 53.124000549316406 2.8499999046325684
  endloop
 endfacet
 facet normal 0 0 -1
  outer loop
   vertex 108.41670227050781 53.124000549316406 1.6499999761581421
   vertex 106.91670227050781 53.099998474121094 1.6499999761581421
   vertex 106.91670227050781 53.124000549316406 1.6499999761581421
  endloop
 endfacet
 facet normal 0 0 -1
  outer loop
   vertex 108.41670227050781 53.124000549316406 1.6499999761581421
   vertex 108.41670227050781 53.099998474121094 1.6499999761581421
   vertex 106.91670227050781 53.099998474121094 1.6499999761581421
  endloop
 endfacet
 facet normal -0 0 1
  outer loop
   vertex 108.41670227050781 53.124000549316406 2.8499999046325684
   vertex 106.91670227050781 53.124000549316406 2.8499999046325684
   vertex 106.91670227050781 53.099998474121094 2.8499999046325684
  endloop
 endfacet
 facet normal 0 0 1
  outer loop
   vertex 108.41670227050781 53.124000549316406 2.8499999046325684
   vertex 106.91670227050781 53.099998474121094 2.8499999046325684
   vertex 108.41670227050781 53.099998474121094 2.8499999046325684
  endloop
 endfacet
 facet normal -1 0 0
  outer loop
   vertex 100.25 53.099998474121094 13.649999618530273
   vertex 100.25 53.124000549316406 12.449999809265137
   vertex 100.25 53.099998474121094 12.449999809265137
  endloop
 endfacet
 facet normal -1 -0 -0
  outer loop
   vertex 100.25 53.099998474121094 13.649999618530273
   vertex 100.25 53.124000549316406 13.649999618530273
   vertex 100.25 53.124000549316406 12.449999809265137
  endloop
 endfacet
 facet normal 1 0 0
  outer loop
   vertex 101.75 53.099998474121094 13.649999618530273
   vertex 101.75 53.099998474121094 12.449999809265137
   vertex 101.75 53.124000549316406 12.449999809265137
  endloop
 endfacet
 facet normal 1 0 -0
  outer loop
   vertex 101.75 53.099998474121094 13.649999618530273
   vertex 101.75 53.124000549316406 12.449999809265137
   vertex 101.75 53.124000549316406 13.649999618530273
  endloop
 endfacet
 facet normal 0 -1 0
  outer loop
   vertex 101.75 53.099998474121094 12.449999809265137
   vertex 100.25 53.099998474121094 13.649999618530273
   vertex 100.25 53.099998474121094 12.449999809265137
  endloop
 endfacet
 facet normal 0 -1 0
  outer loop
   vertex 101.75 53.099998474121094 13.649999618530273
   vertex 100.25 53.099998474121094 13.649999618530273
   vertex 101.75 53.099998474121094 12.449999809265137
  endloop
 endfacet
 facet normal 0 1 0
  outer loop
   vertex 101.75 53.124000549316406 12.449999809265137
   vertex 100.25 53.124000549316406 12.449999809265137
   vertex 100.25 53.124000549316406 13.649999618530273
  endloop
 endfacet
 facet normal 0 1 -0
  outer loop
   vertex 101.75 53.124000549316406 13.649999618530273
   vertex 101.75 53.124000549316406 12.449999809265137
   vertex 100.25 53.124000549316406 13.649999618530273
  endloop
 endfacet
 facet normal 0 0 -1
  outer loop
   vertex 101.75 53.124000549316406 12.449999809265137
   vertex 100.25 53.099998474121094 12.449999809265137
   vertex 100.25 53.124000549316406 12.449999809265137
  endloop
 endfacet
 facet normal 0 0 -1
  outer loop
   vertex 101.75 53.124000549316406 12.449999809265137
   vertex 101.75 53.099998474121094 12.449999809265137
   vertex 100.25 53.099998474121094 12.449999809265137
  endloop
 endfacet
 facet normal -0 0 1
  outer loop
   vertex 101.75 53.124000549316406 13.649999618530273
   vertex 100.25 53.124000549316406 13.649999618530273
   vertex 100.25 53.099998474121094 13.649999618530273
  endloop
 endfacet
 facet normal 0 0 1
  outer loop
   vertex 101.75 53.124000549316406 13.649999618530273
   vertex 100.25 53.099998474121094 13.649999618530273
   vertex 101.75 53.099998474121094 13.649999618530273
  endloop
 endfacet
 facet normal -1 0 0
  outer loop
   vertex 100.25 53.099998474121094 10.949999809265137
   vertex 100.25 53.124000549316406 9.75
   vertex 100.25 53.099998474121094 9.75
  endloop
 endfacet
 facet normal -1 -0 -0
  outer loop
   vertex 100.25 53.099998474121094 10.949999809265137
   vertex 100.25 53.124000549316406 10.949999809265137
   vertex 100.25 53.124000549316406 9.75
  endloop
 endfacet
 facet normal 1 0 0
  outer loop
   vertex 101.75 53.099998474121094 10.949999809265137
   vertex 101.75 53.099998474121094 9.75
   vertex 101.75 53.124000549316406 9.75
  endloop
 endfacet
 facet normal 1 0 -0
  outer loop
   vertex 101.75 53.099998474121094 10.949999809265137
   vertex 101.75 53.124000549316406 9.75
   vertex 101.75 53.124000549316406 10.949999809265137
  endloop
 endfacet
 facet normal 0 -1 0
  outer loop
   vertex 101.75 53.099998474121094 10.949999809265137
   vertex 100.25 53.099998474121094 9.75
   vertex 101.75 53.099998474121094 9.75
  endloop
 endfacet
 facet normal 0 -1 0
  outer loop
   vertex 101.75 53.099998474121094 10.949999809265137
   vertex 100.25 53.099998474121094 10.949999809265137
   vertex 100.25 53.099998474121094 9.75
  endloop
 endfacet
 facet normal 0 1 -0
  outer loop
   vertex 101.75 53.124000549316406 10.949999809265137
   vertex 101.75 53.124000549316406 9.75
   vertex 100.25 53.124000549316406 9.75
  endloop
 endfacet
 facet normal 0 1 0
  outer loop
   vertex 101.75 53.124000549316406 10.949999809265137
   vertex 100.25 53.124000549316406 9.75
   vertex 100.25 53.124000549316406 10.949999809265137
  endloop
 endfacet
 facet normal 0 0 -1
  outer loop
   vertex 101.75 53.124000549316406 9.75
   vertex 100.25 53.099998474121094 9.75
   vertex 100.25 53.124000549316406 9.75
  endloop
 endfacet
 facet normal 0 0 -1
  outer loop
   vertex 101.75 53.124000549316406 9.75
   vertex 101.75 53.099998474121094 9.75
   vertex 100.25 53.099998474121094 9.75
  endloop
 endfacet
 facet normal -0 0 1
  outer loop
   vertex 101.75 53.124000549316406 10.949999809265137
   vertex 100.25 53.124000549316406 10.949999809265137
   vertex 100.25 53.099998474121094 10.949999809265137
  endloop
 endfacet
 facet normal 0 0 1
  outer loop
   vertex 101.75 53.124000549316406 10.949999809265137
   vertex 100.25 53.099998474121094 10.949999809265137
   vertex 101.75 53.099998474121094 10.949999809265137
  endloop
 endfacet
 facet normal -1 0 0
  outer loop
   vertex 100.25 53.099998474121094 8.25
   vertex 100.25 53.124000549316406 7.0500001907348633
   vertex 100.25 53.099998474121094 7.0500001907348633
  endloop
 endfacet
 facet normal -1 -0 -0
  outer loop
   vertex 100.25 53.099998474121094 8.25
   vertex 100.25 53.124000549316406 8.25
   vertex 100.25 53.124000549316406 7.0500001907348633
  endloop
 endfacet
 facet normal 1 0 0
  outer loop
   vertex 101.75 53.099998474121094 8.25
   vertex 101.75 53.099998474121094 7.0500001907348633
   vertex 101.75 53.124000549316406 7.0500001907348633
  endloop
 endfacet
 facet normal 1 0 -0
  outer loop
   vertex 101.75 53.099998474121094 8.25
   vertex 101.75 53.124000549316406 7.0500001907348633
   vertex 101.75 53.124000549316406 8.25
  endloop
 endfacet
 facet normal 0 -1 0
  outer loop
   vertex 101.75 53.099998474121094 8.25
   vertex 100.25 53.099998474121094 7.0500001907348633
   vertex 101.75 53.099998474121094 7.0500001907348633
  endloop
 endfacet
 facet normal 0 -1 0
  outer loop
   vertex 101.75 53.099998474121094 8.25
   vertex 100.25 53.099998474121094 8.25
   vertex 100.25 53.099998474121094 7.0500001907348633
  endloop
 endfacet
 facet normal 0 1 -0
  outer loop
   vertex 101.75 53.124000549316406 8.25
   vertex 101.75 53.124000549316406 7.0500001907348633
   vertex 100.25 53.124000549316406 7.0500001907348633
  endloop
 endfacet
 facet normal 0 1 0
  outer loop
   vertex 101.75 53.124000549316406 8.25
   vertex 100.25 53.124000549316406 7.0500001907348633
   vertex 100.25 53.124000549316406 8.25
  endloop
 endfacet
 facet normal 0 0 -1
  outer loop
   vertex 101.75 53.124000549316406 7.0500001907348633
   vertex 100.25 53.099998474121094 7.0500001907348633
   vertex 100.25 53.124000549316406 7.0500001907348633
  endloop
 endfacet
 facet normal 0 0 -1
  outer loop
   vertex 101.75 53.124000549316406 7.0500001907348633
   vertex 101.75 53.099998474121094 7.0500001907348633
   vertex 100.25 53.099998474121094 7.0500001907348633
  endloop
 endfacet
 facet normal -0 0 1
  outer loop
   vertex 101.75 53.124000549316406 8.25
   vertex 100.25 53.124000549316406 8.25
   vertex 100.25 53.099998474121094 8.25
  endloop
 endfacet
 facet normal 0 0 1
  outer loop
   vertex 101.75 53.124000549316406 8.25
   vertex 100.25 53.099998474121094 8.25
   vertex 101.75 53.099998474121094 8.25
  endloop
 endfacet
 facet normal -1 0 0
  outer loop
   vertex 100.25 53.099998474121094 5.5500001907348633
   vertex 100.25 53.124000549316406 4.3499999046325684
   vertex 100.25 53.099998474121094 4.3499999046325684
  endloop
 endfacet
 facet normal -1 -0 -0
  outer loop
   vertex 100.25 53.099998474121094 5.5500001907348633
   vertex 100.25 53.124000549316406 5.5500001907348633
   vertex 100.25 53.124000549316406 4.3499999046325684
  endloop
 endfacet
 facet normal 1 0 0
  outer loop
   vertex 101.75 53.099998474121094 5.5500001907348633
   vertex 101.75 53.099998474121094 4.3499999046325684
   vertex 101.75 53.124000549316406 4.3499999046325684
  endloop
 endfacet
 facet normal 1 0 -0
  outer loop
   vertex 101.75 53.099998474121094 5.5500001907348633
   vertex 101.75 53.124000549316406 4.3499999046325684
   vertex 101.75 53.124000549316406 5.5500001907348633
  endloop
 endfacet
 facet normal 0 -1 0
  outer loop
   vertex 101.75 53.099998474121094 5.5500001907348633
   vertex 100.25 53.099998474121094 4.3499999046325684
   vertex 101.75 53.099998474121094 4.3499999046325684
  endloop
 endfacet
 facet normal 0 -1 0
  outer loop
   vertex 101.75 53.099998474121094 5.5500001907348633
   vertex 100.25 53.099998474121094 5.5500001907348633
   vertex 100.25 53.099998474121094 4.3499999046325684
  endloop
 endfacet
 facet normal 0 1 -0
  outer loop
   vertex 101.75 53.124000549316406 5.5500001907348633
   vertex 101.75 53.124000549316406 4.3499999046325684
   vertex 100.25 53.124000549316406 4.3499999046325684
  endloop
 endfacet
 facet normal 0 1 0
  outer loop
   vertex 101.75 53.124000549316406 5.5500001907348633
   vertex 100.25 53.124000549316406 4.3499999046325684
   vertex 100.25 53.124000549316406 5.5500001907348633
  endloop
 endfacet
 facet normal 0 0 -1
  outer loop
   vertex 101.75 53.124000549316406 4.3499999046325684
   vertex 100.25 53.099998474121094 4.3499999046325684
   vertex 100.25 53.124000549316406 4.3499999046325684
  endloop
 endfacet
 facet normal 0 0 -1
  outer loop
   vertex 101.75 53.124000549316406 4.3499999046325684
   vertex 101.75 53.099998474121094 4.3499999046325684
   vertex 100.25 53.099998474121094 4.3499999046325684
  endloop
 endfacet
 facet normal -0 0 1
  outer loop
   vertex 101.75 53.124000549316406 5.5500001907348633
   vertex 100.25 53.124000549316406 5.5500001907348633
   vertex 100.25 53.099998474121094 5.5500001907348633
  endloop
 endfacet
 facet normal 0 0 1
  outer loop
   vertex 101.75 53.124000549316406 5.5500001907348633
   vertex 100.25 53.099998474121094 5.5500001907348633
   vertex 101.75 53.099998474121094 5.5500001907348633
  endloop
 endfacet
 facet normal -1 0 0
  outer loop
   vertex 100.25 53.099998474121094 2.8499999046325684
   vertex 100.25 53.124000549316406 1.6499999761581421
   vertex 100.25 53.099998474121094 1.6499999761581421
  endloop
 endfacet
 facet normal -1 -0 -0
  outer loop
   vertex 100.25 53.099998474121094 2.8499999046325684
   vertex 100.25 53.124000549316406 2.8499999046325684
   vertex 100.25 53.124000549316406 1.6499999761581421
  endloop
 endfacet
 facet normal 1 0 0
  outer loop
   vertex 101.75 53.099998474121094 2.8499999046325684
   vertex 101.75 53.099998474121094 1.6499999761581421
   vertex 101.75 53.124000549316406 1.6499999761581421
  endloop
 endfacet
 facet normal 1 0 -0
  outer loop
   vertex 101.75 53.099998474121094 2.8499999046325684
   vertex 101.75 53.124000549316406 1.6499999761581421
   vertex 101.75 53.124000549316406 2.8499999046325684
  endloop
 endfacet
 facet normal 0 -1 0
  outer loop
   vertex 101.75 53.099998474121094 2.8499999046325684
   vertex 100.25 53.099998474121094 1.6499999761581421
   vertex 101.75 53.099998474121094 1.6499999761581421
  endloop
 endfacet
 facet normal 0 -1 0
  outer loop
   vertex 101.75 53.099998474121094 2.8499999046325684
   vertex 100.25 53.099998474121094 2.8499999046325684
   vertex 100.25 53.099998474121094 1.6499999761581421
  endloop
 endfacet
 facet normal 0 1 -0
  outer loop
   vertex 101.75 53.124000549316406 2.8499999046325684
   vertex 101.75 53.124000549316406 1.6499999761581421
   vertex 100.25 53.124000549316406 1.6499999761581421
  endloop
 endfacet
 facet normal 0 1 0
  outer loop
   vertex 101.75 53.124000549316406 2.8499999046325684
   vertex 100.25 53.124000549316406 1.6499999761581421
   vertex 100.25 53.124000549316406 2.8499999046325684
  endloop
 endfacet
 facet normal 0 0 -1
  outer loop
   vertex 101.75 53.124000549316406 1.6499999761581421
   vertex 100.25 53.099998474121094 1.6499999761581421
   vertex 100.25 53.124000549316406 1.6499999761581421
  endloop
 endfacet
 facet normal 0 0 -1
  outer loop
   vertex 101.75 53.124000549316406 1.6499999761581421
   vertex 101.75 53.099998474121094 1.6499999761581421
   vertex 100.25 53.099998474121094 1.6499999761581421
  endloop
 endfacet
 facet normal -0 0 1
  outer loop
   vertex 101.75 53.124000549316406 2.8499999046325684
   vertex 100.25 53.124000549316406 2.8499999046325684
   vertex 100.25 53.099998474121094 2.8499999046325684
  endloop
 endfacet
 facet normal 0 0 1
  outer loop
   vertex 101.75 53.124000549316406 2.8499999046325684
   vertex 100.25 53.099998474121094 2.8499999046325684
   vertex 101.75 53.099998474121094 2.8499999046325684
  endloop
 endfacet
 facet normal -1 0 0
  outer loop
   vertex 93.583328247070312 53.099998474121094 13.649999618530273
   vertex 93.583328247070312 53.124000549316406 12.449999809265137
   vertex 93.583328247070312 53.099998474121094 12.449999809265137
  endloop
 endfacet
 facet normal -1 -0 -0
  outer loop
   vertex 93.583328247070312 53.099998474121094 13.649999618530273
   vertex 93.583328247070312 53.124000549316406 13.649999618530273
   vertex 93.583328247070312 53.124000549316406 12.449999809265137
  endloop
 endfacet
 facet normal 1 0 0
  outer loop
   vertex 95.083328247070312 53.099998474121094 13.649999618530273
   vertex 95.083328247070312 53.099998474121094 12.449999809265137
   vertex 95.083328247070312 53.124000549316406 12.449999809265137
  endloop
 endfacet
 facet normal 1 0 -0
  outer loop
   vertex 95.083328247070312 53.099998474121094 13.649999618530273
   vertex 95.083328247070312 53.124000549316406 12.449999809265137
   vertex 95.083328247070312 53.124000549316406 13.649999618530273
  endloop
 endfacet
 facet normal 0 -1 0
  outer loop
   vertex 95.083328247070312 53.099998474121094 12.449999809265137
   vertex 93.583328247070312 53.099998474121094 13.649999618530273
   vertex 93.583328247070312 53.099998474121094 12.449999809265137
  endloop
 endfacet
 facet normal 0 -1 0
  outer loop
   vertex 95.083328247070312 53.099998474121094 13.649999618530273
   vertex 93.583328247070312 53.099998474121094 13.649999618530273
   vertex 95.083328247070312 53.099998474121094 12.449999809265137
  endloop
 endfacet
 facet normal 0 1 0
  outer loop
   vertex 95.083328247070312 53.124000549316406 12.449999809265137
   vertex 93.583328247070312 53.124000549316406 12.449999809265137
   vertex 93.583328247070312 53.124000549316406 13.649999618530273
  endloop
 endfacet
 facet normal 0 1 -0
  outer loop
   vertex 95.083328247070312 53.124000549316406 13.649999618530273
   vertex 95.083328247070312 53.124000549316406 12.449999809265137
   vertex 93.583328247070312 53.124000549316406 13.649999618530273
  endloop
 endfacet
 facet normal 0 0 -1
  outer loop
   vertex 95.083328247070312 53.124000549316406 12.449999809265137
   vertex 93.583328247070312 53.099998474121094 12.449999809265137
   vertex 93.583328247070312 53.124000549316406 12.449999809265137
  endloop
 endfacet
 facet normal 0 0 -1
  outer loop
   vertex 95.083328247070312 53.124000549316406 12.449999809265137
   vertex 95.083328247070312 53.099998474121094 12.449999809265137
   vertex 93.583328247070312 53.099998474121094 12.449999809265137
  endloop
 endfacet
 facet normal -0 0 1
  outer loop
   vertex 95.083328247070312 53.124000549316406 13.649999618530273
   vertex 93.583328247070312 53.124000549316406 13.649999618530273
   vertex 93.583328247070312 53.099998474121094 13.649999618530273
  endloop
 endfacet
 facet normal 0 0 1
  outer loop
   vertex 95.083328247070312 53.124000549316406 13.649999618530273
   vertex 93.583328247070312 53.099998474121094 13.649999618530273
   vertex 95.083328247070312 53.099998474121094 13.649999618530273
  endloop
 endfacet
 facet normal -1 0 0
  outer loop
   vertex 93.583328247070312 53.099998474121094 10.949999809265137
   vertex 93.583328247070312 53.124000549316406 9.75
   vertex 93.583328247070312 53.099998474121094 9.75
  endloop
 endfacet
 facet normal -1 -0 -0
  outer loop
   vertex 93.583328247070312 53.099998474121094 10.949999809265137
   vertex 93.583328247070312 53.124000549316406 10.949999809265137
   vertex 93.583328247070312 53.124000549316406 9.75
  endloop
 endfacet
 facet normal 1 0 0
  outer loop
   vertex 95.083328247070312 53.099998474121094 10.949999809265137
   vertex 95.083328247070312 53.099998474121094 9.75
   vertex 95.083328247070312 53.124000549316406 9.75
  endloop
 endfacet
 facet normal 1 0 -0
  outer loop
   vertex 95.083328247070312 53.099998474121094 10.949999809265137
   vertex 95.083328247070312 53.124000549316406 9.75
   vertex 95.083328247070312 53.124000549316406 10.949999809265137
  endloop
 endfacet
 facet normal 0 -1 0
  outer loop
   vertex 95.083328247070312 53.099998474121094 10.949999809265137
   vertex 93.583328247070312 53.099998474121094 9.75
   vertex 95.083328247070312 53.099998474121094 9.75
  endloop
 endfacet
 facet normal 0 -1 0
  outer loop
   vertex 95.083328247070312 53.099998474121094 10.949999809265137
   vertex 93.583328247070312 53.099998474121094 10.949999809265137
   vertex 93.583328247070312 53.099998474121094 9.75
  endloop
 endfacet
 facet normal 0 1 -0
  outer loop
   vertex 95.083328247070312 53.124000549316406 10.949999809265137
   vertex 95.083328247070312 53.124000549316406 9.75
   vertex 93.583328247070312 53.124000549316406 9.75
  endloop
 endfacet
 facet normal 0 1 0
  outer loop
   vertex 95.083328247070312 53.124000549316406 10.949999809265137
   vertex 93.583328247070312 53.124000549316406 9.75
   vertex 93.583328247070312 53.124000549316406 10.949999809265137
  endloop
 endfacet
 facet normal 0 0 -1
  outer loop
   vertex 95.083328247070312 53.124000549316406 9.75
   vertex 93.583328247070312 53.099998474121094 9.75
   vertex 93.583328247070312 53.124000549316406 9.75
  endloop
 endfacet
 facet normal 0 0 -1
  outer loop
   vertex 95.083328247070312 53.124000549316406 9.75
   vertex 95.083328247070312 53.099998474121094 9.75
   vertex 93.583328247070312 53.099998474121094 9.75
  endloop
 endfacet
 facet normal -0 0 1
  outer loop
   vertex 95.083328247070312 53.124000549316406 10.949999809265137
   vertex 93.583328247070312 53.124000549316406 10.949999809265137
   vertex 93.583328247070312 53.099998474121094 10.949999809265137
  endloop
 endfacet
 facet normal 0 0 1
  outer loop
   vertex 95.083328247070312 53.124000549316406 10.949999809265137
   vertex 93.583328247070312 53.099998474121094 10.949999809265137
   vertex 95.083328247070312 53.099998474121094 10.949999809265137
  endloop
 endfacet
 facet normal -1 0 0
  outer loop
   vertex 93.583328247070312 53.099998474121094 8.25
   vertex 93.583328247070312 53.124000549316406 7.0500001907348633
   vertex 93.583328247070312 53.099998474121094 7.0500001907348633
  endloop
 endfacet
 facet normal -1 -0 -0
  outer loop
   vertex 93.583328247070312 53.099998474121094 8.25
   vertex 93.583328247070312 53.124000549316406 8.25
   vertex 93.583328247070312 53.124000549316406 7.0500001907348633
  endloop
 endfacet
 facet normal 1 0 0
  outer loop
   vertex 95.083328247070312 53.099998474121094 8.25
   vertex 95.083328247070312 53.099998474121094 7.0500001907348633
   vertex 95.083328247070312 53.124000549316406 7.0500001907348633
  endloop
 endfacet
 facet normal 1 0 -0
  outer loop
   vertex 95.083328247070312 53.099998474121094 8.25
   vertex 95.083328247070312 53.124000549316406 7.0500001907348633
   vertex 95.083328247070312 53.124000549316406 8.25
  endloop
 endfacet
 facet normal 0 -1 0
  outer loop
   vertex 95.083328247070312 53.099998474121094 8.25
   vertex 93.583328247070312 53.099998474121094 7.0500001907348633
   vertex 95.083328247070312 53.099998474121094 7.0500001907348633
  endloop
 endfacet
 facet normal 0 -1 0
  outer loop
   vertex 95.083328247070312 53.099998474121094 8.25
   vertex 93.583328247070312 53.099998474121094 8.25
   vertex 93.583328247070312 53.099998474121094 7.0500001907348633
  endloop
 endfacet
 facet normal 0 1 -0
  outer loop
   vertex 95.083328247070312 53.124000549316406 8.25
   vertex 95.083328247070312 53.124000549316406 7.0500001907348633
   vertex 93.583328247070312 53.124000549316406 7.0500001907348633
  endloop
 endfacet
 facet normal 0 1 0
  outer loop
   vertex 95.083328247070312 53.124000549316406 8.25
   vertex 93.583328247070312 53.124000549316406 7.0500001907348633
   vertex 93.583328247070312 53.124000549316406 8.25
  endloop
 endfacet
 facet normal 0 0 -1
  outer loop
   vertex 95.083328247070312 53.124000549316406 7.0500001907348633
   vertex 93.583328247070312 53.099998474121094 7.0500001907348633
   vertex 93.583328247070312 53.124000549316406 7.0500001907348633
  endloop
 endfacet
 facet normal 0 0 -1
  outer loop
   vertex 95.083328247070312 53.124000549316406 7.0500001907348633
   vertex 95.083328247070312 53.099998474121094 7.0500001907348633
   vertex 93.583328247070312 53.099998474121094 7.0500001907348633
  endloop
 endfacet
 facet normal -0 0 1
  outer loop
   vertex 95.083328247070312 53.124000549316406 8.25
   vertex 93.583328247070312 53.124000549316406 8.25
   vertex 93.583328247070312 53.099998474121094 8.25
  endloop
 endfacet
 facet normal 0 0 1
  outer loop
   vertex 95.083328247070312 53.124000549316406 8.25
   vertex 93.583328247070312 53.099998474121094 8.25
   vertex 95.083328247070312 53.099998474121094 8.25
  endloop
 endfacet
 facet normal -1 0 0
  outer loop
   vertex 93.583328247070312 53.099998474121094 2.8499999046325684
   vertex 93.583328247070312 53.124000549316406 1.6499999761581421
   vertex 93.583328247070312 53.099998474121094 1.6499999761581421
  endloop
 endfacet
 facet normal -1 -0 -0
  outer loop
   vertex 93.583328247070312 53.099998474121094 2.8499999046325684
   vertex 93.583328247070312 53.124000549316406 2.8499999046325684
   vertex 93.583328247070312 53.124000549316406 1.6499999761581421
  endloop
 endfacet
 facet normal 1 0 0
  outer loop
   vertex 95.083328247070312 53.099998474121094 2.8499999046325684
   vertex 95.083328247070312 53.099998474121094 1.6499999761581421
   vertex 95.083328247070312 53.124000549316406 1.6499999761581421
  endloop
 endfacet
 facet normal 1 0 -0
  outer loop
   vertex 95.083328247070312 53.099998474121094 2.8499999046325684
   vertex 95.083328247070312 53.124000549316406 1.6499999761581421
   vertex 95.083328247070312 53.124000549316406 2.8499999046325684
  endloop
 endfacet
 facet normal 0 -1 0
  outer loop
   vertex 95.083328247070312 53.099998474121094 2.8499999046325684
   vertex 93.583328247070312 53.099998474121094 1.6499999761581421
   vertex 95.083328247070312 53.099998474121094 1.6499999761581421
  endloop
 endfacet
 facet normal 0 -1 0
  outer loop
   vertex 95.083328247070312 53.099998474121094 2.8499999046325684
   vertex 93.583328247070312 53.099998474121094 2.8499999046325684
   vertex 93.583328247070312 53.099998474121094 1.6499999761581421
  endloop
 endfacet
 facet normal 0 1 -0
  outer loop
   vertex 95.083328247070312 53.124000549316406 2.8499999046325684
   vertex 95.083328247070312 53.124000549316406 1.6499999761581421
   vertex 93.583328247070312 53.124000549316406 1.6499999761581421
  endloop
 endfacet
 facet normal 0 1 0
  outer loop
   vertex 95.083328247070312 53.124000549316406 2.8499999046325684
   vertex 93.583328247070312 53.124000549316406 1.6499999761581421
   vertex 93.583328247070312 53.124000549316406 2.8499999046325684
  endloop
 endfacet
 facet normal 0 0 -1
  outer loop
   vertex 95.083328247070312 53.124000549316406 1.6499999761581421
   vertex 93.583328247070312 53.099998474121094 1.6499999761581421
   vertex 93.583328247070312 53.124000549316406 1.6499999761581421
  endloop
 endfacet
 facet normal 0 0 -1
  outer loop
   vertex 95.083328247070312 53.124000549316406 1.6499999761581421
   vertex 95.083328247070312 53.099998474121094 1.6499999761581421
   vertex 93.583328247070312 53.099998474121094 1.6499999761581421
  endloop
 endfacet
 facet normal -0 0 1
  outer loop
   vertex 95.083328247070312 53.124000549316406 2.8499999046325684
   vertex 93.583328247070312 53.124000549316406 2.8499999046325684
   vertex 93.583328247070312 53.099998474121094 2.8499999046325684
  endloop
 endfacet
 facet normal 0 0 1
  outer loop
   vertex 95.083328247070312 53.124000549316406 2.8499999046325684
   vertex 93.583328247070312 53.099998474121094 2.8499999046325684
   vertex 95.083328247070312 53.099998474121094 2.8499999046325684
  endloop
 endfacet
 facet normal -1 0 0
  outer loop
   vertex 93.583328247070312 53.099998474121094 5.5500001907348633
   vertex 93.583328247070312 53.124000549316406 4.3499999046325684
   vertex 93.583328247070312 53.099998474121094 4.3499999046325684
  endloop
 endfacet
 facet normal -1 -0 -0
  outer loop
   vertex 93.583328247070312 53.099998474121094 5.5500001907348633
   vertex 93.583328247070312 53.124000549316406 5.5500001907348633
   vertex 93.583328247070312 53.124000549316406 4.3499999046325684
  endloop
 endfacet
 facet normal 1 0 0
  outer loop
   vertex 95.083328247070312 53.099998474121094 5.5500001907348633
   vertex 95.083328247070312 53.099998474121094 4.3499999046325684
   vertex 95.083328247070312 53.124000549316406 4.3499999046325684
  endloop
 endfacet
 facet normal 1 0 -0
  outer loop
   vertex 95.083328247070312 53.099998474121094 5.5500001907348633
   vertex 95.083328247070312 53.124000549316406 4.3499999046325684
   vertex 95.083328247070312 53.124000549316406 5.5500001907348633
  endloop
 endfacet
 facet normal 0 -1 0
  outer loop
   vertex 95.083328247070312 53.099998474121094 5.5500001907348633
   vertex 93.583328247070312 53.099998474121094 4.3499999046325684
   vertex 95.083328247070312 53.099998474121094 4.3499999046325684
  endloop
 endfacet
 facet normal 0 -1 0
  outer loop
   vertex 95.083328247070312 53.099998474121094 5.5500001907348633
   vertex 93.583328247070312 53.099998474121094 5.5500001907348633
   vertex 93.583328247070312 53.099998474121094 4.3499999046325684
  endloop
 endfacet
 facet normal 0 1 -0
  outer loop
   vertex 95.083328247070312 53.124000549316406 5.5500001907348633
   vertex 95.083328247070312 53.124000549316406 4.3499999046325684
   vertex 93.583328247070312 53.124000549316406 4.3499999046325684
  endloop
 endfacet
 facet normal 0 1 0
  outer loop
   vertex 95.083328247070312 53.124000549316406 5.5500001907348633
   vertex 93.583328247070312 53.124000549316406 4.3499999046325684
   vertex 93.583328247070312 53.124000549316406 5.5500001907348633
  endloop
 endfacet
 facet normal 0 0 -1
  outer loop
   vertex 95.083328247070312 53.124000549316406 4.3499999046325684
   vertex 93.583328247070312 53.099998474121094 4.3499999046325684
   vertex 93.583328247070312 53.124000549316406 4.3499999046325684
  endloop
 endfacet
 facet normal 0 0 -1
  outer loop
   vertex 95.083328247070312 53.124000549316406 4.3499999046325684
   vertex 95.083328247070312 53.099998474121094 4.3499999046325684
   vertex 93.583328247070312 53.099998474121094 4.3499999046325684
  endloop
 endfacet
 facet normal -0 0 1
  outer loop
   vertex 95.083328247070312 53.124000549316406 5.5500001907348633
   vertex 93.583328247070312 53.124000549316406 5.5500001907348633
   vertex 93.583328247070312 53.099998474121094 5.5500001907348633
  endloop
 endfacet
 facet normal 0 0 1
  outer loop
   vertex 95.083328247070312 53.124000549316406 5.5500001907348633
   vertex 93.583328247070312 53.099998474121094 5.5500001907348633
   vertex 95.083328247070312 53.099998474121094 5.5500001907348633
  endloop
 endfacet
 facet normal -1 0 0
  outer loop
   vertex 3.5833330154418945 67.875999450683594 5.5500001907348633
   vertex 3.5833330154418945 67.900001525878906 4.3499999046325684
   vertex 3.5833330154418945 67.875999450683594 4.3499999046325684
  endloop
 endfacet
 facet normal -1 -0 -0
  outer loop
   vertex 3.5833330154418945 67.875999450683594 5.5500001907348633
   vertex 3.5833330154418945 67.900001525878906 5.5500001907348633
   vertex 3.5833330154418945 67.900001525878906 4.3499999046325684
  endloop
 endfacet
 facet normal 1 0 0
  outer loop
   vertex 5.0833330154418945 67.875999450683594 5.5500001907348633
   vertex 5.0833330154418945 67.875999450683594 4.3499999046325684
   vertex 5.0833330154418945 67.900001525878906 4.3499999046325684
  endloop
 endfacet
 facet normal 1 0 -0
  outer loop
   vertex 5.0833330154418945 67.875999450683594 5.5500001907348633
   vertex 5.0833330154418945 67.900001525878906 4.3499999046325684
   vertex 5.0833330154418945 67.900001525878906 5.5500001907348633
  endloop
 endfacet
 facet normal 0 -1 0
  outer loop
   vertex 5.0833330154418945 67.875999450683594 5.5500001907348633
   vertex 3.5833330154418945 67.875999450683594 4.3499999046325684
   vertex 5.0833330154418945 67.875999450683594 4.3499999046325684
  endloop
 endfacet
 facet normal 0 -1 0
  outer loop
   vertex 5.0833330154418945 67.875999450683594 5.5500001907348633
   vertex 3.5833330154418945 67.875999450683594 5.5500001907348633
   vertex 3.5833330154418945 67.875999450683594 4.3499999046325684
  endloop
 endfacet
 facet normal 0 1 -0
  outer loop
   vertex 5.0833330154418945 67.900001525878906 5.5500001907348633
   vertex 5.0833330154418945 67.900001525878906 4.3499999046325684
   vertex 3.5833330154418945 67.900001525878906 4.3499999046325684
  endloop
 endfacet
 facet normal 0 1 0
  outer loop
   vertex 5.0833330154418945 67.900001525878906 5.5500001907348633
   vertex 3.5833330154418945 67.900001525878906 4.3499999046325684
   vertex 3.5833330154418945 67.900001525878906 5.5500001907348633
  endloop
 endfacet
 facet normal 0 0 -1
  outer loop
   vertex 5.0833330154418945 67.900001525878906 4.3499999046325684
   vertex 3.5833330154418945 67.875999450683594 4.3499999046325684
   vertex 3.5833330154418945 67.900001525878906 4.3499999046325684
  endloop
 endfacet
 facet normal 0 0 -1
  outer loop
   vertex 5.0833330154418945 67.900001525878906 4.3499999046325684
   vertex 5.0833330154418945 67.875999450683594 4.3499999046325684
   vertex 3.5833330154418945 67.875999450683594 4.3499999046325684
  endloop
 endfacet
 facet normal -0 0 1
  outer loop
   vertex 5.0833330154418945 67.900001525878906 5.5500001907348633
   vertex 3.5833330154418945 67.900001525878906 5.5500001907348633
   vertex 3.5833330154418945 67.875999450683594 5.5500001907348633
  endloop
 endfacet
 facet normal 0 0 1
  outer loop
   vertex 5.0833330154418945 67.900001525878906 5.5500001907348633
   vertex 3.5833330154418945 67.875999450683594 5.5500001907348633
   vertex 5.0833330154418945 67.875999450683594 5.5500001907348633
  endloop
 endfacet
 facet normal -1 0 0
  outer loop
   vertex 10.25 67.875999450683594 13.649999618530273
   vertex 10.25 67.900001525878906 12.449999809265137
   vertex 10.25 67.875999450683594 12.449999809265137
  endloop
 endfacet
 facet normal -1 -0 -0
  outer loop
   vertex 10.25 67.875999450683594 13.649999618530273
   vertex 10.25 67.900001525878906 13.649999618530273
   vertex 10.25 67.900001525878906 12.449999809265137
  endloop
 endfacet
 facet normal 1 0 0
  outer loop
   vertex 11.75 67.875999450683594 13.649999618530273
   vertex 11.75 67.875999450683594 12.449999809265137
   vertex 11.75 67.900001525878906 12.449999809265137
  endloop
 endfacet
 facet normal 1 0 -0
  outer loop
   vertex 11.75 67.875999450683594 13.649999618530273
   vertex 11.75 67.900001525878906 12.449999809265137
   vertex 11.75 67.900001525878906 13.649999618530273
  endloop
 endfacet
 facet normal 0 -1 0
  outer loop
   vertex 11.75 67.875999450683594 12.449999809265137
   vertex 10.25 67.875999450683594 13.649999618530273
   vertex 10.25 67.875999450683594 12.449999809265137
  endloop
 endfacet
 facet normal 0 -1 0
  outer loop
   vertex 11.75 67.875999450683594 13.649999618530273
   vertex 10.25 67.875999450683594 13.649999618530273
   vertex 11.75 67.875999450683594 12.449999809265137
  endloop
 endfacet
 facet normal 0 1 0
  outer loop
   vertex 11.75 67.900001525878906 12.449999809265137
   vertex 10.25 67.900001525878906 12.449999809265137
   vertex 10.25 67.900001525878906 13.649999618530273
  endloop
 endfacet
 facet normal 0 1 -0
  outer loop
   vertex 11.75 67.900001525878906 13.649999618530273
   vertex 11.75 67.900001525878906 12.449999809265137
   vertex 10.25 67.900001525878906 13.649999618530273
  endloop
 endfacet
 facet normal 0 0 -1
  outer loop
   vertex 11.75 67.900001525878906 12.449999809265137
   vertex 10.25 67.875999450683594 12.449999809265137
   vertex 10.25 67.900001525878906 12.449999809265137
  endloop
 endfacet
 facet normal 0 0 -1
  outer loop
   vertex 11.75 67.900001525878906 12.449999809265137
   vertex 11.75 67.875999450683594 12.449999809265137
   vertex 10.25 67.875999450683594 12.449999809265137
  endloop
 endfacet
 facet normal -0 0 1
  outer loop
   vertex 11.75 67.900001525878906 13.649999618530273
   vertex 10.25 67.900001525878906 13.649999618530273
   vertex 10.25 67.875999450683594 13.649999618530273
  endloop
 endfacet
 facet normal 0 0 1
  outer loop
   vertex 11.75 67.900001525878906 13.649999618530273
   vertex 10.25 67.875999450683594 13.649999618530273
   vertex 11.75 67.875999450683594 13.649999618530273
  endloop
 endfacet
 facet normal -1 0 0
  outer loop
   vertex 3.5833330154418945 67.875999450683594 10.949999809265137
   vertex 3.5833330154418945 67.900001525878906 9.75
   vertex 3.5833330154418945 67.875999450683594 9.75
  endloop
 endfacet
 facet normal -1 -0 -0
  outer loop
   vertex 3.5833330154418945 67.875999450683594 10.949999809265137
   vertex 3.5833330154418945 67.900001525878906 10.949999809265137
   vertex 3.5833330154418945 67.900001525878906 9.75
  endloop
 endfacet
 facet normal 1 0 0
  outer loop
   vertex 5.0833330154418945 67.875999450683594 10.949999809265137
   vertex 5.0833330154418945 67.875999450683594 9.75
   vertex 5.0833330154418945 67.900001525878906 9.75
  endloop
 endfacet
 facet normal 1 0 -0
  outer loop
   vertex 5.0833330154418945 67.875999450683594 10.949999809265137
   vertex 5.0833330154418945 67.900001525878906 9.75
   vertex 5.0833330154418945 67.900001525878906 10.949999809265137
  endloop
 endfacet
 facet normal 0 -1 0
  outer loop
   vertex 5.0833330154418945 67.875999450683594 10.949999809265137
   vertex 3.5833330154418945 67.875999450683594 9.75
   vertex 5.0833330154418945 67.875999450683594 9.75
  endloop
 endfacet
 facet normal 0 -1 0
  outer loop
   vertex 5.0833330154418945 67.875999450683594 10.949999809265137
   vertex 3.5833330154418945 67.875999450683594 10.949999809265137
   vertex 3.5833330154418945 67.875999450683594 9.75
  endloop
 endfacet
 facet normal 0 1 -0
  outer loop
   vertex 5.0833330154418945 67.900001525878906 10.949999809265137
   vertex 5.0833330154418945 67.900001525878906 9.75
   vertex 3.5833330154418945 67.900001525878906 9.75
  endloop
 endfacet
 facet normal 0 1 0
  outer loop
   vertex 5.0833330154418945 67.900001525878906 10.949999809265137
   vertex 3.5833330154418945 67.900001525878906 9.75
   vertex 3.5833330154418945 67.900001525878906 10.949999809265137
  endloop
 endfacet
 facet normal 0 0 -1
  outer loop
   vertex 5.0833330154418945 67.900001525878906 9.75
   vertex 3.5833330154418945 67.875999450683594 9.75
   vertex 3.5833330154418945 67.900001525878906 9.75
  endloop
 endfacet
 facet normal 0 0 -1
  outer loop
   vertex 5.0833330154418945 67.900001525878906 9.75
   vertex 5.0833330154418945 67.875999450683594 9.75
   vertex 3.5833330154418945 67.875999450683594 9.75
  endloop
 endfacet
 facet normal -0 0 1
  outer loop
   vertex 5.0833330154418945 67.900001525878906 10.949999809265137
   vertex 3.5833330154418945 67.900001525878906 10.949999809265137
   vertex 3.5833330154418945 67.875999450683594 10.949999809265137
  endloop
 endfacet
 facet normal 0 0 1
  outer loop
   vertex 5.0833330154418945 67.900001525878906 10.949999809265137
   vertex 3.5833330154418945 67.875999450683594 10.949999809265137
   vertex 5.0833330154418945 67.875999450683594 10.949999809265137
  endloop
 endfacet
 facet normal -1 0 0
  outer loop
   vertex 10.25 67.875999450683594 2.8499999046325684
   vertex 10.25 67.900001525878906 1.6499999761581421
   vertex 10.25 67.875999450683594 1.6499999761581421
  endloop
 endfacet
 facet normal -1 -0 -0
  outer loop
   vertex 10.25 67.875999450683594 2.8499999046325684
   vertex 10.25 67.900001525878906 2.8499999046325684
   vertex 10.25 67.900001525878906 1.6499999761581421
  endloop
 endfacet
 facet normal 1 0 0
  outer loop
   vertex 11.75 67.875999450683594 2.8499999046325684
   vertex 11.75 67.875999450683594 1.6499999761581421
   vertex 11.75 67.900001525878906 1.6499999761581421
  endloop
 endfacet
 facet normal 1 0 -0
  outer loop
   vertex 11.75 67.875999450683594 2.8499999046325684
   vertex 11.75 67.900001525878906 1.6499999761581421
   vertex 11.75 67.900001525878906 2.8499999046325684
  endloop
 endfacet
 facet normal 0 -1 0
  outer loop
   vertex 11.75 67.875999450683594 2.8499999046325684
   vertex 10.25 67.875999450683594 1.6499999761581421
   vertex 11.75 67.875999450683594 1.6499999761581421
  endloop
 endfacet
 facet normal 0 -1 0
  outer loop
   vertex 11.75 67.875999450683594 2.8499999046325684
   vertex 10.25 67.875999450683594 2.8499999046325684
   vertex 10.25 67.875999450683594 1.6499999761581421
  endloop
 endfacet
 facet normal 0 1 -0
  outer loop
   vertex 11.75 67.900001525878906 2.8499999046325684
   vertex 11.75 67.900001525878906 1.6499999761581421
   vertex 10.25 67.900001525878906 1.6499999761581421
  endloop
 endfacet
 facet normal 0 1 0
  outer loop
   vertex 11.75 67.900001525878906 2.8499999046325684
   vertex 10.25 67.900001525878906 1.6499999761581421
   vertex 10.25 67.900001525878906 2.8499999046325684
  endloop
 endfacet
 facet normal 0 0 -1
  outer loop
   vertex 11.75 67.900001525878906 1.6499999761581421
   vertex 10.25 67.875999450683594 1.6499999761581421
   vertex 10.25 67.900001525878906 1.6499999761581421
  endloop
 endfacet
 facet normal 0 0 -1
  outer loop
   vertex 11.75 67.900001525878906 1.6499999761581421
   vertex 11.75 67.875999450683594 1.6499999761581421
   vertex 10.25 67.875999450683594 1.6499999761581421
  endloop
 endfacet
 facet normal -0 0 1
  outer loop
   vertex 11.75 67.900001525878906 2.8499999046325684
   vertex 10.25 67.900001525878906 2.8499999046325684
   vertex 10.25 67.875999450683594 2.8499999046325684
  endloop
 endfacet
 facet normal 0 0 1
  outer loop
   vertex 11.75 67.900001525878906 2.8499999046325684
   vertex 10.25 67.875999450683594 2.8499999046325684
   vertex 11.75 67.875999450683594 2.8499999046325684
  endloop
 endfacet
 facet normal -1 0 0
  outer loop
   vertex 10.25 67.875999450683594 8.25
   vertex 10.25 67.900001525878906 7.0500001907348633
   vertex 10.25 67.875999450683594 7.0500001907348633
  endloop
 endfacet
 facet normal -1 -0 -0
  outer loop
   vertex 10.25 67.875999450683594 8.25
   vertex 10.25 67.900001525878906 8.25
   vertex 10.25 67.900001525878906 7.0500001907348633
  endloop
 endfacet
 facet normal 1 0 0
  outer loop
   vertex 11.75 67.875999450683594 8.25
   vertex 11.75 67.875999450683594 7.0500001907348633
   vertex 11.75 67.900001525878906 7.0500001907348633
  endloop
 endfacet
 facet normal 1 0 -0
  outer loop
   vertex 11.75 67.875999450683594 8.25
   vertex 11.75 67.900001525878906 7.0500001907348633
   vertex 11.75 67.900001525878906 8.25
  endloop
 endfacet
 facet normal 0 -1 0
  outer loop
   vertex 11.75 67.875999450683594 8.25
   vertex 10.25 67.875999450683594 7.0500001907348633
   vertex 11.75 67.875999450683594 7.0500001907348633
  endloop
 endfacet
 facet normal 0 -1 0
  outer loop
   vertex 11.75 67.875999450683594 8.25
   vertex 10.25 67.875999450683594 8.25
   vertex 10.25 67.875999450683594 7.0500001907348633
  endloop
 endfacet
 facet normal 0 1 -0
  outer loop
   vertex 11.75 67.900001525878906 8.25
   vertex 11.75 67.900001525878906 7.0500001907348633
   vertex 10.25 67.900001525878906 7.0500001907348633
  endloop
 endfacet
 facet normal 0 1 0
  outer loop
   vertex 11.75 67.900001525878906 8.25
   vertex 10.25 67.900001525878906 7.0500001907348633
   vertex 10.25 67.900001525878906 8.25
  endloop
 endfacet
 facet normal 0 0 -1
  outer loop
   vertex 11.75 67.900001525878906 7.0500001907348633
   vertex 10.25 67.875999450683594 7.0500001907348633
   vertex 10.25 67.900001525878906 7.0500001907348633
  endloop
 endfacet
 facet normal 0 0 -1
  outer loop
   vertex 11.75 67.900001525878906 7.0500001907348633
   vertex 11.75 67.875999450683594 7.0500001907348633
   vertex 10.25 67.875999450683594 7.0500001907348633
  endloop
 endfacet
 facet normal -0 0 1
  outer loop
   vertex 11.75 67.900001525878906 8.25
   vertex 10.25 67.900001525878906 8.25
   vertex 10.25 67.875999450683594 8.25
  endloop
 endfacet
 facet normal 0 0 1
  outer loop
   vertex 11.75 67.900001525878906 8.25
   vertex 10.25 67.875999450683594 8.25
   vertex 11.75 67.875999450683594 8.25
  endloop
 endfacet
 facet normal -1 0 0
  outer loop
   vertex 16.916669845581055 67.875999450683594 5.5500001907348633
   vertex 16.916669845581055 67.900001525878906 4.3499999046325684
   vertex 16.916669845581055 67.875999450683594 4.3499999046325684
  endloop
 endfacet
 facet normal -1 -0 -0
  outer loop
   vertex 16.916669845581055 67.875999450683594 5.5500001907348633
   vertex 16.916669845581055 67.900001525878906 5.5500001907348633
   vertex 16.916669845581055 67.900001525878906 4.3499999046325684
  endloop
 endfacet
 facet normal 1 0 0
  outer loop
   vertex 18.416669845581055 67.875999450683594 5.5500001907348633
   vertex 18.416669845581055 67.875999450683594 4.3499999046325684
   vertex 18.416669845581055 67.900001525878906 4.3499999046325684
  endloop
 endfacet
 facet normal 1 0 -0
  outer loop
   vertex 18.416669845581055 67.875999450683594 5.5500001907348633
   vertex 18.416669845581055 67.900001525878906 4.3499999046325684
   vertex 18.416669845581055 67.900001525878906 5.5500001907348633
  endloop
 endfacet
 facet normal 0 -1 0
  outer loop
   vertex 18.416669845581055 67.875999450683594 5.5500001907348633
   vertex 16.916669845581055 67.875999450683594 4.3499999046325684
   vertex 18.416669845581055 67.875999450683594 4.3499999046325684
  endloop
 endfacet
 facet normal 0 -1 0
  outer loop
   vertex 18.416669845581055 67.875999450683594 5.5500001907348633
   vertex 16.916669845581055 67.875999450683594 5.5500001907348633
   vertex 16.916669845581055 67.875999450683594 4.3499999046325684
  endloop
 endfacet
 facet normal 0 1 -0
  outer loop
   vertex 18.416669845581055 67.900001525878906 5.5500001907348633
   vertex 18.416669845581055 67.900001525878906 4.3499999046325684
   vertex 16.916669845581055 67.900001525878906 4.3499999046325684
  endloop
 endfacet
 facet normal 0 1 0
  outer loop
   vertex 18.416669845581055 67.900001525878906 5.5500001907348633
   vertex 16.916669845581055 67.900001525878906 4.3499999046325684
   vertex 16.916669845581055 67.900001525878906 5.5500001907348633
  endloop
 endfacet
 facet normal 0 0 -1
  outer loop
   vertex 18.416669845581055 67.900001525878906 4.3499999046325684
   vertex 16.916669845581055 67.875999450683594 4.3499999046325684
   vertex 16.916669845581055 67.900001525878906 4.3499999046325684
  endloop
 endfacet
 facet normal 0 0 -1
  outer loop
   vertex 18.416669845581055 67.900001525878906 4.3499999046325684
   vertex 18.416669845581055 67.875999450683594 4.3499999046325684
   vertex 16.916669845581055 67.875999450683594 4.3499999046325684
  endloop
 endfacet
 facet normal -0 0 1
  outer loop
   vertex 18.416669845581055 67.900001525878906 5.5500001907348633
   vertex 16.916669845581055 67.900001525878906 5.5500001907348633
   vertex 16.916669845581055 67.875999450683594 5.5500001907348633
  endloop
 endfacet
 facet normal 0 0 1
  outer loop
   vertex 18.416669845581055 67.900001525878906 5.5500001907348633
   vertex 16.916669845581055 67.875999450683594 5.5500001907348633
   vertex 18.416669845581055 67.875999450683594 5.5500001907348633
  endloop
 endfacet
 facet normal -1 0 0
  outer loop
   vertex 16.916669845581055 67.875999450683594 10.949999809265137
   vertex 16.916669845581055 67.900001525878906 9.75
   vertex 16.916669845581055 67.875999450683594 9.75
  endloop
 endfacet
 facet normal -1 -0 -0
  outer loop
   vertex 16.916669845581055 67.875999450683594 10.949999809265137
   vertex 16.916669845581055 67.900001525878906 10.949999809265137
   vertex 16.916669845581055 67.900001525878906 9.75
  endloop
 endfacet
 facet normal 1 0 0
  outer loop
   vertex 18.416669845581055 67.875999450683594 10.949999809265137
   vertex 18.416669845581055 67.875999450683594 9.75
   vertex 18.416669845581055 67.900001525878906 9.75
  endloop
 endfacet
 facet normal 1 0 -0
  outer loop
   vertex 18.416669845581055 67.875999450683594 10.949999809265137
   vertex 18.416669845581055 67.900001525878906 9.75
   vertex 18.416669845581055 67.900001525878906 10.949999809265137
  endloop
 endfacet
 facet normal 0 -1 0
  outer loop
   vertex 18.416669845581055 67.875999450683594 10.949999809265137
   vertex 16.916669845581055 67.875999450683594 9.75
   vertex 18.416669845581055 67.875999450683594 9.75
  endloop
 endfacet
 facet normal 0 -1 0
  outer loop
   vertex 18.416669845581055 67.875999450683594 10.949999809265137
   vertex 16.916669845581055 67.875999450683594 10.949999809265137
   vertex 16.916669845581055 67.875999450683594 9.75
  endloop
 endfacet
 facet normal 0 1 -0
  outer loop
   vertex 18.416669845581055 67.900001525878906 10.949999809265137
   vertex 18.416669845581055 67.900001525878906 9.75
   vertex 16.916669845581055 67.900001525878906 9.75
  endloop
 endfacet
 facet normal 0 1 0
  outer loop
   vertex 18.416669845581055 67.900001525878906 10.949999809265137
   vertex 16.916669845581055 67.900001525878906 9.75
   vertex 16.916669845581055 67.900001525878906 10.949999809265137
  endloop
 endfacet
 facet normal 0 0 -1
  outer loop
   vertex 18.416669845581055 67.900001525878906 9.75
   vertex 16.916669845581055 67.875999450683594 9.75
   vertex 16.916669845581055 67.900001525878906 9.75
  endloop
 endfacet
 facet normal 0 0 -1
  outer loop
   vertex 18.416669845581055 67.900001525878906 9.75
   vertex 18.416669845581055 67.875999450683594 9.75
   vertex 16.916669845581055 67.875999450683594 9.75
  endloop
 endfacet
 facet normal -0 0 1
  outer loop
   vertex 18.416669845581055 67.900001525878906 10.949999809265137
   vertex 16.916669845581055 67.900001525878906 10.949999809265137
   vertex 16.916669845581055 67.875999450683594 10.949999809265137
  endloop
 endfacet
 facet normal 0 0 1
  outer loop
   vertex 18.416669845581055 67.900001525878906 10.949999809265137
   vertex 16.916669845581055 67.875999450683594 10.949999809265137
   vertex 18.416669845581055 67.875999450683594 10.949999809265137
  endloop
 endfacet
 facet normal -1 0 0
  outer loop
   vertex 16.916669845581055 67.875999450683594 2.8499999046325684
   vertex 16.916669845581055 67.900001525878906 1.6499999761581421
   vertex 16.916669845581055 67.875999450683594 1.6499999761581421
  endloop
 endfacet
 facet normal -1 -0 -0
  outer loop
   vertex 16.916669845581055 67.875999450683594 2.8499999046325684
   vertex 16.916669845581055 67.900001525878906 2.8499999046325684
   vertex 16.916669845581055 67.900001525878906 1.6499999761581421
  endloop
 endfacet
 facet normal 1 0 0
  outer loop
   vertex 18.416669845581055 67.875999450683594 2.8499999046325684
   vertex 18.416669845581055 67.875999450683594 1.6499999761581421
   vertex 18.416669845581055 67.900001525878906 1.6499999761581421
  endloop
 endfacet
 facet normal 1 0 -0
  outer loop
   vertex 18.416669845581055 67.875999450683594 2.8499999046325684
   vertex 18.416669845581055 67.900001525878906 1.6499999761581421
   vertex 18.416669845581055 67.900001525878906 2.8499999046325684
  endloop
 endfacet
 facet normal 0 -1 0
  outer loop
   vertex 18.416669845581055 67.875999450683594 2.8499999046325684
   vertex 16.916669845581055 67.875999450683594 1.6499999761581421
   vertex 18.416669845581055 67.875999450683594 1.6499999761581421
  endloop
 endfacet
 facet normal 0 -1 0
  outer loop
   vertex 18.416669845581055 67.875999450683594 2.8499999046325684
   vertex 16.916669845581055 67.875999450683594 2.8499999046325684
   vertex 16.916669845581055 67.875999450683594 1.6499999761581421
  endloop
 endfacet
 facet normal 0 1 -0
  outer loop
   vertex 18.416669845581055 67.900001525878906 2.8499999046325684
   vertex 18.416669845581055 67.900001525878906 1.6499999761581421
   vertex 16.916669845581055 67.900001525878906 1.6499999761581421
  endloop
 endfacet
 facet normal 0 1 0
  outer loop
   vertex 18.416669845581055 67.900001525878906 2.8499999046325684
   vertex 16.916669845581055 67.900001525878906 1.6499999761581421
   vertex 16.916669845581055 67.900001525878906 2.8499999046325684
  endloop
 endfacet
 facet normal 0 0 -1
  outer loop
   vertex 18.416669845581055 67.900001525878906 1.6499999761581421
   vertex 16.916669845581055 67.875999450683594 1.6499999761581421
   vertex 16.916669845581055 67.900001525878906 1.6499999761581421
  endloop
 endfacet
 facet normal 0 0 -1
  outer loop
   vertex 18.416669845581055 67.900001525878906 1.6499999761581421
   vertex 18.416669845581055 67.875999450683594 1.6499999761581421
   vertex 16.916669845581055 67.875999450683594 1.6499999761581421
  endloop
 endfacet
 facet normal -0 0 1
  outer loop
   vertex 18.416669845581055 67.900001525878906 2.8499999046325684
   vertex 16.916669845581055 67.900001525878906 2.8499999046325684
   vertex 16.916669845581055 67.875999450683594 2.8499999046325684
  endloop
 endfacet
 facet normal 0 0 1
  outer loop
   vertex 18.416669845581055 67.900001525878906 2.8499999046325684
   vertex 16.916669845581055 67.875999450683594 2.8499999046325684
   vertex 18.416669845581055 67.875999450683594 2.8499999046325684
  endloop
 endfacet
 facet normal -1 0 0
  outer loop
   vertex 3.5833330154418945 67.875999450683594 2.8499999046325684
   vertex 3.5833330154418945 67.900001525878906 1.6499999761581421
   vertex 3.5833330154418945 67.875999450683594 1.6499999761581421
  endloop
 endfacet
 facet normal -1 -0 -0
  outer loop
   vertex 3.5833330154418945 67.875999450683594 2.8499999046325684
   vertex 3.5833330154418945 67.900001525878906 2.8499999046325684
   vertex 3.5833330154418945 67.900001525878906 1.6499999761581421
  endloop
 endfacet
 facet normal 1 0 0
  outer loop
   vertex 5.0833330154418945 67.875999450683594 2.8499999046325684
   vertex 5.0833330154418945 67.875999450683594 1.6499999761581421
   vertex 5.0833330154418945 67.900001525878906 1.6499999761581421
  endloop
 endfacet
 facet normal 1 0 -0
  outer loop
   vertex 5.0833330154418945 67.875999450683594 2.8499999046325684
   vertex 5.0833330154418945 67.900001525878906 1.6499999761581421
   vertex 5.0833330154418945 67.900001525878906 2.8499999046325684
  endloop
 endfacet
 facet normal 0 -1 0
  outer loop
   vertex 5.0833330154418945 67.875999450683594 2.8499999046325684
   vertex 3.5833330154418945 67.875999450683594 1.6499999761581421
   vertex 5.0833330154418945 67.875999450683594 1.6499999761581421
  endloop
 endfacet
 facet normal 0 -1 0
  outer loop
   vertex 5.0833330154418945 67.875999450683594 2.8499999046325684
   vertex 3.5833330154418945 67.875999450683594 2.8499999046325684
   vertex 3.5833330154418945 67.875999450683594 1.6499999761581421
  endloop
 endfacet
 facet normal 0 1 -0
  outer loop
   vertex 5.0833330154418945 67.900001525878906 2.8499999046325684
   vertex 5.0833330154418945 67.900001525878906 1.6499999761581421
   vertex 3.5833330154418945 67.900001525878906 1.6499999761581421
  endloop
 endfacet
 facet normal 0 1 0
  outer loop
   vertex 5.0833330154418945 67.900001525878906 2.8499999046325684
   vertex 3.5833330154418945 67.900001525878906 1.6499999761581421
   vertex 3.5833330154418945 67.900001525878906 2.8499999046325684
  endloop
 endfacet
 facet normal 0 0 -1
  outer loop
   vertex 5.0833330154418945 67.900001525878906 1.6499999761581421
   vertex 3.5833330154418945 67.875999450683594 1.6499999761581421
   vertex 3.5833330154418945 67.900001525878906 1.6499999761581421
  endloop
 endfacet
 facet normal 0 0 -1
  outer loop
   vertex 5.0833330154418945 67.900001525878906 1.6499999761581421
   vertex 5.0833330154418945 67.875999450683594 1.6499999761581421
   vertex 3.5833330154418945 67.875999450683594 1.6499999761581421
  endloop
 endfacet
 facet normal -0 0 1
  outer loop
   vertex 5.0833330154418945 67.900001525878906 2.8499999046325684
   vertex 3.5833330154418945 67.900001525878906 2.8499999046325684
   vertex 3.5833330154418945 67.875999450683594 2.8499999046325684
  endloop
 endfacet
 facet normal 0 0 1
  outer loop
   vertex 5.0833330154418945 67.900001525878906 2.8499999046325684
   vertex 3.5833330154418945 67.875999450683594 2.8499999046325684
   vertex 5.0833330154418945 67.875999450683594 2.8499999046325684
  endloop
 endfacet
 facet normal -1 0 0
  outer loop
   vertex 16.916669845581055 67.875999450683594 8.25
   vertex 16.916669845581055 67.900001525878906 7.0500001907348633
   vertex 16.916669845581055 67.875999450683594 7.0500001907348633
  endloop
 endfacet
 facet normal -1 -0 -0
  outer loop
   vertex 16.916669845581055 67.875999450683594 8.25
   vertex 16.916669845581055 67.900001525878906 8.25
   vertex 16.916669845581055 67.900001525878906 7.0500001907348633
  endloop
 endfacet
 facet normal 1 0 0
  outer loop
   vertex 18.416669845581055 67.875999450683594 8.25
   vertex 18.416669845581055 67.875999450683594 7.0500001907348633
   vertex 18.416669845581055 67.900001525878906 7.0500001907348633
  endloop
 endfacet
 facet normal 1 0 -0
  outer loop
   vertex 18.416669845581055 67.875999450683594 8.25
   vertex 18.416669845581055 67.900001525878906 7.0500001907348633
   vertex 18.416669845581055 67.900001525878906 8.25
  endloop
 endfacet
 facet normal 0 -1 0
  outer loop
   vertex 18.416669845581055 67.875999450683594 8.25
   vertex 16.916669845581055 67.875999450683594 7.0500001907348633
   vertex 18.416669845581055 67.875999450683594 7.0500001907348633
  endloop
 endfacet
 facet normal 0 -1 0
  outer loop
   vertex 18.416669845581055 67.875999450683594 8.25
   vertex 16.916669845581055 67.875999450683594 8.25
   vertex 16.916669845581055 67.875999450683594 7.0500001907348633
  endloop
 endfacet
 facet normal 0 1 -0
  outer loop
   vertex 18.416669845581055 67.900001525878906 8.25
   vertex 18.416669845581055 67.900001525878906 7.0500001907348633
   vertex 16.916669845581055 67.900001525878906 7.0500001907348633
  endloop
 endfacet
 facet normal 0 1 0
  outer loop
   vertex 18.416669845581055 67.900001525878906 8.25
   vertex 16.916669845581055 67.900001525878906 7.0500001907348633
   vertex 16.916669845581055 67.900001525878906 8.25
  endloop
 endfacet
 facet normal 0 0 -1
  outer loop
   vertex 18.416669845581055 67.900001525878906 7.0500001907348633
   vertex 16.916669845581055 67.875999450683594 7.0500001907348633
   vertex 16.916669845581055 67.900001525878906 7.0500001907348633
  endloop
 endfacet
 facet normal 0 0 -1
  outer loop
   vertex 18.416669845581055 67.900001525878906 7.0500001907348633
   vertex 18.416669845581055 67.875999450683594 7.0500001907348633
   vertex 16.916669845581055 67.875999450683594 7.0500001907348633
  endloop
 endfacet
 facet normal -0 0 1
  outer loop
   vertex 18.416669845581055 67.900001525878906 8.25
   vertex 16.916669845581055 67.900001525878906 8.25
   vertex 16.916669845581055 67.875999450683594 8.25
  endloop
 endfacet
 facet normal 0 0 1
  outer loop
   vertex 18.416669845581055 67.900001525878906 8.25
   vertex 16.916669845581055 67.875999450683594 8.25
   vertex 18.416669845581055 67.875999450683594 8.25
  endloop
 endfacet
 facet normal -1 0 0
  outer loop
   vertex 3.5833330154418945 67.875999450683594 8.25
   vertex 3.5833330154418945 67.900001525878906 7.0500001907348633
   vertex 3.5833330154418945 67.875999450683594 7.0500001907348633
  endloop
 endfacet
 facet normal -1 -0 -0
  outer loop
   vertex 3.5833330154418945 67.875999450683594 8.25
   vertex 3.5833330154418945 67.900001525878906 8.25
   vertex 3.5833330154418945 67.900001525878906 7.0500001907348633
  endloop
 endfacet
 facet normal 1 0 0
  outer loop
   vertex 5.0833330154418945 67.875999450683594 8.25
   vertex 5.0833330154418945 67.875999450683594 7.0500001907348633
   vertex 5.0833330154418945 67.900001525878906 7.0500001907348633
  endloop
 endfacet
 facet normal 1 0 -0
  outer loop
   vertex 5.0833330154418945 67.875999450683594 8.25
   vertex 5.0833330154418945 67.900001525878906 7.0500001907348633
   vertex 5.0833330154418945 67.900001525878906 8.25
  endloop
 endfacet
 facet normal 0 -1 0
  outer loop
   vertex 5.0833330154418945 67.875999450683594 8.25
   vertex 3.5833330154418945 67.875999450683594 7.0500001907348633
   vertex 5.0833330154418945 67.875999450683594 7.0500001907348633
  endloop
 endfacet
 facet normal 0 -1 0
  outer loop
   vertex 5.0833330154418945 67.875999450683594 8.25
   vertex 3.5833330154418945 67.875999450683594 8.25
   vertex 3.5833330154418945 67.875999450683594 7.0500001907348633
  endloop
 endfacet
 facet normal 0 1 -0
  outer loop
   vertex 5.0833330154418945 67.900001525878906 8.25
   vertex 5.0833330154418945 67.900001525878906 7.0500001907348633
   vertex 3.5833330154418945 67.900001525878906 7.0500001907348633
  endloop
 endfacet
 facet normal 0 1 0
  outer loop
   vertex 5.0833330154418945 67.900001525878906 8.25
   vertex 3.5833330154418945 67.900001525878906 7.0500001907348633
   vertex 3.5833330154418945 67.900001525878906 8.25
  endloop
 endfacet
 facet normal 0 0 -1
  outer loop
   vertex 5.0833330154418945 67.900001525878906 7.0500001907348633
   vertex 3.5833330154418945 67.875999450683594 7.0500001907348633
   vertex 3.5833330154418945 67.900001525878906 7.0500001907348633
  endloop
 endfacet
 facet normal 0 0 -1
  outer loop
   vertex 5.0833330154418945 67.900001525878906 7.0500001907348633
   vertex 5.0833330154418945 67.875999450683594 7.0500001907348633
   vertex 3.5833330154418945 67.875999450683594 7.0500001907348633
  endloop
 endfacet
 facet normal -0 0 1
  outer loop
   vertex 5.0833330154418945 67.900001525878906 8.25
   vertex 3.5833330154418945 67.900001525878906 8.25
   vertex 3.5833330154418945 67.875999450683594 8.25
  endloop
 endfacet
 facet normal 0 0 1
  outer loop
   vertex 5.0833330154418945 67.900001525878906 8.25
   vertex 3.5833330154418945 67.875999450683594 8.25
   vertex 5.0833330154418945 67.875999450683594 8.25
  endloop
 endfacet
 facet normal -1 0 0
  outer loop
   vertex 16.916669845581055 67.875999450683594 13.649999618530273
   vertex 16.916669845581055 67.900001525878906 12.449999809265137
   vertex 16.916669845581055 67.875999450683594 12.449999809265137
  endloop
 endfacet
 facet normal -1 -0 -0
  outer loop
   vertex 16.916669845581055 67.875999450683594 13.649999618530273
   vertex 16.916669845581055 67.900001525878906 13.649999618530273
   vertex 16.916669845581055 67.900001525878906 12.449999809265137
  endloop
 endfacet
 facet normal 1 0 0
  outer loop
   vertex 18.416669845581055 67.875999450683594 13.649999618530273
   vertex 18.416669845581055 67.875999450683594 12.449999809265137
   vertex 18.416669845581055 67.900001525878906 12.449999809265137
  endloop
 endfacet
 facet normal 1 0 -0
  outer loop
   vertex 18.416669845581055 67.875999450683594 13.649999618530273
   vertex 18.416669845581055 67.900001525878906 12.449999809265137
   vertex 18.416669845581055 67.900001525878906 13.649999618530273
  endloop
 endfacet
 facet normal 0 -1 0
  outer loop
   vertex 18.416669845581055 67.875999450683594 12.449999809265137
   vertex 16.916669845581055 67.875999450683594 13.649999618530273
   vertex 16.916669845581055 67.875999450683594 12.449999809265137
  endloop
 endfacet
 facet normal 0 -1 0
  outer loop
   vertex 18.416669845581055 67.875999450683594 13.649999618530273
   vertex 16.916669845581055 67.875999450683594 13.649999618530273
   vertex 18.416669845581055 67.875999450683594 12.449999809265137
  endloop
 endfacet
 facet normal 0 1 0
  outer loop
   vertex 18.416669845581055 67.900001525878906 12.449999809265137
   vertex 16.916669845581055 67.900001525878906 12.449999809265137
   vertex 16.916669845581055 67.900001525878906 13.649999618530273
  endloop
 endfacet
 facet normal 0 1 -0
  outer loop
   vertex 18.416669845581055 67.900001525878906 13.649999618530273
   vertex 18.416669845581055 67.900001525878906 12.449999809265137
   vertex 16.916669845581055 67.900001525878906 13.649999618530273
  endloop
 endfacet
 facet normal 0 0 -1
  outer loop
   vertex 18.416669845581055 67.900001525878906 12.449999809265137
   vertex 16.916669845581055 67.875999450683594 12.449999809265137
   vertex 16.916669845581055 67.900001525878906 12.449999809265137
  endloop
 endfacet
 facet normal 0 0 -1
  outer loop
   vertex 18.416669845581055 67.900001525878906 12.449999809265137
   vertex 18.416669845581055 67.875999450683594 12.449999809265137
   vertex 16.916669845581055 67.875999450683594 12.449999809265137
  endloop
 endfacet
 facet normal -0 0 1
  outer loop
   vertex 18.416669845581055 67.900001525878906 13.649999618530273
   vertex 16.916669845581055 67.900001525878906 13.649999618530273
   vertex 16.916669845581055 67.875999450683594 13.649999618530273
  endloop
 endfacet
 facet normal 0 0 1
  outer loop
   vertex 18.416669845581055 67.900001525878906 13.649999618530273
   vertex 16.916669845581055 67.875999450683594 13.649999618530273
   vertex 18.416669845581055 67.875999450683594 13.649999618530273
  endloop
 endfacet
 facet normal -1 0 0
  outer loop
   vertex 3.5833330154418945 67.875999450683594 13.649999618530273
   vertex 3.5833330154418945 67.900001525878906 12.449999809265137
   vertex 3.5833330154418945 67.875999450683594 12.449999809265137
  endloop
 endfacet
 facet normal -1 -0 -0
  outer loop
   vertex 3.5833330154418945 67.875999450683594 13.649999618530273
   vertex 3.5833330154418945 67.900001525878906 13.649999618530273
   vertex 3.5833330154418945 67.900001525878906 12.449999809265137
  endloop
 endfacet
 facet normal 1 0 0
  outer loop
   vertex 5.0833330154418945 67.875999450683594 13.649999618530273
   vertex 5.0833330154418945 67.875999450683594 12.449999809265137
   vertex 5.0833330154418945 67.900001525878906 12.449999809265137
  endloop
 endfacet
 facet normal 1 0 -0
  outer loop
   vertex 5.0833330154418945 67.875999450683594 13.649999618530273
   vertex 5.0833330154418945 67.900001525878906 12.449999809265137
   vertex 5.0833330154418945 67.900001525878906 13.649999618530273
  endloop
 endfacet
 facet normal 0 -1 0
  outer loop
   vertex 5.0833330154418945 67.875999450683594 12.449999809265137
   vertex 3.5833330154418945 67.875999450683594 13.649999618530273
   vertex 3.5833330154418945 67.875999450683594 12.449999809265137
  endloop
 endfacet
 facet normal 0 -1 0
  outer loop
   vertex 5.0833330154418945 67.875999450683594 13.649999618530273
   vertex 3.5833330154418945 67.875999450683594 13.649999618530273
   vertex 5.0833330154418945 67.875999450683594 12.449999809265137
  endloop
 endfacet
 facet normal 0 1 0
  outer loop
   vertex 5.0833330154418945 67.900001525878906 12.449999809265137
   vertex 3.5833330154418945 67.900001525878906 12.449999809265137
   vertex 3.5833330154418945 67.900001525878906 13.649999618530273
  endloop
 endfacet
 facet normal 0 1 -0
  outer loop
   vertex 5.0833330154418945 67.900001525878906 13.649999618530273
   vertex 5.0833330154418945 67.900001525878906 12.449999809265137
   vertex 3.5833330154418945 67.900001525878906 13.649999618530273
  endloop
 endfacet
 facet normal 0 0 -1
  outer loop
   vertex 5.0833330154418945 67.900001525878906 12.449999809265137
   vertex 3.5833330154418945 67.875999450683594 12.449999809265137
   vertex 3.5833330154418945 67.900001525878906 12.449999809265137
  endloop
 endfacet
 facet normal 0 0 -1
  outer loop
   vertex 5.0833330154418945 67.900001525878906 12.449999809265137
   vertex 5.0833330154418945 67.875999450683594 12.449999809265137
   vertex 3.5833330154418945 67.875999450683594 12.449999809265137
  endloop
 endfacet
 facet normal -0 0 1
  outer loop
   vertex 5.0833330154418945 67.900001525878906 13.649999618530273
   vertex 3.5833330154418945 67.900001525878906 13.649999618530273
   vertex 3.5833330154418945 67.875999450683594 13.649999618530273
  endloop
 endfacet
 facet normal 0 0 1
  outer loop
   vertex 5.0833330154418945 67.900001525878906 13.649999618530273
   vertex 3.5833330154418945 67.875999450683594 13.649999618530273
   vertex 5.0833330154418945 67.875999450683594 13.649999618530273
  endloop
 endfacet
 facet normal -1 0 0
  outer loop
   vertex 10.25 67.875999450683594 10.949999809265137
   vertex 10.25 67.900001525878906 9.75
   vertex 10.25 67.875999450683594 9.75
  endloop
 endfacet
 facet normal -1 -0 -0
  outer loop
   vertex 10.25 67.875999450683594 10.949999809265137
   vertex 10.25 67.900001525878906 10.949999809265137
   vertex 10.25 67.900001525878906 9.75
  endloop
 endfacet
 facet normal 1 0 0
  outer loop
   vertex 11.75 67.875999450683594 10.949999809265137
   vertex 11.75 67.875999450683594 9.75
   vertex 11.75 67.900001525878906 9.75
  endloop
 endfacet
 facet normal 1 0 -0
  outer loop
   vertex 11.75 67.875999450683594 10.949999809265137
   vertex 11.75 67.900001525878906 9.75
   vertex 11.75 67.900001525878906 10.949999809265137
  endloop
 endfacet
 facet normal 0 -1 0
  outer loop
   vertex 11.75 67.875999450683594 10.949999809265137
   vertex 10.25 67.875999450683594 9.75
   vertex 11.75 67.875999450683594 9.75
  endloop
 endfacet
 facet normal 0 -1 0
  outer loop
   vertex 11.75 67.875999450683594 10.949999809265137
   vertex 10.25 67.875999450683594 10.949999809265137
   vertex 10.25 67.875999450683594 9.75
  endloop
 endfacet
 facet normal 0 1 -0
  outer loop
   vertex 11.75 67.900001525878906 10.949999809265137
   vertex 11.75 67.900001525878906 9.75
   vertex 10.25 67.900001525878906 9.75
  endloop
 endfacet
 facet normal 0 1 0
  outer loop
   vertex 11.75 67.900001525878906 10.949999809265137
   vertex 10.25 67.900001525878906 9.75
   vertex 10.25 67.900001525878906 10.949999809265137
  endloop
 endfacet
 facet normal 0 0 -1
  outer loop
   vertex 11.75 67.900001525878906 9.75
   vertex 10.25 67.875999450683594 9.75
   vertex 10.25 67.900001525878906 9.75
  endloop
 endfacet
 facet normal 0 0 -1
  outer loop
   vertex 11.75 67.900001525878906 9.75
   vertex 11.75 67.875999450683594 9.75
   vertex 10.25 67.875999450683594 9.75
  endloop
 endfacet
 facet normal -0 0 1
  outer loop
   vertex 11.75 67.900001525878906 10.949999809265137
   vertex 10.25 67.900001525878906 10.949999809265137
   vertex 10.25 67.875999450683594 10.949999809265137
  endloop
 endfacet
 facet normal 0 0 1
  outer loop
   vertex 11.75 67.900001525878906 10.949999809265137
   vertex 10.25 67.875999450683594 10.949999809265137
   vertex 11.75 67.875999450683594 10.949999809265137
  endloop
 endfacet
 facet normal -1 0 0
  outer loop
   vertex 10.25 67.875999450683594 5.5500001907348633
   vertex 10.25 67.900001525878906 4.3499999046325684
   vertex 10.25 67.875999450683594 4.3499999046325684
  endloop
 endfacet
 facet normal -1 -0 -0
  outer loop
   vertex 10.25 67.875999450683594 5.5500001907348633
   vertex 10.25 67.900001525878906 5.5500001907348633
   vertex 10.25 67.900001525878906 4.3499999046325684
  endloop
 endfacet
 facet normal 1 0 0
  outer loop
   vertex 11.75 67.875999450683594 5.5500001907348633
   vertex 11.75 67.875999450683594 4.3499999046325684
   vertex 11.75 67.900001525878906 4.3499999046325684
  endloop
 endfacet
 facet normal 1 0 -0
  outer loop
   vertex 11.75 67.875999450683594 5.5500001907348633
   vertex 11.75 67.900001525878906 4.3499999046325684
   vertex 11.75 67.900001525878906 5.5500001907348633
  endloop
 endfacet
 facet normal 0 -1 0
  outer loop
   vertex 11.75 67.875999450683594 5.5500001907348633
   vertex 10.25 67.875999450683594 4.3499999046325684
   vertex 11.75 67.875999450683594 4.3499999046325684
  endloop
 endfacet
 facet normal 0 -1 0
  outer loop
   vertex 11.75 67.875999450683594 5.5500001907348633
   vertex 10.25 67.875999450683594 5.5500001907348633
   vertex 10.25 67.875999450683594 4.3499999046325684
  endloop
 endfacet
 facet normal 0 1 -0
  outer loop
   vertex 11.75 67.900001525878906 5.5500001907348633
   vertex 11.75 67.900001525878906 4.3499999046325684
   vertex 10.25 67.900001525878906 4.3499999046325684
  endloop
 endfacet
 facet normal 0 1 0
  outer loop
   vertex 11.75 67.900001525878906 5.5500001907348633
   vertex 10.25 67.900001525878906 4.3499999046325684
   vertex 10.25 67.900001525878906 5.5500001907348633
  endloop
 endfacet
 facet normal 0 0 -1
  outer loop
   vertex 11.75 67.900001525878906 4.3499999046325684
   vertex 10.25 67.875999450683594 4.3499999046325684
   vertex 10.25 67.900001525878906 4.3499999046325684
  endloop
 endfacet
 facet normal 0 0 -1
  outer loop
   vertex 11.75 67.900001525878906 4.3499999046325684
   vertex 11.75 67.875999450683594 4.3499999046325684
   vertex 10.25 67.875999450683594 4.3499999046325684
  endloop
 endfacet
 facet normal -0 0 1
  outer loop
   vertex 11.75 67.900001525878906 5.5500001907348633
   vertex 10.25 67.900001525878906 5.5500001907348633
   vertex 10.25 67.875999450683594 5.5500001907348633
  endloop
 endfacet
 facet normal 0 0 1
  outer loop
   vertex 11.75 67.900001525878906 5.5500001907348633
   vertex 10.25 67.875999450683594 5.5500001907348633
   vertex 11.75 67.875999450683594 5.5500001907348633
  endloop
 endfacet
 facet normal -1 0 0
  outer loop
   vertex 16.916669845581055 53.099998474121094 13.649999618530273
   vertex 16.916669845581055 53.124000549316406 12.449999809265137
   vertex 16.916669845581055 53.099998474121094 12.449999809265137
  endloop
 endfacet
 facet normal -1 -0 -0
  outer loop
   vertex 16.916669845581055 53.099998474121094 13.649999618530273
   vertex 16.916669845581055 53.124000549316406 13.649999618530273
   vertex 16.916669845581055 53.124000549316406 12.449999809265137
  endloop
 endfacet
 facet normal 1 0 0
  outer loop
   vertex 18.416669845581055 53.099998474121094 13.649999618530273
   vertex 18.416669845581055 53.099998474121094 12.449999809265137
   vertex 18.416669845581055 53.124000549316406 12.449999809265137
  endloop
 endfacet
 facet normal 1 0 -0
  outer loop
   vertex 18.416669845581055 53.099998474121094 13.649999618530273
   vertex 18.416669845581055 53.124000549316406 12.449999809265137
   vertex 18.416669845581055 53.124000549316406 13.649999618530273
  endloop
 endfacet
 facet normal 0 -1 0
  outer loop
   vertex 18.416669845581055 53.099998474121094 12.449999809265137
   vertex 16.916669845581055 53.099998474121094 13.649999618530273
   vertex 16.916669845581055 53.099998474121094 12.449999809265137
  endloop
 endfacet
 facet normal 0 -1 0
  outer loop
   vertex 18.416669845581055 53.099998474121094 13.649999618530273
   vertex 16.916669845581055 53.099998474121094 13.649999618530273
   vertex 18.416669845581055 53.099998474121094 12.449999809265137
  endloop
 endfacet
 facet normal 0 1 0
  outer loop
   vertex 18.416669845581055 53.124000549316406 12.449999809265137
   vertex 16.916669845581055 53.124000549316406 12.449999809265137
   vertex 16.916669845581055 53.124000549316406 13.649999618530273
  endloop
 endfacet
 facet normal 0 1 -0
  outer loop
   vertex 18.416669845581055 53.124000549316406 13.649999618530273
   vertex 18.416669845581055 53.124000549316406 12.449999809265137
   vertex 16.916669845581055 53.124000549316406 13.649999618530273
  endloop
 endfacet
 facet normal 0 0 -1
  outer loop
   vertex 18.416669845581055 53.124000549316406 12.449999809265137
   vertex 16.916669845581055 53.099998474121094 12.449999809265137
   vertex 16.916669845581055 53.124000549316406 12.449999809265137
  endloop
 endfacet
 facet normal 0 0 -1
  outer loop
   vertex 18.416669845581055 53.124000549316406 12.449999809265137
   vertex 18.416669845581055 53.099998474121094 12.449999809265137
   vertex 16.916669845581055 53.099998474121094 12.449999809265137
  endloop
 endfacet
 facet normal -0 0 1
  outer loop
   vertex 18.416669845581055 53.124000549316406 13.649999618530273
   vertex 16.916669845581055 53.124000549316406 13.649999618530273
   vertex 16.916669845581055 53.099998474121094 13.649999618530273
  endloop
 endfacet
 facet normal 0 0 1
  outer loop
   vertex 18.416669845581055 53.124000549316406 13.649999618530273
   vertex 16.916669845581055 53.099998474121094 13.649999618530273
   vertex 18.416669845581055 53.099998474121094 13.649999618530273
  endloop
 endfacet
 facet normal -1 0 0
  outer loop
   vertex 16.916669845581055 53.099998474121094 10.949999809265137
   vertex 16.916669845581055 53.124000549316406 9.75
   vertex 16.916669845581055 53.099998474121094 9.75
  endloop
 endfacet
 facet normal -1 -0 -0
  outer loop
   vertex 16.916669845581055 53.099998474121094 10.949999809265137
   vertex 16.916669845581055 53.124000549316406 10.949999809265137
   vertex 16.916669845581055 53.124000549316406 9.75
  endloop
 endfacet
 facet normal 1 0 0
  outer loop
   vertex 18.416669845581055 53.099998474121094 10.949999809265137
   vertex 18.416669845581055 53.099998474121094 9.75
   vertex 18.416669845581055 53.124000549316406 9.75
  endloop
 endfacet
 facet normal 1 0 -0
  outer loop
   vertex 18.416669845581055 53.099998474121094 10.949999809265137
   vertex 18.416669845581055 53.124000549316406 9.75
   vertex 18.416669845581055 53.124000549316406 10.949999809265137
  endloop
 endfacet
 facet normal 0 -1 0
  outer loop
   vertex 18.416669845581055 53.099998474121094 10.949999809265137
   vertex 16.916669845581055 53.099998474121094 9.75
   vertex 18.416669845581055 53.099998474121094 9.75
  endloop
 endfacet
 facet normal 0 -1 0
  outer loop
   vertex 18.416669845581055 53.099998474121094 10.949999809265137
   vertex 16.916669845581055 53.099998474121094 10.949999809265137
   vertex 16.916669845581055 53.099998474121094 9.75
  endloop
 endfacet
 facet normal 0 1 -0
  outer loop
   vertex 18.416669845581055 53.124000549316406 10.949999809265137
   vertex 18.416669845581055 53.124000549316406 9.75
   vertex 16.916669845581055 53.124000549316406 9.75
  endloop
 endfacet
 facet normal 0 1 0
  outer loop
   vertex 18.416669845581055 53.124000549316406 10.949999809265137
   vertex 16.916669845581055 53.124000549316406 9.75
   vertex 16.916669845581055 53.124000549316406 10.949999809265137
  endloop
 endfacet
 facet normal 0 0 -1
  outer loop
   vertex 18.416669845581055 53.124000549316406 9.75
   vertex 16.916669845581055 53.099998474121094 9.75
   vertex 16.916669845581055 53.124000549316406 9.75
  endloop
 endfacet
 facet normal 0 0 -1
  outer loop
   vertex 18.416669845581055 53.124000549316406 9.75
   vertex 18.416669845581055 53.099998474121094 9.75
   vertex 16.916669845581055 53.099998474121094 9.75
  endloop
 endfacet
 facet normal -0 0 1
  outer loop
   vertex 18.416669845581055 53.124000549316406 10.949999809265137
   vertex 16.916669845581055 53.124000549316406 10.949999809265137
   vertex 16.916669845581055 53.099998474121094 10.949999809265137
  endloop
 endfacet
 facet normal 0 0 1
  outer loop
   vertex 18.416669845581055 53.124000549316406 10.949999809265137
   vertex 16.916669845581055 53.099998474121094 10.949999809265137
   vertex 18.416669845581055 53.099998474121094 10.949999809265137
  endloop
 endfacet
 facet normal -1 0 0
  outer loop
   vertex 16.916669845581055 53.099998474121094 8.25
   vertex 16.916669845581055 53.124000549316406 7.0500001907348633
   vertex 16.916669845581055 53.099998474121094 7.0500001907348633
  endloop
 endfacet
 facet normal -1 -0 -0
  outer loop
   vertex 16.916669845581055 53.099998474121094 8.25
   vertex 16.916669845581055 53.124000549316406 8.25
   vertex 16.916669845581055 53.124000549316406 7.0500001907348633
  endloop
 endfacet
 facet normal 1 0 0
  outer loop
   vertex 18.416669845581055 53.099998474121094 8.25
   vertex 18.416669845581055 53.099998474121094 7.0500001907348633
   vertex 18.416669845581055 53.124000549316406 7.0500001907348633
  endloop
 endfacet
 facet normal 1 0 -0
  outer loop
   vertex 18.416669845581055 53.099998474121094 8.25
   vertex 18.416669845581055 53.124000549316406 7.0500001907348633
   vertex 18.416669845581055 53.124000549316406 8.25
  endloop
 endfacet
 facet normal 0 -1 0
  outer loop
   vertex 18.416669845581055 53.099998474121094 8.25
   vertex 16.916669845581055 53.099998474121094 7.0500001907348633
   vertex 18.416669845581055 53.099998474121094 7.0500001907348633
  endloop
 endfacet
 facet normal 0 -1 0
  outer loop
   vertex 18.416669845581055 53.099998474121094 8.25
   vertex 16.916669845581055 53.099998474121094 8.25
   vertex 16.916669845581055 53.099998474121094 7.0500001907348633
  endloop
 endfacet
 facet normal 0 1 -0
  outer loop
   vertex 18.416669845581055 53.124000549316406 8.25
   vertex 18.416669845581055 53.124000549316406 7.0500001907348633
   vertex 16.916669845581055 53.124000549316406 7.0500001907348633
  endloop
 endfacet
 facet normal 0 1 0
  outer loop
   vertex 18.416669845581055 53.124000549316406 8.25
   vertex 16.916669845581055 53.124000549316406 7.0500001907348633
   vertex 16.916669845581055 53.124000549316406 8.25
  endloop
 endfacet
 facet normal 0 0 -1
  outer loop
   vertex 18.416669845581055 53.124000549316406 7.0500001907348633
   vertex 16.916669845581055 53.099998474121094 7.0500001907348633
   vertex 16.916669845581055 53.124000549316406 7.0500001907348633
  endloop
 endfacet
 facet normal 0 0 -1
  outer loop
   vertex 18.416669845581055 53.124000549316406 7.0500001907348633
   vertex 18.416669845581055 53.099998474121094 7.0500001907348633
   vertex 16.916669845581055 53.099998474121094 7.0500001907348633
  endloop
 endfacet
 facet normal -0 0 1
  outer loop
   vertex 18.416669845581055 53.124000549316406 8.25
   vertex 16.916669845581055 53.124000549316406 8.25
   vertex 16.916669845581055 53.099998474121094 8.25
  endloop
 endfacet
 facet normal 0 0 1
  outer loop
   vertex 18.416669845581055 53.124000549316406 8.25
   vertex 16.916669845581055 53.099998474121094 8.25
   vertex 18.416669845581055 53.099998474121094 8.25
  endloop
 endfacet
 facet normal -1 0 0
  outer loop
   vertex 16.916669845581055 53.099998474121094 5.5500001907348633
   vertex 16.916669845581055 53.124000549316406 4.3499999046325684
   vertex 16.916669845581055 53.099998474121094 4.3499999046325684
  endloop
 endfacet
 facet normal -1 -0 -0
  outer loop
   vertex 16.916669845581055 53.099998474121094 5.5500001907348633
   vertex 16.916669845581055 53.124000549316406 5.5500001907348633
   vertex 16.916669845581055 53.124000549316406 4.3499999046325684
  endloop
 endfacet
 facet normal 1 0 0
  outer loop
   vertex 18.416669845581055 53.099998474121094 5.5500001907348633
   vertex 18.416669845581055 53.099998474121094 4.3499999046325684
   vertex 18.416669845581055 53.124000549316406 4.3499999046325684
  endloop
 endfacet
 facet normal 1 0 -0
  outer loop
   vertex 18.416669845581055 53.099998474121094 5.5500001907348633
   vertex 18.416669845581055 53.124000549316406 4.3499999046325684
   vertex 18.416669845581055 53.124000549316406 5.5500001907348633
  endloop
 endfacet
 facet normal 0 -1 0
  outer loop
   vertex 18.416669845581055 53.099998474121094 5.5500001907348633
   vertex 16.916669845581055 53.099998474121094 4.3499999046325684
   vertex 18.416669845581055 53.099998474121094 4.3499999046325684
  endloop
 endfacet
 facet normal 0 -1 0
  outer loop
   vertex 18.416669845581055 53.099998474121094 5.5500001907348633
   vertex 16.916669845581055 53.099998474121094 5.5500001907348633
   vertex 16.916669845581055 53.099998474121094 4.3499999046325684
  endloop
 endfacet
 facet normal 0 1 -0
  outer loop
   vertex 18.416669845581055 53.124000549316406 5.5500001907348633
   vertex 18.416669845581055 53.124000549316406 4.3499999046325684
   vertex 16.916669845581055 53.124000549316406 4.3499999046325684
  endloop
 endfacet
 facet normal 0 1 0
  outer loop
   vertex 18.416669845581055 53.124000549316406 5.5500001907348633
   vertex 16.916669845581055 53.124000549316406 4.3499999046325684
   vertex 16.916669845581055 53.124000549316406 5.5500001907348633
  endloop
 endfacet
 facet normal 0 0 -1
  outer loop
   vertex 18.416669845581055 53.124000549316406 4.3499999046325684
   vertex 16.916669845581055 53.099998474121094 4.3499999046325684
   vertex 16.916669845581055 53.124000549316406 4.3499999046325684
  endloop
 endfacet
 facet normal 0 0 -1
  outer loop
   vertex 18.416669845581055 53.124000549316406 4.3499999046325684
   vertex 18.416669845581055 53.099998474121094 4.3499999046325684
   vertex 16.916669845581055 53.099998474121094 4.3499999046325684
  endloop
 endfacet
 facet normal -0 0 1
  outer loop
   vertex 18.416669845581055 53.124000549316406 5.5500001907348633
   vertex 16.916669845581055 53.124000549316406 5.5500001907348633
   vertex 16.916669845581055 53.099998474121094 5.5500001907348633
  endloop
 endfacet
 facet normal 0 0 1
  outer loop
   vertex 18.416669845581055 53.124000549316406 5.5500001907348633
   vertex 16.916669845581055 53.099998474121094 5.5500001907348633
   vertex 18.416669845581055 53.099998474121094 5.5500001907348633
  endloop
 endfacet
 facet normal -1 0 0
  outer loop
   vertex 16.916669845581055 53.099998474121094 2.8499999046325684
   vertex 16.916669845581055 53.124000549316406 1.6499999761581421
   vertex 16.916669845581055 53.099998474121094 1.6499999761581421
  endloop
 endfacet
 facet normal -1 -0 -0
  outer loop
   vertex 16.916669845581055 53.099998474121094 2.8499999046325684
   vertex 16.916669845581055 53.124000549316406 2.8499999046325684
   vertex 16.916669845581055 53.124000549316406 1.6499999761581421
  endloop
 endfacet
 facet normal 1 0 0
  outer loop
   vertex 18.416669845581055 53.099998474121094 2.8499999046325684
   vertex 18.416669845581055 53.099998474121094 1.6499999761581421
   vertex 18.416669845581055 53.124000549316406 1.6499999761581421
  endloop
 endfacet
 facet normal 1 0 -0
  outer loop
   vertex 18.416669845581055 53.099998474121094 2.8499999046325684
   vertex 18.416669845581055 53.124000549316406 1.6499999761581421
   vertex 18.416669845581055 53.124000549316406 2.8499999046325684
  endloop
 endfacet
 facet normal 0 -1 0
  outer loop
   vertex 18.416669845581055 53.099998474121094 2.8499999046325684
   vertex 16.916669845581055 53.099998474121094 1.6499999761581421
   vertex 18.416669845581055 53.099998474121094 1.6499999761581421
  endloop
 endfacet
 facet normal 0 -1 0
  outer loop
   vertex 18.416669845581055 53.099998474121094 2.8499999046325684
   vertex 16.916669845581055 53.099998474121094 2.8499999046325684
   vertex 16.916669845581055 53.099998474121094 1.6499999761581421
  endloop
 endfacet
 facet normal 0 1 -0
  outer loop
   vertex 18.416669845581055 53.124000549316406 2.8499999046325684
   vertex 18.416669845581055 53.124000549316406 1.6499999761581421
   vertex 16.916669845581055 53.124000549316406 1.6499999761581421
  endloop
 endfacet
 facet normal 0 1 0
  outer loop
   vertex 18.416669845581055 53.124000549316406 2.8499999046325684
   vertex 16.916669845581055 53.124000549316406 1.6499999761581421
   vertex 16.916669845581055 53.124000549316406 2.8499999046325684
  endloop
 endfacet
 facet normal 0 0 -1
  outer loop
   vertex 18.416669845581055 53.124000549316406 1.6499999761581421
   vertex 16.916669845581055 53.099998474121094 1.6499999761581421
   vertex 16.916669845581055 53.124000549316406 1.6499999761581421
  endloop
 endfacet
 facet normal 0 0 -1
  outer loop
   vertex 18.416669845581055 53.124000549316406 1.6499999761581421
   vertex 18.416669845581055 53.099998474121094 1.6499999761581421
   vertex 16.916669845581055 53.099998474121094 1.6499999761581421
  endloop
 endfacet
 facet normal -0 0 1
  outer loop
   vertex 18.416669845581055 53.124000549316406 2.8499999046325684
   vertex 16.916669845581055 53.124000549316406 2.8499999046325684
   vertex 16.916669845581055 53.099998474121094 2.8499999046325684
  endloop
 endfacet
 facet normal 0 0 1
  outer loop
   vertex 18.416669845581055 53.124000549316406 2.8499999046325684
   vertex 16.916669845581055 53.099998474121094 2.8499999046325684
   vertex 18.416669845581055 53.099998474121094 2.8499999046325684
  endloop
 endfacet
 facet normal -1 0 0
  outer loop
   vertex 10.25 53.099998474121094 13.649999618530273
   vertex 10.25 53.124000549316406 12.449999809265137
   vertex 10.25 53.099998474121094 12.449999809265137
  endloop
 endfacet
 facet normal -1 -0 -0
  outer loop
   vertex 10.25 53.099998474121094 13.649999618530273
   vertex 10.25 53.124000549316406 13.649999618530273
   vertex 10.25 53.124000549316406 12.449999809265137
  endloop
 endfacet
 facet normal 1 0 0
  outer loop
   vertex 11.75 53.099998474121094 13.649999618530273
   vertex 11.75 53.099998474121094 12.449999809265137
   vertex 11.75 53.124000549316406 12.449999809265137
  endloop
 endfacet
 facet normal 1 0 -0
  outer loop
   vertex 11.75 53.099998474121094 13.649999618530273
   vertex 11.75 53.124000549316406 12.449999809265137
   vertex 11.75 53.124000549316406 13.649999618530273
  endloop
 endfacet
 facet normal 0 -1 0
  outer loop
   vertex 11.75 53.099998474121094 12.449999809265137
   vertex 10.25 53.099998474121094 13.649999618530273
   vertex 10.25 53.099998474121094 12.449999809265137
  endloop
 endfacet
 facet normal 0 -1 0
  outer loop
   vertex 11.75 53.099998474121094 13.649999618530273
   vertex 10.25 53.099998474121094 13.649999618530273
   vertex 11.75 53.099998474121094 12.449999809265137
  endloop
 endfacet
 facet normal 0 1 0
  outer loop
   vertex 11.75 53.124000549316406 12.449999809265137
   vertex 10.25 53.124000549316406 12.449999809265137
   vertex 10.25 53.124000549316406 13.649999618530273
  endloop
 endfacet
 facet normal 0 1 -0
  outer loop
   vertex 11.75 53.124000549316406 13.649999618530273
   vertex 11.75 53.124000549316406 12.449999809265137
   vertex 10.25 53.124000549316406 13.649999618530273
  endloop
 endfacet
 facet normal 0 0 -1
  outer loop
   vertex 11.75 53.124000549316406 12.449999809265137
   vertex 10.25 53.099998474121094 12.449999809265137
   vertex 10.25 53.124000549316406 12.449999809265137
  endloop
 endfacet
 facet normal 0 0 -1
  outer loop
   vertex 11.75 53.124000549316406 12.449999809265137
   vertex 11.75 53.099998474121094 12.449999809265137
   vertex 10.25 53.099998474121094 12.449999809265137
  endloop
 endfacet
 facet normal -0 0 1
  outer loop
   vertex 11.75 53.124000549316406 13.649999618530273
   vertex 10.25 53.124000549316406 13.649999618530273
   vertex 10.25 53.099998474121094 13.649999618530273
  endloop
 endfacet
 facet normal 0 0 1
  outer loop
   vertex 11.75 53.124000549316406 13.649999618530273
   vertex 10.25 53.099998474121094 13.649999618530273
   vertex 11.75 53.099998474121094 13.649999618530273
  endloop
 endfacet
 facet normal -1 0 0
  outer loop
   vertex 10.25 53.099998474121094 10.949999809265137
   vertex 10.25 53.124000549316406 9.75
   vertex 10.25 53.099998474121094 9.75
  endloop
 endfacet
 facet normal -1 -0 -0
  outer loop
   vertex 10.25 53.099998474121094 10.949999809265137
   vertex 10.25 53.124000549316406 10.949999809265137
   vertex 10.25 53.124000549316406 9.75
  endloop
 endfacet
 facet normal 1 0 0
  outer loop
   vertex 11.75 53.099998474121094 10.949999809265137
   vertex 11.75 53.099998474121094 9.75
   vertex 11.75 53.124000549316406 9.75
  endloop
 endfacet
 facet normal 1 0 -0
  outer loop
   vertex 11.75 53.099998474121094 10.949999809265137
   vertex 11.75 53.124000549316406 9.75
   vertex 11.75 53.124000549316406 10.949999809265137
  endloop
 endfacet
 facet normal 0 -1 0
  outer loop
   vertex 11.75 53.099998474121094 10.949999809265137
   vertex 10.25 53.099998474121094 9.75
   vertex 11.75 53.099998474121094 9.75
  endloop
 endfacet
 facet normal 0 -1 0
  outer loop
   vertex 11.75 53.099998474121094 10.949999809265137
   vertex 10.25 53.099998474121094 10.949999809265137
   vertex 10.25 53.099998474121094 9.75
  endloop
 endfacet
 facet normal 0 1 -0
  outer loop
   vertex 11.75 53.124000549316406 10.949999809265137
   vertex 11.75 53.124000549316406 9.75
   vertex 10.25 53.124000549316406 9.75
  endloop
 endfacet
 facet normal 0 1 0
  outer loop
   vertex 11.75 53.124000549316406 10.949999809265137
   vertex 10.25 53.124000549316406 9.75
   vertex 10.25 53.124000549316406 10.949999809265137
  endloop
 endfacet
 facet normal 0 0 -1
  outer loop
   vertex 11.75 53.124000549316406 9.75
   vertex 10.25 53.099998474121094 9.75
   vertex 10.25 53.124000549316406 9.75
  endloop
 endfacet
 facet normal 0 0 -1
  outer loop
   vertex 11.75 53.124000549316406 9.75
   vertex 11.75 53.099998474121094 9.75
   vertex 10.25 53.099998474121094 9.75
  endloop
 endfacet
 facet normal -0 0 1
  outer loop
   vertex 11.75 53.124000549316406 10.949999809265137
   vertex 10.25 53.124000549316406 10.949999809265137
   vertex 10.25 53.099998474121094 10.949999809265137
  endloop
 endfacet
 facet normal 0 0 1
  outer loop
   vertex 11.75 53.124000549316406 10.949999809265137
   vertex 10.25 53.099998474121094 10.949999809265137
   vertex 11.75 53.099998474121094 10.949999809265137
  endloop
 endfacet
 facet normal -1 0 0
  outer loop
   vertex 10.25 53.099998474121094 8.25
   vertex 10.25 53.124000549316406 7.0500001907348633
   vertex 10.25 53.099998474121094 7.0500001907348633
  endloop
 endfacet
 facet normal -1 -0 -0
  outer loop
   vertex 10.25 53.099998474121094 8.25
   vertex 10.25 53.124000549316406 8.25
   vertex 10.25 53.124000549316406 7.0500001907348633
  endloop
 endfacet
 facet normal 1 0 0
  outer loop
   vertex 11.75 53.099998474121094 8.25
   vertex 11.75 53.099998474121094 7.0500001907348633
   vertex 11.75 53.124000549316406 7.0500001907348633
  endloop
 endfacet
 facet normal 1 0 -0
  outer loop
   vertex 11.75 53.099998474121094 8.25
   vertex 11.75 53.124000549316406 7.0500001907348633
   vertex 11.75 53.124000549316406 8.25
  endloop
 endfacet
 facet normal 0 -1 0
  outer loop
   vertex 11.75 53.099998474121094 8.25
   vertex 10.25 53.099998474121094 7.0500001907348633
   vertex 11.75 53.099998474121094 7.0500001907348633
  endloop
 endfacet
 facet normal 0 -1 0
  outer loop
   vertex 11.75 53.099998474121094 8.25
   vertex 10.25 53.099998474121094 8.25
   vertex 10.25 53.099998474121094 7.0500001907348633
  endloop
 endfacet
 facet normal 0 1 -0
  outer loop
   vertex 11.75 53.124000549316406 8.25
   vertex 11.75 53.124000549316406 7.0500001907348633
   vertex 10.25 53.124000549316406 7.0500001907348633
  endloop
 endfacet
 facet normal 0 1 0
  outer loop
   vertex 11.75 53.124000549316406 8.25
   vertex 10.25 53.124000549316406 7.0500001907348633
   vertex 10.25 53.124000549316406 8.25
  endloop
 endfacet
 facet normal 0 0 -1
  outer loop
   vertex 11.75 53.124000549316406 7.0500001907348633
   vertex 10.25 53.099998474121094 7.0500001907348633
   vertex 10.25 53.124000549316406 7.0500001907348633
  endloop
 endfacet
 facet normal 0 0 -1
  outer loop
   vertex 11.75 53.124000549316406 7.0500001907348633
   vertex 11.75 53.099998474121094 7.0500001907348633
   vertex 10.25 53.099998474121094 7.0500001907348633
  endloop
 endfacet
 facet normal -0 0 1
  outer loop
   vertex 11.75 53.124000549316406 8.25
   vertex 10.25 53.124000549316406 8.25
   vertex 10.25 53.099998474121094 8.25
  endloop
 endfacet
 facet normal 0 0 1
  outer loop
   vertex 11.75 53.124000549316406 8.25
   vertex 10.25 53.099998474121094 8.25
   vertex 11.75 53.099998474121094 8.25
  endloop
 endfacet
 facet normal -1 0 0
  outer loop
   vertex 10.25 53.099998474121094 5.5500001907348633
   vertex 10.25 53.124000549316406 4.3499999046325684
   vertex 10.25 53.099998474121094 4.3499999046325684
  endloop
 endfacet
 facet normal -1 -0 -0
  outer loop
   vertex 10.25 53.099998474121094 5.5500001907348633
   vertex 10.25 53.124000549316406 5.5500001907348633
   vertex 10.25 53.124000549316406 4.3499999046325684
  endloop
 endfacet
 facet normal 1 0 0
  outer loop
   vertex 11.75 53.099998474121094 5.5500001907348633
   vertex 11.75 53.099998474121094 4.3499999046325684
   vertex 11.75 53.124000549316406 4.3499999046325684
  endloop
 endfacet
 facet normal 1 0 -0
  outer loop
   vertex 11.75 53.099998474121094 5.5500001907348633
   vertex 11.75 53.124000549316406 4.3499999046325684
   vertex 11.75 53.124000549316406 5.5500001907348633
  endloop
 endfacet
 facet normal 0 -1 0
  outer loop
   vertex 11.75 53.099998474121094 5.5500001907348633
   vertex 10.25 53.099998474121094 4.3499999046325684
   vertex 11.75 53.099998474121094 4.3499999046325684
  endloop
 endfacet
 facet normal 0 -1 0
  outer loop
   vertex 11.75 53.099998474121094 5.5500001907348633
   vertex 10.25 53.099998474121094 5.5500001907348633
   vertex 10.25 53.099998474121094 4.3499999046325684
  endloop
 endfacet
 facet normal 0 1 -0
  outer loop
   vertex 11.75 53.124000549316406 5.5500001907348633
   vertex 11.75 53.124000549316406 4.3499999046325684
   vertex 10.25 53.124000549316406 4.3499999046325684
  endloop
 endfacet
 facet normal 0 1 0
  outer loop
   vertex 11.75 53.124000549316406 5.5500001907348633
   vertex 10.25 53.124000549316406 4.3499999046325684
   vertex 10.25 53.124000549316406 5.5500001907348633
  endloop
 endfacet
 facet normal 0 0 -1
  outer loop
   vertex 11.75 53.124000549316406 4.3499999046325684
   vertex 10.25 53.099998474121094 4.3499999046325684
   vertex 10.25 53.124000549316406 4.3499999046325684
  endloop
 endfacet
 facet normal 0 0 -1
  outer loop
   vertex 11.75 53.124000549316406 4.3499999046325684
   vertex 11.75 53.099998474121094 4.3499999046325684
   vertex 10.25 53.099998474121094 4.3499999046325684
  endloop
 endfacet
 facet normal -0 0 1
  outer loop
   vertex 11.75 53.124000549316406 5.5500001907348633
   vertex 10.25 53.124000549316406 5.5500001907348633
   vertex 10.25 53.099998474121094 5.5500001907348633
  endloop
 endfacet
 facet normal 0 0 1
  outer loop
   vertex 11.75 53.124000549316406 5.5500001907348633
   vertex 10.25 53.099998474121094 5.5500001907348633
   vertex 11.75 53.099998474121094 5.5500001907348633
  endloop
 endfacet
 facet normal -1 0 0
  outer loop
   vertex 10.25 53.099998474121094 2.8499999046325684
   vertex 10.25 53.124000549316406 1.6499999761581421
   vertex 10.25 53.099998474121094 1.6499999761581421
  endloop
 endfacet
 facet normal -1 -0 -0
  outer loop
   vertex 10.25 53.099998474121094 2.8499999046325684
   vertex 10.25 53.124000549316406 2.8499999046325684
   vertex 10.25 53.124000549316406 1.6499999761581421
  endloop
 endfacet
 facet normal 1 0 0
  outer loop
   vertex 11.75 53.099998474121094 2.8499999046325684
   vertex 11.75 53.099998474121094 1.6499999761581421
   vertex 11.75 53.124000549316406 1.6499999761581421
  endloop
 endfacet
 facet normal 1 0 -0
  outer loop
   vertex 11.75 53.099998474121094 2.8499999046325684
   vertex 11.75 53.124000549316406 1.6499999761581421
   vertex 11.75 53.124000549316406 2.8499999046325684
  endloop
 endfacet
 facet normal 0 -1 0
  outer loop
   vertex 11.75 53.099998474121094 2.8499999046325684
   vertex 10.25 53.099998474121094 1.6499999761581421
   vertex 11.75 53.099998474121094 1.6499999761581421
  endloop
 endfacet
 facet normal 0 -1 0
  outer loop
   vertex 11.75 53.099998474121094 2.8499999046325684
   vertex 10.25 53.099998474121094 2.8499999046325684
   vertex 10.25 53.099998474121094 1.6499999761581421
  endloop
 endfacet
 facet normal 0 1 -0
  outer loop
   vertex 11.75 53.124000549316406 2.8499999046325684
   vertex 11.75 53.124000549316406 1.6499999761581421
   vertex 10.25 53.124000549316406 1.6499999761581421
  endloop
 endfacet
 facet normal 0 1 0
  outer loop
   vertex 11.75 53.124000549316406 2.8499999046325684
   vertex 10.25 53.124000549316406 1.6499999761581421
   vertex 10.25 53.124000549316406 2.8499999046325684
  endloop
 endfacet
 facet normal 0 0 -1
  outer loop
   vertex 11.75 53.124000549316406 1.6499999761581421
   vertex 10.25 53.099998474121094 1.6499999761581421
   vertex 10.25 53.124000549316406 1.6499999761581421
  endloop
 endfacet
 facet normal 0 0 -1
  outer loop
   vertex 11.75 53.124000549316406 1.6499999761581421
   vertex 11.75 53.099998474121094 1.6499999761581421
   vertex 10.25 53.099998474121094 1.6499999761581421
  endloop
 endfacet
 facet normal -0 0 1
  outer loop
   vertex 11.75 53.124000549316406 2.8499999046325684
   vertex 10.25 53.124000549316406 2.8499999046325684
   vertex 10.25 53.099998474121094 2.8499999046325684
  endloop
 endfacet
 facet normal 0 0 1
  outer loop
   vertex 11.75 53.124000549316406 2.8499999046325684
   vertex 10.25 53.099998474121094 2.8499999046325684
   vertex 11.75 53.099998474121094 2.8499999046325684
  endloop
 endfacet
 facet normal -1 0 0
  outer loop
   vertex 3.5833330154418945 53.099998474121094 13.649999618530273
   vertex 3.5833330154418945 53.124000549316406 12.449999809265137
   vertex 3.5833330154418945 53.099998474121094 12.449999809265137
  endloop
 endfacet
 facet normal -1 -0 -0
  outer loop
   vertex 3.5833330154418945 53.099998474121094 13.649999618530273
   vertex 3.5833330154418945 53.124000549316406 13.649999618530273
   vertex 3.5833330154418945 53.124000549316406 12.449999809265137
  endloop
 endfacet
 facet normal 1 0 0
  outer loop
   vertex 5.0833330154418945 53.099998474121094 13.649999618530273
   vertex 5.0833330154418945 53.099998474121094 12.449999809265137
   vertex 5.0833330154418945 53.124000549316406 12.449999809265137
  endloop
 endfacet
 facet normal 1 0 -0
  outer loop
   vertex 5.0833330154418945 53.099998474121094 13.649999618530273
   vertex 5.0833330154418945 53.124000549316406 12.449999809265137
   vertex 5.0833330154418945 53.124000549316406 13.649999618530273
  endloop
 endfacet
 facet normal 0 -1 0
  outer loop
   vertex 5.0833330154418945 53.099998474121094 12.449999809265137
   vertex 3.5833330154418945 53.099998474121094 13.649999618530273
   vertex 3.5833330154418945 53.099998474121094 12.449999809265137
  endloop
 endfacet
 facet normal 0 -1 0
  outer loop
   vertex 5.0833330154418945 53.099998474121094 13.649999618530273
   vertex 3.5833330154418945 53.099998474121094 13.649999618530273
   vertex 5.0833330154418945 53.099998474121094 12.449999809265137
  endloop
 endfacet
 facet normal 0 1 0
  outer loop
   vertex 5.0833330154418945 53.124000549316406 12.449999809265137
   vertex 3.5833330154418945 53.124000549316406 12.449999809265137
   vertex 3.5833330154418945 53.124000549316406 13.649999618530273
  endloop
 endfacet
 facet normal 0 1 -0
  outer loop
   vertex 5.0833330154418945 53.124000549316406 13.649999618530273
   vertex 5.0833330154418945 53.124000549316406 12.449999809265137
   vertex 3.5833330154418945 53.124000549316406 13.649999618530273
  endloop
 endfacet
 facet normal 0 0 -1
  outer loop
   vertex 5.0833330154418945 53.124000549316406 12.449999809265137
   vertex 3.5833330154418945 53.099998474121094 12.449999809265137
   vertex 3.5833330154418945 53.124000549316406 12.449999809265137
  endloop
 endfacet
 facet normal 0 0 -1
  outer loop
   vertex 5.0833330154418945 53.124000549316406 12.449999809265137
   vertex 5.0833330154418945 53.099998474121094 12.449999809265137
   vertex 3.5833330154418945 53.099998474121094 12.449999809265137
  endloop
 endfacet
 facet normal -0 0 1
  outer loop
   vertex 5.0833330154418945 53.124000549316406 13.649999618530273
   vertex 3.5833330154418945 53.124000549316406 13.649999618530273
   vertex 3.5833330154418945 53.099998474121094 13.649999618530273
  endloop
 endfacet
 facet normal 0 0 1
  outer loop
   vertex 5.0833330154418945 53.124000549316406 13.649999618530273
   vertex 3.5833330154418945 53.099998474121094 13.649999618530273
   vertex 5.0833330154418945 53.099998474121094 13.649999618530273
  endloop
 endfacet
 facet normal -1 0 0
  outer loop
   vertex 3.5833330154418945 53.099998474121094 10.949999809265137
   vertex 3.5833330154418945 53.124000549316406 9.75
   vertex 3.5833330154418945 53.099998474121094 9.75
  endloop
 endfacet
 facet normal -1 -0 -0
  outer loop
   vertex 3.5833330154418945 53.099998474121094 10.949999809265137
   vertex 3.5833330154418945 53.124000549316406 10.949999809265137
   vertex 3.5833330154418945 53.124000549316406 9.75
  endloop
 endfacet
 facet normal 1 0 0
  outer loop
   vertex 5.0833330154418945 53.099998474121094 10.949999809265137
   vertex 5.0833330154418945 53.099998474121094 9.75
   vertex 5.0833330154418945 53.124000549316406 9.75
  endloop
 endfacet
 facet normal 1 0 -0
  outer loop
   vertex 5.0833330154418945 53.099998474121094 10.949999809265137
   vertex 5.0833330154418945 53.124000549316406 9.75
   vertex 5.0833330154418945 53.124000549316406 10.949999809265137
  endloop
 endfacet
 facet normal 0 -1 0
  outer loop
   vertex 5.0833330154418945 53.099998474121094 10.949999809265137
   vertex 3.5833330154418945 53.099998474121094 9.75
   vertex 5.0833330154418945 53.099998474121094 9.75
  endloop
 endfacet
 facet normal 0 -1 0
  outer loop
   vertex 5.0833330154418945 53.099998474121094 10.949999809265137
   vertex 3.5833330154418945 53.099998474121094 10.949999809265137
   vertex 3.5833330154418945 53.099998474121094 9.75
  endloop
 endfacet
 facet normal 0 1 -0
  outer loop
   vertex 5.0833330154418945 53.124000549316406 10.949999809265137
   vertex 5.0833330154418945 53.124000549316406 9.75
   vertex 3.5833330154418945 53.124000549316406 9.75
  endloop
 endfacet
 facet normal 0 1 0
  outer loop
   vertex 5.0833330154418945 53.124000549316406 10.949999809265137
   vertex 3.5833330154418945 53.124000549316406 9.75
   vertex 3.5833330154418945 53.124000549316406 10.949999809265137
  endloop
 endfacet
 facet normal 0 0 -1
  outer loop
   vertex 5.0833330154418945 53.124000549316406 9.75
   vertex 3.5833330154418945 53.099998474121094 9.75
   vertex 3.5833330154418945 53.124000549316406 9.75
  endloop
 endfacet
 facet normal 0 0 -1
  outer loop
   vertex 5.0833330154418945 53.124000549316406 9.75
   vertex 5.0833330154418945 53.099998474121094 9.75
   vertex 3.5833330154418945 53.099998474121094 9.75
  endloop
 endfacet
 facet normal -0 0 1
  outer loop
   vertex 5.0833330154418945 53.124000549316406 10.949999809265137
   vertex 3.5833330154418945 53.124000549316406 10.949999809265137
   vertex 3.5833330154418945 53.099998474121094 10.949999809265137
  endloop
 endfacet
 facet normal 0 0 1
  outer loop
   vertex 5.0833330154418945 53.124000549316406 10.949999809265137
   vertex 3.5833330154418945 53.099998474121094 10.949999809265137
   vertex 5.0833330154418945 53.099998474121094 10.949999809265137
  endloop
 endfacet
 facet normal -1 0 0
  outer loop
   vertex 3.5833330154418945 53.099998474121094 8.25
   vertex 3.5833330154418945 53.124000549316406 7.0500001907348633
   vertex 3.5833330154418945 53.099998474121094 7.0500001907348633
  endloop
 endfacet
 facet normal -1 -0 -0
  outer loop
   vertex 3.5833330154418945 53.099998474121094 8.25
   vertex 3.5833330154418945 53.124000549316406 8.25
   vertex 3.5833330154418945 53.124000549316406 7.0500001907348633
  endloop
 endfacet
 facet normal 1 0 0
  outer loop
   vertex 5.0833330154418945 53.099998474121094 8.25
   vertex 5.0833330154418945 53.099998474121094 7.0500001907348633
   vertex 5.0833330154418945 53.124000549316406 7.0500001907348633
  endloop
 endfacet
 facet normal 1 0 -0
  outer loop
   vertex 5.0833330154418945 53.099998474121094 8.25
   vertex 5.0833330154418945 53.124000549316406 7.0500001907348633
   vertex 5.0833330154418945 53.124000549316406 8.25
  endloop
 endfacet
 facet normal 0 -1 0
  outer loop
   vertex 5.0833330154418945 53.099998474121094 8.25
   vertex 3.5833330154418945 53.099998474121094 7.0500001907348633
   vertex 5.0833330154418945 53.099998474121094 7.0500001907348633
  endloop
 endfacet
 facet normal 0 -1 0
  outer loop
   vertex 5.0833330154418945 53.099998474121094 8.25
   vertex 3.5833330154418945 53.099998474121094 8.25
   vertex 3.5833330154418945 53.099998474121094 7.0500001907348633
  endloop
 endfacet
 facet normal 0 1 -0
  outer loop
   vertex 5.0833330154418945 53.124000549316406 8.25
   vertex 5.0833330154418945 53.124000549316406 7.0500001907348633
   vertex 3.5833330154418945 53.124000549316406 7.0500001907348633
  endloop
 endfacet
 facet normal 0 1 0
  outer loop
   vertex 5.0833330154418945 53.124000549316406 8.25
   vertex 3.5833330154418945 53.124000549316406 7.0500001907348633
   vertex 3.5833330154418945 53.124000549316406 8.25
  endloop
 endfacet
 facet normal 0 0 -1
  outer loop
   vertex 5.0833330154418945 53.124000549316406 7.0500001907348633
   vertex 3.5833330154418945 53.099998474121094 7.0500001907348633
   vertex 3.5833330154418945 53.124000549316406 7.0500001907348633
  endloop
 endfacet
 facet normal 0 0 -1
  outer loop
   vertex 5.0833330154418945 53.124000549316406 7.0500001907348633
   vertex 5.0833330154418945 53.099998474121094 7.0500001907348633
   vertex 3.5833330154418945 53.099998474121094 7.0500001907348633
  endloop
 endfacet
 facet normal -0 0 1
  outer loop
   vertex 5.0833330154418945 53.124000549316406 8.25
   vertex 3.5833330154418945 53.124000549316406 8.25
   vertex 3.5833330154418945 53.099998474121094 8.25
  endloop
 endfacet
 facet normal 0 0 1
  outer loop
   vertex 5.0833330154418945 53.124000549316406 8.25
   vertex 3.5833330154418945 53.099998474121094 8.25
   vertex 5.0833330154418945 53.099998474121094 8.25
  endloop
 endfacet
 facet normal -1 0 0
  outer loop
   vertex 3.5833330154418945 53.099998474121094 2.8499999046325684
   vertex 3.5833330154418945 53.124000549316406 1.6499999761581421
   vertex 3.5833330154418945 53.099998474121094 1.6499999761581421
  endloop
 endfacet
 facet normal -1 -0 -0
  outer loop
   vertex 3.5833330154418945 53.099998474121094 2.8499999046325684
   vertex 3.5833330154418945 53.124000549316406 2.8499999046325684
   vertex 3.5833330154418945 53.124000549316406 1.6499999761581421
  endloop
 endfacet
 facet normal 1 0 0
  outer loop
   vertex 5.0833330154418945 53.099998474121094 2.8499999046325684
   vertex 5.0833330154418945 53.099998474121094 1.6499999761581421
   vertex 5.0833330154418945 53.124000549316406 1.6499999761581421
  endloop
 endfacet
 facet normal 1 0 -0
  outer loop
   vertex 5.0833330154418945 53.099998474121094 2.8499999046325684
   vertex 5.0833330154418945 53.124000549316406 1.6499999761581421
   vertex 5.0833330154418945 53.124000549316406 2.8499999046325684
  endloop
 endfacet
 facet normal 0 -1 0
  outer loop
   vertex 5.0833330154418945 53.099998474121094 2.8499999046325684
   vertex 3.5833330154418945 53.099998474121094 1.6499999761581421
   vertex 5.0833330154418945 53.099998474121094 1.6499999761581421
  endloop
 endfacet
 facet normal 0 -1 0
  outer loop
   vertex 5.0833330154418945 53.099998474121094 2.8499999046325684
   vertex 3.5833330154418945 53.099998474121094 2.8499999046325684
   vertex 3.5833330154418945 53.099998474121094 1.6499999761581421
  endloop
 endfacet
 facet normal 0 1 -0
  outer loop
   vertex 5.0833330154418945 53.124000549316406 2.8499999046325684
   vertex 5.0833330154418945 53.124000549316406 1.6499999761581421
   vertex 3.5833330154418945 53.124000549316406 1.6499999761581421
  endloop
 endfacet
 facet normal 0 1 0
  outer loop
   vertex 5.0833330154418945 53.124000549316406 2.8499999046325684
   vertex 3.5833330154418945 53.124000549316406 1.6499999761581421
   vertex 3.5833330154418945 53.124000549316406 2.8499999046325684
  endloop
 endfacet
 facet normal 0 0 -1
  outer loop
   vertex 5.0833330154418945 53.124000549316406 1.6499999761581421
   vertex 3.5833330154418945 53.099998474121094 1.6499999761581421
   vertex 3.5833330154418945 53.124000549316406 1.6499999761581421
  endloop
 endfacet
 facet normal 0 0 -1
  outer loop
   vertex 5.0833330154418945 53.124000549316406 1.6499999761581421
   vertex 5.0833330154418945 53.099998474121094 1.6499999761581421
   vertex 3.5833330154418945 53.099998474121094 1.6499999761581421
  endloop
 endfacet
 facet normal -0 0 1
  outer loop
   vertex 5.0833330154418945 53.124000549316406 2.8499999046325684
   vertex 3.5833330154418945 53.124000549316406 2.8499999046325684
   vertex 3.5833330154418945 53.099998474121094 2.8499999046325684
  endloop
 endfacet
 facet normal 0 0 1
  outer loop
   vertex 5.0833330154418945 53.124000549316406 2.8499999046325684
   vertex 3.5833330154418945 53.099998474121094 2.8499999046325684
   vertex 5.0833330154418945 53.099998474121094 2.8499999046325684
  endloop
 endfacet
 facet normal -1 0 0
  outer loop
   vertex 3.5833330154418945 53.099998474121094 5.5500001907348633
   vertex 3.5833330154418945 53.124000549316406 4.3499999046325684
   vertex 3.5833330154418945 53.099998474121094 4.3499999046325684
  endloop
 endfacet
 facet normal -1 -0 -0
  outer loop
   vertex 3.5833330154418945 53.099998474121094 5.5500001907348633
   vertex 3.5833330154418945 53.124000549316406 5.5500001907348633
   vertex 3.5833330154418945 53.124000549316406 4.3499999046325684
  endloop
 endfacet
 facet normal 1 0 0
  outer loop
   vertex 5.0833330154418945 53.099998474121094 5.5500001907348633
   vertex 5.0833330154418945 53.099998474121094 4.3499999046325684
   vertex 5.0833330154418945 53.124000549316406 4.3499999046325684
  endloop
 endfacet
 facet normal 1 0 -0
  outer loop
   vertex 5.0833330154418945 53.099998474121094 5.5500001907348633
   vertex 5.0833330154418945 53.124000549316406 4.3499999046325684
   vertex 5.0833330154418945 53.124000549316406 5.5500001907348633
  endloop
 endfacet
 facet normal 0 -1 0
  outer loop
   vertex 5.0833330154418945 53.099998474121094 5.5500001907348633
   vertex 3.5833330154418945 53.099998474121094 4.3499999046325684
   vertex 5.0833330154418945 53.099998474121094 4.3499999046325684
  endloop
 endfacet
 facet normal 0 -1 0
  outer loop
   vertex 5.0833330154418945 53.099998474121094 5.5500001907348633
   vertex 3.5833330154418945 53.099998474121094 5.5500001907348633
   vertex 3.5833330154418945 53.099998474121094 4.3499999046325684
  endloop
 endfacet
 facet normal 0 1 -0
  outer loop
   vertex 5.0833330154418945 53.124000549316406 5.5500001907348633
   vertex 5.0833330154418945 53.124000549316406 4.3499999046325684
   vertex 3.5833330154418945 53.124000549316406 4.3499999046325684
  endloop
 endfacet
 facet normal 0 1 0
  outer loop
   vertex 5.0833330154418945 53.124000549316406 5.5500001907348633
   vertex 3.5833330154418945 53.124000549316406 4.3499999046325684
   vertex 3.5833330154418945 53.124000549316406 5.5500001907348633
  endloop
 endfacet
 facet normal 0 0 -1
  outer loop
   vertex 5.0833330154418945 53.124000549316406 4.3499999046325684
   vertex 3.5833330154418945 53.099998474121094 4.3499999046325684
   vertex 3.5833330154418945 53.124000549316406 4.3499999046325684
  endloop
 endfacet
 facet normal 0 0 -1
  outer loop
   vertex 5.0833330154418945 53.124000549316406 4.3499999046325684
   vertex 5.0833330154418945 53.099998474121094 4.3499999046325684
   vertex 3.5833330154418945 53.099998474121094 4.3499999046325684
  endloop
 endfacet
 facet normal -0 0 1
  outer loop
   vertex 5.0833330154418945 53.124000549316406 5.5500001907348633
   vertex 3.5833330154418945 53.124000549316406 5.5500001907348633
   vertex 3.5833330154418945 53.099998474121094 5.5500001907348633
  endloop
 endfacet
 facet normal 0 0 1
  outer loop
   vertex 5.0833330154418945 53.124000549316406 5.5500001907348633
   vertex 3.5833330154418945 53.099998474121094 5.5500001907348633
   vertex 5.0833330154418945 53.099998474121094 5.5500001907348633
  endloop
 endfacet
endsolid
