# vtk DataFile Version 2.0
Heat path
ASCII
DATASET POLYDATA
POINTS 8668 double
0.5 0.5 0.5
0.50131 0.490328 0.497826
0.50977 0.49329 0.493391
0.51532 0.487987 0.486982
0.525194 0.48949 0.486491
0.532866 0.4959 0.486235
0.527028 0.490044 0.480611
0.52311 0.48179 0.476547
0.514288 0.483746 0.472264
0.509016 0.487234 0.464516
0.511673 0.496647 0.466599
0.519382 0.492712 0.46159
0.520951 0.482837 0.461474
0.520425 0.483932 0.4714
0.52608 0.475689 0.471135
0.527637 0.485518 0.470147
0.523464 0.494199 0.46746
0.525516 0.48817 0.45975
0.52646 0.487927 0.449798
0.532045 0.490827 0.45757
0.529236 0.484317 0.450517
0.526724 0.478053 0.443138
0.525497 0.484841 0.450378
0.519702 0.491259 0.445355
0.52857 0.486768 0.444263
0.536009 0.481182 0.440595
0.532176 0.489311 0.444979
0.530791 0.492735 0.435687
0.529169 0.502467 0.437319
0.536711 0.503707 0.430871
0.543099 0.502869 0.423223
0.542451 0.501138 0.413395
0.533476 0.504829 0.410981
0.529295 0.513283 0.407657
0.537888 0.508795 0.410111
0.535398 0.502793 0.402509
0.526062 0.499228 0.402158
0.532863 0.504558 0.407192
0.529864 0.511216 0.414024
0.538081 0.513602 0.408847
0.534429 0.504848 0.40568
0.539006 0.496009 0.404725
0.529253 0.498212 0.404549
0.531214 0.506327 0.410054
0.539772 0.508487 0.405354
0.542389 0.51703 0.409845
0.551297 0.520395 0.412897
0.556841 0.526312 0.407044
0.55692 0.530161 0.397815
0.559025 0.525607 0.389165
0.559791 0.518217 0.395857
0.553868 0.520067 0.403699
0.55386 0.529846 0.405791
0.55574 0.523506 0.398289
0.547346 0.524349 0.39292
0.550484 0.51995 0.401335
0.541554 0.524113 0.399623
0.535281 0.523985 0.391837
0.533618 0.51596 0.397567
0.53892 0.50831 0.393912
0.540064 0.51198 0.38468
0.545779 0.520141 0.383828
0.551835 0.523312 0.376529
0.542504 0.522679 0.37299
0.548215 0.53083 0.372019
0.549777 0.534966 0.380988
0.54917 0.528054 0.388189
0.552499 0.518674 0.389149
0.551253 0.509696 0.393373
0.554114 0.514804 0.385266
0.550508 0.524092 0.384418
0.552239 0.533102 0.388395
0.551161 0.523361 0.386411
0.543397 0.52389 0.392691
0.542107 0.531614 0.386472
0.545136 0.540434 0.390081
0.542565 0.535583 0.398439
0.54829 0.536209 0.406614
0.556827 0.535129 0.411709
0.562739 0.542439 0.408301
0.555198 0.545717 0.413993
0.551973 0.542777 0.404995
0.544971 0.547747 0.399869
0.536255 0.552278 0.398
0.540784 0.560167 0.393846
0.538572 0.568921 0.398144
0.545768 0.571884 0.391863
0.553163 0.574563 0.398038
0.555579 0.575294 0.388361
0.551493 0.580269 0.396013
0.557712 0.582991 0.38867
0.566716 0.584294 0.392821
0.573786 0.589217 0.397897
0.583678 0.590029 0.399117
0.58138 0.593519 0.408202
0.581166 0.60007 0.415755
0.589897 0.602567 0.419944
0.591118 0.610813 0.414419
0.595084 0.619895 0.415755
0.602061 0.617092 0.422348
0.608188 0.609189 0.42248
0.606879 0.606683 0.432072
0.602267 0.603851 0.423663
0.602322 0.605796 0.413854
0.608718 0.598848 0.410566
0.617017 0.60278 0.414523
0.607544 0.605681 0.415882
0.604276 0.606963 0.406518
0.61068 0.614285 0.408835
0.614068 0.605449 0.412067
0.609369 0.596853 0.414076
0.601542 0.592864 0.418853
0.604417 0.591039 0.40945
0.596166 0.595892 0.406558
0.592305 0.594789 0.415717
0.598027 0.596442 0.42375
0.605205 0.590474 0.420164
0.611543 0.585943 0.426433
0.612223 0.595857 0.425312
0.612285 0.586468 0.428754
0.614676 0.577177 0.425933
0.611287 0.577818 0.435319
0.610732 0.568276 0.438259
0.603586 0.566258 0.43156
0.5967 0.573458 0.430708
0.606118 0.570365 0.429397
0.603867 0.560634 0.428905
0.602948 0.56146 0.438828
0.603083 0.565336 0.429611
0.607835 0.566534 0.420894
0.608758 0.563548 0.430393
0.600733 0.568519 0.433691
0.600549 0.578494 0.43437
0.610419 0.57979 0.433417
0.609475 0.576306 0.442743
0.605794 0.573894 0.433763
0.596073 0.573495 0.436076
0.605908 0.572072 0.434957
0.61501 0.568266 0.433323
0.623478 0.570917 0.437935
0.628784 0.568791 0.446139
0.638368 0.567502 0.443593
0.633037 0.575524 0.446281
0.641902 0.571154 0.444759
0.639785 0.571843 0.43501
0.634082 0.567355 0.42813
0.632108 0.558468 0.423992
0.625646 0.559589 0.416443
0.623339 0.563322 0.407458
0.619401 0.556077 0.401801
0.62259 0.565282 0.404057
0.631306 0.569865 0.405801
0.635849 0.56294 0.400198
0.63255 0.563384 0.390769
0.625858 0.56475 0.383465
0.61964 0.557334 0.385983
0.625316 0.551029 0.38069
0.635085 0.552008 0.378791
0.642458 0.545296 0.378023
0.637867 0.537875 0.382907
0.642801 0.54325 0.389745
0.64571 0.552674 0.391396
0.654964 0.548925 0.390826
0.646393 0.550053 0.395853
0.647046 0.540093 0.39524
0.645155 0.530395 0.396776
0.649788 0.522244 0.393297
0.654512 0.525076 0.384951
0.647787 0.532475 0.385153
0.638379 0.530396 0.387828
0.647921 0.527854 0.389402
0.654847 0.534845 0.391178
0.653082 0.543065 0.396593
0.663037 0.542506 0.397367
0.660536 0.545134 0.388048
0.657316 0.540781 0.379641
0.659454 0.545873 0.387978
0.667166 0.548758 0.393652
0.673173 0.543165 0.387941
0.672383 0.550421 0.394776
0.680115 0.548837 0.400916
0.683022 0.551703 0.391787
0.682562 0.55341 0.40163
0.691203 0.558176 0.400015
0.69872 0.555462 0.406027
0.699586 0.555591 0.396065
0.703318 0.546363 0.397026
0.707723 0.550206 0.40514
0.713226 0.557905 0.401907
0.715985 0.548434 0.400263
0.710549 0.545712 0.408203
0.71884 0.543484 0.403074
0.723215 0.536362 0.397584
0.715684 0.532681 0.39213
0.710114 0.534038 0.383937
0.715498 0.541144 0.379408
0.721728 0.533349 0.378757
0.724882 0.541202 0.37343
0.730179 0.533022 0.371187
0.72958 0.529235 0.380423
0.726163 0.520096 0.378233
0.727917 0.519093 0.388027
0.733031 0.51779 0.396521
0.740979 0.51212 0.398685
0.745897 0.5194 0.393908
0.755337 0.516549 0.395568
0.761591 0.524347 0.395278
0.757332 0.531799 0.400409
0.759237 0.537076 0.39213
0.751532 0.542844 0.389418
0.75909 0.541695 0.382972
0.751006 0.543367 0.377328
0.753139 0.53518 0.382659
0.754539 0.537135 0.372953
0.752229 0.537043 0.363224
0.744424 0.53508 0.36916
0.741608 0.527945 0.375576
0.747509 0.526005 0.367739
0.748789 0.519446 0.375178
0.745915 0.514103 0.383127
0.747379 0.522705 0.378242
0.747876 0.532451 0.376058
0.745978 0.532485 0.385876
0.739084 0.53704 0.39151
0.73489 0.52978 0.38606
0.739066 0.538805 0.385008
0.731013 0.544114 0.387648
0.738716 0.543042 0.381362
0.745806 0.545918 0.387801
0.742277 0.547269 0.378543
0.738223 0.538373 0.380648
0.745189 0.531361 0.38217
0.748273 0.523645 0.376606
0.751883 0.53286 0.378037
0.748073 0.528903 0.369681
0.747514 0.536819 0.363596
0.750922 0.529964 0.370031
0.741627 0.532809 0.36768
0.733786 0.533118 0.373878
0.728768 0.541487 0.376067
0.719335 0.544601 0.377209
0.712664 0.551535 0.379934
0.709987 0.541996 0.378583
0.703701 0.534223 0.378869
0.703596 0.52438 0.380633
0.710424 0.519804 0.374937
0.701115 0.522918 0.373026
0.703895 0.52728 0.364468
0.705356 0.523309 0.373528
0.703212 0.51366 0.375042
0.701635 0.518232 0.383795
0.704588 0.514352 0.392526
0.703892 0.505875 0.387267
0.704757 0.513366 0.380699
0.709561 0.506362 0.385977
0.705514 0.508554 0.394856
0.702782 0.510933 0.385535
0.697155 0.518813 0.383038
0.704092 0.511653 0.383818
0.709324 0.518235 0.389232
0.708647 0.508264 0.389582
0.708277 0.516592 0.384059
0.717632 0.517627 0.38068
0.719334 0.524233 0.373368
0.713164 0.53084 0.369093
0.714737 0.524348 0.361651
0.70496 0.523401 0.359776
0.707556 0.515988 0.365965
0.69777 0.516421 0.363956
0.703805 0.514067 0.356338
0.699895 0.520086 0.363301
0.706076 0.513471 0.359054
0.701438 0.521188 0.363406
0.704146 0.520576 0.353799
0.697414 0.525415 0.348208
0.700847 0.52458 0.357563
0.707118 0.51983 0.363737
0.70613 0.5121 0.35747
0.704012 0.502354 0.358185
0.713162 0.50337 0.362089
0.722345 0.500585 0.364904
0.712913 0.501886 0.367964
0.707243 0.49898 0.360257
0.701572 0.503357 0.367234
0.698761 0.501699 0.357782
0.700992 0.511132 0.355325
0.692844 0.511461 0.349537
0.697174 0.5202 0.347326
0.705695 0.515139 0.34599
0.712836 0.515643 0.352971
0.717031 0.523772 0.357012
0.708095 0.522752 0.352642
0.708881 0.525601 0.343089
0.710115 0.532777 0.336234
0.718652 0.530011 0.340646
0.7142 0.53819 0.337002
0.715911 0.541591 0.346249
0.713241 0.532242 0.343911
0.720017 0.536937 0.338251
0.71603 0.541317 0.346308
0.715591 0.551129 0.348184
0.711503 0.544438 0.35439
0.721347 0.543651 0.355966
0.715586 0.551271 0.353008
0.717693 0.559077 0.358891
0.71416 0.56 0.349582
0.711234 0.550506 0.348439
0.712192 0.548366 0.338718
0.718905 0.552031 0.332276
0.716772 0.549103 0.341597
0.713034 0.550047 0.350824
0.706224 0.547347 0.344018
0.703596 0.556995 0.34412
0.703902 0.566991 0.344076
0.707449 0.571838 0.352072
0.709077 0.578784 0.359079
0.703587 0.574031 0.352204
0.698826 0.565781 0.355251
0.701672 0.564733 0.345722
0.703246 0.567488 0.336239
0.711176 0.573575 0.33646
0.703251 0.579265 0.334265
0.693657 0.577391 0.336372
0.696108 0.584605 0.342848
0.702071 0.577164 0.339835
0.708308 0.569619 0.337791
0.708652 0.579378 0.335637
0.703062 0.578874 0.343914
0.697471 0.587112 0.344848
0.694101 0.577822 0.343316
0.691424 0.570554 0.336991
0.696616 0.5791 0.337056
0.697461 0.572036 0.330029
0.707279 0.573291 0.328604
0.70493 0.564527 0.324399
0.697729 0.571036 0.326802
0.705861 0.565217 0.326944
0.707596 0.563924 0.317181
0.699543 0.558292 0.319034
0.692461 0.564559 0.322286
0.692419 0.562927 0.31242
0.700099 0.561347 0.306214
0.700852 0.567369 0.298266
0.710209 0.565531 0.301277
0.705887 0.563222 0.309995
0.700056 0.556476 0.314521
0.708905 0.554928 0.318915
0.710072 0.564757 0.317494
0.717409 0.56223 0.323801
0.708081 0.561082 0.320386
0.715041 0.557922 0.326833
0.724801 0.556459 0.328447
0.731141 0.550802 0.333721
0.732168 0.545094 0.341867
0.727057 0.536909 0.344493
0.734478 0.543609 0.344714
0.735996 0.544537 0.334873
0.743792 0.546485 0.32892
0.734204 0.548799 0.330572
0.735359 0.545907 0.340074
0.735408 0.552398 0.332468
0.741666 0.554256 0.340043
0.746031 0.55075 0.331757
0.738329 0.556526 0.329055
0.734268 0.547637 0.331174
0.731817 0.553186 0.323224
0.728477 0.562591 0.322599
0.727178 0.561907 0.332491
0.721885 0.554731 0.337018
0.722751 0.564102 0.340399
0.729551 0.557139 0.338101
0.732632 0.554123 0.347124
0.730877 0.546623 0.340747
0.734962 0.554602 0.336313
0.744105 0.552975 0.332605
0.746437 0.545084 0.338287
0.747324 0.536772 0.332798
0.745195 0.53245 0.324035
0.752229 0.529102 0.330305
0.75862 0.528378 0.322649
0.757851 0.520021 0.328086
0.762332 0.518296 0.319314
0.772004 0.51772 0.321787
0.779399 0.524423 0.322408
0.769641 0.526074 0.32097
0.766498 0.535323 0.323109
0.759443 0.529707 0.318785
0.757979 0.539259 0.316216
0.755799 0.54367 0.324922
0.759178 0.534484 0.32697
0.753479 0.541417 0.322559
0.750067 0.532021 0.322314
0.741321 0.535209 0.31866
0.745739 0.526561 0.316273
0.743642 0.523153 0.307109
0.745402 0.526392 0.297813
0.746437 0.536277 0.296712
0.742123 0.53159 0.30442
0.748622 0.525001 0.300631
0.756881 0.520753 0.304338
0.761307 0.528582 0.299966
0.762075 0.528365 0.289998
0.7702 0.523161 0.292624
0.761265 0.520988 0.296552
0.770577 0.52445 0.297689
0.770223 0.528576 0.288587
0.769107 0.521142 0.281991
0.7592 0.519988 0.282709
0.758746 0.523972 0.273548
0.767132 0.527406 0.26932
0.771113 0.53224 0.277116
0.776203 0.535771 0.284966
0.785463 0.535554 0.288735
0.781192 0.526513 0.288908
0.776281 0.524476 0.297378
0.779876 0.519091 0.304999
0.78758 0.525407 0.305858
0.791288 0.521661 0.314356
0.790297 0.511901 0.316294
0.799474 0.515541 0.317884
0.794789 0.523828 0.320949
0.799457 0.528511 0.32845
0.808597 0.525663 0.33134
0.804218 0.53459 0.332403
0.797672 0.530135 0.338511
0.806104 0.531775 0.343631
0.797853 0.528338 0.339147
0.794048 0.537517 0.338023
0.786813 0.533468 0.332433
0.780711 0.53282 0.340329
0.78355 0.53096 0.349735
0.787609 0.531041 0.358874
0.792407 0.525164 0.35236
0.792662 0.533875 0.357264
0.788829 0.525108 0.36017
0.779004 0.525773 0.35843
0.784564 0.518439 0.362341
0.785846 0.510644 0.35621
0.784248 0.512808 0.346579
0.77819 0.514223 0.338749
0.776146 0.505725 0.343607
0.769884 0.49919 0.339354
0.759974 0.500513 0.339152
0.757033 0.493369 0.3455
0.763737 0.498592 0.35077
0.761034 0.499747 0.341211
0.762962 0.506504 0.334096
0.756236 0.506042 0.32671
0.756856 0.50374 0.336422
0.762002 0.507578 0.344089
0.756257 0.508277 0.352244
0.759633 0.5175 0.350365
0.755739 0.510504 0.356357
0.750749 0.516768 0.350368
0.745884 0.515649 0.341703
0.737698 0.510504 0.344254
0.747625 0.509334 0.34454
0.739697 0.509315 0.338445
0.735069 0.509909 0.329601
0.733269 0.500154 0.328336
0.734264 0.493572 0.320873
0.733522 0.496431 0.330427
0.736494 0.505114 0.326456
0.734324 0.512653 0.332657
0.726643 0.518591 0.335053
0.726164 0.516434 0.3253
0.717928 0.51087 0.326393
0.710771 0.509353 0.333211
0.720028 0.511932 0.335975
0.717594 0.514372 0.345362
0.708807 0.51674 0.349509
0.708411 0.519848 0.340012
0.698499 0.518561 0.340321
0.70361 0.521835 0.348268
0.711254 0.516409 0.344785
0.708889 0.517175 0.335099
0.709991 0.52328 0.342943
0.709197 0.532981 0.345237
0.701706 0.539597 0.344909
0.695067 0.546322 0.341637
0.699958 0.539615 0.347213
0.708646 0.544265 0.348914
0.713368 0.546468 0.340378
0.70347 0.547657 0.339592
0.710425 0.550139 0.346334
0.718752 0.555603 0.345434
0.724348 0.547447 0.346906
0.734136 0.54907 0.345656
0.735682 0.545266 0.336538
0.737169 0.535387 0.336113
0.738468 0.527687 0.34236
0.730269 0.533355 0.343165
0.72062 0.531227 0.344704
0.716541 0.540121 0.346767
0.71207 0.54713 0.352325
0.702651 0.544474 0.350273
0.709437 0.55012 0.35497
0.71159 0.559828 0.353915
0.706543 0.568366 0.352631
0.711676 0.560036 0.354697
0.709297 0.569735 0.355211
0.708692 0.560718 0.359491
0.704265 0.564454 0.35134
0.70466 0.556376 0.345459
0.697083 0.553248 0.351186
0.700109 0.554273 0.360662
0.706743 0.546972 0.359024
0.714063 0.540317 0.360483
0.713126 0.549965 0.362942
0.714184 0.544928 0.371516
0.707232 0.551824 0.373545
0.701995 0.554128 0.381746
0.692196 0.556115 0.3819
0.702015 0.554812 0.383272
0.710636 0.550987 0.379948
0.718301 0.557063 0.377871
0.720463 0.555357 0.368258
0.727788 0.551041 0.373523
0.734777 0.545143 0.369476
0.743201 0.539879 0.368328
0.739023 0.541031 0.359316
0.74153 0.53735 0.36827
0.743023 0.541127 0.359132
0.751912 0.544708 0.356273
0.742985 0.546204 0.352022
0.750477 0.548411 0.345778
0.751305 0.539248 0.341859
0.752962 0.546248 0.334913
0.746059 0.546803 0.327699
0.736714 0.545509 0.331016
0.730416 0.553179 0.329789
0.723681 0.560212 0.332063
0.733278 0.560558 0.329274
0.735975 0.552981 0.335217
0.737325 0.543266 0.337167
0.743354 0.547927 0.343642
0.74305 0.542886 0.335011
0.734778 0.544596 0.340364
0.736594 0.535053 0.33799
0.74628 0.532784 0.33697
0.750457 0.541867 0.336724
0.751471 0.536101 0.328617
0.755952 0.528658 0.323664
0.761474 0.522146 0.318458
0.763668 0.513223 0.322403
0.764092 0.507968 0.3309
0.761209 0.516116 0.325871
0.759986 0.516385 0.335792
0.76044 0.506577 0.333893
0.75066 0.508446 0.332967
0.75744 0.50233 0.328891
0.763515 0.495136 0.325522
0.758829 0.500308 0.31836
0.759877 0.493417 0.325531
0.755305 0.484912 0.32293
0.757664 0.481233 0.331925
0.759419 0.474647 0.324607
0.755813 0.474676 0.333934
0.746736 0.47136 0.331363
0.744045 0.47786 0.324257
0.747505 0.476102 0.333473
0.742184 0.47131 0.326492
0.74911 0.46882 0.333261
0.741096 0.466893 0.338923
0.738825 0.465772 0.348597
0.734723 0.460528 0.341136
0.729998 0.462515 0.349722
0.724754 0.467972 0.343186
0.72572 0.462494 0.334876
0.72249 0.466322 0.326221
0.729437 0.470561 0.332033
0.722239 0.477321 0.33361
0.720708 0.480226 0.324164
0.714464 0.486553 0.319583
0.704768 0.488718 0.318446
0.704478 0.494834 0.326352
0.711177 0.501746 0.329064
0.710667 0.506127 0.338038
0.715583 0.508386 0.346448
0.708947 0.514247 0.351098
0.706682 0.519623 0.342976
0.706895 0.522334 0.333353
0.712191 0.525922 0.325666
0.715645 0.527684 0.334884
0.72088 0.523607 0.327403
0.727211 0.518264 0.321802
0.731409 0.509193 0.322124
0.732593 0.49983 0.325429
0.724988 0.498256 0.331728
0.725741 0.503099 0.340445
0.72477 0.512919 0.338827
0.7159 0.512023 0.343358
0.7099 0.505265 0.347639
0.70224 0.499044 0.346019
0.700541 0.507224 0.340523
0.7022 0.499258 0.346335
0.700105 0.490611 0.34177
0.695448 0.493339 0.350188
0.690489 0.500876 0.354503
0.699724 0.503691 0.357109
0.691554 0.505077 0.362706
0.701003 0.506946 0.360017
0.691489 0.509935 0.359276
0.686602 0.501433 0.361234
0.696104 0.499826 0.363906
0.687227 0.4998 0.368512
0.681048 0.495882 0.375328
0.685436 0.4924 0.367045
0.677663 0.498678 0.367446
0.671125 0.505152 0.363529
0.666315 0.5095 0.355916
0.660058 0.502 0.35806
0.652621 0.505606 0.352431
0.650749 0.50425 0.36216
0.656451 0.512049 0.359579
0.659203 0.511429 0.349986
0.649262 0.512503 0.349857
0.648934 0.522496 0.34967
0.65494 0.518615 0.356661
0.653253 0.528427 0.357606
0.654258 0.529952 0.367438
0.647924 0.53462 0.361266
0.64092 0.531863 0.354683
0.647149 0.529298 0.347293
0.645171 0.522701 0.340043
0.652402 0.528195 0.335856
0.661549 0.531585 0.333658
0.662026 0.535333 0.324399
0.65308 0.535564 0.328863
0.652335 0.529944 0.320625
0.647821 0.535741 0.327409
0.645883 0.539541 0.318364
0.640902 0.539267 0.309697
0.646633 0.532979 0.304442
0.655768 0.531109 0.300828
0.660914 0.539657 0.300157
0.652977 0.53509 0.296139
0.662065 0.538216 0.293378
0.670397 0.54364 0.294453
0.663548 0.544999 0.301611
0.667452 0.554019 0.303455
0.66739 0.557419 0.312859
0.658765 0.556898 0.307825
0.661056 0.550498 0.300491
0.662822 0.559471 0.296444
0.655945 0.562085 0.289671
0.657299 0.555171 0.282575
0.655607 0.554509 0.292408
0.657441 0.564338 0.292549
0.654446 0.555804 0.288282
0.656848 0.565035 0.291287
0.647144 0.563345 0.29301
0.652459 0.571764 0.292072
0.657815 0.563369 0.292989
0.662483 0.55518 0.296328
0.671754 0.552921 0.299321
0.673864 0.557854 0.307759
0.674996 0.567774 0.307189
0.66712 0.561629 0.306732
0.674159 0.565423 0.300728
0.673985 0.574177 0.30556
0.678156 0.566273 0.301072
0.675078 0.557916 0.30562
0.674885 0.559107 0.315547
0.675465 0.568128 0.311271
0.67944 0.573242 0.318889
0.671469 0.575843 0.313439
0.663259 0.580148 0.317189
0.665894 0.588722 0.32161
0.67227 0.592594 0.328271
0.670674 0.599975 0.334826
0.667605 0.605578 0.342519
0.665187 0.60044 0.334288
0.67423 0.601165 0.33008
0.682287 0.607082 0.329794
0.687287 0.604921 0.321408
0.683451 0.607985 0.312696
0.690489 0.614909 0.311105
0.696827 0.618027 0.318183
0.704144 0.612308 0.321892
0.709927 0.604427 0.319781
0.717269 0.610788 0.322155
0.720683 0.611927 0.312825
0.720271 0.607661 0.30379
0.715969 0.599045 0.301098
0.715648 0.590431 0.306168
0.723477 0.593765 0.311421
0.71695 0.60088 0.314023
0.715064 0.591367 0.316461
0.707186 0.587509 0.321262
0.713061 0.582328 0.327478
0.718843 0.578852 0.33486
0.722617 0.569707 0.333402
0.717002 0.57104 0.341569
0.709781 0.568127 0.347844
0.713879 0.565674 0.339058
0.705595 0.564102 0.333681
0.709964 0.557862 0.327203
0.719687 0.555637 0.326491
0.727413 0.5527 0.320861
0.724887 0.562235 0.319214
0.726511 0.559025 0.309883
0.731841 0.567469 0.310432
0.732755 0.563723 0.319658
0.736125 0.569882 0.312537
0.728932 0.576682 0.313955
0.720779 0.581315 0.317428
0.717536 0.590658 0.318906
0.714498 0.596545 0.326398
0.722564 0.59133 0.329183
0.717011 0.596823 0.322938
0.71727 0.59211 0.331754
0.72696 0.59403 0.333311
0.735956 0.591159 0.33002
0.735163 0.581239 0.331002
0.743738 0.576332 0.329453
0.753199 0.574815 0.332311
0.74386 0.578362 0.332754
0.74201 0.588022 0.334562
0.747627 0.594004 0.340277
0.756574 0.598471 0.340169
0.747792 0.602646 0.337834
0.749202 0.612027 0.340999
0.757579 0.613022 0.346369
0.762968 0.616218 0.354163
0.767302 0.624496 0.350601
0.764579 0.614908 0.351415
0.764167 0.608669 0.343611
0.755114 0.608886 0.339369
0.74608 0.608452 0.343636
0.748437 0.5995 0.339853
0.741483 0.596381 0.346328
0.738 0.588208 0.350918
0.736417 0.579074 0.354668
0.729096 0.572273 0.354282
0.731822 0.5804 0.35943
0.727772 0.572388 0.363834
0.721608 0.569518 0.356501
0.726077 0.577663 0.3602
0.723261 0.576253 0.350709
0.717323 0.568475 0.348651
0.720787 0.565183 0.339867
0.714597 0.566496 0.332123
0.707386 0.573391 0.331448
0.710778 0.564009 0.332141
0.720054 0.560309 0.331623
0.712651 0.564977 0.336461
0.715773 0.56719 0.327222
0.724049 0.572648 0.328535
0.72076 0.580607 0.323452
0.720425 0.587004 0.315773
0.721457 0.585595 0.32562
0.730442 0.589453 0.327712
0.737079 0.584753 0.333531
0.734628 0.593009 0.338614
0.727593 0.599143 0.342202
0.728954 0.594578 0.350994
0.735611 0.596544 0.343796
0.743131 0.59059 0.340968
0.737374 0.582953 0.338048
0.745443 0.577056 0.33839
0.755253 0.575848 0.339905
0.762081 0.569006 0.337345
0.759672 0.578701 0.337781
0.750262 0.581737 0.339277
0.759595 0.583893 0.342151
0.76233 0.574419 0.343808
0.756761 0.579551 0.350338
0.763978 0.577877 0.343622
0.763274 0.576349 0.333764
0.762743 0.568686 0.327361
0.752874 0.570137 0.32665
0.757372 0.578693 0.324087
0.76511 0.57316 0.321003
0.77401 0.57758 0.32213
0.765544 0.580567 0.326536
0.757928 0.581475 0.32012
0.767096 0.585028 0.321944
0.772828 0.576846 0.321511
0.766533 0.575092 0.329079
0.766415 0.574202 0.339039
0.770895 0.570699 0.330813
0.778953 0.573364 0.325525
0.782658 0.57385 0.316249
0.7735 0.577604 0.314823
0.773126 0.575778 0.304998
0.781383 0.572231 0.309386
0.787525 0.564893 0.312289
0.795355 0.564002 0.306134
0.788149 0.566463 0.312616
0.778605 0.566716 0.309642
0.770313 0.567368 0.315194
0.765985 0.568498 0.324137
0.769557 0.576828 0.319911
0.776812 0.570853 0.316495
0.773605 0.567333 0.307701
0.782722 0.571331 0.308655
0.779718 0.565721 0.300941
0.777477 0.573288 0.294799
0.785717 0.578019 0.291682
0.792472 0.581367 0.285112
0.802124 0.583515 0.286607
0.809084 0.577727 0.282358
0.813082 0.568863 0.280021
0.821951 0.570854 0.284188
0.81515 0.565708 0.278967
0.82308 0.569202 0.273977
0.829254 0.570471 0.266213
0.820088 0.574196 0.26767
0.82555 0.570936 0.259953
0.828263 0.574277 0.268979
0.825968 0.579715 0.260907
0.819925 0.581781 0.268602
0.815401 0.590174 0.265587
0.820825 0.585044 0.258934
0.817472 0.577832 0.264996
0.817606 0.582389 0.256095
0.816704 0.572641 0.254055
0.807258 0.572419 0.257328
0.80407 0.563 0.256271
0.798428 0.554784 0.255448
0.790399 0.560733 0.255061
0.783276 0.555822 0.250046
0.78777 0.555445 0.258971
0.778393 0.558854 0.259655
0.779494 0.568521 0.257346
0.773356 0.570924 0.249826
0.777861 0.570802 0.240899
0.770233 0.577241 0.240291
0.780142 0.576008 0.239747
0.78095 0.581356 0.231336
0.783301 0.590678 0.228584
0.787248 0.58651 0.236773
0.794179 0.580094 0.233488
0.784602 0.578273 0.235716
0.776061 0.573435 0.237625
0.781623 0.569016 0.244663
0.77539 0.564885 0.251302
0.76591 0.562438 0.249266
0.773084 0.568577 0.25256
0.771207 0.56763 0.262337
0.764542 0.574528 0.265164
0.761257 0.573309 0.27453
0.751459 0.571444 0.27381
0.741534 0.57022 0.273795
0.738947 0.567862 0.283162
0.737316 0.558154 0.284926
0.744278 0.56195 0.291019
0.740861 0.565128 0.299864
0.747448 0.571317 0.304142
0.756385 0.57431 0.307484
0.757338 0.584246 0.306865
0.75562 0.574735 0.304297
0.752725 0.578726 0.295597
0.743178 0.580424 0.298042
0.741271 0.571084 0.29502
0.74838 0.565018 0.298577
0.75825 0.564937 0.300184
0.753923 0.572785 0.295748
0.753763 0.58118 0.301179
0.758021 0.572666 0.304244
0.760809 0.580598 0.29883
0.76764 0.579776 0.291573
0.771347 0.570623 0.293152
0.768367 0.561528 0.290256
0.776584 0.558139 0.294839
0.767011 0.560913 0.294021
0.774284 0.564388 0.299939
0.773738 0.558085 0.292196
0.781077 0.563253 0.296603
0.775173 0.571155 0.294961
0.765933 0.572545 0.291397
0.772478 0.573489 0.283895
0.780848 0.569501 0.287641
0.787952 0.563471 0.284014
0.781093 0.556272 0.282954
0.773608 0.550857 0.286782
0.765515 0.553354 0.292098
0.770162 0.550486 0.283721
0.771629 0.553159 0.293245
0.76818 0.557794 0.285083
0.758396 0.55754 0.287136
0.754244 0.55426 0.278651
0.755686 0.560921 0.285969
0.754967 0.551938 0.281636
0.750164 0.551504 0.272875
0.754993 0.54304 0.270629
0.758456 0.547149 0.262196
0.768079 0.546038 0.264681
0.760871 0.539852 0.261553
0.770522 0.541719 0.263389
0.763322 0.539623 0.270004
0.762624 0.529822 0.268146
0.769204 0.522716 0.270638
0.768408 0.512748 0.270499
0.769308 0.512009 0.260567
0.777591 0.506916 0.258232
0.779462 0.505578 0.267964
0.776608 0.511902 0.275166
0.774184 0.502249 0.276131
0.780061 0.501811 0.268051
0.786752 0.504811 0.261252
0.789786 0.508505 0.270036
0.794886 0.500722 0.266373
0.78641 0.503593 0.261911
0.789553 0.511206 0.267582
0.781374 0.505907 0.265342
0.776732 0.513482 0.260753
0.767148 0.512174 0.263291
0.76377 0.503896 0.267771
0.768877 0.504175 0.259178
0.765855 0.496166 0.264347
0.774713 0.495572 0.259743
0.776193 0.491991 0.268962
0.769225 0.496719 0.263568
0.771542 0.505875 0.266853
0.768543 0.510423 0.258467
0.778479 0.509429 0.259012
0.788073 0.510683 0.261536
0.78181 0.516141 0.255969
0.783229 0.507295 0.251526
0.779185 0.500599 0.257755
0.777924 0.491716 0.253338
0.781924 0.482698 0.254972
0.777795 0.474583 0.259107
0.774128 0.480841 0.252223
0.772867 0.475457 0.260555
0.782448 0.473006 0.259072
0.788264 0.469762 0.251613
0.779042 0.471263 0.255174
0.779516 0.47634 0.263776
0.787047 0.482738 0.265309
0.782393 0.491535 0.266291
0.774251 0.491353 0.272094
0.779006 0.499921 0.274088
0.776869 0.50793 0.268495
0.768581 0.511766 0.264421
0.765274 0.504644 0.270613
0.771572 0.508194 0.277521
0.771438 0.507938 0.267525
0.761497 0.507367 0.268455
0.766408 0.504952 0.276825
0.765641 0.500648 0.267831
0.760179 0.492584 0.265564
0.752574 0.499072 0.265828
0.754885 0.505292 0.27331
0.747503 0.501217 0.278685
0.742465 0.496462 0.271473
0.734323 0.490741 0.270485
0.730954 0.496574 0.277875
0.730497 0.488554 0.271919
0.723121 0.489575 0.265245
0.72515 0.498569 0.269116
0.729891 0.506953 0.271806
0.725519 0.513725 0.277724
0.719383 0.505871 0.276913
0.713135 0.513662 0.276392
0.706314 0.509266 0.270549
0.707872 0.501924 0.263941
0.698681 0.505748 0.264895
0.70556 0.509938 0.27082
0.704888 0.50197 0.264815
0.713578 0.502301 0.259876
0.71133 0.509515 0.253326
0.702395 0.513186 0.255913
0.698365 0.521955 0.258534
0.700609 0.528519 0.265736
0.707084 0.533331 0.259827
0.701256 0.529122 0.252875
0.705312 0.522479 0.246597
0.711575 0.516662 0.251788
0.720784 0.516939 0.255675
0.719397 0.52616 0.259286
0.719209 0.525569 0.249305
0.713191 0.532969 0.246303
0.712728 0.541386 0.251681
0.715411 0.549351 0.257101
0.709958 0.552488 0.249328
0.716635 0.552147 0.256764
0.70873 0.552508 0.262879
0.705167 0.543249 0.261626
0.7102 0.548822 0.255022
0.716758 0.542064 0.258385
0.72255 0.547969 0.264004
0.717911 0.553391 0.27101
0.72459 0.556076 0.277951
0.733757 0.557719 0.274307
0.730837 0.565848 0.279346
0.722356 0.566618 0.274103
0.717931 0.570417 0.282226
0.710396 0.570313 0.275653
0.713706 0.57582 0.26799
0.721372 0.579609 0.262806
0.719566 0.570322 0.259567
0.720634 0.580104 0.257787
0.729183 0.581931 0.262642
0.726867 0.576294 0.27057
0.724158 0.573354 0.279736
0.716548 0.579165 0.276853
0.718464 0.581909 0.26743
0.721687 0.572451 0.267052
0.730461 0.577193 0.266329
0.734129 0.580818 0.274897
0.725371 0.578571 0.279169
0.733793 0.578635 0.284561
0.725395 0.58146 0.279924
0.733078 0.578753 0.274123
0.740101 0.575165 0.267976
0.734709 0.573614 0.259698
0.730218 0.576061 0.251105
0.720784 0.576607 0.247833
0.713265 0.570646 0.25065
0.714008 0.578302 0.25704
0.720513 0.571923 0.261161
0.72902 0.57511 0.265341
0.736581 0.56857 0.265103
0.745665 0.565993 0.26181
0.750318 0.568054 0.253202
0.743319 0.561317 0.255574
0.737641 0.568511 0.251574
0.735406 0.558819 0.252605
0.741653 0.555207 0.259527
0.73547 0.561816 0.263779
0.741158 0.559724 0.255825
0.731211 0.560268 0.256701
0.721794 0.562829 0.254518
0.725486 0.571678 0.257359
0.716618 0.570661 0.252851
0.713606 0.569574 0.262325
0.723094 0.571375 0.26492
0.715033 0.565495 0.26426
0.711514 0.574219 0.260868
0.719031 0.56822 0.258129
0.709079 0.567398 0.258657
0.707585 0.574562 0.265472
0.716746 0.571677 0.262688
0.725829 0.569818 0.25894
0.721972 0.572211 0.26785
0.721485 0.566282 0.259813
0.716081 0.574139 0.256803
0.717989 0.564599 0.259116
0.711595 0.557472 0.262002
0.710703 0.549924 0.255503
0.709594 0.557534 0.249112
0.705035 0.552821 0.241563
0.709856 0.54409 0.242279
0.701194 0.539094 0.242174
0.697956 0.536062 0.251136
0.688429 0.534 0.253368
0.696173 0.539934 0.251171
0.689682 0.532505 0.249534
0.688332 0.526928 0.257724
0.690857 0.531196 0.266408
0.687227 0.540406 0.264997
0.694336 0.540571 0.272028
0.696474 0.537585 0.281329
0.69376 0.53241 0.273214
0.697834 0.52751 0.265507
0.701496 0.521326 0.258554
0.710332 0.516647 0.258727
0.709619 0.523743 0.251717
0.717327 0.518564 0.248006
0.715415 0.528028 0.25061
0.71974 0.519553 0.247533
0.713292 0.51344 0.252122
0.716456 0.511873 0.261478
0.721366 0.50958 0.253073
0.730939 0.50931 0.255951
0.734974 0.511589 0.264812
0.727941 0.504486 0.264554
0.719655 0.509644 0.262379
0.726663 0.502571 0.263306
0.731866 0.502839 0.271841
0.72907 0.511684 0.268107
0.733011 0.518068 0.274719
0.741761 0.522909 0.274731
0.740757 0.520397 0.284358
0.744521 0.513111 0.290081
0.737201 0.512854 0.283273
0.727981 0.51662 0.284171
0.726579 0.518171 0.274392
0.729 0.514364 0.283316
0.723231 0.521648 0.287013
0.726089 0.530602 0.290427
0.724233 0.536833 0.298024
0.717921 0.544333 0.296044
0.709264 0.543293 0.291148
0.714439 0.551815 0.29037
0.721469 0.558321 0.287498
0.72802 0.565871 0.287234
0.719234 0.561164 0.286432
0.713381 0.553897 0.290029
0.710482 0.555631 0.299441
0.710353 0.563146 0.306037
0.712649 0.572877 0.306239
0.721124 0.577296 0.30918
0.723099 0.586525 0.305876
0.721956 0.59337 0.313075
0.720012 0.593614 0.303269
0.710434 0.59638 0.30406
0.716576 0.604005 0.302025
0.710891 0.611891 0.30437
0.712387 0.605205 0.311654
0.721892 0.606539 0.314461
0.716442 0.61065 0.321769
0.726163 0.612245 0.32349
0.724364 0.606666 0.315388
0.727536 0.603599 0.324362
0.720152 0.599267 0.319195
0.714019 0.597945 0.311407
0.712748 0.596152 0.301652
0.712174 0.5905 0.293422
0.720982 0.590138 0.298144
0.72412 0.596576 0.305122
0.728782 0.589255 0.300156
0.728262 0.599238 0.299899
0.728238 0.589358 0.30144
0.726994 0.58237 0.294396
0.726355 0.58638 0.303535
0.721871 0.579069 0.308676
0.717011 0.570577 0.306608
0.726093 0.567672 0.309622
0.718212 0.573397 0.307362
0.714067 0.565096 0.311092
0.723388 0.56863 0.311877
0.723117 0.574924 0.319643
0.726088 0.570878 0.310994
0.73145 0.56268 0.313005
0.737446 0.567424 0.319451
0.73111 0.565029 0.326808
0.722448 0.563629 0.331604
0.731212 0.562136 0.327025
0.728435 0.554558 0.332929
0.733243 0.561603 0.327709
0.726955 0.566898 0.322015
0.719986 0.571052 0.316169
0.727275 0.564948 0.313068
0.732037 0.565871 0.304323
0.725534 0.565609 0.29673
0.72068 0.573377 0.300741
0.717073 0.566762 0.294166
0.708715 0.561434 0.29284
0.70237 0.561831 0.300558
0.702831 0.569849 0.2946
0.706034 0.561852 0.299679
0.705602 0.552122 0.297414
0.698178 0.54549 0.298361
0.697764 0.555085 0.295575
0.698166 0.565026 0.294566
0.692306 0.573008 0.295961
0.70122 0.570185 0.299507
0.705325 0.563265 0.293568
0.706951 0.571893 0.298356
0.708685 0.57106 0.308169
0.705315 0.565955 0.300258
0.697625 0.564855 0.306556
0.690723 0.564988 0.299321
0.700281 0.565918 0.296532
0.703035 0.565936 0.286919
0.697142 0.561948 0.279892
0.687772 0.559048 0.277945
0.692528 0.550386 0.276413
0.700436 0.545877 0.272273
0.695695 0.542381 0.264192
0.704253 0.537607 0.266182
0.71178 0.531025 0.266048
0.718563 0.525246 0.261509
0.724568 0.52712 0.269283
0.720552 0.518144 0.267466
0.719724 0.518895 0.277403
0.70991 0.520787 0.277083
0.708195 0.511003 0.278239
0.705418 0.50193 0.275082
0.702173 0.499033 0.266078
0.710139 0.49837 0.272086
0.704929 0.491421 0.26713
0.702133 0.500317 0.263518
0.693368 0.504131 0.266456
0.698429 0.495513 0.266107
0.693422 0.503487 0.262736
0.699913 0.510375 0.265965
0.695616 0.502572 0.270509
0.705097 0.5047 0.272868
0.7122 0.497665 0.273102
0.707792 0.504713 0.267544
0.715311 0.506332 0.273935
0.707292 0.506103 0.279904
0.703391 0.500708 0.272443
0.695681 0.498543 0.278432
0.701522 0.500842 0.270648
0.699506 0.507617 0.263575
0.708839 0.506959 0.267105
0.704572 0.515308 0.270582
0.710586 0.521959 0.27501
0.720547 0.521778 0.27415
0.717878 0.512141 0.27425
0.726173 0.506961 0.276339
0.730678 0.498519 0.279242
0.740309 0.498369 0.276554
0.734062 0.495059 0.269481
0.733953 0.485673 0.272929
0.731765 0.480509 0.281208
0.729124 0.489438 0.277561
0.727313 0.498278 0.273253
0.724501 0.488682 0.273322
0.718206 0.482712 0.268348
0.715554 0.491906 0.271251
0.712251 0.494637 0.280285
0.709233 0.498452 0.289023
0.705494 0.49768 0.298265
0.709681 0.490239 0.303471
0.702804 0.492927 0.296728
0.703098 0.482953 0.297394
0.702756 0.480523 0.2877
0.698589 0.482977 0.296453
0.69741 0.479256 0.30566
0.697941 0.46932 0.306652
0.69493 0.466424 0.297567
0.695272 0.45969 0.290181
0.702043 0.45796 0.297333
0.711463 0.461317 0.297292
0.710283 0.456557 0.306008
0.704857 0.462027 0.312383
0.712509 0.456771 0.3161
0.714234 0.466612 0.316537
0.709205 0.468875 0.324879
0.705577 0.459559 0.325071
0.70799 0.46615 0.332194
0.699732 0.470545 0.32866
0.698911 0.480421 0.330002
0.703756 0.475651 0.322668
0.704587 0.481564 0.33069
0.699668 0.487816 0.33675
0.704949 0.486683 0.345166
0.696762 0.481099 0.3465
0.701749 0.472806 0.349024
0.703592 0.48152 0.344477
0.694183 0.483315 0.341608
0.69326 0.491874 0.346697
0.700884 0.491732 0.353166
0.707698 0.498429 0.356119
0.708224 0.489267 0.352146
0.703651 0.497667 0.355068
0.694463 0.499752 0.35842
0.697261 0.499717 0.368021
0.698292 0.493529 0.375808
0.694587 0.498666 0.383546
0.699724 0.501664 0.391586
0.707924 0.505127 0.396142
0.69818 0.507032 0.394951
0.700794 0.508625 0.385431
0.705924 0.502533 0.379383
0.703435 0.512071 0.381069
0.693729 0.511554 0.38342
0.703085 0.514415 0.38549
0.698665 0.512347 0.376762
0.692816 0.505001 0.373324
0.690555 0.514233 0.370218
0.689823 0.523531 0.373825
0.683929 0.522359 0.381818
0.674875 0.524667 0.385382
0.670579 0.515649 0.384913
0.662252 0.517116 0.390252
0.665709 0.526495 0.390502
0.65595 0.52862 0.390006
0.65906 0.519159 0.389105
0.659173 0.51587 0.398548
0.654183 0.522696 0.403888
0.660595 0.530158 0.405677
0.667013 0.522488 0.405703
0.675693 0.519492 0.401744
0.683363 0.524736 0.405441
0.692404 0.520465 0.405563
0.685088 0.517561 0.399395
0.680525 0.510386 0.394132
0.688071 0.509981 0.400682
0.687307 0.51135 0.390806
0.688888 0.510627 0.380958
0.697835 0.50898 0.385109
0.699561 0.508127 0.375297
0.705633 0.516064 0.374935
0.713645 0.520172 0.370583
0.704969 0.525062 0.371484
0.704679 0.518539 0.36391
0.712357 0.512713 0.366577
0.702555 0.512837 0.368555
0.712298 0.515053 0.368131
0.716853 0.507149 0.372227
0.721737 0.502373 0.37953
0.722473 0.500357 0.369763
0.731444 0.503605 0.366769
0.723391 0.500991 0.372091
0.732823 0.500611 0.36879
0.739529 0.504571 0.362518
0.731908 0.498319 0.360835
0.730095 0.488643 0.362591
0.735361 0.482226 0.368168
0.731151 0.48734 0.37566
0.722921 0.492337 0.372959
0.715812 0.493243 0.365985
0.707543 0.489346 0.361931
0.698766 0.484929 0.363789
0.691975 0.492264 0.364069
0.698337 0.499659 0.366271
0.69998 0.491628 0.360543
0.700951 0.481826 0.362267
0.707195 0.474183 0.360653
0.701536 0.477638 0.353167
0.697913 0.485071 0.347543
0.707356 0.487285 0.345111
0.709116 0.479307 0.350877
0.713696 0.470851 0.353621
0.705769 0.471684 0.347581
0.711552 0.463703 0.345891
0.716413 0.461839 0.354429
0.717933 0.452923 0.350163
0.708583 0.453829 0.353592
0.701753 0.460196 0.357172
0.707762 0.454724 0.351346
0.715581 0.460836 0.350115
0.716837 0.453419 0.356703
0.718955 0.443761 0.358197
0.716184 0.440139 0.367097
0.720631 0.437005 0.358706
0.729502 0.432918 0.35656
0.724198 0.4282 0.349517
0.721136 0.426596 0.340133
0.712179 0.42215 0.340181
0.708721 0.412819 0.341175
0.708809 0.410576 0.350919
0.713404 0.418766 0.347483
0.709354 0.42524 0.353939
0.712759 0.416008 0.35216
0.717954 0.421112 0.345307
0.71134 0.421756 0.337834
0.713943 0.418838 0.347038
0.723208 0.421993 0.344988
0.720697 0.415711 0.352352
0.720864 0.412787 0.34279
0.715652 0.421071 0.344841
0.721459 0.428243 0.348695
0.71632 0.434895 0.354112
0.723336 0.429721 0.359013
0.72353 0.429302 0.349023
0.728911 0.4376 0.350501
0.734728 0.429558 0.349285
0.725759 0.430939 0.345085
0.731233 0.434312 0.337426
0.725767 0.436706 0.329401
0.729993 0.441202 0.321532
0.723142 0.447556 0.31797
0.722892 0.438607 0.322426
0.71645 0.431573 0.32543
0.715708 0.42914 0.335101
0.71283 0.428985 0.344677
0.707622 0.423872 0.337841
0.702023 0.431556 0.340941
0.709425 0.437239 0.344534
0.704623 0.428576 0.345909
0.709254 0.424371 0.338107
0.707166 0.422108 0.328593
0.703415 0.427571 0.336082
0.699705 0.432047 0.344218
0.697098 0.422727 0.341701
0.693475 0.430972 0.346048
0.690505 0.433731 0.35519
0.687459 0.427222 0.362144
0.680676 0.434469 0.363357
0.678882 0.424692 0.36444
0.669102 0.424627 0.366529
0.67303 0.433479 0.369024
0.678791 0.441036 0.365909
0.687072 0.437206 0.370005
0.679459 0.440703 0.375465
0.683222 0.445687 0.383275
0.688967 0.452469 0.378693
0.682272 0.459701 0.376998
0.677839 0.452232 0.381954
0.682166 0.443535 0.384328
0.686618 0.452273 0.386285
0.67972 0.45361 0.37917
0.67978 0.460783 0.372202
0.68593 0.454547 0.377028
0.679175 0.448839 0.37236
0.673351 0.44096 0.374361
0.666178 0.437237 0.368472
0.66918 0.435967 0.377925
0.676349 0.431957 0.372221
0.679376 0.438392 0.36519
0.674589 0.430033 0.367878
0.674151 0.435581 0.35957
0.674605 0.430173 0.367969
0.682563 0.429146 0.373937
0.673772 0.424756 0.372079
0.665432 0.429927 0.370156
0.669225 0.438665 0.373199
0.678557 0.435125 0.372572
0.673885 0.437344 0.381131
0.674486 0.443707 0.388821
0.673833 0.443713 0.3988
0.682702 0.448272 0.398045
0.684702 0.438502 0.398788
0.685433 0.440572 0.389032
0.677595 0.446732 0.38982
0.677267 0.445748 0.399766
0.667771 0.447067 0.402612
0.669482 0.455952 0.398354
0.676246 0.453456 0.405284
0.671942 0.456873 0.396929
0.665773 0.449301 0.399075
0.655857 0.449995 0.397981
0.654592 0.456754 0.405242
0.650441 0.455767 0.396197
0.64207 0.450868 0.398632
0.651025 0.454804 0.400714
0.653422 0.449905 0.392332
0.645917 0.447497 0.398486
0.650224 0.456404 0.397035
0.650461 0.466291 0.395555
0.657982 0.470479 0.390468
0.665534 0.464022 0.389335
0.66912 0.466557 0.398319
0.660602 0.464704 0.39342
0.667531 0.47171 0.395127
0.663887 0.464956 0.401538
0.656519 0.470497 0.405414
0.653698 0.475187 0.397044
0.650855 0.473608 0.406501
0.651946 0.471697 0.416256
0.652094 0.475766 0.407122
0.647188 0.483662 0.410808
0.644147 0.475245 0.41527
0.647485 0.466581 0.411557
0.638486 0.470621 0.409915
0.642789 0.477148 0.41615
0.634574 0.472005 0.418615
0.630893 0.480742 0.415435
0.621317 0.481346 0.418251
0.611447 0.47974 0.418192
0.6085 0.470222 0.41734
0.602117 0.465479 0.411275
0.592677 0.462574 0.409716
0.582784 0.461267 0.40907
0.581589 0.460267 0.399192
0.573578 0.460394 0.405176
0.579846 0.45267 0.404149
0.588406 0.457507 0.40597
0.58019 0.456441 0.411569
0.584533 0.447697 0.413734
0.580163 0.439211 0.416714
0.579965 0.438773 0.426703
0.582669 0.448136 0.42446
0.573463 0.452003 0.425002
0.575054 0.443045 0.420851
0.576091 0.433284 0.418945
0.568954 0.435524 0.412308
0.567063 0.432595 0.42168
0.557222 0.432805 0.423449
0.548631 0.428607 0.420523
0.539771 0.426017 0.416676
0.539249 0.435914 0.418008
0.538872 0.444951 0.413743
0.534055 0.452503 0.409298
0.535199 0.461305 0.413905
0.533774 0.462118 0.404041
0.53815 0.458189 0.412128
0.540105 0.467231 0.415924
0.548885 0.462669 0.414479
0.550603 0.47033 0.408286
0.542273 0.474605 0.404774
0.535859 0.482162 0.406097
0.539708 0.477092 0.398385
0.531722 0.482299 0.401404
0.541269 0.483251 0.404224
0.549933 0.487294 0.407154
0.553597 0.485078 0.398117
0.555658 0.485599 0.388346
0.556266 0.48563 0.398327
0.556339 0.479611 0.390341
0.54954 0.477782 0.397443
0.551334 0.475367 0.387906
0.56093 0.472874 0.389215
0.552451 0.467588 0.388799
0.544597 0.473647 0.39007
0.551847 0.480256 0.388131
0.553556 0.470879 0.385107
0.552671 0.478073 0.378218
0.560291 0.472049 0.380591
0.56361 0.463337 0.376973
0.572947 0.462551 0.380466
0.574928 0.456551 0.388217
0.576391 0.446735 0.386988
0.574349 0.454423 0.380928
0.569136 0.460523 0.37496
0.559701 0.458821 0.377804
0.551389 0.463678 0.380509
0.555772 0.472125 0.377437
0.564911 0.469596 0.380614
0.557647 0.472221 0.386966
0.551702 0.475711 0.39421
0.54612 0.471492 0.401354
0.551024 0.47969 0.398397
0.544021 0.485806 0.402076
0.548071 0.484352 0.411103
0.554278 0.491107 0.407123
0.546923 0.485698 0.411203
0.538029 0.482561 0.407878
0.54372 0.479406 0.400284
0.547776 0.471073 0.396527
0.543037 0.464627 0.390528
0.544234 0.474298 0.392776
0.538766 0.477965 0.400303
0.536065 0.468404 0.40144
0.546025 0.468671 0.402297
0.539502 0.476199 0.401412
0.544588 0.468644 0.405541
0.537461 0.472073 0.399422
0.542883 0.474123 0.40757
0.551211 0.472479 0.412856
0.553517 0.477112 0.421412
0.551003 0.467796 0.424039
0.547843 0.477082 0.422094
0.556495 0.47432 0.417911
0.554684 0.483799 0.420531
0.558443 0.475724 0.425077
0.553484 0.473264 0.416749
0.558257 0.468741 0.409215
0.56795 0.470325 0.407334
0.56954 0.475754 0.399088
0.576524 0.482887 0.398512
0.584541 0.488831 0.397874
0.593437 0.484573 0.399527
0.595289 0.48025 0.390702
0.588158 0.487223 0.389984
0.58523 0.496638 0.388316
0.587682 0.492424 0.397047
0.595211 0.494514 0.390806
0.589945 0.502962 0.391754
0.595684 0.510804 0.389395
0.600567 0.519113 0.392062
0.602362 0.527114 0.386339
0.596673 0.51911 0.388228
0.599145 0.517461 0.397776
0.607638 0.514745 0.402302
0.601916 0.516282 0.394246
0.600049 0.515027 0.40399
0.594536 0.507078 0.401458
0.589682 0.504144 0.393222
0.593638 0.495519 0.390063
0.588845 0.48755 0.386387
0.585953 0.491282 0.395202
0.577528 0.48977 0.400373
0.568649 0.486742 0.396909
0.560226 0.486399 0.39153
0.554525 0.490309 0.398756
0.555372 0.488126 0.389034
0.556238 0.497483 0.385613
0.549298 0.501687 0.391457
0.554162 0.495709 0.397829
0.544626 0.492711 0.398082
0.549328 0.501115 0.400779
0.542008 0.503387 0.394355
0.534227 0.50105 0.400187
0.530212 0.498837 0.3913
0.523728 0.496781 0.383969
0.518955 0.50531 0.386087
0.518188 0.501952 0.395475
0.514483 0.50312 0.40469
0.507433 0.505117 0.411494
0.500907 0.498109 0.414376
0.494005 0.492004 0.410492
0.496342 0.484137 0.404778
0.501451 0.483258 0.413329
0.498152 0.490785 0.407632
0.491717 0.498381 0.408573
0.49351 0.496762 0.418277
0.49014 0.50369 0.411902
0.497682 0.501052 0.417915
0.498265 0.494799 0.425697
0.501644 0.493859 0.435062
0.505913 0.492724 0.444034
0.514537 0.496918 0.446869
0.511548 0.493765 0.437862
0.506947 0.500011 0.444172
0.505379 0.502888 0.45362
0.513536 0.497938 0.450626
0.510717 0.494413 0.441703
0.517862 0.493611 0.434752
0.525663 0.487364 0.435096
0.51933 0.490424 0.442204
0.514182 0.481903 0.441261
0.512842 0.491047 0.445082
0.510417 0.496563 0.453063
0.501741 0.501503 0.452502
0.496699 0.505976 0.445114
0.491666 0.509505 0.437227
0.491726 0.51462 0.428634
0.489574 0.507442 0.435256
0.494453 0.507073 0.443977
0.496539 0.503175 0.435008
0.492781 0.494207 0.437341
0.502253 0.497399 0.437022
0.512094 0.499154 0.436761
0.503523 0.494022 0.436316
0.496713 0.498416 0.430457
0.506569 0.499762 0.431481
0.4977 0.495395 0.429977
0.502255 0.498602 0.438282
0.504453 0.489096 0.436087
0.499047 0.491431 0.44417
0.489864 0.492328 0.448026
0.498652 0.496609 0.445915
0.495922 0.502649 0.438427
0.500655 0.499249 0.446554
0.494723 0.505246 0.441182
0.486258 0.504727 0.435884
0.481555 0.512346 0.440338
0.488845 0.517971 0.444238
0.495306 0.510918 0.447156
0.498583 0.50207 0.443843
0.498044 0.49829 0.453086
0.507741 0.495965 0.452333
0.501561 0.494367 0.444635
0.511281 0.492016 0.444577
0.502745 0.493872 0.439709
0.501341 0.483971 0.439737
0.494318 0.477249 0.442081
0.497178 0.476024 0.451585
0.498082 0.473694 0.461268
0.503107 0.466356 0.456695
0.504135 0.467293 0.466598
0.503841 0.457739 0.463659
0.500023 0.465756 0.459061
0.505716 0.46109 0.46583
0.507992 0.465534 0.474494
0.507613 0.465647 0.484487
0.500392 0.469904 0.489939
0.500127 0.47641 0.482349
0.492573 0.46987 0.482763
0.501713 0.471495 0.486479
0.507168 0.479361 0.489373
0.498375 0.482607 0.492859
0.505445 0.489126 0.490117
0.495618 0.487885 0.491495
0.492059 0.496082 0.487008
0.486107 0.488047 0.48709
0.485025 0.480938 0.494039
0.494247 0.483357 0.497055
0.495623 0.489035 0.48894
0.488087 0.490995 0.482665
0.489023 0.498058 0.475648
0.498532 0.494964 0.475505
0.495496 0.504319 0.477314
0.493047 0.512858 0.472721
0.494676 0.507563 0.481046
0.488672 0.505132 0.488664
0.478836 0.504112 0.487178
0.472536 0.498261 0.492286
0.474508 0.49807 0.482484
0.483164 0.498861 0.487428
0.487609 0.490512 0.490675
0.488979 0.500185 0.492812
0.488318 0.490446 0.490639
0.495209 0.488909 0.497721
0.501936 0.48421 0.503436
0.507807 0.488443 0.510336
0.502036 0.494841 0.515412
0.496031 0.496227 0.507537
0.49427 0.491125 0.499118
0.489931 0.489267 0.490302
0.485863 0.496571 0.484815
0.480508 0.503195 0.479576
0.488261 0.505253 0.473603
0.490964 0.504861 0.483223
0.50072 0.50308 0.484507
0.491024 0.50078 0.485349
0.483333 0.494944 0.487952
0.473867 0.493466 0.485084
0.482676 0.493341 0.480351
0.48079 0.483541 0.48098
0.477763 0.476968 0.474077
0.484143 0.482892 0.478998
0.489866 0.487082 0.471949
0.484334 0.487703 0.480256
0.476109 0.48383 0.48442
0.481382 0.478569 0.491092
0.475345 0.482774 0.484319
0.47559 0.490685 0.478207
0.482252 0.497665 0.480834
0.482763 0.496267 0.470945
0.479678 0.488163 0.475926
0.482014 0.494985 0.468997
0.474279 0.489426 0.465952
0.465904 0.49115 0.471139
0.468304 0.484495 0.464071
0.459534 0.489078 0.465516
0.455314 0.497436 0.462003
0.452044 0.488 0.461469
0.458589 0.48059 0.462969
0.451373 0.486425 0.459243
0.458119 0.484698 0.46642
0.450113 0.482446 0.471972
0.453336 0.473651 0.475474
0.454338 0.480157 0.483003
0.456305 0.484404 0.491839
0.456029 0.477561 0.484553
0.464335 0.482369 0.487362
0.45995 0.477152 0.480044
0.457175 0.470575 0.487047
0.45837 0.477467 0.479901
0.454679 0.485235 0.485003
0.448862 0.49082 0.479089
0.448994 0.499816 0.474724
0.451826 0.509264 0.473073
0.456629 0.500583 0.471819
0.462777 0.508131 0.474105
0.463572 0.51616 0.480012
0.468919 0.520108 0.472541
0.467517 0.510208 0.472695
0.464098 0.500856 0.471769
0.458434 0.508607 0.468966
0.449377 0.509946 0.472988
0.439954 0.506875 0.471655
0.442298 0.516595 0.471831
0.438535 0.514684 0.480896
0.437721 0.509513 0.472376
0.433683 0.513981 0.480359
0.434394 0.520849 0.473126
0.428059 0.520115 0.465424
0.420026 0.519369 0.459515
0.416887 0.524977 0.467176
0.412717 0.516063 0.46895
0.419633 0.510545 0.47361
0.412693 0.509012 0.466575
0.406755 0.503307 0.472248
0.410512 0.495474 0.467295
0.416248 0.487286 0.467074
0.418827 0.486453 0.457449
0.419997 0.479621 0.464657
0.41888 0.479214 0.474586
0.424366 0.482458 0.482292
0.419428 0.486978 0.48972
0.411851 0.492101 0.493762
0.4157 0.497967 0.500887
0.406949 0.502735 0.500058
0.402214 0.497092 0.50682
0.394554 0.498184 0.500485
0.392728 0.493921 0.491626
0.40086 0.499601 0.490359
0.391293 0.499272 0.487468
0.381699 0.501634 0.485924
0.388101 0.504853 0.4929
0.378481 0.503404 0.495214
0.375649 0.51217 0.491324
0.379752 0.511376 0.48224
0.381654 0.501926 0.4849
0.373576 0.498377 0.480193
0.372912 0.496769 0.49004
0.382221 0.499409 0.492563
0.372438 0.499742 0.49052
0.379242 0.504315 0.496245
0.373478 0.512133 0.493866
0.369818 0.502915 0.495148
0.375738 0.510884 0.496353
0.376708 0.51826 0.503035
0.373385 0.520422 0.512216
0.376342 0.5138 0.519102
0.370349 0.521796 0.518714
0.372535 0.514535 0.525232
0.374368 0.523771 0.528599
0.3766 0.523573 0.538345
0.375952 0.533379 0.540191
0.369095 0.5299 0.546585
0.364587 0.538683 0.548176
0.361712 0.535144 0.539276
0.368342 0.542629 0.539071
0.367089 0.538159 0.530214
0.376227 0.534098 0.530352
0.381654 0.525744 0.531216
0.390469 0.525482 0.53593
0.387487 0.516112 0.534112
0.393241 0.521463 0.540297
0.384791 0.518759 0.535684
0.381432 0.509704 0.538275
0.374449 0.512082 0.531523
0.382353 0.506573 0.534204
0.387262 0.513348 0.539682
0.382784 0.521572 0.543191
0.376971 0.523788 0.55102
0.383574 0.516311 0.551725
0.383504 0.514219 0.541946
0.391015 0.515445 0.548434
0.394691 0.524743 0.548265
0.400341 0.530972 0.542855
0.409466 0.533682 0.539791
0.416991 0.527239 0.53842
0.410846 0.520078 0.541731
0.409096 0.516593 0.550939
0.400788 0.522053 0.552016
0.39386 0.528845 0.554441
0.387836 0.532411 0.561583
0.381863 0.536087 0.554455
0.373375 0.532272 0.558114
0.370749 0.531176 0.567701
0.373069 0.533398 0.577171
0.366076 0.531425 0.5703
0.358386 0.533469 0.576357
0.353641 0.533807 0.567562
0.356567 0.526597 0.573842
0.360836 0.535508 0.572305
0.351616 0.532476 0.574712
0.356325 0.529079 0.582854
0.366241 0.529094 0.584148
0.357658 0.5327 0.580497
0.361239 0.541686 0.583033
0.368678 0.535157 0.584458
0.37197 0.529773 0.592216
0.364689 0.536485 0.593606
0.364747 0.536797 0.603601
0.365252 0.536002 0.593646
0.356601 0.53476 0.588787
0.364736 0.528953 0.589079
0.370281 0.530607 0.597235
0.366192 0.521482 0.597206
0.358917 0.523777 0.590739
0.355016 0.532931 0.591729
0.362559 0.538058 0.595829
0.372074 0.536987 0.598714
0.36813 0.545799 0.596109
0.371589 0.536418 0.595944
0.378036 0.539063 0.588772
0.369017 0.53481 0.588001
0.363279 0.540288 0.581914
0.360765 0.549955 0.582404
0.363604 0.545912 0.591099
0.357376 0.541455 0.584668
0.358627 0.533609 0.590741
0.354713 0.542763 0.591686
0.359091 0.551732 0.591062
0.366818 0.549218 0.585233
0.372086 0.543951 0.578562
0.37933 0.548731 0.583529
0.37094 0.543394 0.58247
0.379484 0.538618 0.580421
0.382794 0.545158 0.587224
0.377818 0.55303 0.583583
0.372607 0.559205 0.589475
0.38089 0.559329 0.583874
0.387409 0.558807 0.576309
0.383027 0.550064 0.57422
0.379606 0.544437 0.566694
0.382529 0.553969 0.567472
0.385119 0.55241 0.577004
0.393212 0.55813 0.575668
0.397212 0.56448 0.582276
0.391003 0.568742 0.575697
0.38844 0.560614 0.580928
0.381026 0.567267 0.581811
0.385449 0.56147 0.574967
0.384579 0.570946 0.571895
0.379231 0.573166 0.580048
0.369888 0.572675 0.576518
0.375123 0.576939 0.583895
0.372771 0.586072 0.587219
0.367688 0.58221 0.594916
0.361417 0.584534 0.587482
0.355392 0.592318 0.589249
0.349685 0.5934 0.597388
0.352642 0.60156 0.592421
0.349941 0.592174 0.594567
0.347055 0.582746 0.596235
0.346138 0.573527 0.592471
0.336175 0.57284 0.591951
0.34276 0.571739 0.584507
0.348092 0.571191 0.592949
0.338131 0.57105 0.592082
0.332498 0.574573 0.599556
0.33524 0.566011 0.595178
0.337278 0.575395 0.597969
0.331341 0.582856 0.600984
0.334107 0.573818 0.597719
0.326655 0.567211 0.596817
0.329927 0.573106 0.604202
0.337993 0.567244 0.603438
0.346994 0.57127 0.605098
0.343815 0.569914 0.595714
0.340679 0.560554 0.594113
0.344289 0.558898 0.603291
0.339682 0.550414 0.600686
0.347442 0.546689 0.595595
0.347627 0.538088 0.590498
0.339931 0.542851 0.586246
0.337778 0.53337 0.588587
0.330199 0.537779 0.593396
0.330348 0.543606 0.601521
0.331609 0.546069 0.591912
0.337162 0.55354 0.595566
0.345334 0.556179 0.60069
0.335582 0.554388 0.599389
0.332604 0.563354 0.596111
0.332184 0.560799 0.586452
0.336643 0.556483 0.594294
0.331416 0.551323 0.60108
0.339752 0.554461 0.596533
0.341345 0.549714 0.605189
0.343718 0.548246 0.614792
0.350944 0.551217 0.621034
0.359859 0.553812 0.624746
0.355925 0.547133 0.618428
0.36401 0.552633 0.616337
0.373425 0.554844 0.618879
0.369831 0.562052 0.612952
0.372953 0.571095 0.615864
0.379054 0.565563 0.610191
0.37799 0.569459 0.601043
0.369692 0.565699 0.605166
0.372663 0.567156 0.595729
0.374615 0.57484 0.601823
0.378625 0.567527 0.596306
0.371961 0.57451 0.598919
0.377036 0.579186 0.591682
0.369072 0.573138 0.591691
0.367984 0.569335 0.600875
0.364842 0.568533 0.610335
0.368798 0.574577 0.603419
0.359742 0.574558 0.60766
0.358759 0.567005 0.601181
0.352762 0.567226 0.593182
0.350431 0.568695 0.602794
0.356387 0.575457 0.598458
0.363131 0.568114 0.597689
0.354402 0.565287 0.593714
0.34884 0.567418 0.601746
0.342874 0.570069 0.609322
0.347063 0.573471 0.617741
0.351934 0.574029 0.626457
0.343378 0.568888 0.625856
0.338877 0.576678 0.630222
0.341793 0.574914 0.620821
0.334707 0.575812 0.627819
0.338354 0.579461 0.636386
0.329158 0.575652 0.635423
0.321952 0.568719 0.635392
0.314442 0.575297 0.634816
0.314955 0.575217 0.644802
0.308768 0.567362 0.644663
0.314526 0.574015 0.639911
0.306385 0.568895 0.63717
0.31114 0.568429 0.645955
0.321019 0.568839 0.644454
0.319738 0.559991 0.639973
0.329584 0.560684 0.638363
0.330206 0.570178 0.641441
0.339413 0.570962 0.637618
0.33458 0.57084 0.646372
0.339346 0.569337 0.655033
0.341933 0.578272 0.651363
0.342855 0.571536 0.658696
0.348029 0.572797 0.66716
0.354396 0.57833 0.661789
0.34848 0.570395 0.660361
0.344024 0.576539 0.666872
0.352089 0.572011 0.670673
0.356952 0.563273 0.670671
0.353708 0.569728 0.677586
0.347239 0.577299 0.678495
0.352884 0.584976 0.675462
0.349187 0.580327 0.667416
0.339639 0.580026 0.670372
0.333666 0.578813 0.662444
0.338737 0.572721 0.66854
0.346475 0.566582 0.670107
0.340919 0.568506 0.662017
0.337535 0.562336 0.654913
0.343727 0.566108 0.648025
0.347938 0.562607 0.656393
0.346106 0.572256 0.654509
0.34924 0.58099 0.658237
0.349537 0.590336 0.654694
0.352673 0.599293 0.657848
0.358165 0.60723 0.660463
0.358803 0.616541 0.65687
0.349672 0.613719 0.653925
0.354808 0.609853 0.646265
0.360861 0.61558 0.640737
0.370398 0.615125 0.643713
0.373203 0.620502 0.635762
0.368875 0.627017 0.629531
0.369816 0.622673 0.638488
0.375443 0.627771 0.644995
0.367587 0.633927 0.644368
0.367558 0.632522 0.654269
0.366698 0.635105 0.644647
0.359133 0.633787 0.651052
0.350868 0.62895 0.653933
0.35205 0.637962 0.658103
0.361115 0.636397 0.654181
0.360569 0.645472 0.658345
0.36795 0.650945 0.662289
0.37658 0.647838 0.658306
0.374204 0.641198 0.651216
0.382443 0.638697 0.646131
0.377879 0.634133 0.638493
0.378856 0.644085 0.638407
0.383446 0.650539 0.632301
0.390837 0.644551 0.635387
0.399352 0.649113 0.637971
0.401461 0.639406 0.636823
0.395748 0.638906 0.628631
0.39678 0.630638 0.623102
0.388524 0.631337 0.6287
0.396288 0.626668 0.632932
0.394745 0.622661 0.641964
0.399648 0.614078 0.64045
0.399117 0.623139 0.644649
0.392581 0.63047 0.642767
0.397927 0.632782 0.634639
0.394296 0.633935 0.625393
0.384617 0.631679 0.626501
0.375938 0.63461 0.630512
0.3684 0.630049 0.635242
0.364215 0.638041 0.630928
0.359265 0.629424 0.62981
0.363591 0.628844 0.638807
0.359311 0.637719 0.640514
0.353464 0.638927 0.648536
0.360778 0.632159 0.647704
0.369494 0.632816 0.642845
0.376976 0.634882 0.63654
0.383222 0.638193 0.629468
0.390743 0.644762 0.630005
0.391859 0.642185 0.639603
0.399402 0.641393 0.64612
0.393721 0.637796 0.653522
0.400967 0.631029 0.65483
0.394206 0.638277 0.653509
0.398713 0.643568 0.660698
0.393797 0.64965 0.66693
0.389993 0.644124 0.674346
0.389236 0.654091 0.67463
0.39062 0.644356 0.672809
0.382234 0.645989 0.678007
0.376579 0.653778 0.680717
0.38607 0.653775 0.677568
0.381745 0.647848 0.670774
0.387673 0.647642 0.662723
0.387181 0.644583 0.653215
0.386553 0.636788 0.659448
0.392752 0.628945 0.659694
0.387925 0.623862 0.652562
0.396395 0.620696 0.648291
0.39653 0.630264 0.651193
0.396737 0.637505 0.644299
0.395697 0.62926 0.638738
0.395551 0.628911 0.628745
0.389571 0.620899 0.628514
0.397889 0.626266 0.629929
0.391342 0.622491 0.62338
0.39476 0.627559 0.631294
0.399692 0.619137 0.633471
0.39248 0.620879 0.640175
0.384219 0.622997 0.634952
0.392956 0.62709 0.637582
0.385192 0.632984 0.635352
0.385677 0.640213 0.642244
0.380394 0.634344 0.636108
0.373545 0.629728 0.630471
0.371377 0.622745 0.623649
0.37247 0.623548 0.633557
0.372566 0.632946 0.636975
0.373966 0.635202 0.627334
0.379484 0.641819 0.63241
0.375729 0.650218 0.628491
0.3708 0.655823 0.621835
0.373485 0.665245 0.61983
0.371888 0.670234 0.628348
0.368735 0.661704 0.624187
0.3784 0.661034 0.626665
0.371541 0.658296 0.633407
0.373961 0.661203 0.62415
0.370504 0.653225 0.62909
0.379044 0.658401 0.62857
0.381845 0.651985 0.621429
0.38358 0.660026 0.615743
0.391894 0.665391 0.614299
0.386661 0.661963 0.606498
0.390731 0.660015 0.597574
0.394292 0.654662 0.589914
0.391051 0.648527 0.582713
0.382814 0.647644 0.577112
0.385904 0.638207 0.575932
0.384799 0.635838 0.56628
0.388286 0.631674 0.574676
0.396925 0.627044 0.57269
0.399319 0.631685 0.564162
0.402923 0.62902 0.555223
0.412388 0.625994 0.556344
0.419569 0.620566 0.5607
0.424265 0.614075 0.566685
0.433115 0.612672 0.571125
0.434402 0.602758 0.571333
0.439872 0.600501 0.563271
0.430404 0.59909 0.566164
0.434616 0.604482 0.573458
0.427313 0.608066 0.579273
0.436521 0.604933 0.581598
0.440644 0.612683 0.586387
0.435625 0.619748 0.581399
0.425655 0.619972 0.582142
0.42002 0.626965 0.586539
0.422392 0.629922 0.595793
0.431369 0.634076 0.594325
0.421718 0.631463 0.594507
0.423897 0.621704 0.594669
0.427586 0.613628 0.599271
0.422242 0.605611 0.596594
0.425121 0.615121 0.595467
0.421476 0.614921 0.586157
0.427584 0.609102 0.591526
0.435328 0.60537 0.596636
0.442093 0.604527 0.603952
0.439935 0.605532 0.59424
0.443263 0.596177 0.593054
0.448877 0.588045 0.591521
0.442347 0.588186 0.583949
0.440997 0.5975 0.580569
0.448787 0.596591 0.586772
0.457652 0.593273 0.589999
0.455299 0.595958 0.580658
0.456774 0.601314 0.572343
0.452223 0.602276 0.563491
0.462013 0.601609 0.565418
0.456765 0.605594 0.557896
0.46041 0.605945 0.548591
0.450528 0.604624 0.547821
0.453975 0.596852 0.542556
0.463647 0.596453 0.545066
0.473072 0.594795 0.542164
0.466027 0.601749 0.543584
0.467805 0.593492 0.53823
0.46291 0.58548 0.534786
0.466184 0.591606 0.527592
0.467865 0.590798 0.517767
0.476103 0.586599 0.513957
0.470553 0.588295 0.522101
0.477759 0.593522 0.526656
0.470997 0.590614 0.519887
0.478224 0.593916 0.513816
0.475016 0.590134 0.505131
0.482443 0.588349 0.511586
0.486418 0.593783 0.518981
0.476553 0.595237 0.518228
0.475882 0.588182 0.511172
0.477268 0.59378 0.503002
0.475898 0.603606 0.501747
0.483024 0.598806 0.49663
0.485167 0.608478 0.49799
0.488428 0.60993 0.507332
0.489622 0.604098 0.515367
0.493327 0.596767 0.52107
0.497657 0.605096 0.517622
0.499597 0.596739 0.522762
0.489657 0.597817 0.522538
0.487464 0.589085 0.518186
0.490807 0.598478 0.517419
0.491212 0.600953 0.507738
0.497412 0.608422 0.510141
0.502892 0.605776 0.502206
0.498082 0.614002 0.499175
0.505358 0.609515 0.504364
0.50248 0.614893 0.49644
0.500383 0.611391 0.505569
0.509775 0.6095 0.502702
0.507121 0.615554 0.495199
0.513491 0.608812 0.498935
0.519799 0.614488 0.504225
0.51053 0.618144 0.503387
0.516525 0.610145 0.503639
0.517076 0.60037 0.501601
0.525553 0.598654 0.506621
0.531015 0.594696 0.499239
0.537564 0.595352 0.506767
0.536315 0.605271 0.506994
0.530934 0.596846 0.506778
0.531058 0.594341 0.516459
0.535559 0.597613 0.524768
0.528203 0.599571 0.531254
0.526754 0.595164 0.522395
0.528025 0.588197 0.515335
0.53436 0.59275 0.521591
0.524392 0.593422 0.522015
0.516074 0.597985 0.525177
0.510263 0.590458 0.522082
0.514028 0.599352 0.524677
0.511768 0.608887 0.526669
0.503435 0.614221 0.528122
0.494231 0.616275 0.524794
0.495221 0.616361 0.514844
0.499072 0.617656 0.505706
0.508862 0.615667 0.506155
0.509389 0.607539 0.500354
0.509096 0.6018 0.508538
0.514582 0.603187 0.500294
0.522212 0.60512 0.494126
0.525557 0.608696 0.485407
0.525511 0.616761 0.491319
0.516529 0.612842 0.49331
0.521471 0.606771 0.499533
0.522369 0.599838 0.506684
0.522403 0.609835 0.506932
0.52175 0.600892 0.502506
0.526548 0.592173 0.501522
0.519899 0.58602 0.497287
0.527572 0.586011 0.503701
0.52605 0.58009 0.511615
0.525925 0.571205 0.516201
0.521448 0.580038 0.514813
0.525729 0.576113 0.522954
0.515804 0.57674 0.524003
0.522171 0.570035 0.527811
0.530131 0.564846 0.524693
0.527308 0.574018 0.52188
0.517651 0.573309 0.52438
0.514597 0.567944 0.532247
0.518937 0.568881 0.523286
0.516514 0.570384 0.532871
0.50977 0.563708 0.529716
0.512614 0.554122 0.529786
0.51644 0.547022 0.535698
0.513527 0.53932 0.530024
0.512697 0.544864 0.521743
0.51242 0.554809 0.520731
0.510738 0.55315 0.511014
0.507538 0.555466 0.520201
0.497933 0.556112 0.517495
0.495289 0.550068 0.50998
0.490315 0.550454 0.518647
0.485668 0.552374 0.510003
0.485746 0.546394 0.518017
0.485867 0.539925 0.525642
0.477295 0.537441 0.530153
0.481813 0.53893 0.538949
0.488203 0.53185 0.535942
0.485458 0.522787 0.532728
0.492019 0.515883 0.529679
0.491336 0.516979 0.539595
0.484098 0.510099 0.540129
0.48332 0.50759 0.53048
0.486769 0.508949 0.539767
0.486264 0.51658 0.533325
0.477441 0.518877 0.537435
0.467834 0.521172 0.535878
0.458641 0.523772 0.532924
0.463807 0.532202 0.534424
0.465267 0.523048 0.530671
0.465198 0.51509 0.524616
0.463518 0.511343 0.515498
0.472367 0.512238 0.510926
0.472284 0.508261 0.501751
0.464241 0.513159 0.498386
0.457123 0.514266 0.49145
0.452674 0.508215 0.484848
0.453305 0.499543 0.489787
0.459398 0.501307 0.482056
0.459506 0.493495 0.475814
0.456569 0.486081 0.481848
0.464652 0.485793 0.487729
0.465128 0.482007 0.496972
0.465541 0.472176 0.498755
0.459653 0.466094 0.504078
0.459149 0.476048 0.504891
0.452993 0.483286 0.508006
0.449498 0.479133 0.499608
0.44488 0.472655 0.493549
0.449803 0.466402 0.499604
0.454878 0.457829 0.498743
0.458745 0.454097 0.49031
0.450197 0.456696 0.485817
0.44631 0.454036 0.494639
0.455461 0.457561 0.496599
0.465176 0.456239 0.494635
0.456527 0.455146 0.499534
0.4645 0.459167 0.504036
0.473093 0.454591 0.50175
0.464546 0.452187 0.506351
0.469194 0.455868 0.514403
0.476327 0.452999 0.520798
0.475062 0.443196 0.519275
0.480377 0.451353 0.521558
0.489467 0.454935 0.523693
0.496081 0.459965 0.529256
0.490402 0.462558 0.521444
0.482632 0.465632 0.526936
0.486212 0.474714 0.524769
0.478232 0.480739 0.524876
0.481018 0.484356 0.515979
0.483808 0.493139 0.512096
0.489381 0.496791 0.519553
0.485623 0.489068 0.514431
0.487335 0.497806 0.518983
0.481637 0.505428 0.515912
0.48626 0.514259 0.516713
0.487198 0.523426 0.512828
0.492537 0.530396 0.517617
0.500475 0.524377 0.518489
0.507201 0.531673 0.519728
0.513583 0.537017 0.525271
0.518369 0.537447 0.516501
0.527686 0.541067 0.516777
0.533695 0.546753 0.511158
0.53064 0.556243 0.510384
0.537402 0.556883 0.503044
0.53629 0.549242 0.49669
0.530814 0.541189 0.494418
0.538664 0.534996 0.494626
0.54755 0.538524 0.491694
0.551761 0.532987 0.498879
0.558342 0.537045 0.50522
0.555382 0.528171 0.508753
0.561516 0.535884 0.507056
0.555172 0.542908 0.503827
0.557267 0.536726 0.496251
0.554559 0.541749 0.504463
0.55722 0.551081 0.506878
0.562209 0.558613 0.502589
0.558799 0.55285 0.510017
0.554723 0.544204 0.50708
0.551991 0.548475 0.498461
0.558021 0.555847 0.495414
0.551 0.56047 0.50083
0.556967 0.554124 0.495919
0.562745 0.555506 0.487876
0.558996 0.564055 0.491463
0.553193 0.567518 0.498834
0.557447 0.575198 0.503622
0.553686 0.574473 0.51286
0.559482 0.568002 0.517814
0.549763 0.569418 0.519694
0.545747 0.569167 0.510539
0.544103 0.579017 0.511047
0.53609 0.573044 0.510733
0.532228 0.565024 0.515292
0.525977 0.572249 0.518247
0.529119 0.574584 0.509045
0.533588 0.568846 0.502181
0.539046 0.563825 0.508889
0.534659 0.567279 0.500593
0.526837 0.572366 0.496997
0.521192 0.564857 0.500425
0.529619 0.568487 0.49645
0.52453 0.560238 0.498909
0.523807 0.553337 0.491708
0.528388 0.555203 0.483017
0.523375 0.561673 0.47727
0.516177 0.554939 0.478955
0.524622 0.556527 0.484069
0.534112 0.558121 0.486789
0.53761 0.553107 0.494703
0.533508 0.556038 0.486067
0.533509 0.55324 0.476466
0.537944 0.548288 0.483937
0.532611 0.547845 0.475489
0.534631 0.557403 0.477623
0.537737 0.55593 0.468232
0.544317 0.56022 0.462044
0.552985 0.555382 0.460834
0.544341 0.556256 0.465786
0.548694 0.558859 0.457167
0.553454 0.560167 0.465864
0.559068 0.568442 0.465934
0.549889 0.564839 0.464268
0.556857 0.5655 0.47141
0.548253 0.561543 0.47462
0.549803 0.568339 0.48179
0.547119 0.559237 0.478635
0.552992 0.552893 0.473608
0.544936 0.552936 0.467685
0.552314 0.558026 0.472118
0.545227 0.551347 0.469844
0.539029 0.557635 0.474541
0.53893 0.549862 0.46825
0.535448 0.547481 0.477317
0.5406 0.539106 0.479143
0.533785 0.534706 0.48499
0.52858 0.528407 0.479224
0.522396 0.528158 0.487078
0.518235 0.528374 0.477987
0.508652 0.529704 0.475458
0.505672 0.525885 0.484207
0.503886 0.532042 0.491882
0.511114 0.527377 0.496979
0.516099 0.528411 0.505586
0.517653 0.532072 0.514761
0.51566 0.540933 0.518946
0.52211 0.533859 0.521838
0.523147 0.539677 0.529905
0.531711 0.543393 0.52632
0.534135 0.549463 0.533888
0.531396 0.557573 0.528718
0.536728 0.562924 0.535271
0.526901 0.564646 0.534581
0.526433 0.57316 0.539804
0.525162 0.582226 0.53578
0.531408 0.577971 0.529231
0.529251 0.577495 0.519478
0.530951 0.578548 0.50968
0.529255 0.568728 0.510509
0.53802 0.57027 0.51507
0.538054 0.58027 0.514982
0.54254 0.572449 0.519308
0.537135 0.577237 0.526226
0.530211 0.579241 0.533158
0.539414 0.582979 0.534313
0.542071 0.580315 0.525048
0.540006 0.571659 0.529611
0.531989 0.576656 0.526328
0.541723 0.575379 0.524421
0.545975 0.575321 0.533472
0.545351 0.568154 0.526527
0.543001 0.577865 0.526937
0.534094 0.580849 0.523509
0.53178 0.590047 0.526676
0.528172 0.59518 0.518889
0.531009 0.603838 0.514768
0.530533 0.604423 0.524739
0.528374 0.594692 0.523938
0.523822 0.596053 0.515139
0.525489 0.587735 0.520433
0.535399 0.58762 0.521767
0.534876 0.577645 0.522242
0.543502 0.577569 0.517184
0.551616 0.581468 0.521537
0.549593 0.57299 0.526439
0.545052 0.565019 0.530421
0.543667 0.574903 0.531042
0.536931 0.568201 0.527928
0.537632 0.573426 0.51943
0.544874 0.579969 0.517252
0.546014 0.589765 0.518906
0.544496 0.591092 0.509111
0.541576 0.595563 0.517565
0.538244 0.589714 0.510171
0.532002 0.596415 0.506154
0.538011 0.596573 0.514146
0.547576 0.59929 0.515205
0.549285 0.601599 0.524784
0.553155 0.608375 0.531038
0.560647 0.612757 0.526071
0.560832 0.615733 0.535617
0.562355 0.622101 0.528058
0.564857 0.630748 0.523703
0.574096 0.62705 0.522725
0.575493 0.62375 0.51339
0.568462 0.616646 0.51308
0.560414 0.611161 0.515347
0.565328 0.613662 0.523689
0.56552 0.623431 0.52156
0.569147 0.632749 0.521393
0.57595 0.634801 0.528429
0.568431 0.628646 0.526067
0.57276 0.626581 0.517293
0.56532 0.62295 0.522902
0.558185 0.624531 0.529728
0.5644 0.617378 0.526531
0.569965 0.609227 0.528143
0.577747 0.615507 0.528116
0.575878 0.606021 0.530668
0.575554 0.615866 0.53239
0.569635 0.623403 0.535247
0.576814 0.618845 0.540509
0.574603 0.628572 0.539806
0.572702 0.625671 0.549185
0.562709 0.625607 0.548812
0.561915 0.633872 0.543239
0.566543 0.625926 0.539309
0.56594 0.635477 0.54221
0.565382 0.626704 0.537442
0.570731 0.619362 0.533262
0.573707 0.610004 0.531372
0.570802 0.616578 0.538324
0.577418 0.610681 0.542956
0.57617 0.620601 0.542741
0.582324 0.617539 0.550004
0.572343 0.616913 0.549978
0.578637 0.616129 0.542247
0.57221 0.620732 0.548371
0.567076 0.613815 0.543292
0.575892 0.61087 0.539604
0.580071 0.608213 0.530916
0.57073 0.607009 0.534278
0.571852 0.608275 0.544134
0.574202 0.61024 0.534615
0.568389 0.608171 0.526746
0.572723 0.599159 0.526842
0.572538 0.608293 0.522776
0.56764 0.604185 0.515087
0.566218 0.595179 0.519195
0.572783 0.590454 0.513314
0.577914 0.599032 0.513602
0.56999 0.600764 0.507753
0.561448 0.595794 0.506222
0.570245 0.591632 0.503923
0.569477 0.60152 0.505201
0.574501 0.592881 0.504839
0.580764 0.599453 0.500645
0.582208 0.607714 0.506091
0.575474 0.605566 0.513165
0.583665 0.601152 0.516828
0.584472 0.599214 0.507051
0.577924 0.596932 0.514256
0.577453 0.595088 0.504438
0.571155 0.590939 0.511005
0.570989 0.587008 0.520199
0.564917 0.593314 0.525033
0.565179 0.585519 0.518774
0.556236 0.589527 0.520762
0.559353 0.597662 0.515853
0.558831 0.607308 0.51844
0.562697 0.598817 0.514841
0.572229 0.597757 0.517671
0.569684 0.607065 0.515047
0.579515 0.608124 0.516542
0.586091 0.607393 0.524041
0.59323 0.610467 0.517749
0.600538 0.614639 0.523152
0.608771 0.617364 0.518174
0.617008 0.611971 0.51642
0.613678 0.603256 0.512821
0.604957 0.607148 0.509856
0.600272 0.599645 0.505191
0.600695 0.592529 0.498178
0.605063 0.594425 0.506972
0.600039 0.587188 0.511703
0.598545 0.577302 0.511494
0.603455 0.570144 0.506528
0.594897 0.573749 0.510239
0.592365 0.570128 0.51921
0.589104 0.562441 0.524711
0.589759 0.552475 0.525217
0.598007 0.558082 0.524496
0.604043 0.56433 0.519542
0.599505 0.570474 0.513088
0.599429 0.580453 0.512439
0.590928 0.575449 0.510797
0.584382 0.577664 0.518024
0.589627 0.58171 0.525515
0.583349 0.578697 0.532691
0.584511 0.570874 0.538811
0.585679 0.580729 0.540042
0.587564 0.588951 0.534671
0.587528 0.591485 0.524998
0.588759 0.589831 0.534783
0.587385 0.598939 0.538676
0.577892 0.602083 0.538754
0.575098 0.607812 0.54646
0.583416 0.611024 0.541932
0.583794 0.606903 0.551035
0.58432 0.598563 0.545544
0.581831 0.588878 0.545671
0.58594 0.593385 0.537746
0.576203 0.591109 0.537784
0.581214 0.590528 0.546418
0.582987 0.586835 0.55554
0.592148 0.585101 0.551924
0.590405 0.582987 0.542307
0.58619 0.589676 0.54843
0.591244 0.583023 0.553925
0.588549 0.592588 0.552812
0.589302 0.583344 0.549073
0.583399 0.586461 0.541627
0.580008 0.587789 0.532314
0.586337 0.581247 0.536455
0.586547 0.591212 0.535647
0.594163 0.595893 0.531165
0.598636 0.58959 0.537511
0.600092 0.579809 0.539
0.594443 0.575041 0.532265
0.590449 0.566733 0.536142
0.588973 0.566849 0.546031
0.587832 0.558831 0.551897
0.594809 0.563695 0.546638
0.603214 0.560493 0.551008
0.601743 0.556666 0.541887
0.595622 0.560408 0.534921
0.598591 0.560981 0.544452
0.599278 0.557218 0.535213
0.60532 0.554297 0.542627
0.610014 0.548786 0.549526
0.608104 0.554676 0.557379
0.599761 0.555554 0.551936
0.594315 0.563872 0.55086
0.601364 0.562767 0.557866
0.595719 0.554551 0.558661
0.602852 0.560887 0.561658
0.604454 0.567309 0.569154
0.613924 0.570003 0.570901
0.622459 0.572833 0.566526
0.630016 0.566552 0.568381
0.636235 0.565339 0.560644
0.635409 0.557724 0.567073
0.630455 0.552256 0.573823
0.632024 0.561977 0.572075
0.624424 0.563881 0.578289
0.622172 0.561105 0.568949
0.619221 0.556262 0.560713
0.626628 0.549606 0.559801
0.632425 0.55555 0.554227
0.632197 0.545608 0.55317
0.625968 0.538695 0.556832
0.630865 0.543701 0.549693
0.625045 0.53685 0.545312
0.631939 0.538982 0.538389
0.63897 0.534024 0.53329
0.648772 0.535797 0.53417
0.646959 0.529257 0.526826
0.639977 0.527358 0.533729
0.649419 0.527588 0.530443
0.645067 0.536491 0.531788
0.639419 0.534684 0.523736
0.63187 0.533118 0.530106
0.64036 0.534594 0.535179
0.649689 0.535131 0.531618
0.65825 0.531294 0.535081
0.660598 0.53066 0.54478
0.659897 0.536029 0.553188
0.657201 0.545649 0.552751
0.649573 0.550683 0.548694
0.656919 0.551231 0.541932
0.658878 0.54327 0.547658
0.656181 0.550197 0.540969
0.656959 0.542391 0.534768
0.661351 0.544685 0.526082
0.659763 0.535556 0.529842
0.655631 0.531215 0.521838
0.661098 0.530752 0.530198
0.668872 0.533565 0.524572
0.663445 0.541696 0.526676
0.657953 0.533928 0.529756
0.660846 0.524435 0.52852
0.656554 0.53184 0.533691
0.663416 0.539073 0.534463
0.662527 0.54833 0.538139
0.662245 0.557974 0.540769
0.660948 0.548254 0.538809
0.669551 0.54443 0.542183
0.669558 0.537078 0.548961
0.670519 0.53569 0.558818
0.668489 0.526106 0.560822
0.666792 0.535932 0.560064
0.671743 0.544389 0.562055
0.662887 0.540572 0.55941
0.653638 0.542917 0.556416
0.648101 0.543722 0.548129
0.650573 0.553395 0.548699
0.656691 0.552962 0.5408
0.65438 0.544053 0.536889
0.645518 0.548669 0.537278
0.648528 0.556703 0.542416
0.657347 0.552047 0.543152
0.661781 0.560999 0.542689
0.658233 0.5552 0.550024
0.651385 0.553519 0.542934
0.660597 0.553663 0.539045
0.664161 0.562289 0.535454
0.662432 0.561421 0.545265
0.662778 0.570396 0.549662
0.672136 0.573758 0.548607
0.681053 0.575183 0.544309
0.68937 0.57048 0.54726
0.686152 0.561101 0.545958
0.690457 0.555313 0.539033
0.685722 0.563939 0.537255
0.677259 0.562255 0.532202
0.671871 0.554332 0.52934
0.66453 0.552353 0.522844
0.664653 0.543007 0.526398
0.665405 0.547834 0.535124
0.673659 0.543991 0.539261
0.672566 0.55239 0.544577
0.670047 0.542976 0.542337
0.679869 0.541264 0.541565
0.686265 0.54208 0.533921
0.688059 0.533869 0.53934
0.683483 0.528191 0.546182
0.689106 0.534136 0.551929
0.695423 0.541265 0.548883
0.699715 0.532697 0.546025
0.692568 0.538904 0.542801
0.689892 0.530581 0.537947
0.696567 0.524137 0.541679
0.695678 0.533691 0.538862
0.68825 0.53261 0.54547
0.696941 0.528946 0.548793
0.699879 0.536902 0.543496
0.698506 0.546782 0.54421
0.68906 0.54855 0.546975
0.689076 0.556361 0.540732
0.688169 0.560595 0.549746
0.694942 0.555576 0.544367
0.700934 0.548594 0.540448
0.708776 0.552211 0.535406
0.701256 0.554464 0.529213
0.700015 0.564387 0.52917
0.698669 0.56796 0.519928
0.695678 0.565071 0.529022
0.69872 0.560531 0.520648
0.692499 0.568352 0.521029
0.698481 0.561874 0.525747
0.705514 0.56263 0.518678
0.708978 0.567044 0.5104
0.710699 0.571619 0.501676
0.706624 0.577196 0.508907
0.704639 0.583774 0.501642
0.70101 0.592382 0.50521
0.709515 0.597616 0.505709
0.713913 0.591738 0.498919
0.708689 0.5995 0.50245
0.713717 0.608123 0.501848
0.704076 0.610347 0.500396
0.713145 0.609292 0.496318
0.715407 0.604109 0.48807
0.722817 0.598088 0.485097
0.728833 0.592763 0.479144
0.72154 0.597588 0.474294
0.728985 0.593808 0.468791
0.738304 0.59103 0.466457
0.747832 0.588627 0.468312
0.742943 0.583428 0.475317
0.738131 0.574772 0.473932
0.743233 0.582664 0.477351
0.734842 0.578103 0.480315
0.740618 0.583776 0.474446
0.742718 0.590864 0.48118
0.741542 0.595535 0.472416
0.731608 0.596011 0.473463
0.728521 0.605158 0.476071
0.719517 0.605182 0.471721
0.726675 0.605915 0.478665
0.723666 0.612168 0.471465
0.721801 0.621408 0.474803
0.725888 0.625484 0.482969
0.72226 0.634341 0.485868
0.718562 0.625833 0.489602
0.710139 0.622282 0.485545
0.705648 0.613408 0.48451
0.712739 0.612864 0.47748
0.71126 0.605714 0.470648
0.705296 0.609864 0.477518
0.697198 0.606092 0.482013
0.705114 0.608839 0.48747
0.709085 0.609957 0.478361
0.714235 0.613415 0.470518
0.716121 0.619746 0.478026
0.718856 0.610236 0.476585
0.71544 0.60276 0.482281
0.720905 0.595098 0.485662
0.716935 0.586019 0.487006
0.717144 0.578598 0.480306
0.727111 0.579388 0.480456
0.732987 0.574229 0.48669
0.733168 0.569752 0.47775
0.740712 0.563208 0.478257
0.743091 0.571355 0.47297
0.750878 0.572756 0.466855
0.741715 0.571824 0.462962
0.743024 0.569358 0.472564
0.736562 0.57605 0.468896
0.737212 0.576585 0.458932
0.737508 0.571602 0.467596
0.738437 0.561945 0.465171
0.731126 0.555366 0.463361
0.728304 0.563207 0.457834
0.736948 0.561698 0.453037
0.743529 0.569088 0.454476
0.740427 0.57776 0.458371
0.732744 0.576355 0.452126
0.727183 0.569764 0.457189
0.719139 0.564441 0.454552
0.720953 0.56445 0.464387
0.730331 0.567178 0.462242
0.735289 0.562147 0.469322
0.738532 0.557551 0.477589
0.729442 0.556467 0.473564
0.725342 0.564799 0.477274
0.720826 0.558165 0.483239
0.729774 0.554176 0.481234
0.727747 0.545733 0.476273
0.727759 0.53606 0.478807
0.726652 0.545567 0.481703
0.725154 0.546086 0.491577
0.72657 0.547713 0.481812
0.721611 0.55133 0.473917
0.723584 0.550022 0.483633
0.725247 0.559681 0.485613
0.729638 0.559846 0.47663
0.739471 0.561243 0.477795
0.732446 0.55808 0.471419
0.73347 0.550256 0.465276
0.738948 0.552375 0.473369
0.744052 0.549986 0.48163
0.745824 0.553106 0.472296
0.744026 0.544253 0.476584
0.753267 0.54221 0.473354
0.761392 0.543598 0.467692
0.757052 0.546576 0.476195
0.750056 0.548416 0.469292
0.750893 0.547817 0.479238
0.743736 0.542299 0.48352
0.740106 0.536441 0.476274
0.735522 0.538683 0.484873
0.729333 0.542709 0.491618
0.738307 0.544491 0.487583
0.731783 0.551427 0.490636
0.728915 0.543106 0.495383
0.73442 0.551324 0.493909
0.739114 0.555507 0.486134
0.741282 0.557779 0.495628
0.738281 0.567108 0.493634
0.729915 0.567675 0.499083
0.726792 0.56045 0.492915
0.729538 0.552868 0.498828
0.732636 0.548941 0.507488
0.736176 0.554925 0.500301
0.727302 0.551224 0.503048
0.718828 0.549385 0.508029
0.715139 0.540163 0.506874
0.705786 0.541797 0.503734
0.698279 0.536904 0.499295
0.704087 0.528872 0.497973
0.709228 0.536507 0.501884
0.704267 0.531777 0.509166
0.709571 0.539321 0.505298
0.713499 0.534268 0.512981
0.710645 0.538076 0.504186
0.714425 0.546754 0.507409
0.72407 0.547739 0.509861
0.731257 0.550569 0.50351
0.731737 0.541452 0.49943
0.728104 0.547589 0.50644
0.730912 0.539977 0.500594
0.730842 0.549882 0.499218
0.736773 0.553803 0.506249
0.741741 0.545209 0.505042
0.734676 0.544641 0.512097
0.737352 0.552606 0.506675
0.728797 0.557614 0.507992
0.737901 0.557232 0.51211
0.728974 0.553008 0.510544
0.731619 0.560572 0.504561
0.737195 0.554145 0.509815
0.742739 0.561624 0.513465
0.746503 0.570144 0.517105
0.740958 0.563592 0.522235
0.735501 0.564001 0.513865
0.743544 0.565251 0.519675
0.739244 0.570489 0.512321
0.730009 0.569988 0.516125
0.721636 0.570288 0.521584
0.729922 0.574174 0.517555
0.721299 0.579199 0.516934
0.713139 0.574339 0.520065
0.722591 0.575827 0.522972
0.725947 0.572286 0.531701
0.731999 0.580178 0.530665
0.733389 0.589279 0.52676
0.73846 0.582434 0.531999
0.747291 0.586621 0.529882
0.739265 0.592346 0.528205
0.747262 0.587495 0.524667
0.743338 0.596232 0.527543
0.737471 0.598871 0.535199
0.734646 0.604108 0.543236
0.731573 0.594986 0.540525
0.721677 0.594219 0.53931
0.719442 0.589296 0.530897
0.727517 0.588983 0.525006
0.73311 0.593935 0.531654
0.729704 0.5912 0.522659
0.739488 0.59163 0.520635
0.74751 0.590584 0.514757
0.750566 0.582122 0.51912
0.757238 0.585961 0.525503
0.747942 0.589538 0.526386
0.751651 0.580385 0.527958
0.752459 0.574791 0.536208
0.755852 0.565727 0.538722
0.746268 0.568262 0.53741
0.749073 0.558678 0.536881
0.74926 0.54954 0.540939
0.74471 0.547159 0.54952
0.746716 0.537728 0.546868
0.737005 0.536665 0.544731
0.732998 0.543791 0.538973
0.735663 0.552902 0.535827
0.731257 0.547358 0.542888
0.724749 0.540284 0.540129
0.72719 0.541083 0.549794
0.731673 0.549955 0.550888
0.734899 0.556644 0.557585
0.74449 0.554693 0.559635
0.752011 0.552855 0.565963
0.749648 0.544988 0.571666
0.752862 0.552311 0.57767
0.745491 0.558671 0.575388
0.751403 0.550691 0.574221
0.752699 0.544529 0.581989
0.745486 0.539398 0.577337
0.737389 0.533892 0.579367
0.745147 0.52893 0.583264
0.75271 0.535213 0.581436
0.75853 0.542625 0.578092
0.752648 0.548533 0.583613
0.744864 0.554031 0.586644
0.735984 0.557273 0.589906
0.737238 0.548371 0.594285
0.728994 0.544245 0.590409
0.732653 0.535946 0.59462
0.734508 0.531663 0.585776
0.724671 0.529901 0.586145
0.730795 0.529456 0.594038
0.737597 0.53672 0.593059
0.742562 0.531434 0.599944
0.738756 0.537152 0.592676
0.732971 0.545278 0.591975
0.741133 0.54733 0.586573
0.735979 0.538956 0.584752
0.737602 0.535282 0.575594
0.739325 0.541176 0.567702
0.73672 0.547998 0.574534
0.744996 0.542766 0.57657
0.73968 0.545111 0.584709
0.748406 0.547947 0.588687
0.748475 0.547304 0.578708
0.741902 0.552239 0.573012
0.746156 0.548943 0.581441
0.752011 0.555493 0.576665
0.753424 0.563841 0.571344
0.751815 0.569666 0.579311
0.747295 0.572045 0.587908
0.7405 0.565495 0.5846
0.743269 0.574952 0.582892
0.740645 0.584032 0.579626
0.750267 0.585592 0.581857
0.751624 0.583977 0.572082
0.758677 0.581036 0.578533
0.755667 0.589974 0.581859
0.74865 0.583325 0.584419
0.752903 0.580815 0.575724
0.75045 0.585617 0.567303
0.755281 0.578103 0.571797
0.745977 0.579777 0.568537
0.744182 0.589298 0.571011
0.752305 0.59279 0.56634
0.761889 0.590462 0.567994
0.768755 0.597172 0.570792
0.759986 0.599398 0.566532
0.761286 0.607512 0.560833
0.765111 0.614977 0.555388
0.767209 0.623028 0.549841
0.75946 0.622725 0.543529
0.752357 0.628744 0.539879
0.755078 0.631003 0.530525
0.746887 0.629422 0.53604
0.742087 0.6381 0.537329
0.744065 0.628329 0.538116
0.734515 0.627134 0.535401
0.741497 0.623071 0.529507
0.743955 0.623284 0.539198
0.743405 0.618822 0.54813
0.740354 0.62663 0.553582
0.742667 0.63203 0.561674
0.749431 0.63602 0.555483
0.743733 0.64329 0.559315
0.73824 0.635479 0.556345
0.730859 0.63011 0.56043
0.732179 0.623628 0.552931
0.7254 0.629349 0.557549
0.729227 0.632038 0.54871
0.728372 0.636351 0.557691
0.722614 0.64362 0.553949
0.720247 0.653333 0.553695
0.722697 0.657766 0.562317
0.713706 0.6578 0.557939
0.710301 0.662136 0.566282
0.709205 0.661712 0.556351
0.702411 0.668831 0.558126
0.704714 0.675372 0.565332
0.704343 0.679043 0.556037
0.71143 0.681524 0.549433
0.713471 0.676342 0.557739
0.715068 0.685544 0.561312
0.712472 0.694838 0.563936
0.71186 0.696678 0.554126
0.703813 0.691629 0.557251
0.702218 0.690766 0.567085
0.695592 0.684783 0.562578
0.699927 0.693234 0.565706
0.702093 0.689397 0.574683
0.707286 0.69389 0.567413
0.712911 0.686954 0.562914
0.709625 0.677757 0.565064
0.719316 0.677811 0.562599
0.719121 0.687802 0.562226
0.717445 0.697187 0.559209
0.71146 0.696515 0.567192
0.715025 0.705577 0.569466
0.722548 0.700616 0.56513
0.714066 0.69762 0.560761
0.72011 0.689913 0.562777
0.72765 0.691075 0.556312
0.737126 0.694177 0.555541
0.738946 0.685287 0.551339
0.729019 0.684111 0.551082
0.737175 0.678599 0.552842
0.738047 0.68851 0.551836
0.735591 0.685701 0.542558
0.744393 0.689557 0.545325
0.75013 0.681455 0.544122
0.755731 0.689638 0.542831
0.761005 0.682582 0.547563
0.759058 0.692322 0.548722
0.749084 0.692056 0.548047
0.750647 0.684029 0.553802
0.747537 0.685149 0.56324
0.742203 0.692561 0.567315
0.735832 0.698544 0.572176
0.742745 0.692298 0.568542
0.739928 0.68812 0.559905
0.746689 0.692121 0.566092
0.752232 0.6866 0.559865
0.752531 0.69596 0.563373
0.755881 0.704821 0.566576
0.753908 0.705902 0.556832
0.745035 0.706251 0.552233
0.741257 0.714168 0.557032
0.744039 0.711661 0.54776
0.753305 0.712348 0.551456
0.746314 0.716954 0.545988
0.747442 0.708025 0.550346
0.749891 0.717221 0.553419
0.749209 0.726445 0.55722
0.747257 0.722573 0.566231
0.755452 0.72337 0.571906
0.752866 0.713854 0.570248
0.755085 0.715306 0.57989
0.758177 0.724799 0.57932
0.76535 0.722635 0.572697
0.759347 0.719895 0.58021
0.75311 0.71382 0.575291
0.753681 0.7197 0.567223
0.763182 0.717931 0.569791
0.761479 0.727783 0.56999
0.769952 0.729372 0.564923
0.773823 0.737134 0.569898
0.782768 0.741016 0.572117
0.789639 0.737618 0.565696
0.787126 0.728563 0.569115
0.788643 0.738328 0.570648
0.797216 0.739081 0.57574
0.793027 0.747297 0.571873
0.799325 0.75164 0.565433
0.793079 0.745477 0.560638
0.785397 0.74502 0.554252
0.788901 0.749167 0.56265
0.788159 0.758464 0.566258
0.79547 0.752816 0.56243
0.786625 0.75713 0.564206
0.778362 0.762173 0.561697
0.787542 0.764009 0.558183
0.781887 0.769056 0.564706
0.778889 0.760775 0.569441
0.773104 0.753128 0.5666
0.778641 0.751692 0.574802
0.7858 0.757032 0.5793
0.77959 0.76169 0.585604
0.771705 0.755753 0.58721
0.766036 0.763928 0.588222
0.758071 0.760096 0.592899
0.75474 0.765074 0.600907
0.755689 0.756669 0.606241
0.747586 0.752804 0.601838
0.741704 0.748448 0.608652
0.740717 0.738534 0.607796
0.74227 0.728735 0.609047
0.747234 0.735566 0.60369
0.743818 0.732067 0.594967
0.739802 0.739406 0.600446
0.734187 0.741057 0.592337
0.730551 0.733466 0.586939
0.723104 0.73053 0.580945
0.732324 0.733321 0.57826
0.740213 0.731874 0.572288
0.736985 0.736549 0.580518
0.746185 0.732823 0.581736
0.751275 0.740365 0.585885
0.750073 0.730673 0.588034
0.753355 0.725571 0.580085
0.745591 0.728799 0.574673
0.736128 0.730375 0.571851
0.74032 0.736905 0.578158
0.733621 0.739495 0.5712
0.738087 0.740852 0.580044
0.74558 0.743812 0.585968
0.743711 0.734644 0.589497
0.744843 0.735756 0.59937
0.750705 0.729226 0.604165
0.754849 0.725723 0.595765
0.759146 0.724262 0.586855
0.760088 0.728535 0.595847
0.756327 0.725525 0.60461
0.747072 0.724756 0.6009
0.741366 0.71756 0.596942
0.747395 0.723892 0.592087
0.742643 0.730792 0.586627
0.739339 0.730475 0.59606
0.731118 0.735492 0.593369
0.723939 0.730182 0.588866
0.724382 0.720657 0.585853
0.718262 0.726221 0.591474
0.717617 0.724158 0.601237
0.71309 0.715248 0.600904
0.718387 0.707169 0.603489
0.719093 0.698657 0.598288
0.710696 0.704073 0.597887
0.707704 0.696411 0.603574
0.715965 0.692405 0.607539
0.709409 0.699899 0.608473
0.715627 0.707063 0.611637
0.723457 0.713214 0.6107
0.715314 0.709994 0.61553
0.707061 0.711441 0.620988
0.714898 0.717597 0.620159
0.711927 0.7117 0.612648
0.707027 0.720366 0.613587
0.708182 0.724442 0.604529
0.704544 0.720235 0.596218
0.709558 0.727678 0.591806
0.715949 0.722898 0.58578
0.723797 0.718708 0.581214
0.715485 0.718436 0.586767
0.713298 0.715101 0.595937
0.71616 0.722211 0.60236
0.723951 0.722507 0.596098
0.732185 0.724585 0.60138
0.741747 0.722403 0.59943
0.734623 0.721048 0.606316
0.738949 0.725525 0.598491
0.748385 0.725473 0.601802
0.749878 0.735021 0.59923
0.747296 0.732399 0.608528
0.743966 0.724415 0.603511
0.741695 0.717001 0.597197
0.736164 0.724528 0.600769
0.733569 0.731237 0.593823
0.735777 0.729766 0.603464
0.733073 0.739119 0.60118
0.736783 0.735271 0.609632
0.745675 0.731951 0.606483
0.744016 0.739061 0.599649
0.74274 0.735796 0.609015
0.752363 0.73533 0.606335
0.7603 0.730322 0.602883
0.752507 0.726169 0.607576
0.757127 0.732712 0.613562
0.749119 0.727951 0.60993
0.756761 0.731149 0.60433
0.74897 0.725003 0.605566
0.746423 0.725544 0.595911
0.746372 0.734595 0.59166
0.748461 0.734145 0.601429
0.745003 0.742964 0.604632
0.736394 0.7477 0.606489
0.736838 0.753868 0.59863
0.740807 0.76303 0.59918
0.734221 0.759263 0.605695
0.7306 0.756149 0.614481
0.722048 0.754307 0.609637
0.72231 0.748716 0.60135
0.728364 0.742805 0.59602
0.735018 0.748294 0.60108
0.732928 0.756266 0.595417
0.729295 0.749511 0.601833
0.720953 0.747021 0.596912
0.719677 0.742837 0.58792
0.72331 0.737428 0.580334
0.732066 0.734931 0.58447
0.737067 0.726301 0.583754
0.737781 0.733333 0.576681
0.737444 0.741947 0.581749
0.744508 0.735773 0.578287
0.735306 0.733583 0.581533
0.738888 0.741468 0.576532
0.737738 0.736591 0.567878
0.743229 0.744731 0.565984
0.751996 0.749514 0.566507
0.749219 0.741098 0.571139
0.743497 0.742738 0.563103
0.744803 0.739721 0.572547
0.735918 0.741247 0.568221
0.737617 0.751094 0.567821
0.739621 0.742207 0.571944
0.73529 0.741228 0.562984
0.74285 0.744083 0.568874
0.736044 0.749953 0.56449
0.731509 0.754946 0.557108
0.736375 0.751074 0.564939
0.727985 0.74624 0.567433
0.731154 0.739413 0.574017
0.729609 0.730934 0.568946
0.725168 0.724271 0.562957
0.733207 0.725739 0.568719
0.735046 0.71591 0.568717
0.742572 0.709327 0.56889
0.746158 0.702112 0.574813
0.738002 0.699209 0.569807
0.733459 0.706494 0.564679
0.723666 0.707451 0.562894
0.724506 0.717274 0.564573
0.718687 0.71165 0.558698
0.714013 0.706424 0.565829
0.710338 0.715664 0.56689
0.718993 0.711411 0.564245
0.714724 0.703055 0.567701
0.715859 0.694846 0.573299
0.724013 0.700038 0.57074
0.730086 0.69416 0.565395
0.727562 0.685064 0.568694
0.733164 0.678429 0.573652
0.732331 0.670358 0.579498
0.729937 0.670034 0.589201
0.720896 0.666035 0.587691
0.727157 0.662671 0.580656
0.723448 0.667927 0.573
0.717524 0.662587 0.566968
0.710034 0.664408 0.560597
0.717452 0.669083 0.565404
0.719575 0.666859 0.57492
0.729542 0.666092 0.574633
0.734498 0.66779 0.583151
0.742073 0.673149 0.58688
0.741664 0.663211 0.585846
0.744969 0.667303 0.594351
0.74317 0.673519 0.601975
0.750444 0.669629 0.607628
0.751843 0.659774 0.608598
0.747098 0.653114 0.614353
0.746843 0.649952 0.604869
0.748393 0.64035 0.607189
0.756395 0.643618 0.602159
0.753884 0.642622 0.611788
0.745248 0.64269 0.616829
0.754882 0.644375 0.618915
0.750379 0.652238 0.614684
0.748098 0.642956 0.611745
0.748076 0.637005 0.619782
0.740703 0.632074 0.6244
0.734035 0.627153 0.618803
0.728424 0.632166 0.612216
0.72325 0.636482 0.604827
0.716554 0.643908 0.604944
0.715146 0.642277 0.595179
0.713584 0.632695 0.592781
0.721385 0.631261 0.598871
0.729112 0.63745 0.600282
0.72719 0.629965 0.593936
0.717897 0.630723 0.597552
0.713456 0.623521 0.602882
0.716655 0.624274 0.612326
0.718792 0.633976 0.611185
0.724246 0.636125 0.603082
0.718465 0.628411 0.600422
0.719235 0.629202 0.610361
0.71769 0.620363 0.605947
0.714528 0.625669 0.598083
0.705817 0.621971 0.601312
0.706152 0.612251 0.598985
0.704345 0.602417 0.598794
0.708233 0.607565 0.606434
0.710075 0.59915 0.601354
0.70422 0.591625 0.598339
0.711623 0.587889 0.592749
0.706538 0.594588 0.59816
0.714927 0.598374 0.594248
0.706959 0.602284 0.589641
0.697173 0.603847 0.588307
0.706405 0.605803 0.585
0.704696 0.613355 0.578671
0.70087 0.605881 0.573239
0.705575 0.609797 0.565332
0.69602 0.609355 0.568249
0.686638 0.607611 0.56526
0.69004 0.598256 0.564303
0.694978 0.605034 0.558856
0.688756 0.597235 0.559529
0.688087 0.602793 0.551243
0.694927 0.596498 0.554929
0.697697 0.593071 0.545952
0.70063 0.592403 0.536415
0.701649 0.59258 0.526469
0.698368 0.601306 0.522851
0.70545 0.595102 0.519483
0.705875 0.585162 0.518476
0.700856 0.577545 0.514377
0.70418 0.586923 0.515383
0.707604 0.58201 0.507374
0.698123 0.583246 0.510304
0.704441 0.58104 0.502872
0.6984 0.576885 0.509673
0.708377 0.577549 0.509781
0.712502 0.576945 0.500691
0.712395 0.586134 0.504635
0.710269 0.576525 0.502859
0.714831 0.584646 0.49922
0.715161 0.589469 0.507974
0.718778 0.593886 0.499763
0.717084 0.600098 0.507415
0.712041 0.596557 0.499539
0.711131 0.596159 0.50949
0.72105 0.595431 0.508451
0.721711 0.590552 0.517154
0.723472 0.580792 0.51843
0.727701 0.589488 0.515883
0.721273 0.595329 0.52084
0.715707 0.587726 0.52419
0.715166 0.593626 0.516134
0.709446 0.601527 0.518337
0.718511 0.600011 0.522279
0.716372 0.591821 0.516954
0.720103 0.582879 0.519426
0.728785 0.580573 0.523818
0.72593 0.589591 0.520574
0.729701 0.591625 0.52961
0.723058 0.596594 0.535194
0.713148 0.597378 0.536275
0.708411 0.600879 0.528194
0.702586 0.6023 0.536197
0.709357 0.603216 0.528896
0.699841 0.602083 0.526038
0.697364 0.602638 0.535711
0.701531 0.611466 0.53788
0.698793 0.60761 0.546691
0.695342 0.612204 0.538506
0.692753 0.613065 0.528886
0.694452 0.62146 0.534047
0.690451 0.612298 0.533814
0.686499 0.60388 0.530136
0.678725 0.609635 0.527599
0.672185 0.615647 0.532191
0.667837 0.619896 0.540131
0.669632 0.618908 0.530343
0.670702 0.624765 0.538377
0.661011 0.62413 0.54076
0.651366 0.626498 0.541928
0.652474 0.621164 0.550313
0.661538 0.617335 0.548525
0.652269 0.618341 0.552141
0.649064 0.610747 0.557802
0.649121 0.605748 0.566463
0.648256 0.61407 0.560987
0.645753 0.613832 0.551308
0.648069 0.612287 0.541704
0.646163 0.607127 0.550055
0.638117 0.606169 0.555916
0.63635 0.613698 0.549577
0.642252 0.619424 0.555267
0.649585 0.61813 0.548592
0.642105 0.620341 0.542334
0.645324 0.614906 0.534581
0.651693 0.6181 0.541597
0.657872 0.616802 0.533842
0.650333 0.623192 0.535371
0.644507 0.623477 0.527249
0.638923 0.616438 0.531639
0.648538 0.61813 0.533805
0.644511 0.622843 0.525958
0.635034 0.621825 0.522933
0.6444 0.622376 0.526392
0.640183 0.620791 0.517464
0.645774 0.62819 0.521205
0.649552 0.630545 0.512251
0.657476 0.626284 0.516615
0.653994 0.626994 0.507268
0.65127 0.635511 0.502792
0.641954 0.634433 0.499319
0.649154 0.628419 0.502783
0.651719 0.636118 0.508626
0.643037 0.640909 0.509912
0.633256 0.64168 0.507976
0.627394 0.643552 0.500094
0.621006 0.645504 0.507536
0.61554 0.643447 0.499419
0.624944 0.646654 0.498288
0.632734 0.652659 0.49648
0.629379 0.661909 0.4947
0.63548 0.654132 0.49621
0.634106 0.651552 0.505773
0.629416 0.643239 0.508757
0.638203 0.638471 0.508503
0.639691 0.628713 0.5101
0.636487 0.627648 0.519512
0.629214 0.624301 0.51352
0.628668 0.6189 0.521918
0.629818 0.628779 0.522958
0.635857 0.627554 0.515082
0.633674 0.634769 0.508511
0.62979 0.641942 0.514295
0.631054 0.643555 0.524083
0.631586 0.648901 0.532518
0.633601 0.644423 0.541229
0.629545 0.635886 0.544494
0.633019 0.638809 0.553404
0.627881 0.645798 0.558379
0.619715 0.64398 0.552901
0.614152 0.643175 0.54463
0.607077 0.643774 0.551672
0.613005 0.642093 0.559548
0.620711 0.637546 0.555082
0.611969 0.642307 0.554136
0.618982 0.647973 0.549809
0.61113 0.646143 0.555725
0.607148 0.638311 0.55095
0.611225 0.633796 0.558886
0.618359 0.637815 0.564627
0.622357 0.646981 0.564542
0.615613 0.654216 0.566014
0.620727 0.648708 0.57261
0.621632 0.656951 0.567021
0.631498 0.655934 0.568298
0.627053 0.648635 0.57349
0.636639 0.651412 0.572868
0.643681 0.657275 0.576874
0.639883 0.660627 0.585496
0.645942 0.657706 0.578096
0.642671 0.649011 0.581796
0.649458 0.647613 0.574587
0.655853 0.640495 0.571682
0.664303 0.638303 0.576559
0.656687 0.644552 0.574844
0.654574 0.654294 0.575638
0.663878 0.657771 0.574477
0.666768 0.654133 0.583332
0.673728 0.655633 0.57631
0.66475 0.657588 0.572363
0.65775 0.662378 0.567066
0.662766 0.661503 0.575672
0.664612 0.662718 0.585425
0.665455 0.667574 0.576724
0.65656 0.670664 0.573357
0.647332 0.67287 0.570197
0.64027 0.671494 0.563253
0.643574 0.671446 0.553814
0.652564 0.671174 0.549442
0.650796 0.661682 0.546839
0.65604 0.653479 0.544554
0.661412 0.652166 0.536223
0.658655 0.659858 0.541986
0.662784 0.658587 0.532968
0.656396 0.666125 0.531428
0.658942 0.656578 0.529885
0.662974 0.656366 0.539033
0.666005 0.656148 0.529506
0.672608 0.652494 0.536067
0.680519 0.648391 0.53153
0.689003 0.643317 0.530017
0.689799 0.651521 0.524353
0.698193 0.649527 0.519298
0.69497 0.655032 0.511598
0.702567 0.661469 0.510674
0.697212 0.653599 0.513738
0.704298 0.660293 0.511505
0.710292 0.657963 0.519163
0.712752 0.660991 0.509955
0.711312 0.657489 0.5007
0.707368 0.665917 0.504362
0.71106 0.675199 0.504836
0.715981 0.67526 0.513542
0.720007 0.684298 0.512092
0.723547 0.680338 0.520565
0.715195 0.68502 0.52345
0.706386 0.688569 0.526581
0.710964 0.696822 0.529888
0.705617 0.699428 0.537927
0.703128 0.694715 0.546388
0.71061 0.697756 0.552285
0.715463 0.704181 0.546355
0.722253 0.711521 0.546488
0.717808 0.712206 0.537557
0.725119 0.71542 0.543575
0.727667 0.708913 0.536422
0.7277 0.70885 0.526422
0.725624 0.709709 0.516677
0.729319 0.7106 0.507428
0.735369 0.716136 0.51315
0.731864 0.715056 0.522453
0.72935 0.707816 0.51603
0.735777 0.712072 0.5224
0.726002 0.71047 0.523771
0.728056 0.714731 0.532582
0.725904 0.706511 0.527309
0.729797 0.705902 0.5365
0.735664 0.711911 0.531071
0.728583 0.711656 0.538127
0.728195 0.717424 0.546287
0.731971 0.718563 0.555477
0.730868 0.709575 0.551235
0.723118 0.708822 0.544961
0.723013 0.705219 0.535633
0.725827 0.714801 0.535111
0.71739 0.716419 0.529993
0.726781 0.713073 0.529204
0.731121 0.707511 0.536291
0.72472 0.712299 0.542299
0.733737 0.712579 0.537985
0.737638 0.707275 0.545512
0.731866 0.7048 0.553294
0.731375 0.706045 0.543384
0.740788 0.709421 0.543379
0.733222 0.704978 0.548176
0.723349 0.706468 0.548727
0.720655 0.708311 0.539274
0.715787 0.706257 0.530784
0.710157 0.710106 0.523471
0.700235 0.709028 0.524093
0.691943 0.706087 0.51934
0.685679 0.699771 0.523909
0.684328 0.691811 0.529809
0.682975 0.681956 0.530837
0.676188 0.676908 0.525504
0.66814 0.681006 0.529798
0.658356 0.68081 0.531856
0.651013 0.687238 0.53404
0.64664 0.682379 0.541607
0.646012 0.672736 0.544179
0.643272 0.66402 0.540113
0.643876 0.673701 0.542546
0.64425 0.68318 0.54571
0.638205 0.678501 0.552157
0.628501 0.680572 0.550916
0.635413 0.687669 0.55228
0.643965 0.692153 0.55488
0.635026 0.693006 0.55048
0.645009 0.692638 0.550047
0.640503 0.686383 0.556416
0.631157 0.688277 0.553403
0.640563 0.684911 0.553854
0.635561 0.693551 0.554439
0.633046 0.702938 0.556797
0.642477 0.69962 0.55703
0.645303 0.708631 0.56032
0.642515 0.716764 0.565426
0.649554 0.716164 0.572503
0.658371 0.714359 0.576863
0.660257 0.706827 0.570561
0.654406 0.699256 0.567654
0.659982 0.69457 0.560802
0.651759 0.690106 0.564331
0.642056 0.691893 0.565963
0.641439 0.686322 0.557682
0.647664 0.678843 0.55999
0.654545 0.675104 0.553772
0.647947 0.667595 0.553485
0.645075 0.676133 0.549142
0.65218 0.681162 0.554065
0.660233 0.679125 0.559632
0.658397 0.673848 0.567926
0.654359 0.681329 0.562659
0.645612 0.684697 0.559174
0.64471 0.680729 0.55004
0.637813 0.674514 0.553756
0.647295 0.674306 0.550586
0.654222 0.669955 0.556337
0.656931 0.664978 0.564577
0.659526 0.655477 0.566312
0.662432 0.648139 0.560172
0.668401 0.6556 0.563123
0.662461 0.650553 0.556859
0.667546 0.645578 0.549831
0.663455 0.654648 0.550835
0.66128 0.663937 0.553832
0.661342 0.654072 0.555465
0.665536 0.645349 0.552949
0.667557 0.653588 0.547654
0.667144 0.660742 0.554629
0.66746 0.650748 0.554574
0.65806 0.651495 0.557903
0.658004 0.641615 0.556363
0.666265 0.638087 0.551968
0.661337 0.630815 0.556748
0.652493 0.626845 0.554296
0.650859 0.636691 0.554918
0.660667 0.637649 0.553218
0.654842 0.64421 0.548421
0.651059 0.647834 0.556939
0.654509 0.657195 0.557621
0.645431 0.657328 0.561813
0.65436 0.657651 0.566306
0.652483 0.659331 0.575983
0.644188 0.653752 0.57575
0.653373 0.657665 0.57519
0.658506 0.664055 0.580919
0.657136 0.65746 0.58831
0.665885 0.662183 0.58938
0.672392 0.657506 0.583398
0.677457 0.649598 0.57996
0.672649 0.656479 0.585395
0.665143 0.663032 0.584546
0.664139 0.663396 0.574604
0.672605 0.660448 0.579034
0.6818 0.660416 0.575102
0.687653 0.654581 0.580732
0.680503 0.660394 0.576848
0.672505 0.655124 0.573972
0.674688 0.664593 0.571609
0.68256 0.659339 0.574839
0.688408 0.659134 0.582948
0.681549 0.664919 0.587362
0.685407 0.674131 0.587866
0.688794 0.680483 0.580925
0.696886 0.67537 0.583821
0.700845 0.677821 0.574971
0.697448 0.683663 0.582342
0.69528 0.68057 0.591601
0.698678 0.687644 0.597799
0.690719 0.686379 0.60372
0.686584 0.69498 0.600734
0.68366 0.686139 0.604378
0.691935 0.690064 0.608394
0.689199 0.690638 0.617996
0.68977 0.690362 0.608016
0.68312 0.685183 0.602635
0.68683 0.69445 0.602047
0.696316 0.691881 0.603894
0.687058 0.692462 0.600157
0.684367 0.697925 0.592226
0.682284 0.688205 0.591137
0.689583 0.681646 0.589211
0.692393 0.682164 0.598794
0.691316 0.672647 0.601668
0.683333 0.678391 0.603478
0.689271 0.683125 0.596972
0.680513 0.681094 0.592594
0.672392 0.681684 0.586788
0.675266 0.68684 0.59486
0.683689 0.681455 0.595097
0.676082 0.67559 0.597878
0.685003 0.675813 0.593365
0.684251 0.682304 0.600934
0.691982 0.687534 0.604522
0.691835 0.679861 0.59811
0.699636 0.673813 0.596505
0.707824 0.677873 0.600563
0.712176 0.682215 0.608451
0.705678 0.676295 0.613219
0.713508 0.681894 0.61051
0.719479 0.673967 0.611744
0.713617 0.668763 0.617953
0.721154 0.674421 0.614609
0.722077 0.680513 0.622485
0.725257 0.687992 0.628312
0.721301 0.681203 0.634496
0.712285 0.684927 0.6367
0.705155 0.684126 0.643665
0.710001 0.684022 0.634918
0.703472 0.680519 0.641634
0.696993 0.673799 0.645221
0.692758 0.675789 0.654059
0.688847 0.682265 0.647519
0.680515 0.676789 0.646754
0.673109 0.683241 0.644877
0.672942 0.673473 0.647014
0.675416 0.67758 0.65579
0.669495 0.681588 0.662781
0.666374 0.685942 0.671225
0.656545 0.686693 0.672905
0.652078 0.678655 0.668975
0.659931 0.672533 0.669897
0.655267 0.674133 0.678597
0.652065 0.683606 0.678722
0.64257 0.685115 0.675969
0.633866 0.688615 0.67943
0.636683 0.695527 0.672775
0.627594 0.691557 0.674049
0.630097 0.687297 0.682743
0.635536 0.690369 0.690552
0.62941 0.697278 0.686714
0.620514 0.701475 0.688512
0.625503 0.708156 0.694033
0.635455 0.708673 0.69487
0.631646 0.699733 0.697229
0.638199 0.698859 0.689725
0.646658 0.697887 0.68448
0.642445 0.706783 0.686248
0.646913 0.699136 0.681605
0.641904 0.690985 0.678694
0.640778 0.682077 0.683096
0.642949 0.687603 0.675049
0.633515 0.690698 0.673849
0.634265 0.680748 0.673185
0.625946 0.680016 0.678686
0.630691 0.68586 0.685269
0.632133 0.679459 0.692815
0.636368 0.685952 0.686498
0.627032 0.688326 0.689179
0.632907 0.68191 0.69411
0.633214 0.691901 0.693805
0.623902 0.695484 0.694476
0.627069 0.704819 0.692792
0.626333 0.706786 0.702569
0.631117 0.712551 0.695945
0.626952 0.710169 0.704719
0.626339 0.712476 0.71443
0.62336 0.704086 0.718982
0.615322 0.702513 0.713246
0.607414 0.708065 0.715824
0.60538 0.701552 0.708514
0.604797 0.697773 0.699274
0.606506 0.688915 0.694959
0.608499 0.698702 0.694468
0.600074 0.699272 0.699824
0.599284 0.70421 0.708484
0.598814 0.706687 0.698807
0.589365 0.704122 0.700841
0.583852 0.707511 0.693216
0.590667 0.714526 0.691132
0.59326 0.723317 0.687132
0.589086 0.718127 0.694592
0.596028 0.720492 0.687794
0.58703 0.72064 0.692154
0.580034 0.71917 0.699147
0.581987 0.728973 0.699441
0.587035 0.728932 0.690809
0.588481 0.719091 0.691837
0.579254 0.720319 0.695492
0.576638 0.729015 0.699678
0.567946 0.724314 0.701209
0.5732 0.720539 0.693585
0.57048 0.714267 0.686287
0.56538 0.722814 0.685315
0.568491 0.714204 0.689338
0.561207 0.713018 0.696087
0.571016 0.711137 0.695591
0.576467 0.705413 0.701717
0.574662 0.69783 0.695452
0.564957 0.697229 0.697789
0.570318 0.694065 0.689962
0.575667 0.685637 0.689361
0.584534 0.683107 0.685491
0.583238 0.689701 0.692896
0.580293 0.691452 0.702291
0.582091 0.683983 0.708693
0.588383 0.684644 0.716437
0.595555 0.682331 0.709862
0.599287 0.684045 0.71898
0.600235 0.693943 0.717917
0.591266 0.69824 0.718954
0.58569 0.693539 0.712112
0.595091 0.690368 0.710864
0.585393 0.68843 0.709384
0.592127 0.688119 0.71677
0.586538 0.68341 0.709945
0.594408 0.683869 0.716097
0.590389 0.67829 0.708837
0.58713 0.679641 0.69948
0.588051 0.6727 0.70662
0.592885 0.671404 0.697962
0.593603 0.673353 0.707744
0.585677 0.675805 0.702161
0.587976 0.67527 0.711879
0.583013 0.669499 0.705393
0.581274 0.674301 0.696796
0.57786 0.670803 0.70552
0.568098 0.672625 0.70434
0.564833 0.677489 0.696236
0.567155 0.681426 0.705131
0.576588 0.684716 0.705579
0.576878 0.692678 0.711622
0.579018 0.683785 0.70758
0.58261 0.690378 0.700975
0.578651 0.699259 0.698639
0.583252 0.705465 0.704989
0.576198 0.708826 0.711229
0.573235 0.704884 0.719929
0.582921 0.706894 0.721394
0.592458 0.707631 0.72431
0.593778 0.706511 0.734159
0.58466 0.703959 0.737373
0.592587 0.700225 0.742192
0.599845 0.704177 0.736562
0.60256 0.706829 0.72731
0.604525 0.70585 0.717554
0.608627 0.714965 0.717851
0.606269 0.723353 0.712944
0.609431 0.730463 0.719225
0.614498 0.737116 0.724708
0.623923 0.736047 0.721542
0.626377 0.733964 0.73101
0.636105 0.73599 0.732131
0.629436 0.743417 0.731534
0.627303 0.753056 0.733128
0.634312 0.757331 0.738837
0.624489 0.758676 0.740138
0.632846 0.75354 0.742083
0.636735 0.752068 0.732988
0.643949 0.747004 0.737711
0.653372 0.747002 0.741059
0.651456 0.740936 0.733343
0.64283 0.735878 0.733239
0.641739 0.745539 0.735576
0.642563 0.75319 0.729189
0.646221 0.757212 0.737582
0.64164 0.755314 0.746266
0.637119 0.756755 0.755068
0.64685 0.759033 0.754725
0.64696 0.768696 0.752152
0.638259 0.764469 0.754686
0.644715 0.759503 0.760488
0.650331 0.767061 0.757122
0.651303 0.776123 0.753006
0.654745 0.767978 0.748336
0.663151 0.771957 0.744661
0.659975 0.768687 0.73576
0.656093 0.777895 0.736129
0.651164 0.786105 0.733245
0.647518 0.785207 0.723977
0.646321 0.790616 0.732302
0.64681 0.800488 0.730787
0.645822 0.792715 0.724574
0.63792 0.787043 0.722253
0.632143 0.793165 0.727651
0.639752 0.795398 0.733742
0.637567 0.799125 0.742761
0.629882 0.794832 0.747505
0.638434 0.790376 0.74486
0.637036 0.800189 0.743541
0.642844 0.793923 0.738344
0.65083 0.788542 0.735652
0.653701 0.797732 0.73295
0.653459 0.807151 0.736299
0.660911 0.808399 0.729748
0.66782 0.804165 0.735609
0.666646 0.794503 0.7379
0.659624 0.792592 0.744758
0.650208 0.789287 0.7441
0.651006 0.779764 0.747044
0.658252 0.772998 0.745733
0.652755 0.780493 0.74942
0.652216 0.77097 0.746418
0.645095 0.767153 0.752311
0.648225 0.763993 0.743354
0.658165 0.765074 0.743537
0.664762 0.772589 0.743554
0.66998 0.778836 0.737745
0.662287 0.778468 0.744122
0.662865 0.768537 0.743109
0.662055 0.77532 0.735806
0.660148 0.765951 0.732875
0.658195 0.756165 0.733523
0.659214 0.76051 0.742472
0.664391 0.769024 0.741627
0.657434 0.774749 0.737289
0.654306 0.765259 0.736908
0.65541 0.758374 0.744076
0.652658 0.751525 0.737329
0.662528 0.752004 0.735798
0.663678 0.756913 0.727162
0.663568 0.751039 0.735254
0.655347 0.756553 0.736676
0.645976 0.755362 0.733394
0.639651 0.751453 0.740081
0.631473 0.7532 0.734598
0.633544 0.746811 0.742007
0.626817 0.751686 0.73644
0.624781 0.746151 0.728365
0.620469 0.746004 0.719343
0.617715 0.738505 0.725357
0.622922 0.736471 0.733649
0.617127 0.735281 0.741711
0.62072 0.72877 0.748396
0.6306 0.728973 0.749929
0.635346 0.72018 0.749532
0.644499 0.716154 0.749655
0.635762 0.71434 0.745142
0.632066 0.720224 0.752333
0.634054 0.712893 0.745829
0.641635 0.717753 0.741481
0.635 0.720311 0.73445
0.633605 0.713235 0.727522
0.636988 0.711489 0.736769
0.639962 0.702448 0.739839
0.63382 0.694575 0.740373
0.632469 0.697546 0.749825
0.628386 0.691067 0.743394
0.634987 0.687323 0.749907
0.641387 0.680255 0.752921
0.640757 0.670987 0.756624
0.632543 0.669099 0.751242
0.630935 0.668941 0.76111
0.63028 0.659052 0.759775
0.629885 0.668645 0.756981
0.620234 0.669007 0.759575
0.614322 0.661026 0.760736
0.604405 0.661592 0.761895
0.598653 0.656913 0.755184
0.598127 0.666898 0.755036
0.590632 0.673484 0.755701
0.583302 0.680242 0.756478
0.586769 0.676014 0.764851
0.577953 0.679669 0.767838
0.572089 0.681065 0.759859
0.568079 0.690128 0.75853
0.566314 0.695614 0.766702
0.569927 0.694116 0.757499
0.569908 0.70108 0.750322
0.572291 0.691386 0.750918
0.575237 0.700137 0.747077
0.575964 0.709861 0.744862
0.568402 0.706973 0.73899
0.573095 0.698616 0.736137
0.566195 0.705781 0.737159
0.573385 0.712302 0.739561
0.573429 0.702323 0.738923
0.568472 0.693802 0.737243
0.572897 0.696012 0.745934
0.57001 0.704729 0.741975
0.561881 0.70494 0.747796
0.569007 0.70761 0.741308
0.560279 0.705696 0.745797
0.551174 0.70905 0.743378
0.543884 0.715768 0.744696
0.53882 0.709972 0.751081
0.543946 0.705188 0.75821
0.539383 0.700559 0.76581
0.531304 0.702648 0.77132
0.523183 0.703459 0.765542
0.521463 0.703809 0.775386
0.531313 0.702086 0.775515
0.534386 0.702671 0.785013
0.543825 0.705816 0.784009
0.549118 0.705131 0.775553
0.544778 0.712585 0.780612
0.551463 0.717323 0.77488
0.547115 0.717497 0.783883
0.53751 0.718945 0.781507
0.537315 0.720442 0.771622
0.537637 0.710814 0.774302
0.541701 0.709451 0.783337
0.533094 0.712337 0.779143
0.538608 0.715419 0.771391
0.533764 0.706715 0.772261
0.535705 0.714503 0.766297
0.536787 0.724426 0.7657
0.539763 0.733601 0.763062
0.54291 0.736683 0.754084
0.543778 0.72867 0.760002
0.544484 0.737979 0.763585
0.54554 0.730509 0.770149
0.543477 0.723802 0.763024
0.55183 0.720383 0.758718
0.54688 0.726907 0.764456
0.545725 0.717307 0.761904
0.545939 0.724815 0.755302
0.54466 0.733729 0.759652
0.542355 0.738113 0.768338
0.549052 0.730781 0.769511
0.556268 0.731358 0.776411
0.564427 0.736018 0.772987
0.560041 0.733514 0.764357
0.562781 0.724612 0.767995
0.561019 0.730976 0.760486
0.559959 0.737895 0.753343
0.559637 0.735536 0.743631
0.559685 0.725557 0.74299
0.564303 0.726118 0.734138
0.570858 0.721651 0.740227
0.562015 0.725273 0.743173
0.55453 0.730429 0.747343
0.556187 0.728826 0.737612
0.557131 0.738429 0.740237
0.548566 0.74359 0.74016
0.543569 0.735448 0.743115
0.551997 0.738747 0.738862
0.559536 0.732318 0.740213
0.564717 0.724437 0.743536
0.572549 0.728688 0.748073
0.564476 0.722869 0.747093
0.566002 0.732541 0.745062
0.573179 0.731421 0.738189
0.565863 0.737184 0.734546
0.562232 0.729096 0.729921
0.55286 0.729796 0.733337
0.556106 0.739024 0.731262
0.550821 0.738705 0.722778
0.546544 0.742804 0.730834
0.546012 0.75278 0.730403
0.554316 0.748163 0.727285
0.553957 0.757296 0.731341
0.549116 0.762486 0.738386
0.55392 0.756564 0.731917
0.555235 0.763626 0.738874
0.55882 0.757213 0.745659
0.568785 0.756692 0.746301
0.560407 0.761753 0.748346
0.557969 0.766477 0.739876
0.560888 0.756929 0.74043
0.552046 0.758619 0.744784
0.547341 0.751683 0.73933
0.546835 0.745016 0.746766
0.540952 0.737017 0.747951
0.5347 0.740779 0.741113
0.525031 0.740372 0.738597
0.531404 0.741791 0.731023
0.537353 0.73428 0.728159
0.542736 0.73048 0.720636
0.547435 0.72519 0.71357
0.550455 0.716467 0.709725
0.559924 0.71385 0.707858
0.557178 0.719432 0.715686
0.550994 0.712406 0.719207
0.543713 0.719261 0.719164
0.549053 0.727691 0.718515
0.547797 0.729341 0.728297
0.556425 0.72466 0.730205
0.558318 0.728397 0.721124
0.559217 0.731893 0.711799
0.557006 0.732882 0.702096
0.560091 0.727446 0.709903
0.555513 0.722031 0.702852
0.553759 0.71303 0.706841
0.561792 0.709794 0.701841
0.563551 0.711607 0.711517
0.558916 0.707893 0.719562
0.561954 0.701371 0.712616
0.565018 0.6937 0.718251
0.573354 0.692399 0.712884
0.582641 0.689417 0.71509
0.586188 0.694839 0.707473
0.581868 0.698051 0.7159
0.573196 0.700703 0.720116
0.567938 0.692211 0.719636
0.570295 0.689928 0.710189
0.571765 0.682208 0.704006
0.571177 0.674984 0.710895
0.574273 0.670314 0.702612
0.565397 0.670219 0.707218
0.56705 0.669802 0.717072
0.569688 0.678214 0.721792
0.575525 0.681978 0.714598
0.576382 0.672152 0.716242
0.57346 0.681249 0.719191
0.564093 0.682373 0.722509
0.556127 0.676436 0.723643
0.564023 0.6703 0.723573
0.562537 0.660411 0.723611
0.563391 0.652248 0.729324
0.55635 0.65933 0.72984
0.554182 0.655018 0.738598
0.559575 0.647963 0.733999
0.568838 0.645342 0.731291
0.562067 0.646146 0.723977
0.552648 0.643568 0.721822
0.543696 0.643684 0.726277
0.542901 0.647102 0.735641
0.544931 0.638738 0.740732
0.542084 0.634764 0.732009
0.540486 0.625586 0.728373
0.544802 0.616654 0.729635
0.53593 0.614238 0.733566
0.536885 0.623093 0.738111
0.543097 0.615611 0.735784
0.542226 0.60658 0.731579
0.533575 0.611406 0.730208
0.524356 0.610084 0.726567
0.523251 0.609979 0.736505
0.531937 0.611254 0.731716
0.534165 0.617199 0.739442
0.536061 0.626391 0.735991
0.53968 0.62529 0.745249
0.5365 0.616865 0.749596
0.537922 0.6264 0.752252
0.529893 0.623059 0.75719
0.520583 0.62422 0.753729
0.52645 0.627858 0.746494
0.520993 0.631759 0.739078
0.523138 0.640902 0.73564
0.528476 0.647927 0.740346
0.536288 0.649697 0.734359
0.536344 0.647648 0.724571
0.527851 0.651278 0.728404
0.526156 0.645005 0.736006
0.531228 0.652768 0.732262
0.523265 0.655145 0.7267
0.514232 0.659232 0.725396
0.520501 0.665983 0.721507
0.511659 0.667427 0.717067
0.513596 0.676344 0.712976
0.516865 0.683473 0.71918
0.518442 0.693247 0.717772
0.516046 0.695898 0.727112
0.511998 0.696353 0.736245
0.516371 0.693533 0.744784
0.524301 0.695383 0.738981
0.525045 0.68542 0.739426
0.526859 0.687639 0.729846
0.534922 0.689257 0.735535
0.530086 0.68296 0.729455
0.536298 0.684463 0.737146
0.530808 0.685845 0.728903
0.531555 0.676767 0.724775
0.531551 0.672949 0.715533
0.524181 0.676441 0.709746
0.524982 0.685212 0.705011
0.522799 0.675548 0.703655
0.531118 0.672627 0.698938
0.53363 0.681084 0.703645
0.530845 0.689838 0.707597
0.529493 0.679943 0.708104
0.524542 0.671283 0.708811
0.52708 0.663709 0.714827
0.530052 0.67093 0.721074
0.525501 0.663037 0.725196
0.516307 0.66068 0.722047
0.519249 0.669162 0.726453
0.524121 0.67577 0.732162
0.525171 0.670091 0.723998
0.529929 0.67517 0.731179
0.523433 0.67923 0.737607
0.516567 0.68645 0.736748
0.524095 0.692904 0.735451
0.529828 0.695263 0.727605
0.520803 0.69267 0.731043
0.510838 0.692682 0.731879
0.516326 0.698193 0.738165
0.518111 0.688916 0.741445
0.508996 0.687605 0.745344
0.513806 0.680826 0.750904
0.521196 0.685114 0.745707
0.522791 0.68196 0.736353
0.525659 0.679338 0.727139
0.532644 0.68536 0.731005
0.528913 0.676274 0.729126
0.519907 0.672711 0.726638
0.522708 0.666539 0.733991
0.516873 0.658574 0.73558
0.526053 0.659625 0.739406
0.535615 0.657369 0.741266
0.535943 0.658771 0.751162
0.528827 0.665642 0.752625
0.534899 0.657757 0.7536
0.535891 0.667535 0.751757
0.531166 0.664303 0.743558
0.53454 0.666768 0.752643
0.533208 0.676094 0.755998
0.541263 0.675861 0.76192
0.549651 0.670664 0.760297
0.546844 0.662711 0.754924
0.553062 0.670511 0.755625
0.551111 0.672352 0.765258
0.54487 0.678872 0.760953
0.540632 0.680499 0.769864
0.543014 0.679077 0.760256
0.550093 0.673977 0.755369
0.542232 0.671814 0.76116
0.543656 0.662842 0.765339
0.534198 0.66137 0.768234
0.542209 0.658642 0.762907
0.546891 0.662457 0.754936
0.542059 0.653934 0.756939
0.532333 0.652199 0.758487
0.537107 0.653307 0.767204
0.54387 0.645991 0.766352
0.542717 0.650439 0.775233
0.549225 0.654552 0.768851
0.555435 0.662203 0.767149
0.555066 0.659598 0.757501
0.54699 0.66283 0.752569
0.548323 0.662436 0.742666
0.550789 0.659335 0.751848
0.543964 0.652426 0.749464
0.540859 0.644591 0.74408
0.541506 0.634912 0.741653
0.542294 0.625414 0.74468
0.533061 0.628824 0.746445
0.539607 0.622597 0.742159
0.545551 0.621022 0.734272
0.553797 0.6212 0.728618
0.557021 0.615987 0.736519
0.552686 0.60799 0.732366
0.558562 0.613938 0.737851
0.568325 0.61604 0.738361
0.571234 0.609966 0.730969
0.57414 0.615866 0.723436
0.582693 0.619832 0.726771
0.587309 0.611237 0.728966
0.596298 0.609927 0.733147
0.593407 0.606079 0.741912
0.594597 0.597234 0.746424
0.590448 0.606311 0.747053
0.582496 0.601661 0.74316
0.58939 0.600656 0.750334
0.594964 0.594029 0.745333
0.599659 0.585589 0.742739
0.592241 0.583288 0.749039
0.5859 0.576137 0.751981
0.578304 0.582135 0.749464
0.58289 0.590353 0.752846
0.585269 0.594349 0.743993
0.59189 0.592084 0.751137
0.597849 0.591925 0.743108
0.591544 0.599005 0.739926
0.601027 0.60027 0.737015
0.598011 0.595098 0.745024
0.589814 0.600813 0.744629
0.58382 0.606448 0.750314
0.593205 0.604651 0.753264
0.589686 0.603331 0.743997
0.583676 0.607349 0.750907
0.587107 0.599346 0.74599
0.595948 0.596459 0.742316
0.588995 0.592226 0.748125
0.593521 0.599082 0.742423
0.586909 0.604791 0.737554
0.577773 0.601475 0.735202
0.576107 0.602808 0.725432
0.566511 0.604423 0.723128
0.574265 0.6106 0.724438
0.5686 0.616292 0.718479
0.571689 0.609307 0.724935
0.568163 0.617284 0.729827
0.570239 0.626969 0.728455
0.566298 0.619624 0.722932
0.57261 0.625353 0.717705
0.564033 0.624261 0.722728
0.566811 0.63043 0.730093
0.567622 0.628687 0.720279
0.56981 0.619127 0.722233
0.568981 0.629009 0.720944
0.573481 0.637936 0.721156
0.569363 0.633706 0.729227
0.576432 0.630507 0.735535
0.572259 0.629024 0.72657
0.577985 0.627311 0.734587
0.583096 0.625368 0.74296
0.580504 0.620837 0.73443
0.579794 0.617516 0.725025
0.569962 0.615854 0.724269
0.57722 0.610672 0.728792
0.572334 0.610295 0.720075
0.580545 0.612492 0.714806
0.590159 0.615015 0.715905
0.599825 0.613144 0.714154
0.60321 0.60382 0.71542
0.611832 0.608531 0.713559
0.607048 0.601056 0.70895
0.605936 0.59771 0.699592
0.604762 0.605666 0.705536
0.609475 0.596945 0.70422
0.613204 0.59424 0.695343
0.605803 0.589636 0.690441
0.598031 0.595896 0.6898
0.599007 0.602807 0.682638
0.589322 0.600734 0.68402
0.58927 0.607592 0.676742
0.594072 0.60564 0.685294
0.603573 0.606552 0.682311
0.602808 0.600662 0.690357
0.600846 0.598279 0.680845
0.591764 0.602459 0.680623
0.60159 0.602227 0.678777
0.601862 0.598514 0.669496
0.611291 0.601189 0.667515
0.61598 0.593418 0.663318
0.609818 0.58685 0.658972
0.615822 0.581603 0.652937
0.608427 0.587385 0.656385
0.616131 0.592947 0.653268
0.60743 0.594881 0.657801
0.600228 0.598353 0.663807
0.608504 0.594795 0.659466
0.612446 0.601285 0.665972
0.608325 0.610274 0.667464
0.600525 0.61231 0.673381
0.596577 0.621412 0.67213
0.597333 0.629998 0.66706
0.599613 0.620619 0.664445
0.608698 0.616467 0.663979
0.612979 0.619307 0.655399
0.617319 0.610568 0.653209
0.614309 0.60271 0.647806
0.61228 0.607225 0.639117
0.611673 0.611912 0.64793
0.613647 0.607166 0.639352
0.610156 0.603722 0.630637
0.614953 0.601211 0.639044
0.617572 0.595665 0.631145
0.609602 0.595129 0.63716
0.613372 0.585883 0.636605
0.614118 0.595172 0.632978
0.605399 0.591187 0.630132
0.613019 0.596355 0.62623
0.618239 0.602738 0.620572
0.624527 0.604521 0.613003
0.628976 0.595576 0.612571
0.620288 0.590884 0.61415
0.61572 0.582335 0.611688
0.617827 0.586831 0.620368
0.627499 0.5893 0.620961
0.621541 0.58142 0.622512
0.620793 0.59137 0.621858
0.628797 0.591962 0.627825
0.622274 0.593393 0.635268
0.630603 0.598708 0.636812
0.639503 0.600904 0.632815
0.638109 0.610793 0.633319
0.645922 0.615425 0.637503
0.640659 0.617422 0.645768
0.650487 0.615828 0.646693
0.643046 0.618303 0.640487
0.638949 0.621006 0.631775
0.643153 0.625418 0.639703
0.633244 0.626487 0.638892
0.627487 0.629394 0.646534
0.619495 0.635274 0.645284
0.622165 0.62613 0.642242
0.632064 0.627367 0.642933
0.622527 0.624407 0.643457
0.624019 0.633828 0.646461
0.614644 0.635491 0.649515
0.6179 0.644445 0.646478
0.613544 0.650854 0.640158
0.613502 0.656454 0.631873
0.61239 0.651178 0.640295
0.622369 0.650888 0.639722
0.626988 0.659051 0.636255
0.630125 0.649898 0.63373
0.630342 0.641965 0.627646
0.623496 0.646511 0.621947
0.621128 0.653268 0.628928
0.624546 0.65061 0.619914
0.624231 0.660605 0.619831
0.632661 0.655625 0.621862
0.624825 0.649413 0.62195
0.61525 0.648749 0.619142
0.608912 0.641983 0.615393
0.612361 0.650908 0.6183
0.617203 0.65355 0.609959
0.619739 0.646611 0.60322
0.623662 0.64178 0.595392
0.632377 0.64283 0.590602
0.622967 0.640013 0.59248
0.630414 0.633944 0.5897
0.623773 0.634271 0.59717
0.622874 0.624847 0.593947
0.632815 0.625802 0.593433
0.641382 0.630946 0.593048
0.640044 0.634919 0.602127
0.647602 0.637887 0.607964
0.647155 0.637583 0.617949
0.646253 0.633504 0.627034
0.648915 0.640819 0.620757
0.643007 0.633755 0.616858
0.638318 0.626386 0.611989
0.634427 0.627703 0.621106
0.629837 0.622942 0.628607
0.621486 0.628019 0.626491
0.622497 0.630599 0.616883
0.624664 0.634731 0.608038
0.619559 0.62799 0.613376
0.624434 0.625288 0.605074
0.630687 0.619812 0.599514
0.635231 0.614401 0.592437
0.638696 0.616181 0.601647
0.631554 0.623044 0.60302
0.628364 0.620891 0.61225
0.636442 0.617081 0.616747
0.644176 0.612576 0.612288
0.645062 0.602757 0.613961
0.64498 0.593278 0.617148
0.648446 0.595484 0.626265
0.640794 0.597946 0.632213
0.643928 0.598466 0.641695
0.651771 0.596133 0.635947
0.657789 0.593808 0.643588
0.649811 0.588007 0.645236
0.649776 0.595952 0.651309
0.648004 0.59884 0.641901
0.647355 0.596421 0.651582
0.64903 0.589119 0.658206
0.6572 0.583371 0.658669
0.657431 0.582026 0.668575
0.650764 0.575401 0.67199
0.641403 0.577226 0.668983
0.637861 0.57986 0.677955
0.639042 0.589706 0.679245
0.633124 0.582273 0.682362
0.642722 0.582355 0.68517
0.638969 0.579032 0.693823
0.642788 0.569867 0.695017
0.647144 0.568189 0.686173
0.644996 0.564602 0.695257
0.640982 0.571921 0.689752
0.639722 0.570571 0.69958
0.649187 0.573799 0.699622
0.64292 0.581527 0.698611
0.641346 0.584424 0.68917
0.63448 0.583783 0.696412
0.637982 0.593015 0.694829
0.633996 0.585463 0.689624
0.638585 0.58722 0.680915
0.634095 0.595603 0.684009
0.62802 0.600217 0.677544
0.62105 0.606386 0.681201
0.617679 0.596971 0.681233
0.613096 0.605497 0.678722
0.60839 0.601628 0.670792
0.615417 0.6077 0.674501
0.619876 0.606419 0.665642
0.623762 0.610021 0.674123
0.61832 0.602155 0.671206
0.621894 0.593098 0.668927
0.615851 0.596706 0.661824
0.606031 0.598396 0.66267
0.597793 0.595819 0.657621
0.607283 0.593592 0.655388
0.607867 0.59046 0.664867
0.603113 0.582656 0.660806
0.597279 0.589469 0.665227
0.600446 0.585807 0.673977
0.600499 0.58147 0.682988
0.600311 0.591139 0.680441
0.605712 0.598949 0.683576
0.603313 0.589701 0.686529
0.595575 0.584092 0.683587
0.600979 0.59229 0.681691
0.592089 0.595323 0.685122
0.590834 0.602904 0.691521
0.585708 0.60586 0.699582
0.58791 0.615446 0.697776
0.584469 0.614691 0.688418
0.575726 0.609839 0.68855
0.582972 0.615594 0.692341
0.578024 0.613524 0.700782
0.572565 0.609311 0.708024
0.569896 0.602844 0.700878
0.565862 0.611459 0.703963
0.559937 0.618987 0.70683
0.550798 0.622867 0.705638
0.554072 0.626335 0.696849
0.55016 0.625344 0.705999
0.547092 0.627171 0.715339
0.541722 0.635553 0.716291
0.540095 0.640788 0.707928
0.530936 0.63705 0.706469
0.52125 0.637432 0.708926
0.512368 0.634154 0.712146
0.515946 0.627429 0.718624
0.506709 0.627253 0.722451
0.505618 0.618103 0.726337
0.507893 0.608376 0.725889
0.500981 0.610315 0.732851
0.496473 0.612031 0.724091
0.503408 0.605641 0.720765
0.499138 0.597369 0.724417
0.491067 0.602436 0.721387
0.49131 0.595542 0.714148
0.494933 0.604862 0.71409
0.492909 0.597601 0.707519
0.498113 0.595727 0.699188
0.500395 0.587899 0.693398
0.495944 0.579751 0.697113
0.490084 0.581976 0.689321
0.489358 0.580589 0.679444
0.49106 0.571976 0.684232
0.483106 0.566126 0.68582
0.490386 0.559276 0.686111
0.487522 0.551305 0.680796
0.487347 0.553572 0.690534
0.478612 0.553481 0.685666
0.47475 0.545648 0.680795
0.484463 0.547414 0.682392
0.482149 0.538036 0.679803
0.474213 0.542752 0.683649
0.471433 0.541149 0.674178
0.475517 0.537367 0.66587
0.47725 0.54703 0.663968
0.473341 0.555408 0.660157
0.472962 0.545415 0.660115
0.479774 0.539156 0.656319
0.47119 0.535837 0.66023
0.480944 0.533634 0.660356
0.486156 0.542003 0.662025
0.493194 0.549094 0.661596
0.498328 0.541541 0.66567
0.506175 0.535372 0.665056
0.507405 0.540742 0.673401
0.50496 0.54451 0.664466
0.496546 0.547631 0.660054
0.503314 0.549711 0.667115
0.506559 0.552685 0.658136
0.499295 0.553095 0.664996
0.49027 0.554864 0.668923
0.489885 0.564857 0.668871
0.494413 0.569704 0.676355
0.494784 0.570268 0.666378
0.496703 0.561817 0.661388
0.506485 0.563835 0.660894
0.501759 0.563311 0.669691
0.503764 0.553589 0.668479
0.508699 0.556185 0.660177
0.507859 0.551393 0.651441
0.498366 0.550203 0.65435
0.498014 0.560067 0.652747
0.489086 0.557884 0.648809
0.48263 0.551779 0.653397
0.489775 0.550777 0.646472
0.493794 0.544453 0.653095
0.501831 0.545985 0.658846
0.498587 0.553691 0.664332
0.504099 0.55603 0.656323
0.511491 0.550414 0.652605
0.503174 0.551507 0.658049
0.496082 0.545364 0.66151
0.504173 0.53968 0.662999
0.4956 0.535869 0.66646
0.492896 0.53328 0.675733
0.487336 0.527627 0.669639
0.49642 0.523742 0.668096
0.492839 0.518511 0.660362
0.497767 0.527035 0.658612
0.494966 0.519904 0.652185
0.491013 0.525985 0.6453
0.492483 0.517485 0.640241
0.48327 0.514444 0.642664
0.491064 0.518442 0.637839
0.487465 0.515898 0.628863
0.488348 0.519965 0.61977
0.491789 0.512928 0.613555
0.49802 0.508235 0.607298
0.505658 0.508519 0.60085
0.514381 0.504235 0.603208
0.510504 0.495412 0.605877
0.510769 0.499797 0.61486
0.51508 0.496146 0.623112
0.505945 0.49716 0.619171
0.50474 0.500813 0.609941
0.51407 0.500752 0.606343
0.504536 0.499865 0.609225
0.506311 0.506601 0.6164
0.506865 0.502732 0.625604
0.507615 0.51053 0.61939
0.516246 0.50559 0.620432
0.508214 0.508376 0.615166
0.49887 0.50553 0.617308
0.500645 0.497215 0.612045
0.504749 0.498766 0.603058
0.504329 0.508674 0.601777
0.49644 0.511708 0.596433
0.495174 0.513245 0.606233
0.487892 0.519105 0.602679
0.482189 0.511237 0.600318
0.479514 0.520744 0.598745
0.479729 0.528825 0.59286
0.470914 0.526595 0.597022
0.475648 0.528276 0.605669
0.481017 0.528998 0.614075
0.472606 0.524999 0.617716
0.470053 0.521718 0.608621
0.460878 0.517801 0.609304
0.45881 0.52716 0.606453
0.468111 0.524606 0.609091
0.469106 0.519876 0.600337
0.475744 0.517664 0.607481
0.467347 0.523049 0.606784
0.458778 0.518786 0.609681
0.467259 0.518001 0.61492
0.475101 0.522728 0.61894
0.479143 0.513659 0.617749
0.471669 0.519886 0.615429
0.461671 0.519952 0.615235
0.459752 0.524372 0.623997
0.46391 0.524969 0.614922
0.468611 0.523616 0.623644
0.465611 0.523235 0.633176
0.475194 0.525504 0.63491
0.48099 0.5177 0.632563
0.4752 0.512019 0.63841
0.479526 0.511637 0.647418
0.489229 0.510565 0.649587
0.483551 0.511967 0.641476
0.480271 0.502876 0.644043
0.479244 0.496739 0.636214
0.476849 0.490266 0.64345
0.472414 0.491843 0.634627
0.478944 0.485287 0.638418
0.475093 0.488316 0.629701
0.481073 0.483551 0.623257
0.472485 0.488543 0.62211
0.464051 0.489791 0.627336
0.470214 0.486597 0.620139
0.463282 0.483116 0.62645
0.467441 0.491766 0.629258
0.476216 0.48701 0.628643
0.475729 0.486427 0.618672
0.466183 0.483703 0.619877
0.475693 0.486771 0.620254
0.478766 0.477521 0.622488
0.480429 0.471753 0.630486
0.489341 0.476289 0.630591
0.495405 0.468405 0.631625
0.498415 0.468881 0.641149
0.494527 0.477273 0.637347
0.489871 0.481711 0.645004
0.484658 0.474958 0.650221
0.476442 0.479853 0.647301
0.47424 0.478013 0.637722
0.478761 0.469365 0.635538
0.487715 0.472021 0.631966
0.48305 0.469392 0.640411
0.473932 0.469441 0.636306
0.477489 0.463704 0.628928
0.474105 0.467641 0.637475
0.465975 0.464169 0.632799
0.464104 0.469311 0.624429
0.472051 0.474137 0.620748
0.470903 0.480448 0.62842
0.465571 0.473473 0.633207
0.471231 0.466678 0.637875
0.464067 0.468062 0.644713
0.474007 0.469102 0.644357
0.474608 0.471941 0.653927
0.474632 0.464579 0.660695
0.477321 0.460134 0.652151
0.467402 0.4599 0.6509
0.470086 0.454153 0.658631
0.47162 0.456147 0.648952
0.467128 0.449627 0.642844
0.475974 0.452442 0.639127
0.484251 0.446846 0.638703
0.490827 0.454066 0.636551
0.483087 0.452646 0.63038
0.479732 0.45932 0.637029
0.476408 0.450143 0.639207
0.475071 0.446576 0.629961
0.482588 0.443269 0.635668
0.485286 0.447903 0.644108
0.478094 0.44098 0.644705
0.486552 0.441837 0.649971
0.478917 0.448273 0.650508
0.482708 0.451821 0.641961
0.476438 0.459521 0.64078
0.48044 0.461255 0.631782
0.474238 0.46472 0.624745
0.467832 0.461349 0.631644
0.464082 0.469618 0.635835
0.462154 0.469806 0.645646
0.466466 0.465597 0.653626
0.462788 0.460723 0.661545
0.455767 0.459515 0.654527
0.452126 0.453987 0.647032
0.44213 0.453701 0.64701
0.437896 0.452544 0.655996
0.432744 0.455836 0.663909
0.430693 0.44786 0.669581
0.42555 0.442195 0.663143
0.431483 0.437997 0.656274
0.425916 0.446154 0.657846
0.422967 0.43849 0.663552
0.423861 0.446457 0.66953
0.422445 0.443764 0.660004
0.415105 0.440496 0.654049
0.416476 0.433876 0.661418
0.424313 0.436183 0.667186
0.43422 0.437534 0.66708
0.434351 0.446207 0.662103
0.435327 0.436422 0.660284
0.433411 0.446057 0.662153
0.441641 0.451332 0.66426
0.432003 0.452111 0.666808
0.432366 0.44245 0.669365
0.423304 0.445139 0.666101
0.424462 0.448767 0.656854
0.433751 0.452442 0.657319
0.429234 0.460653 0.660809
0.424122 0.460419 0.6694
0.424403 0.451663 0.664578
0.426716 0.459731 0.670015
0.419674 0.452709 0.67107
0.416601 0.446021 0.664301
0.421953 0.444252 0.65604
0.421381 0.44937 0.647468
0.427923 0.454296 0.641729
0.436702 0.449896 0.639839
0.440596 0.441198 0.642868
0.446378 0.433393 0.645245
0.439328 0.431563 0.638394
0.441131 0.425159 0.630928
0.446677 0.417143 0.628695
0.438055 0.422193 0.629081
0.447736 0.423888 0.630924
0.456711 0.42206 0.62691
0.462883 0.418809 0.634075
0.463041 0.422544 0.6248
0.45565 0.429057 0.626522
0.447531 0.434878 0.626098
0.445441 0.438948 0.63499
0.44891 0.430386 0.631161
0.454918 0.428137 0.638832
0.453469 0.436899 0.634236
0.460088 0.443905 0.636901
0.452496 0.444532 0.630423
0.445524 0.44527 0.623292
0.446772 0.440227 0.631837
0.451026 0.44156 0.622886
0.451505 0.434075 0.629499
0.453414 0.431921 0.619922
0.457682 0.423435 0.616796
0.463587 0.418652 0.610296
0.470432 0.415976 0.603514
0.46432 0.408883 0.600003
0.460153 0.417527 0.597188
0.46528 0.417733 0.588605
0.462096 0.408254 0.588704
0.469382 0.401414 0.588335
0.465921 0.407111 0.59579
0.474451 0.410669 0.591972
0.468129 0.417552 0.59553
0.460042 0.41679 0.601362
0.466972 0.422323 0.596739
0.469719 0.431889 0.597708
0.461583 0.427639 0.593741
0.462797 0.419131 0.588629
0.462204 0.424034 0.597324
0.463449 0.417986 0.60519
0.45914 0.415384 0.596549
0.450921 0.411945 0.592009
0.454001 0.404709 0.598186
0.452992 0.396195 0.603333
0.452494 0.398929 0.612939
0.455668 0.395772 0.603998
0.460203 0.404244 0.606766
0.454126 0.40852 0.613458
0.45918 0.406864 0.60499
0.456118 0.415382 0.60924
0.465085 0.415582 0.604817
0.467186 0.405934 0.606403
0.473093 0.399713 0.61154
0.464308 0.401125 0.616105
0.454711 0.40061 0.618867
0.451316 0.409789 0.620923
0.457188 0.401702 0.620567
0.450971 0.397168 0.61418
0.450636 0.403301 0.606289
0.446141 0.406897 0.598112
0.441117 0.412533 0.591554
0.438953 0.416629 0.582692
0.442304 0.407375 0.584462
0.439101 0.412467 0.576474
0.443102 0.418961 0.582941
0.445352 0.410017 0.579076
0.45038 0.401385 0.578622
0.453083 0.392894 0.574083
0.459076 0.394172 0.56618
0.468044 0.389765 0.566567
0.459013 0.390774 0.57074
0.465189 0.385953 0.564526
0.467081 0.383005 0.55516
0.475047 0.388623 0.557395
0.47803 0.397102 0.561777
0.48486 0.398098 0.569013
0.4871 0.407275 0.572292
0.496416 0.403667 0.572712
0.49399 0.39399 0.572019
0.492813 0.384163 0.57345
0.500601 0.389947 0.571023
0.508095 0.383941 0.568237
0.512142 0.381598 0.577076
0.513234 0.391447 0.57842
0.521968 0.395927 0.576509
0.514617 0.39847 0.582794
0.504723 0.398721 0.581366
0.501644 0.395711 0.57234
0.492549 0.396168 0.576472
0.491544 0.401086 0.585121
0.497557 0.406735 0.590773
0.488833 0.404948 0.595324
0.488812 0.397222 0.601672
0.482848 0.395183 0.593908
0.475495 0.39256 0.587659
0.485356 0.39317 0.589205
0.490915 0.400745 0.592627
0.49602 0.392854 0.58921
0.503593 0.386782 0.591612
0.502478 0.394168 0.584964
0.502936 0.400816 0.577508
0.508998 0.402063 0.569653
0.516502 0.397864 0.564547
0.516088 0.40756 0.566963
0.521273 0.414201 0.572348
0.52118 0.424084 0.570827
0.514977 0.417161 0.56714
0.521157 0.409406 0.568432
0.530612 0.412187 0.56674
0.533793 0.414638 0.557581
0.536998 0.423497 0.554228
0.533262 0.418328 0.56193
0.525368 0.421634 0.556757
0.515858 0.42013 0.559456
0.513633 0.410693 0.557009
0.512842 0.406873 0.566217
0.503362 0.403825 0.567135
0.508626 0.398734 0.573945
0.509173 0.395155 0.564624
0.505496 0.390788 0.556413
0.502423 0.397337 0.549509
0.499295 0.395603 0.558848
0.497079 0.395396 0.549099
0.487241 0.393661 0.549551
0.491306 0.396816 0.540976
0.499669 0.393306 0.545189
0.49091 0.395906 0.549253
0.487047 0.3892 0.542919
0.49045 0.397752 0.53901
0.482821 0.402871 0.542958
0.48092 0.394691 0.53753
0.484591 0.388553 0.53054
0.488511 0.394201 0.537803
0.495503 0.399554 0.533063
0.499347 0.394335 0.540678
0.504862 0.387019 0.536671
0.502833 0.382177 0.52816
0.511971 0.380024 0.524717
0.513519 0.382571 0.534262
0.523148 0.384441 0.532318
0.515756 0.389167 0.537115
0.510314 0.395463 0.54266
0.519156 0.390799 0.542411
0.517132 0.385435 0.550604
0.509086 0.379498 0.550449
0.513191 0.376562 0.541816
0.514282 0.373286 0.551201
0.511587 0.365616 0.545378
0.508964 0.369453 0.536524
0.5162 0.376355 0.536461
0.517781 0.385656 0.533143
0.508885 0.387691 0.537232
0.507329 0.377957 0.538915
0.505701 0.368612 0.535747
0.513257 0.362492 0.53341
0.505757 0.356786 0.536757
0.515135 0.358091 0.539974
0.510212 0.362178 0.532289
0.503049 0.355854 0.529341
0.503948 0.360112 0.538344
0.496769 0.354559 0.542544
0.487342 0.356391 0.545331
0.491652 0.360165 0.553528
0.499823 0.35567 0.557138
0.492729 0.361819 0.560585
0.499154 0.363729 0.568006
0.50457 0.371116 0.563995
0.513174 0.372352 0.568939
0.515967 0.378544 0.576278
0.518234 0.386292 0.570376
0.520012 0.378091 0.564936
0.512635 0.374315 0.559338
0.508323 0.365365 0.560481
0.513515 0.372985 0.564353
0.508083 0.374962 0.556193
0.515225 0.381111 0.559536
0.505432 0.383104 0.559171
0.504059 0.385032 0.568886
0.510923 0.387775 0.575622
0.518898 0.393465 0.573618
0.519963 0.401395 0.579617
0.510098 0.400293 0.580827
0.51234 0.402892 0.590219
0.511323 0.402491 0.580279
0.507096 0.397932 0.572447
0.51553 0.39668 0.567222
0.517081 0.392681 0.576255
0.515803 0.384169 0.571163
0.507429 0.383254 0.565775
0.51244 0.377473 0.559335
0.513173 0.386889 0.562621
0.507793 0.394553 0.559111
0.504755 0.393577 0.568588
0.503288 0.390217 0.559285
0.505102 0.399751 0.556873
0.513924 0.404106 0.555086
0.50781 0.411926 0.553873
0.503043 0.420576 0.552308
0.493123 0.419565 0.551557
0.485155 0.424513 0.555023
0.475982 0.422482 0.558449
0.472925 0.429403 0.551909
0.470736 0.43906 0.553304
0.475973 0.431681 0.55756
0.482228 0.424703 0.554069
0.489134 0.417679 0.552344
0.493767 0.417556 0.561205
0.499771 0.423725 0.556115
0.498036 0.413877 0.556024
0.500302 0.414868 0.565713
0.506963 0.422246 0.566804
0.516729 0.422436 0.568944
0.525246 0.424005 0.573945
0.524078 0.418653 0.582311
0.529273 0.420345 0.590686
0.522123 0.417961 0.597258
0.516945 0.419341 0.588815
0.51722 0.409417 0.587617
0.522347 0.403146 0.593482
0.515029 0.409014 0.590015
0.510508 0.403212 0.59679
0.513301 0.41142 0.591807
0.520992 0.408791 0.585982
0.527539 0.412624 0.579467
0.530636 0.404165 0.583809
0.523651 0.408161 0.589746
0.529228 0.404075 0.58252
0.523212 0.409787 0.576936
0.530954 0.404729 0.580741
0.538325 0.399822 0.576094
0.530659 0.397801 0.582189
0.523019 0.404192 0.583076
0.513503 0.403091 0.580207
0.504467 0.407332 0.579605
0.510593 0.401981 0.573787
0.513027 0.404092 0.583254
0.512646 0.402827 0.593167
0.510212 0.393678 0.596387
0.500816 0.395635 0.59358
0.505603 0.387499 0.596879
0.501443 0.395507 0.601187
0.50215 0.396807 0.611077
0.500213 0.389826 0.604184
0.504883 0.398608 0.605224
0.49671 0.400486 0.610671
0.498314 0.40322 0.601187
0.50027 0.395646 0.594957
0.49139 0.399577 0.59257
0.496595 0.404305 0.599681
0.494279 0.394582 0.599363
0.485626 0.391497 0.603313
0.484349 0.394453 0.593846
0.490281 0.400963 0.589109
0.492777 0.391619 0.586567
0.494696 0.382995 0.591252
0.491202 0.373863 0.593347
0.483221 0.373154 0.587364
0.493025 0.374649 0.58608
0.484799 0.370182 0.582563
0.480393 0.374571 0.590393
0.482664 0.383292 0.594728
0.473088 0.380975 0.593013
0.481683 0.377157 0.589613
0.47476 0.370832 0.586139
0.479253 0.378695 0.581898
0.473548 0.3707 0.580019
0.471845 0.372189 0.58976
0.470037 0.363752 0.594815
0.479708 0.3624 0.59266
0.479113 0.358187 0.58361
0.480497 0.353719 0.592449
0.485615 0.356079 0.60071
0.484894 0.346541 0.603625
0.483018 0.355049 0.598717
0.488346 0.360318 0.605339
0.482331 0.36254 0.613012
0.474359 0.368485 0.611961
0.474311 0.361319 0.618936
0.476511 0.362855 0.609302
0.480942 0.366405 0.617534
0.486745 0.363172 0.625009
0.49363 0.35947 0.631245
0.500227 0.356493 0.624344
0.495911 0.347874 0.627006
0.494885 0.352792 0.61836
0.498906 0.359223 0.624877
0.499527 0.35448 0.633659
0.500702 0.357367 0.624157
0.509066 0.359822 0.619255
0.51659 0.359324 0.625823
0.518705 0.369088 0.626261
0.516152 0.360378 0.630458
0.515971 0.367219 0.63775
0.506339 0.369864 0.637286
0.504355 0.360072 0.637719
0.495511 0.362907 0.641427
0.486477 0.366058 0.644337
0.485819 0.374381 0.64984
0.487974 0.372449 0.659412
0.488083 0.382361 0.658096
0.480354 0.376061 0.658843
0.482072 0.376648 0.64901
0.489937 0.382245 0.646398
0.486053 0.375532 0.640086
0.482615 0.384867 0.639067
0.47338 0.386752 0.635726
0.477028 0.379117 0.630398
0.47523 0.373793 0.63867
0.482099 0.379489 0.634156
0.477357 0.37604 0.642257
0.474967 0.382978 0.635463
0.467165 0.386889 0.640345
0.475014 0.39178 0.64415
0.484359 0.388355 0.643178
0.483808 0.387377 0.653115
0.479384 0.39522 0.648764
0.471077 0.390491 0.645826
0.469148 0.393444 0.636469
0.46743 0.393924 0.646308
0.473111 0.385824 0.644853
0.47377 0.392077 0.652629
0.477069 0.390223 0.643373
0.476507 0.391056 0.653322
0.486242 0.388944 0.65245
0.490058 0.397578 0.64915
0.491305 0.399699 0.658843
0.481965 0.399056 0.662359
0.484376 0.408423 0.659818
0.484797 0.399995 0.665185
0.479864 0.401643 0.673725
0.471703 0.396705 0.670721
0.466709 0.393975 0.678943
0.459696 0.40108 0.679523
0.459311 0.397518 0.670187
0.463982 0.40005 0.661715
0.471252 0.393291 0.660513
0.476642 0.385498 0.657315
0.47297 0.391631 0.664308
0.472818 0.38164 0.664693
0.467488 0.384946 0.672481
0.463075 0.387498 0.681085
0.456098 0.38107 0.684247
0.46368 0.378833 0.678124
0.469591 0.377614 0.686098
0.468623 0.368834 0.690784
0.46853 0.376447 0.697266
0.460117 0.381744 0.696184
0.454116 0.383657 0.688417
0.450398 0.385749 0.697462
0.460272 0.384321 0.69678
0.454869 0.376919 0.700781
0.462545 0.375519 0.707034
0.460252 0.366131 0.709604
0.458121 0.375158 0.705868
0.45373 0.368002 0.7113
0.444538 0.37178 0.712415
0.435094 0.371344 0.709156
0.425358 0.373415 0.708193
0.42506 0.36342 0.708355
0.424883 0.364579 0.718286
0.421459 0.370936 0.711368
0.414309 0.36844 0.704838
0.406072 0.373055 0.708134
0.404942 0.370931 0.698428
0.40075 0.376938 0.691621
0.405494 0.385561 0.693393
0.4078 0.377405 0.6987
0.408965 0.387317 0.698077
0.402616 0.3872 0.705803
0.402287 0.396024 0.701109
0.401998 0.405797 0.703206
0.402631 0.410739 0.694535
0.412374 0.412978 0.694284
0.417196 0.421358 0.691729
0.41216 0.414986 0.697563
0.414011 0.418267 0.706827
0.419381 0.414873 0.699103
0.421487 0.41877 0.708069
0.424996 0.427762 0.710684
0.422147 0.418461 0.713005
0.421604 0.419596 0.722926
0.426203 0.41528 0.730685
0.428643 0.405592 0.731135
0.436524 0.401233 0.735481
0.446487 0.401797 0.734836
0.453061 0.409126 0.736587
0.462275 0.412529 0.738465
0.470121 0.417944 0.735444
0.472379 0.408472 0.733167
0.474013 0.418151 0.735078
0.472845 0.425878 0.728838
0.476342 0.416993 0.731808
0.468075 0.419159 0.737
0.472186 0.427317 0.732934
0.481668 0.424998 0.730763
0.477271 0.425024 0.721782
0.480598 0.42446 0.712368
0.470732 0.423407 0.713619
0.475385 0.43028 0.719196
0.472095 0.437516 0.713128
0.462146 0.438186 0.71388
0.458391 0.441596 0.705262
0.463661 0.4399 0.713589
0.454415 0.443111 0.715637
0.456294 0.438357 0.707042
0.463273 0.432175 0.703426
0.462116 0.438936 0.696149
0.466381 0.432438 0.689858
0.457656 0.435791 0.686302
0.459293 0.442493 0.693542
0.466761 0.43836 0.688331
0.469382 0.440737 0.678978
0.471848 0.431428 0.676284
0.472661 0.440091 0.671355
0.466913 0.436195 0.664159
0.46642 0.441587 0.655751
0.46986 0.440082 0.66502
0.468065 0.435218 0.673571
0.463094 0.42673 0.671771
0.457283 0.4197 0.675871
0.453972 0.426183 0.682728
0.458571 0.419398 0.688455
0.454918 0.413377 0.681356
0.45925 0.415008 0.672491
0.468366 0.411606 0.670185
0.468293 0.402916 0.675133
0.47076 0.397145 0.667347
0.463677 0.391836 0.662693
0.472807 0.390971 0.658706
0.476814 0.381809 0.65861
0.481756 0.384122 0.66699
0.491064 0.381473 0.669509
0.492386 0.385359 0.66039
0.484677 0.381555 0.665498
0.483223 0.376026 0.673703
0.477129 0.376821 0.665813
0.467378 0.377131 0.668006
0.476209 0.372567 0.669094
0.481109 0.379466 0.663767
0.490326 0.383236 0.664687
0.492116 0.389131 0.672565
0.500208 0.394584 0.67475
0.506349 0.398239 0.667755
0.505351 0.388463 0.6659
0.507984 0.379981 0.661304
0.511269 0.376091 0.669911
0.501446 0.377881 0.670459
0.505422 0.377414 0.661295
0.496448 0.373151 0.660162
0.501688 0.372916 0.668675
0.497318 0.374687 0.677494
0.491411 0.369891 0.683983
0.490791 0.364968 0.675301
0.489433 0.355093 0.676105
0.496122 0.347928 0.678083
0.495239 0.35081 0.668548
0.490415 0.347086 0.660619
0.491677 0.350155 0.670052
0.493588 0.352449 0.679596
0.498986 0.346957 0.685976
0.500693 0.355445 0.680973
0.507997 0.359196 0.675264
0.512785 0.350919 0.672337
0.511516 0.341757 0.676138
0.506092 0.346219 0.66902
0.502362 0.33767 0.672625
0.51082 0.332335 0.67253
0.507428 0.336087 0.663903
0.510574 0.343748 0.658299
0.504569 0.337403 0.663165
0.50677 0.341124 0.672182
0.5051 0.331876 0.6756
0.50842 0.322773 0.673128
0.499252 0.325523 0.670232
0.494277 0.317583 0.666739
0.496204 0.308295 0.669905
0.489098 0.301297 0.670636
0.49346 0.294301 0.676295
0.501453 0.297866 0.671458
0.510109 0.293609 0.668821
0.517313 0.291138 0.662341
0.522235 0.282621 0.660542
0.519637 0.276576 0.668072
0.510522 0.277994 0.671934
0.512901 0.280034 0.68143
0.505742 0.273322 0.679509
0.502239 0.278081 0.687575
0.496863 0.281031 0.695475
0.492843 0.290079 0.694065
0.488295 0.283779 0.700361
0.47889 0.283821 0.703758
0.487301 0.283729 0.709165
0.488174 0.280126 0.699878
0.489138 0.281206 0.709772
0.487823 0.290218 0.705642
0.491968 0.29869 0.708967
0.490698 0.293953 0.717681
0.492045 0.295509 0.707895
0.487473 0.288126 0.712855
0.483867 0.29295 0.720838
0.485964 0.299111 0.72843
0.491336 0.304627 0.72205
0.493384 0.296117 0.717215
0.485353 0.290916 0.714307
0.480782 0.286818 0.722201
0.477992 0.290187 0.731193
0.484347 0.283573 0.735177
0.478428 0.286865 0.727819
0.468595 0.285219 0.728594
0.462952 0.285803 0.736829
0.455414 0.279314 0.737866
0.463021 0.272956 0.736554
0.459438 0.266755 0.743532
0.451986 0.26358 0.737669
0.461542 0.264275 0.740532
0.465145 0.268855 0.732406
0.468021 0.278387 0.73333
0.47001 0.286519 0.727859
0.460217 0.284646 0.727099
0.463006 0.285312 0.717519
0.469453 0.286918 0.724993
0.475521 0.280443 0.729604
0.481351 0.27407 0.734642
0.473502 0.27972 0.732099
0.467823 0.271513 0.731466
0.470051 0.281166 0.730101
0.473245 0.283005 0.720805
0.469722 0.273652 0.721138
0.465918 0.281411 0.726171
0.470857 0.280442 0.734812
0.462623 0.279609 0.729199
0.467725 0.278596 0.720658
0.459023 0.275151 0.724181
0.449092 0.274736 0.723086
0.448573 0.284696 0.722353
0.446615 0.294163 0.724911
0.453558 0.287821 0.721507
0.458334 0.292748 0.728781
0.468314 0.292943 0.728174
0.466022 0.287277 0.720259
0.46006 0.279686 0.722873
0.459164 0.281435 0.732678
0.45059 0.282538 0.737705
0.451713 0.285704 0.747124
0.443114 0.283782 0.742395
0.435596 0.282438 0.748851
0.441604 0.283809 0.756727
0.444513 0.292856 0.753612
0.454171 0.295424 0.753261
0.456689 0.305095 0.752906
0.453845 0.313196 0.74778
0.461562 0.318772 0.744721
0.454484 0.319677 0.751726
0.451162 0.326267 0.758474
0.451814 0.334203 0.764524
0.451229 0.344152 0.763697
0.445614 0.349903 0.757748
0.436958 0.345574 0.760266
0.429857 0.352502 0.759011
0.420153 0.351274 0.761093
0.422946 0.345669 0.753296
0.432717 0.343539 0.75332
0.430883 0.333709 0.753326
0.437694 0.328287 0.748405
0.43147 0.320512 0.749315
0.438166 0.316677 0.742954
0.434132 0.314773 0.751904
0.426147 0.308795 0.751197
0.434494 0.303292 0.751409
0.436825 0.308863 0.743438
0.445741 0.304483 0.742295
0.453194 0.299129 0.746267
0.443354 0.298056 0.747688
0.44342 0.29128 0.755042
0.438706 0.290911 0.763854
0.436818 0.296273 0.77208
0.440208 0.3027 0.778951
0.443042 0.300222 0.769686
0.433731 0.302191 0.772755
0.442958 0.298994 0.770601
0.435556 0.302666 0.764968
0.432279 0.309108 0.758057
0.440146 0.30326 0.760033
0.44316 0.294737 0.755758
0.448123 0.303145 0.757923
0.446996 0.310888 0.751696
0.442165 0.312822 0.743157
0.446265 0.310933 0.752079
0.452821 0.303387 0.751779
0.45022 0.30689 0.742781
0.446782 0.297666 0.741018
0.437095 0.297794 0.743498
0.445957 0.30193 0.745585
0.436284 0.301698 0.748109
0.427622 0.304977 0.75188
0.434038 0.305994 0.759483
0.430473 0.306058 0.768826
0.425283 0.311073 0.761904
0.418039 0.30428 0.763079
0.424777 0.303098 0.755785
0.427815 0.306754 0.746987
0.429127 0.302286 0.755837
0.432283 0.305068 0.764909
0.437315 0.305219 0.756268
0.443435 0.310258 0.750173
0.441289 0.316543 0.757649
0.449569 0.31257 0.753693
0.455155 0.319187 0.758695
0.45308 0.31115 0.753117
0.449854 0.319848 0.756852
0.445094 0.325129 0.763884
0.439727 0.318029 0.768444
0.440695 0.315589 0.758794
0.44552 0.31427 0.767454
0.442554 0.31438 0.757904
0.439321 0.317083 0.766973
0.444854 0.325411 0.767143
0.443321 0.333113 0.760952
0.444911 0.323676 0.758054
0.453948 0.322745 0.762234
0.447035 0.320771 0.769185
0.451312 0.319209 0.778089
0.456051 0.312229 0.77272
0.454693 0.311432 0.762845
0.45414 0.317698 0.770619
0.450289 0.313149 0.762589
0.456229 0.306524 0.767153
0.448034 0.310753 0.771021
0.445042 0.315832 0.762944
0.438958 0.310465 0.76879
0.435179 0.302903 0.774133
0.437852 0.298901 0.765367
0.440238 0.308581 0.764589
0.437386 0.307811 0.755036
0.441649 0.316822 0.754247
0.440626 0.315918 0.764153
0.434314 0.31176 0.770701
0.424927 0.314967 0.771962
0.434888 0.315568 0.772608
0.427721 0.312361 0.778802
0.418238 0.312807 0.781944
0.414131 0.310709 0.790817
0.411001 0.317664 0.78435
0.41776 0.31863 0.791656
0.418457 0.308683 0.792412
0.427461 0.305396 0.795264
0.420305 0.310976 0.799465
0.412942 0.304209 0.799413
0.417969 0.305618 0.807942
0.409049 0.303048 0.804223
0.407383 0.305578 0.813753
0.410286 0.314329 0.817624
0.407673 0.313108 0.808049
0.39921 0.31781 0.805547
0.403222 0.320267 0.796723
0.406532 0.313707 0.803507
0.399485 0.320266 0.806214
0.39247 0.313685 0.808948
0.38717 0.305258 0.808002
0.390526 0.295953 0.809471
0.38751 0.295416 0.81899
0.396755 0.298796 0.817225
0.389482 0.301949 0.823322
0.395693 0.296567 0.817625
0.401714 0.294302 0.809969
0.410919 0.291119 0.812236
0.401069 0.29188 0.813785
0.407135 0.287088 0.820129
0.402127 0.291327 0.827675
0.395935 0.289795 0.819974
0.401888 0.296588 0.824266
0.397235 0.289416 0.829455
0.397249 0.297281 0.835631
0.404946 0.298155 0.841955
0.400206 0.291808 0.835852
0.391248 0.292496 0.831462
0.395232 0.293865 0.822393
0.393872 0.303698 0.821183
0.391757 0.313327 0.819503
0.395991 0.319245 0.826362
0.397916 0.312239 0.833233
0.401475 0.311953 0.823893
0.394951 0.309488 0.83106
0.392494 0.309577 0.840752
0.384895 0.315849 0.839046
0.3919 0.318497 0.832419
0.399582 0.322609 0.827511
0.391115 0.322351 0.822196
0.389248 0.331773 0.819413
0.388171 0.341619 0.818032
0.395969 0.345103 0.823233
0.40194 0.340263 0.816836
0.398217 0.349265 0.814575
0.392699 0.355718 0.809293
0.388428 0.363825 0.805289
0.386809 0.36991 0.813058
0.380378 0.372271 0.820343
0.379328 0.362876 0.817083
0.384535 0.357186 0.810717
0.384936 0.364188 0.817846
0.384092 0.359903 0.826842
0.389984 0.354015 0.821309
0.384372 0.361607 0.824603
0.380739 0.369784 0.829069
0.380442 0.379384 0.831854
0.383951 0.371169 0.827358
0.379231 0.379694 0.825109
0.372663 0.373647 0.829614
0.381011 0.378188 0.832727
0.375827 0.372998 0.839523
0.379081 0.36355 0.839907
0.373196 0.360235 0.847281
0.371302 0.352283 0.853041
0.372821 0.344799 0.859498
0.378532 0.349079 0.852492
0.36906 0.350973 0.855082
0.364028 0.359266 0.852654
0.373171 0.362989 0.854249
0.376961 0.361502 0.845116
0.370047 0.361072 0.837904
0.372677 0.364821 0.829014
0.369692 0.35607 0.832823
0.364215 0.348067 0.835263
0.359693 0.353294 0.828036
0.366561 0.359949 0.825113
0.360163 0.35624 0.818382
0.355072 0.353448 0.810241
0.354897 0.362783 0.813821
0.354904 0.371973 0.817764
0.362053 0.371381 0.82473
0.352655 0.369894 0.821655
0.349268 0.366904 0.812734
0.348791 0.356916 0.812645
0.35125 0.365107 0.807461
0.357937 0.36896 0.801102
0.348553 0.36652 0.798655
0.341263 0.359686 0.798265
0.339178 0.351342 0.803368
0.342128 0.344016 0.797235
0.347268 0.336929 0.802068
0.355202 0.343014 0.801899
0.361713 0.336428 0.798127
0.371173 0.33935 0.796728
0.365722 0.331358 0.794197
0.36489 0.340499 0.790228
0.35898 0.333145 0.786912
0.350108 0.333649 0.782326
0.357251 0.340449 0.780672
0.363043 0.343626 0.773165
0.357446 0.351653 0.771108
0.363411 0.343872 0.769141
0.358792 0.345228 0.760376
0.368117 0.343016 0.763231
0.375559 0.349152 0.760592
0.374512 0.34751 0.750784
0.382537 0.343145 0.746715
0.389072 0.35057 0.74525
0.38582 0.348608 0.736
0.378197 0.342502 0.733852
0.375959 0.332756 0.733753
0.379918 0.332408 0.742929
0.378182 0.323538 0.73865
0.38576 0.319427 0.733584
0.390278 0.312379 0.739054
0.383209 0.305724 0.736661
0.375989 0.299036 0.734887
0.377206 0.299414 0.744805
0.375014 0.309118 0.745821
0.366606 0.313098 0.742153
0.363506 0.322524 0.740907
0.356076 0.324129 0.747405
0.361914 0.32053 0.754683
0.371536 0.323176 0.755331
0.373282 0.325489 0.74576
0.381595 0.32033 0.743692
0.379855 0.310488 0.744025
0.386207 0.31745 0.74737
0.381014 0.32413 0.7527
0.377513 0.318192 0.745455
0.378084 0.308686 0.748509
0.37106 0.302905 0.75266
0.364062 0.308203 0.74787
0.364944 0.318053 0.746388
0.356967 0.318029 0.740358
0.360357 0.321259 0.749194
0.351757 0.322813 0.744332
0.350841 0.32679 0.735203
0.343261 0.327103 0.741717
0.339781 0.319509 0.736219
0.348834 0.322514 0.733217
0.340457 0.327557 0.735311
0.345732 0.325971 0.726965
0.341332 0.328461 0.718337
0.343821 0.319012 0.720464
0.344813 0.309062 0.720337
0.344019 0.301007 0.714465
0.347053 0.294993 0.707074
0.354451 0.289917 0.702657
0.360357 0.28768 0.71041
0.356191 0.295353 0.705534
0.362979 0.294456 0.712822
0.369944 0.288463 0.716767
0.376328 0.283573 0.710823
0.368703 0.278667 0.71504
0.369571 0.279504 0.724967
0.369099 0.273566 0.732999
0.377707 0.270734 0.728769
0.379258 0.269068 0.719032
0.375833 0.269262 0.728425
0.384043 0.271701 0.723262
0.393185 0.268226 0.725347
0.39833 0.261657 0.730859
0.395431 0.262443 0.740397
0.392094 0.255821 0.733687
0.394005 0.257361 0.723993
0.395024 0.260276 0.733504
0.396839 0.250574 0.735111
0.395362 0.244698 0.743067
0.39525 0.239079 0.751338
0.397327 0.248462 0.748572
0.407046 0.249899 0.750434
0.40169 0.243197 0.755572
0.406302 0.247462 0.747791
0.407794 0.255853 0.753022
0.402563 0.25997 0.760484
0.403363 0.257338 0.75087
0.406125 0.263052 0.758598
0.400501 0.259758 0.766182
0.406161 0.265642 0.771956
0.396519 0.26376 0.77009
0.400538 0.254693 0.76881
0.39278 0.25371 0.762578
0.392336 0.25419 0.772557
0.401975 0.256643 0.771516
0.411493 0.259573 0.770615
0.407197 0.254245 0.763324
0.41453 0.247885 0.765728
0.422816 0.243104 0.768639
0.416998 0.250604 0.765493
0.415581 0.260364 0.763841
0.405966 0.261837 0.761521
0.410956 0.270475 0.760824
0.416712 0.263575 0.756437
0.411016 0.270704 0.752348
0.418884 0.270096 0.75849
0.421407 0.26118 0.76225
0.419509 0.265445 0.753406
0.429026 0.266652 0.750584
0.426073 0.262523 0.741968
0.425112 0.254229 0.747471
0.421063 0.261364 0.753188
0.425887 0.255163 0.759374
0.43242 0.262622 0.76067
0.436403 0.253592 0.762281
0.434539 0.244585 0.766206
0.438561 0.243936 0.757073
0.430742 0.249602 0.75447
0.43396 0.251103 0.763819
0.424395 0.248206 0.763472
0.418374 0.245321 0.770917
0.424848 0.240073 0.765391
0.432774 0.234007 0.764765
0.43386 0.237266 0.774157
0.439423 0.229487 0.771233
0.438707 0.237602 0.777033
0.448149 0.235342 0.779432
0.454664 0.236754 0.771979
0.451716 0.240772 0.763309
0.446697 0.242829 0.77171
0.439619 0.236754 0.775315
0.443614 0.240968 0.767174
0.435931 0.244696 0.772377
0.435484 0.248711 0.763229
0.42882 0.254943 0.767322
0.431399 0.257436 0.757988
0.438815 0.26413 0.757554
0.430615 0.269485 0.755533
0.431168 0.276497 0.762641
0.435775 0.271746 0.770139
0.432038 0.273139 0.779309
0.441735 0.272836 0.776885
0.444205 0.263547 0.774127
0.449073 0.26895 0.78099
0.446559 0.262917 0.773422
0.448058 0.266179 0.764089
0.452844 0.268658 0.755666
0.453914 0.278556 0.754725
0.450565 0.269166 0.753946
0.456325 0.263725 0.760047
0.456724 0.253991 0.757788
0.466032 0.257638 0.757524
0.471733 0.263724 0.763044
0.462751 0.261705 0.766951
0.468197 0.266525 0.760087
0.463883 0.263208 0.768477
0.462847 0.26899 0.760384
0.453132 0.271345 0.760097
0.446463 0.264681 0.763432
0.445707 0.256337 0.76889
0.438229 0.259841 0.77453
0.433121 0.267478 0.778476
0.431551 0.268853 0.768697
0.423003 0.271515 0.773153
0.421298 0.280888 0.776192
0.415682 0.274454 0.781396
0.410892 0.282381 0.785166
0.419498 0.277508 0.786647
0.422906 0.270946 0.779915
0.413761 0.269943 0.775996
0.423614 0.271479 0.775247
0.42145 0.271238 0.765487
0.424905 0.279879 0.769146
0.422359 0.27072 0.77225
0.427495 0.27784 0.77704
0.431656 0.276966 0.767989
0.436467 0.27382 0.776172
0.437678 0.264004 0.774697
0.430394 0.257203 0.775527
0.439778 0.254091 0.777033
0.447486 0.251149 0.782683
0.454399 0.247601 0.788978
0.444865 0.249494 0.786629
0.447251 0.242144 0.780283
0.455634 0.236987 0.782048
0.450824 0.237512 0.773297
0.451702 0.2349 0.763684
0.451802 0.238196 0.773125
0.446138 0.231125 0.768892
0.446391 0.239007 0.762744
0.456004 0.241216 0.764392
0.456674 0.251193 0.764538
0.463835 0.253583 0.771096
0.473313 0.250395 0.770995
0.466349 0.256829 0.774174
0.462307 0.257545 0.783293
0.461573 0.264647 0.790294
0.451988 0.26516 0.78749
0.451154 0.274433 0.783841
0.459335 0.273492 0.778168
0.459155 0.268497 0.786829
0.456932 0.263601 0.79526
0.45165 0.265243 0.803591
0.449115 0.257129 0.808857
0.454351 0.264185 0.813633
0.456909 0.256048 0.818853
0.45617 0.249774 0.811101
0.461391 0.245622 0.818552
0.46576 0.252589 0.812862
0.456877 0.257177 0.812628
0.464439 0.263708 0.813052
0.460458 0.254761 0.815078
0.46892 0.25414 0.809786
0.463957 0.260474 0.815723
0.472952 0.264786 0.816425
0.472726 0.254825 0.815568
0.466374 0.255444 0.823266
0.460179 0.261719 0.827982
0.468808 0.259313 0.832426
0.467745 0.255753 0.823142
0.461023 0.255035 0.83051
0.457803 0.246959 0.835452
0.450772 0.25386 0.833737
0.447383 0.254248 0.843137
0.441535 0.257212 0.835586
0.440847 0.260777 0.844904
0.448577 0.256305 0.840405
0.448205 0.260978 0.849238
0.442554 0.269219 0.849611
0.433369 0.268391 0.845744
0.434617 0.270473 0.836043
0.425874 0.270681 0.840891
0.415988 0.270885 0.842385
0.425802 0.269848 0.844002
0.421168 0.261171 0.845801
0.42566 0.269969 0.844249
0.417411 0.271845 0.849581
0.4139 0.265715 0.842503
0.418032 0.271769 0.8357
0.417704 0.277038 0.827207
0.420921 0.281129 0.818669
0.417106 0.277595 0.827209
0.42081 0.277229 0.817928
0.411281 0.28026 0.81796
0.419027 0.274665 0.815013
0.412461 0.278174 0.821689
0.415793 0.282907 0.813535
0.40825 0.277726 0.817566
0.413879 0.284982 0.821524
0.411013 0.293793 0.817763
0.420307 0.295294 0.81439
0.41516 0.30371 0.812751
0.411129 0.311308 0.817852
0.407502 0.307746 0.826464
0.404038 0.31564 0.821395
0.404082 0.315499 0.831394
0.397678 0.322908 0.829372
0.406211 0.321106 0.834264
0.403035 0.330359 0.836334
0.399797 0.335576 0.828442
0.403463 0.344573 0.830812
0.394368 0.342885 0.834611
0.388429 0.348191 0.828563
0.389524 0.338838 0.825198
0.381387 0.333148 0.826388
0.382035 0.32509 0.820501
0.38558 0.334242 0.818584
0.382832 0.343326 0.821733
0.376159 0.349712 0.825566
0.379264 0.355924 0.832761
0.372496 0.349956 0.828451
0.37694 0.358677 0.830501
0.37409 0.364033 0.83845
0.37993 0.372061 0.839652
0.379008 0.362111 0.840026
0.370944 0.356468 0.838258
0.379209 0.36017 0.834016
0.384057 0.35194 0.836978
0.385958 0.34718 0.828392
0.389167 0.33833 0.831766
0.384668 0.344673 0.825479
0.380483 0.340818 0.817256
0.373238 0.345831 0.812525
0.372602 0.336744 0.816652
0.379909 0.341412 0.821635
0.378811 0.347641 0.82938
0.377711 0.338253 0.832645
0.372702 0.330309 0.836079
0.376776 0.321438 0.838248
0.371984 0.330169 0.837351
0.363288 0.333606 0.833807
0.360078 0.338348 0.842005
0.363511 0.332727 0.849528
0.357387 0.33968 0.845768
0.364962 0.345803 0.843507
0.362113 0.336406 0.841617
0.371732 0.335606 0.839003
0.378223 0.328967 0.83529
0.385546 0.328141 0.84205
0.388965 0.324628 0.833334
0.398129 0.326786 0.836704
0.407581 0.329709 0.835248
0.400655 0.32382 0.831082
0.39478 0.320119 0.838278
0.3933 0.324724 0.829526
0.3936 0.321224 0.838888
0.401307 0.324698 0.833547
0.398365 0.315182 0.834439
0.394016 0.306387 0.836372
0.387869 0.31305 0.840592
0.393555 0.317673 0.833788
0.388804 0.325831 0.837083
0.387781 0.33469 0.841609
0.381927 0.329963 0.848197
0.382404 0.32697 0.857726
0.389204 0.32677 0.865055
0.398138 0.322905 0.862762
0.391052 0.329894 0.861791
0.398271 0.33666 0.860343
0.406012 0.33696 0.854019
0.39955 0.341835 0.85989
0.400527 0.350885 0.85575
0.405719 0.342483 0.857312
0.404861 0.352415 0.858103
0.3952 0.351655 0.860574
0.394856 0.361558 0.859235
0.396709 0.357485 0.868178
0.393378 0.34975 0.87357
0.403353 0.34925 0.873069
0.401075 0.35831 0.876636
0.397097 0.356015 0.867753
0.40302 0.348325 0.870158
0.408873 0.347463 0.87822
0.401891 0.350107 0.871567
0.405221 0.340964 0.873872
0.413823 0.345369 0.871301
0.404302 0.345804 0.868272
0.409176 0.337484 0.865623
0.411355 0.342519 0.857263
0.407288 0.333384 0.85719
0.408713 0.341493 0.851514
0.40021 0.337315 0.854715
0.395895 0.346311 0.854037
0.401701 0.348905 0.846319
0.396597 0.344067 0.83921
0.391055 0.35221 0.840935
0.396228 0.360761 0.840606
0.397649 0.358863 0.830892
0.396595 0.34893 0.831372
0.400758 0.354654 0.838437
0.393864 0.354049 0.831218
0.39856 0.362802 0.83237
0.398864 0.369696 0.825132
0.407103 0.375008 0.823159
0.416389 0.372095 0.82086
0.414754 0.374649 0.811331
0.424014 0.370885 0.811638
0.423351 0.362449 0.80631
0.417812 0.362957 0.81462
0.414271 0.362882 0.805269
0.414904 0.355269 0.798815
0.408393 0.362221 0.801862
0.407477 0.352273 0.802322
0.411237 0.360151 0.797443
0.415468 0.352255 0.801887
0.423693 0.348052 0.798054
0.426482 0.341301 0.791225
0.418139 0.339511 0.786011
0.420045 0.329732 0.785154
0.427378 0.333313 0.790933
0.433789 0.334661 0.783378
0.433898 0.324744 0.782094
0.428127 0.316736 0.780493
0.435792 0.321446 0.784861
0.445053 0.322363 0.788518
0.451779 0.325127 0.781654
0.453051 0.317793 0.774976
0.451015 0.325091 0.76845
0.460182 0.326653 0.772127
0.470077 0.326442 0.770698
0.46654 0.323287 0.761893
0.475225 0.318664 0.760106
0.475173 0.326872 0.754395
0.476741 0.324329 0.763938
0.486447 0.322267 0.762691
0.486697 0.329637 0.769445
0.491684 0.323043 0.763819
0.482031 0.323647 0.766362
0.48998 0.326836 0.771525
0.486399 0.331178 0.763259
0.49111 0.337243 0.769664
0.48979 0.32839 0.774122
0.499463 0.330404 0.772581
0.498991 0.324457 0.764556
0.497182 0.3287 0.755683
0.503811 0.327058 0.762988
0.513352 0.329995 0.762409
0.508641 0.336865 0.756877
0.507992 0.33062 0.749093
0.508335 0.325924 0.740271
0.508383 0.329031 0.730766
0.517609 0.331722 0.728002
0.516728 0.336355 0.73682
0.517979 0.34569 0.740179
0.512339 0.344938 0.731956
0.506317 0.345947 0.724036
0.506382 0.33674 0.720134
0.503227 0.339995 0.729047
0.50851 0.331977 0.726255
0.513888 0.340189 0.724347
0.52332 0.343418 0.725134
0.51806 0.335991 0.729277
0.524804 0.339917 0.723023
0.516644 0.334386 0.724707
0.512142 0.343002 0.722363
0.521568 0.34295 0.725702
0.528584 0.335824 0.725634
0.531411 0.33237 0.716685
0.522401 0.335673 0.713873
0.519417 0.32619 0.714953
0.524629 0.332764 0.720395
0.532765 0.338566 0.720769
0.528239 0.329781 0.722298
0.531879 0.330169 0.712992
0.534078 0.339912 0.713486
0.532814 0.3411 0.723334
0.539684 0.347718 0.726333
0.541166 0.356158 0.731489
0.533643 0.359327 0.737265
0.525414 0.353799 0.735945
0.527689 0.345401 0.740874
0.529275 0.349237 0.749972
0.526298 0.354884 0.742274
0.534173 0.350051 0.738451
0.544047 0.350953 0.73715
0.547599 0.349032 0.746299
0.540288 0.342474 0.744417
0.548676 0.343774 0.739131
0.548118 0.346172 0.748823
0.556976 0.343306 0.752472
0.558629 0.333458 0.753004
0.553021 0.328067 0.746719
0.549265 0.319016 0.748711
0.546986 0.320557 0.758325
0.553741 0.325273 0.763993
0.562209 0.325165 0.769312
0.558826 0.322992 0.778468
0.568351 0.326009 0.778058
0.575608 0.325159 0.77123
0.583381 0.33098 0.773616
0.590212 0.326244 0.768056
0.5986 0.331116 0.770489
0.603291 0.338456 0.765578
0.604869 0.328719 0.763937
0.602686 0.319149 0.762024
0.593519 0.320542 0.76577
0.600191 0.321359 0.758366
0.601049 0.325178 0.749164
0.595094 0.317852 0.745869
0.58536 0.316572 0.74397
0.585213 0.313254 0.753402
0.575901 0.315416 0.750467
0.585685 0.314279 0.75219
0.582361 0.322494 0.747556
0.576738 0.330762 0.74763
0.574691 0.321598 0.751069
0.582728 0.321763 0.757016
0.587764 0.316007 0.750574
0.585774 0.310274 0.742626
0.593499 0.316396 0.740936
0.597444 0.309653 0.747179
0.591269 0.301939 0.74564
0.59345 0.311595 0.744225
0.58955 0.303809 0.74914
0.583156 0.299216 0.742973
0.592701 0.302198 0.743062
0.589283 0.303447 0.733747
0.591728 0.300192 0.742881
0.583515 0.305817 0.743838
0.578092 0.30186 0.75125
0.58235 0.310081 0.747472
0.576191 0.306312 0.75439
0.580144 0.315294 0.752465
0.588922 0.310726 0.751023
0.586631 0.301719 0.747334
0.593381 0.303516 0.740178
0.591543 0.296664 0.747226
0.587224 0.287947 0.744913
0.589726 0.27847 0.74293
0.581933 0.284709 0.743513
0.577712 0.293363 0.74081
0.586418 0.297616 0.743286
0.589982 0.292932 0.751371
0.593503 0.301151 0.746893
0.595546 0.297764 0.756078
0.602942 0.291411 0.753858
0.610329 0.294925 0.75961
0.617225 0.300643 0.755167
0.617926 0.306922 0.747416
0.621605 0.313105 0.740471
0.621428 0.321534 0.735093
0.61579 0.321804 0.743348
0.612228 0.32704 0.751087
0.618757 0.333399 0.746971
0.614954 0.325349 0.742417
0.613672 0.324468 0.732538
0.610607 0.324293 0.742056
0.609389 0.317681 0.749458
0.618059 0.314533 0.753322
0.616549 0.30495 0.750898
0.616281 0.297729 0.743985
0.609032 0.303727 0.747373
0.603538 0.309851 0.753058
0.594968 0.311445 0.748158
0.590937 0.308365 0.756776
0.596254 0.310346 0.748541
0.596279 0.307269 0.739026
0.599539 0.311783 0.747333
0.608116 0.310935 0.742261
0.615311 0.31068 0.735322
0.614326 0.318376 0.729013
0.621449 0.316363 0.735737
0.619156 0.30698 0.738328
0.610973 0.311933 0.741246
0.60359 0.305409 0.739531
0.596225 0.308559 0.745517
0.587972 0.307486 0.739973
0.590479 0.298122 0.74243
0.587314 0.300305 0.751661
0.587957 0.309728 0.754947
0.580038 0.315421 0.752739
0.589378 0.318993 0.752611
0.58839 0.309056 0.752081
0.593287 0.309324 0.743366
0.595097 0.299676 0.745277
0.603192 0.294086 0.74348
0.603744 0.303742 0.740939
0.606402 0.311125 0.734739
0.608947 0.307761 0.743806
0.602454 0.301836 0.748575
0.60363 0.29246 0.751848
0.611705 0.287072 0.74945
0.613308 0.294963 0.74352
0.609234 0.287382 0.738428
0.613073 0.284003 0.747021
0.621464 0.281682 0.751941
0.620864 0.271704 0.751667
0.620151 0.262292 0.754969
0.611295 0.257946 0.75661
0.602621 0.253254 0.754953
0.595166 0.249313 0.760328
0.590244 0.255591 0.766358
0.594957 0.248227 0.771213
0.585296 0.250524 0.77003
0.593417 0.250999 0.775846
0.598622 0.253576 0.783987
0.603943 0.246158 0.779905
0.612546 0.250891 0.781802
0.603616 0.254337 0.784697
0.600435 0.246186 0.78954
0.609968 0.246218 0.792561
0.614581 0.23833 0.796623
0.612979 0.247455 0.792858
0.622064 0.243719 0.794727
0.627814 0.240691 0.802328
0.619727 0.236183 0.798549
0.626315 0.239795 0.805148
0.627745 0.229903 0.805464
0.618033 0.227644 0.80622
0.615335 0.223852 0.815071
0.616444 0.218426 0.806744
0.624277 0.223442 0.803072
0.633691 0.220586 0.801278
0.631495 0.215572 0.79291
0.634778 0.207731 0.798178
0.62804 0.206094 0.790972
0.622681 0.201929 0.798316
0.615733 0.20541 0.80461
0.611167 0.213245 0.800396
0.601632 0.210315 0.801103
0.601464 0.201288 0.805401
0.611384 0.201318 0.80414
0.616446 0.197759 0.796284
0.610633 0.199813 0.804158
0.615901 0.192146 0.807827
0.614655 0.199813 0.80153
0.618015 0.191167 0.797794
0.618107 0.1911 0.807794
0.60994 0.186723 0.811555
0.604808 0.179889 0.816747
0.606535 0.189635 0.81532
0.615284 0.185994 0.818513
0.621995 0.189351 0.811903
0.631491 0.191372 0.809505
0.621791 0.19292 0.80763
0.621053 0.18361 0.804056
0.628466 0.185301 0.810551
0.624121 0.188124 0.801998
0.625191 0.196801 0.797143
0.627723 0.188033 0.793054
0.630027 0.180219 0.787255
0.628969 0.170285 0.786811
0.626226 0.172111 0.796252
0.630667 0.169886 0.787573
0.633767 0.169579 0.778071
0.638486 0.175289 0.784788
0.634319 0.166222 0.785434
0.630401 0.157801 0.781727
0.628639 0.165531 0.775632
0.619261 0.163414 0.778382
0.61498 0.158481 0.785953
0.611353 0.167738 0.787024
0.601578 0.16977 0.787577
0.600469 0.170562 0.777671
0.602853 0.177745 0.771134
0.593899 0.175827 0.767116
0.596814 0.180249 0.758634
0.595005 0.185908 0.75059
0.599229 0.1923 0.744163
0.607712 0.196462 0.747438
0.601027 0.196627 0.754874
0.596169 0.194378 0.746427
0.59724 0.190718 0.755672
0.590679 0.197962 0.75779
0.599636 0.195948 0.753825
0.59345 0.20102 0.747823
0.598918 0.194314 0.742809
0.604629 0.191216 0.750411
0.611603 0.184913 0.746998
0.606844 0.18578 0.738246
0.603051 0.178755 0.744268
0.595391 0.1831 0.749007
0.589079 0.180483 0.741705
0.58308 0.185997 0.747503
0.584964 0.185895 0.757323
0.58392 0.19584 0.757332
0.589772 0.197187 0.749336
0.596202 0.189659 0.747924
0.591861 0.188249 0.739026
0.594343 0.181088 0.74555
0.587123 0.17582 0.741063
0.580268 0.181654 0.736707
0.577932 0.172546 0.740111
0.572422 0.176086 0.732554
0.577784 0.174773 0.724216
0.575374 0.169384 0.732287
0.58162 0.17704 0.733827
0.581242 0.173907 0.743316
0.584065 0.164537 0.741259
0.587625 0.156074 0.745223
0.580255 0.159252 0.751188
0.580197 0.168507 0.754975
0.576558 0.165888 0.763914
0.580406 0.165391 0.754697
0.582392 0.163124 0.745162
0.574491 0.163517 0.739045
0.571174 0.172829 0.737536
0.565347 0.167731 0.743866
0.56826 0.17185 0.7525
0.563369 0.169806 0.760979
0.57164 0.167614 0.766155
0.580281 0.170525 0.762049
0.587782 0.173318 0.768045
0.582229 0.167814 0.774279
0.585927 0.158771 0.772144
0.590541 0.154953 0.780153
0.589829 0.164887 0.779254
0.592297 0.155605 0.776472
0.60051 0.150169 0.774741
0.604713 0.153196 0.783295
0.606505 0.159554 0.790803
0.601044 0.156666 0.798667
0.592566 0.152612 0.795247
0.587273 0.161008 0.796465
0.589957 0.15254 0.791873
0.598504 0.155998 0.788002
0.607821 0.153254 0.790382
0.604612 0.162721 0.790651
0.603256 0.167079 0.781753
0.607935 0.159538 0.777145
0.605332 0.167688 0.782323
0.59926 0.162717 0.788521
0.608106 0.165936 0.791896
0.600061 0.161012 0.795218
0.607368 0.154342 0.793763
0.607007 0.164217 0.795296
0.610339 0.158356 0.78791
0.614249 0.157426 0.797067
0.622644 0.161081 0.793045
0.62542 0.166287 0.784971
0.625788 0.175525 0.781159
0.629813 0.175675 0.790312
0.62432 0.16794 0.78715
0.623733 0.176954 0.791441
0.621558 0.176341 0.801182
0.623513 0.167406 0.797137
0.625131 0.171499 0.788158
0.626399 0.161835 0.790393
0.633059 0.169153 0.791838
0.634941 0.161968 0.798533
0.635133 0.152028 0.799617
0.64015 0.14792 0.80723
0.643359 0.156658 0.810885
0.63841 0.165268 0.812056
0.634638 0.156549 0.815179
0.629333 0.164695 0.817526
0.628349 0.157846 0.824745
0.637267 0.162071 0.823126
0.639375 0.171594 0.825336
0.641078 0.169392 0.815731
0.638841 0.166871 0.806316
0.645856 0.171955 0.81131
0.648516 0.18153 0.810189
0.654306 0.186936 0.816292
0.647341 0.190897 0.810309
0.654683 0.19481 0.804762
0.650088 0.18627 0.802322
0.64638 0.182148 0.794
0.647545 0.186522 0.785083
0.655882 0.183216 0.78066
0.663663 0.177314 0.778508
0.664687 0.179 0.768705
0.661367 0.188402 0.767936
0.657433 0.185671 0.776715
0.648827 0.185076 0.781773
0.652307 0.175856 0.780074
0.653801 0.185431 0.777606
0.662322 0.187537 0.772815
0.660322 0.183244 0.781622
0.656172 0.187899 0.773804
0.663132 0.190267 0.767026
0.657573 0.197276 0.762557
0.665584 0.193457 0.767166
0.664362 0.185863 0.773556
0.67362 0.182212 0.772575
0.679071 0.175404 0.777469
0.68003 0.175125 0.787418
0.689544 0.172413 0.78596
0.681248 0.171428 0.780465
0.672175 0.167224 0.780543
0.667831 0.158834 0.783821
0.673533 0.164169 0.790068
0.674273 0.173735 0.787247
0.669549 0.168171 0.794084
0.667319 0.166564 0.803698
0.675255 0.169808 0.808847
0.669752 0.177383 0.812361
0.665487 0.185733 0.815836
0.669716 0.193974 0.812066
0.664452 0.19085 0.804158
0.668087 0.200154 0.803691
0.658721 0.203646 0.803998
0.664212 0.204433 0.795677
0.658271 0.211199 0.791327
0.658075 0.215335 0.800429
0.65333 0.212982 0.791947
0.652402 0.211911 0.782048
0.660282 0.209852 0.787851
0.657971 0.200516 0.790588
0.662714 0.197033 0.782503
0.655313 0.194466 0.776288
0.66307 0.195068 0.78257
0.665589 0.203348 0.777562
0.674278 0.202657 0.782464
0.677269 0.202869 0.772925
0.667828 0.203455 0.769682
0.661113 0.204166 0.777058
0.661214 0.195373 0.78182
0.664566 0.204503 0.779497
0.659592 0.200898 0.787388
0.658758 0.192592 0.781882
0.660867 0.193699 0.77217
0.667421 0.193291 0.764629
0.660284 0.199168 0.760817
0.667544 0.192381 0.761932
0.66801 0.183858 0.76714
0.659189 0.179219 0.766326
0.652705 0.186543 0.764247
0.650739 0.184161 0.754736
0.644338 0.191776 0.75372
0.6536 0.195544 0.753562
0.644653 0.19836 0.75703
0.65287 0.19348 0.759974
0.642879 0.19307 0.759946
0.643623 0.183974 0.755859
0.646933 0.189582 0.74827
0.650566 0.180593 0.750719
0.641008 0.178329 0.748846
0.631764 0.177537 0.745115
0.636782 0.169303 0.742464
0.62737 0.171156 0.739639
0.619424 0.165129 0.740373
0.616331 0.167513 0.74958
0.613101 0.15813 0.748338
0.609985 0.161847 0.757083
0.60521 0.153532 0.759923
0.610591 0.15153 0.751735
0.613831 0.152602 0.742335
0.617036 0.153923 0.751715
0.624741 0.148011 0.754098
0.624193 0.138172 0.7524
0.629284 0.141073 0.760503
0.632997 0.132391 0.757211
0.629445 0.127008 0.74957
0.634085 0.130816 0.741572
0.627762 0.135572 0.735455
0.62368 0.143916 0.739158
0.628863 0.151123 0.743761
0.637305 0.149289 0.748798
0.639484 0.148868 0.739047
0.630265 0.151167 0.735928
0.629385 0.142222 0.740312
0.626827 0.137745 0.74888
0.623956 0.131623 0.756248
0.631505 0.132119 0.749708
0.629966 0.141581 0.746861
0.628213 0.151373 0.745842
0.631349 0.154454 0.73686
0.625969 0.154028 0.728441
0.6296 0.16172 0.733699
0.621515 0.167546 0.732865
0.631186 0.167608 0.730322
0.640338 0.170877 0.732679
0.649664 0.167285 0.732342
0.642693 0.166243 0.725249
0.634801 0.170435 0.720761
0.639581 0.162749 0.716511
0.649453 0.161173 0.716746
0.650805 0.161042 0.726653
0.653308 0.158902 0.717211
0.644675 0.163666 0.718875
0.645344 0.159316 0.709896
0.642835 0.149695 0.710965
0.643645 0.141021 0.706054
0.643892 0.147331 0.698301
0.647167 0.140636 0.691633
0.656572 0.141131 0.694996
0.654343 0.147672 0.702224
0.656789 0.138367 0.70495
0.659984 0.136946 0.695581
0.66094 0.145389 0.690308
0.655581 0.141741 0.697922
0.65956 0.136284 0.705297
0.666353 0.133107 0.698683
0.666029 0.124712 0.693259
0.665309 0.134172 0.690097
0.672544 0.129187 0.685321
0.681198 0.124514 0.687132
0.68685 0.130708 0.692581
0.679042 0.125617 0.696204
0.678201 0.11874 0.688993
0.681124 0.122919 0.697595
0.684503 0.113992 0.694614
0.689081 0.120181 0.688232
0.696958 0.125863 0.690615
0.701389 0.134235 0.687409
0.693149 0.134127 0.693073
0.688641 0.137081 0.68465
0.688599 0.133694 0.694058
0.685185 0.143037 0.695087
0.695129 0.143888 0.694452
0.689273 0.145005 0.686424
0.685845 0.136754 0.690915
0.689537 0.127494 0.691708
0.696514 0.12889 0.698735
0.693465 0.138336 0.697519
0.698797 0.134128 0.69018
0.70447 0.13363 0.6984
0.710266 0.135285 0.690421
0.700735 0.133451 0.688014
0.701455 0.143327 0.689408
0.702048 0.148241 0.698097
0.701569 0.139872 0.692644
0.700917 0.146235 0.684957
0.710225 0.14693 0.688546
0.716324 0.148326 0.680746
0.709924 0.156001 0.680377
0.701972 0.15439 0.674531
0.695336 0.155602 0.681914
0.698418 0.158718 0.690902
0.69767 0.167924 0.687067
0.690365 0.164115 0.692736
0.69344 0.154634 0.691927
0.697552 0.163066 0.688465
0.696517 0.154639 0.693749
0.701751 0.149908 0.686663
0.691959 0.151605 0.687775
0.68818 0.160715 0.689428
0.681966 0.154868 0.684213
0.673187 0.152682 0.688473
0.682045 0.156684 0.690823
0.689419 0.150714 0.693983
0.693271 0.151723 0.684811
0.698864 0.1594 0.687941
0.696285 0.149748 0.688378
0.696319 0.14337 0.680676
0.687094 0.145302 0.684018
0.678294 0.14549 0.679273
0.681314 0.144484 0.669793
0.683586 0.140546 0.6787
0.685267 0.147113 0.686051
0.687021 0.15658 0.688753
0.696616 0.154709 0.690862
0.700168 0.153627 0.681577
0.705903 0.15124 0.673741
0.708526 0.149699 0.664214
0.69991 0.154533 0.662662
0.708245 0.155819 0.668035
0.69993 0.152234 0.67228
0.704867 0.148397 0.680085
0.70579 0.153418 0.671486
0.707145 0.143531 0.670852
0.704976 0.144895 0.680518
0.714896 0.146133 0.680277
0.714627 0.149207 0.670765
0.712401 0.14316 0.678412
0.710042 0.133442 0.678438
0.711507 0.135425 0.668747
0.703254 0.140628 0.666554
0.709449 0.136692 0.673346
0.702645 0.135979 0.666052
0.711128 0.136789 0.660819
0.719941 0.139181 0.664895
0.723188 0.146377 0.658757
0.729922 0.140005 0.65501
0.738855 0.138881 0.659361
0.739303 0.14327 0.668335
0.744942 0.135728 0.664972
0.743766 0.131776 0.674082
0.748765 0.139873 0.677156
0.742193 0.144173 0.683347
0.750568 0.138853 0.684594
0.758619 0.135544 0.679672
0.75136 0.14242 0.67984
0.757738 0.147327 0.685775
0.758817 0.13929 0.691626
0.761869 0.147495 0.69646
0.758085 0.146732 0.705685
0.765893 0.143074 0.71075
0.773255 0.13788 0.706411
0.776353 0.136391 0.697021
0.773183 0.127242 0.699521
0.776668 0.129858 0.708521
0.774064 0.131009 0.718107
0.776122 0.132556 0.708445
0.774809 0.139083 0.715907
0.773685 0.14366 0.724726
0.776446 0.139817 0.733536
0.775974 0.144662 0.724801
0.780634 0.137413 0.719729
0.776906 0.145907 0.715993
0.780235 0.141861 0.707476
0.773449 0.139913 0.714557
0.764668 0.136397 0.717802
0.76095 0.128555 0.712834
0.752392 0.123798 0.710801
0.757855 0.117909 0.716757
0.762711 0.114053 0.724602
0.763998 0.123533 0.727513
0.760018 0.129416 0.734553
0.762682 0.125605 0.743406
0.760839 0.118495 0.750192
0.753497 0.111981 0.752105
0.758214 0.115921 0.759993
0.757801 0.122656 0.767374
0.749696 0.117627 0.770376
0.755977 0.124984 0.772913
0.76332 0.118354 0.774368
0.75909 0.124079 0.767345
0.764769 0.13123 0.76327
0.768435 0.139301 0.767898
0.759121 0.140209 0.764372
0.768994 0.141369 0.765462
0.767046 0.131589 0.764716
0.76308 0.137028 0.757321
0.771878 0.141631 0.758507
0.772128 0.131681 0.757543
0.772222 0.136269 0.766428
0.764694 0.136722 0.759861
0.773323 0.132242 0.757521
0.767533 0.138511 0.762734
0.761698 0.134999 0.755411
0.757084 0.141992 0.76087
0.755019 0.142875 0.751126
0.764286 0.141417 0.747662
0.762846 0.14091 0.737779
0.763557 0.140572 0.72781
0.761143 0.14167 0.737452
0.755274 0.141329 0.745541
0.751386 0.145383 0.737268
0.760758 0.142688 0.739483
0.76438 0.152007 0.73933
0.763473 0.145558 0.731742
0.758536 0.143682 0.740233
0.76051 0.136144 0.746499
0.751813 0.138822 0.750646
0.757129 0.131443 0.754806
0.754658 0.133174 0.76434
0.761937 0.132137 0.771117
0.761988 0.122366 0.768994
0.753259 0.1255 0.772733
0.747295 0.120908 0.779317
0.74373 0.114652 0.786255
0.747872 0.111115 0.777869
0.756164 0.110606 0.772302
0.75292 0.116003 0.764533
0.758821 0.120727 0.757987
0.756052 0.130051 0.755665
0.763497 0.124773 0.751577
0.771821 0.126892 0.756698
0.764967 0.12332 0.763043
0.774221 0.126345 0.760759
0.775663 0.117808 0.755754
0.770879 0.117859 0.746973
0.775193 0.126569 0.749322
0.778577 0.120041 0.7561
0.77295 0.126251 0.761556
0.773656 0.121185 0.752963
0.765274 0.117764 0.757211
0.75874 0.119721 0.749899
0.757504 0.110131 0.747349
0.749426 0.115415 0.749963
0.743857 0.107773 0.753217
0.739788 0.115449 0.748265
0.743047 0.122865 0.742401
0.751423 0.123132 0.747857
0.753682 0.132747 0.746293
0.752377 0.129752 0.736842
0.751184 0.13675 0.743885
0.753487 0.127361 0.741327
0.763291 0.12927 0.741809
0.766619 0.135616 0.748784
0.759266 0.138235 0.742532
0.756488 0.130347 0.748016
0.751606 0.130937 0.739308
0.760556 0.129389 0.735125
0.76951 0.131591 0.731255
0.77951 0.131553 0.731302
0.777382 0.126121 0.72318
0.775128 0.121784 0.731904
0.76556 0.118973 0.731153
0.772069 0.124838 0.735973
0.766363 0.130909 0.741504
0.773256 0.125626 0.736546
0.770418 0.130948 0.72857
0.780126 0.130369 0.72624
0.780749 0.122237 0.732027
0.781323 0.121998 0.722046
0.785095 0.116087 0.729175
0.79231 0.109435 0.727248
0.790216 0.112955 0.718125
0.796444 0.119583 0.713968
0.795982 0.120201 0.723938
0.789601 0.116157 0.717385
0.789575 0.108996 0.710406
0.791476 0.108111 0.700628
0.799879 0.103673 0.697514
0.801275 0.0966097 0.704454
0.796083 0.0880971 0.703695
0.802909 0.0873524 0.696426
0.801473 0.0919166 0.687645
0.799886 0.0878147 0.696626
0.799637 0.0900187 0.686875
0.803484 0.0831291 0.693018
0.803225 0.0759269 0.686085
0.800648 0.0839371 0.691488
0.791489 0.0821382 0.687899
0.797743 0.0896725 0.685869
0.794916 0.0895348 0.69546
0.792136 0.0991405 0.695423
0.783701 0.0984067 0.690102
0.78883 0.102723 0.697522
0.790428 0.111195 0.692455
0.78388 0.108614 0.685352
0.775759 0.1028 0.685843
0.780322 0.0966087 0.679452
0.783585 0.105963 0.678095
0.79324 0.1037 0.679383
0.78935 0.102942 0.670202
0.782113 0.0988313 0.664658
0.789857 0.101057 0.670581
0.779986 0.102536 0.671194
0.775499 0.0938112 0.669259
0.773355 0.0875234 0.661784
0.782826 0.084512 0.662894
0.787361 0.0813587 0.671231
0.778703 0.0807174 0.676195
0.779863 0.0783043 0.66656
0.783228 0.0708506 0.672315
0.780945 0.0742603 0.681434
0.783222 0.0833819 0.678027
0.775535 0.0775731 0.680705
0.781917 0.080906 0.687645
0.784686 0.0713996 0.689046
0.784604 0.0646865 0.681635
0.781988 0.0702984 0.673782
0.775677 0.0779638 0.674971
0.775153 0.0775593 0.664993
0.781539 0.0816729 0.658489
0.7902 0.078404 0.66227
0.782237 0.0723617 0.661979
0.775072 0.0764929 0.656359
0.774268 0.0737965 0.646763
0.778444 0.0824124 0.64965
0.775414 0.0800346 0.658879
0.769465 0.0762744 0.651775
0.762656 0.0719736 0.657703
0.755473 0.0686614 0.651585
0.762135 0.061226 0.651001
0.769268 0.0571516 0.645299
0.768975 0.054911 0.635557
0.777264 0.0493389 0.636065
0.77824 0.0548593 0.627784
0.781735 0.0637825 0.624927
0.776956 0.0571396 0.61918
0.779307 0.047424 0.6189
0.770593 0.0451276 0.614565
0.771995 0.0401674 0.623134
0.770636 0.0492196 0.619108
0.771056 0.0433879 0.627221
0.779202 0.0487912 0.629331
0.784583 0.0564761 0.632793
0.776771 0.0511856 0.629479
0.785548 0.0511237 0.634271
0.777405 0.0453194 0.634211
0.786829 0.0481269 0.632393
0.777348 0.0510929 0.633541
0.774607 0.0418519 0.630879
0.783336 0.0426698 0.635689
0.782367 0.0518258 0.639591
0.779386 0.0606535 0.643222
0.777769 0.0664371 0.635226
0.776935 0.0731816 0.62789
0.785493 0.0777584 0.630299
0.781872 0.0695521 0.625878
0.778955 0.0682565 0.635355
0.769002 0.069064 0.635896
0.77201 0.069704 0.645412
0.777701 0.0670398 0.653191
0.781417 0.0614916 0.660635
0.788526 0.0682819 0.658803
0.7817 0.0735633 0.663854
0.783247 0.0648824 0.659137
0.77821 0.0670845 0.66749
0.785982 0.0704009 0.662142
0.785596 0.0641888 0.654316
0.791516 0.0675677 0.661632
0.796317 0.0698698 0.670096
0.787095 0.0684755 0.666491
0.781279 0.0603759 0.665731
0.785862 0.051759 0.66791
0.790184 0.0606251 0.669557
0.795205 0.0687423 0.67254
0.799817 0.0733062 0.664931
0.797052 0.0653041 0.670252
0.789182 0.0598415 0.673118
0.789901 0.0529998 0.665861
0.792347 0.0620543 0.662392
0.791209 0.0701417 0.668162
0.796116 0.0742775 0.675831
0.787387 0.0694404 0.675191
0.795744 0.0664286 0.670599
0.789241 0.0732186 0.674005
0.779968 0.0694865 0.673714
0.781023 0.0757774 0.666012
0.787998 0.0719704 0.672084
0.797577 0.0691153 0.672373
0.807216 0.0665042 0.672887
0.808159 0.068535 0.663141
0.808777 0.061586 0.655976
0.814956 0.0669542 0.650232
0.816445 0.0711955 0.641299
0.81273 0.0624204 0.644333
0.820227 0.0586559 0.649776
0.820959 0.0508132 0.643615
0.818812 0.0440171 0.6366
0.824796 0.0417859 0.644295
0.834216 0.0388151 0.645856
0.826952 0.0377345 0.652643
0.829207 0.0295801 0.647312
0.829856 0.0221038 0.653921
0.832737 0.0316191 0.652845
0.827148 0.0397829 0.654299
0.831545 0.046453 0.648284
0.832664 0.0448822 0.638472
0.831024 0.0509782 0.630717
0.836218 0.0435099 0.634869
0.835664 0.0427775 0.624911
0.844053 0.0409153 0.619797
0.840162 0.0324045 0.616272
0.833409 0.0259911 0.61263
0.824946 0.0312108 0.611568
0.829594 0.0223611 0.611302
0.822969 0.0298478 0.611542
0.816314 0.0228522 0.614144
0.823954 0.0174023 0.6176
0.825532 0.0108093 0.610248
0.824 0.0176248 0.603093
0.815796 0.0119107 0.603308
0.81147 0.0163491 0.59546
0.802688 0.0197314 0.598841
0.798169 0.0121805 0.603591
0.792869 0.00623351 0.597546
0.796423 0.00873917 0.606551
0.787913 0.0118682 0.602333
0.797115 0.0123952 0.598453
0.796535 0.0038504 0.59329
0.79885 8.86757e-11 0.592888
0.786648 0.01 0.600037
0.787181 0.0153471 0.608471
0.777894 0.0165645 0.611971
0.781082 0.0249107 0.616463
0.779234 0.0277036 0.625886
0.774876 0.0306235 0.634399
0.777893 0.0273463 0.625446
0.778031 0.0256592 0.635302
0.773096 0.0260624 0.626613
0.763797 0.0297188 0.62621
0.762045 0.0392918 0.62851
0.766501 0.0331076 0.634983
0.773983 0.0353069 0.641242
0.782215 0.0297422 0.640115
0.790991 0.0343125 0.638669
0.781542 0.0375306 0.639259
0.781477 0.0471926 0.641836
0.787373 0.0489472 0.64972
0.79506 0.0444627 0.654281
0.801366 0.0518637 0.651945
0.806964 0.0467745 0.658484
0.806865 0.0566494 0.65691
0.811165 0.0489951 0.652123
0.811328 0.0506222 0.642257
0.801653 0.0528719 0.641096
0.805484 0.0511495 0.632021
0.796114 0.0480097 0.630488
0.790797 0.0487522 0.622051
0.791386 0.0531034 0.613066
0.782771 0.0520373 0.608102
0.790897 0.0462758 0.608979
0.787472 0.0550034 0.605501
0.789297 0.0493028 0.597491
0.780018 0.0516135 0.600418
0.781005 0.0491447 0.590778
0.779574 0.0474482 0.581028
0.782261 0.049386 0.590463
0.790993 0.0513829 0.586019
0.786724 0.0580862 0.592089
0.792075 0.0568019 0.600438
0.785803 0.0612317 0.606844
0.776055 0.0595437 0.608304
0.78402 0.064791 0.6053
0.777101 0.0637377 0.612443
0.7851 0.0635733 0.618441
0.775463 0.060936 0.618849
0.78364 0.061155 0.624602
0.791365 0.0548154 0.624982
0.801142 0.0549549 0.62289
0.810813 0.0572569 0.623977
0.815547 0.0564099 0.615209
0.817358 0.0662127 0.614419
0.817984 0.0622944 0.60524
0.810889 0.068058 0.609294
0.81428 0.0741536 0.61646
0.809072 0.077828 0.608755
0.815445 0.0701673 0.607921
0.812029 0.0629079 0.601952
0.80425 0.05901 0.597023
0.799991 0.0587505 0.606067
0.799007 0.0490778 0.603728
0.80206 0.0535984 0.595347
0.803063 0.0527321 0.605259
0.799279 0.051039 0.596158
0.789898 0.0504286 0.599569
0.790595 0.045541 0.590872
0.788135 0.0546683 0.587611
0.780825 0.0609415 0.584925
0.785209 0.0694396 0.587852
0.778515 0.0726225 0.58114
0.772477 0.0652746 0.58423
0.778405 0.0601626 0.590453
0.781515 0.0541358 0.597802
0.774146 0.050314 0.603377
0.783204 0.0493225 0.599258
0.782191 0.0575941 0.59373
0.779327 0.0669079 0.591482
0.774554 0.0736453 0.597124
0.781894 0.067717 0.593809
0.774916 0.0677613 0.586646
0.766021 0.0674584 0.591206
0.769383 0.076349 0.594313
0.768916 0.0667012 0.596902
0.759645 0.0691742 0.59972
0.764966 0.0765398 0.595544
0.773167 0.0746617 0.600949
0.764168 0.0786289 0.599139
0.771663 0.0833738 0.603755
0.771653 0.0922393 0.599128
0.765578 0.0845891 0.59699
0.768825 0.0753871 0.599176
0.773611 0.0834101 0.595608
0.767783 0.0752972 0.596072
0.770653 0.0741989 0.586556
0.767905 0.0681563 0.594035
0.772603 0.07159 0.585902
0.769785 0.0805027 0.589456
0.771189 0.0708301 0.587341
0.765039 0.0767194 0.592585
0.768322 0.0689995 0.587142
0.762073 0.0724732 0.580151
0.757992 0.0724907 0.58928
0.753494 0.0788643 0.583024
0.759946 0.0849962 0.58758
0.762439 0.0863347 0.597171
0.765185 0.0884924 0.606542
0.760482 0.0830294 0.613473
0.763171 0.0844346 0.623002
0.770378 0.0908573 0.625611
0.773867 0.0862033 0.617477
0.766468 0.0835354 0.611303
0.775353 0.0880278 0.610376
0.784264 0.084742 0.607244
0.775538 0.080202 0.605443
0.767798 0.0861499 0.607617
0.762315 0.0829292 0.599899
0.768741 0.0752873 0.599344
0.763328 0.0836503 0.600212
0.761108 0.0739241 0.600902
0.764307 0.0701321 0.592219
0.755747 0.0683704 0.587358
0.761342 0.0616408 0.592197
0.768377 0.0574611 0.597944
0.773528 0.0549261 0.589756
0.769964 0.0588351 0.598242
0.778515 0.0638047 0.596764
0.786324 0.0577879 0.598441
0.783102 0.0505878 0.592295
0.782969 0.060368 0.594376
0.790965 0.0663467 0.593812
0.787552 0.0676464 0.584503
0.794604 0.0697385 0.577728
0.793597 0.0721768 0.568082
0.80175 0.0756708 0.563465
0.807096 0.0682267 0.567465
0.814163 0.0715589 0.561224
0.809652 0.0655548 0.567828
0.81271 0.0572623 0.572505
0.81396 0.0509172 0.564878
0.807444 0.0580671 0.567414
0.814873 0.0599242 0.560982
0.814682 0.0517903 0.566796
0.823271 0.0566361 0.568452
0.823469 0.052566 0.55932
0.818746 0.0451928 0.56415
0.818491 0.0431788 0.573942
0.819715 0.0345154 0.578784
0.823236 0.0388169 0.570472
0.824162 0.0315702 0.563643
0.821275 0.0363684 0.571928
0.829614 0.0359671 0.566424
0.825678 0.0279996 0.561838
0.831237 0.0305265 0.569757
0.824561 0.0294827 0.577129
0.832217 0.034936 0.573716
0.836155 0.0261066 0.576272
0.839543 0.0209386 0.568409
0.82988 0.018817 0.569869
0.835778 0.026629 0.571915
0.836319 0.0288872 0.581642
0.83597 0.0218082 0.574588
0.8359 0.0128393 0.57901
0.837681 0.0187082 0.571111
0.839767 0.00934954 0.568272
0.836659 0.0162709 0.561758
0.834748 0.0238485 0.567997
0.837489 0.0209169 0.558838
0.844564 0.0272961 0.555797
0.848666 0.0257117 0.546816
0.853541 0.0171048 0.548285
0.851803 0.00744939 0.550222
0.858189 2.251e-10 0.549983
0.872313 0.01 0.549279
0.865078 0.00416355 0.545593
0.856754 0.0083271 0.548557
0.849945 0.0148674 0.54526
0.856606 0.0185281 0.551758
0.86146 0.0156348 0.543508
0.853399 0.019418 0.538956
0.850745 0.0211861 0.529478
0.860585 0.0220726 0.52793
0.853583 0.0290352 0.52635
0.855907 0.0201224 0.530244
0.859595 0.0291405 0.52799
0.866552 0.0297163 0.53515
0.876189 0.0275809 0.536754
0.880131 0.0222322 0.544227
0.878465 0.0320918 0.54413
0.886957 0.0335943 0.539068
0.896183 0.0374306 0.53947
0.89208 0.0286044 0.537175
0.891828 0.0186505 0.538101
0.890067 0.0159005 0.547553
0.894517 0.0233541 0.542589
0.892148 0.0324527 0.545995
0.897226 0.0270128 0.552674
0.891522 0.0336425 0.547826
0.895724 0.0246355 0.548927
0.890543 0.0226061 0.557236
0.884839 0.0271399 0.550387
0.882912 0.0277059 0.540591
0.875016 0.030609 0.535185
0.880157 0.033416 0.52708
0.88115 0.0277238 0.535242
0.871948 0.0298517 0.531955
0.870206 0.0396223 0.53073
0.874691 0.0467081 0.525283
0.878079 0.0535758 0.531714
0.874835 0.0442543 0.530107
0.867988 0.0465429 0.537027
0.863148 0.0424935 0.544784
0.864023 0.0380376 0.553693
0.871246 0.0406568 0.547293
0.870102 0.0501175 0.550323
0.877714 0.0502228 0.556807
0.873732 0.0410537 0.556536
0.878681 0.0484824 0.561044
0.876586 0.0551393 0.568206
0.884563 0.0510642 0.572651
0.889328 0.057513 0.578626
0.895466 0.0556663 0.570951
0.89744 0.0579458 0.561416
0.90457 0.061837 0.555583
0.909862 0.0667166 0.548641
0.901013 0.066857 0.543986
0.901609 0.0767663 0.542781
0.896361 0.0792714 0.534645
0.888167 0.0849539 0.535398
0.8869 0.092535 0.541795
0.886266 0.0830466 0.544888
0.894123 0.0887665 0.547246
0.898191 0.0974286 0.550147
0.889182 0.0979782 0.545842
0.893963 0.103699 0.539177
0.892456 0.113113 0.542193
0.885301 0.107158 0.545846
0.877909 0.105913 0.539228
0.872101 0.105775 0.531088
0.865087 0.100287 0.52654
0.862959 0.0932058 0.533273
0.858406 0.0849553 0.53662
0.85248 0.0881588 0.544011
0.850111 0.0837655 0.552676
0.84499 0.0917733 0.549569
0.836158 0.0879439 0.546859
0.844882 0.0915715 0.543582
0.836785 0.0857156 0.543197
0.834061 0.0781669 0.53723
0.837337 0.0872418 0.53986
0.846844 0.0901558 0.538805
0.836909 0.0905582 0.537746
0.828282 0.0855639 0.536947
0.831242 0.0774508 0.531905
0.829939 0.0807582 0.541252
0.831406 0.0753898 0.532944
0.838767 0.0801926 0.528174
0.83743 0.0781515 0.537872
0.845404 0.0737266 0.541975
0.840477 0.0658686 0.545713
0.834963 0.0591508 0.550659
0.84124 0.0666216 0.548474
0.846412 0.0580656 0.54826
0.85165 0.0665571 0.548939
0.851402 0.0741798 0.555407
0.858537 0.078746 0.560722
0.85908 0.0829988 0.551688
0.858655 0.0796198 0.542286
0.865781 0.0820102 0.548881
0.869588 0.0867687 0.556809
0.878062 0.0845762 0.551972
0.872598 0.0909553 0.557399
0.873421 0.0847252 0.565178
0.868097 0.0929281 0.567268
0.876106 0.0915259 0.561446
0.883339 0.0969832 0.565676
0.882291 0.0986232 0.575484
0.877013 0.0999787 0.583869
0.886965 0.10009 0.584848
0.891355 0.0965684 0.593113
0.882693 0.100988 0.595442
0.874022 0.100496 0.590485
0.88315 0.0965185 0.589561
0.877241 0.099319 0.597127
0.872515 0.107141 0.593067
0.872633 0.0971774 0.59391
0.874382 0.0993339 0.603517
0.880613 0.105934 0.599319
0.890302 0.107161 0.601468
0.892044 0.116933 0.600252
0.900869 0.11397 0.596599
0.89647 0.10669 0.601857
0.901071 0.114619 0.605851
0.901284 0.124066 0.609124
0.896667 0.126147 0.617747
0.888438 0.131828 0.617713
0.880351 0.129206 0.612447
0.870782 0.129666 0.615312
0.863177 0.12848 0.621696
0.85916 0.136391 0.62631
0.860396 0.13689 0.616399
0.87014 0.137656 0.618512
0.868845 0.13388 0.609344
0.872349 0.134866 0.618658
0.870243 0.141378 0.625949
0.864801 0.139333 0.634086
0.869201 0.145897 0.627957
0.877248 0.144133 0.622289
0.886596 0.140845 0.620945
0.89641 0.139636 0.622441
0.891443 0.14829 0.623111
0.884242 0.142457 0.62687
0.890607 0.138926 0.633726
0.890669 0.130287 0.638761
0.888634 0.120721 0.640849
0.886226 0.111532 0.643975
0.879332 0.109049 0.63717
0.884067 0.117798 0.638188
0.881293 0.125397 0.632309
0.88727 0.119785 0.626584
0.878773 0.114728 0.625085
0.881808 0.119709 0.616962
0.886716 0.11509 0.624349
0.894011 0.121153 0.621184
0.889267 0.112598 0.619105
0.890226 0.103522 0.623193
0.885601 0.105463 0.614541
0.894445 0.110033 0.615492
0.884932 0.108323 0.612928
0.893574 0.105018 0.616722
0.8953 0.114768 0.61812
0.886989 0.111617 0.622703
0.896757 0.113509 0.621698
0.890095 0.120965 0.621889
0.892741 0.130262 0.624452
0.89529 0.128918 0.614876
0.897721 0.120399 0.610236
0.899423 0.128572 0.60473
0.907126 0.129765 0.610994
0.915674 0.124678 0.61202
0.915606 0.117951 0.604622
0.912964 0.111888 0.597121
0.920512 0.1135 0.60348
0.915511 0.118959 0.596757
0.919328 0.110902 0.592229
0.914546 0.116362 0.599107
0.917255 0.125782 0.597123
0.922768 0.118665 0.592769
0.913922 0.121448 0.589028
0.907155 0.115248 0.585056
0.908623 0.114434 0.575198
0.916134 0.120683 0.57733
0.922693 0.127158 0.57345
0.930609 0.13117 0.578059
0.925463 0.139122 0.581266
0.916053 0.137624 0.57823
0.918152 0.147082 0.575752
0.914667 0.141105 0.582972
0.91249 0.145064 0.591894
0.90666 0.152189 0.595797
0.897706 0.149173 0.599074
0.898942 0.149682 0.608984
0.899064 0.141412 0.614605
0.890083 0.145333 0.612617
0.890001 0.148966 0.621933
0.882598 0.147875 0.628568
0.883274 0.148862 0.638496
0.881316 0.158626 0.637586
0.87396 0.1523 0.635162
0.865225 0.156838 0.636924
0.859474 0.154604 0.644794
0.858298 0.15994 0.636419
0.866728 0.156878 0.640842
0.874989 0.159924 0.645582
0.869377 0.166887 0.641107
0.867061 0.176588 0.641827
0.871153 0.173556 0.633221
0.876657 0.165981 0.636733
0.878001 0.168553 0.627164
0.885398 0.16717 0.633749
0.875607 0.166004 0.632084
0.870047 0.173444 0.635791
0.871866 0.168934 0.64453
0.88002 0.16827 0.638779
0.875948 0.17705 0.636263
0.879648 0.18445 0.64188
0.878013 0.177592 0.634788
0.877421 0.168631 0.639187
0.881131 0.173702 0.631407
0.889822 0.177881 0.634051
0.893938 0.174392 0.625631
0.888173 0.16625 0.62495
0.880384 0.17118 0.628825
0.887726 0.172368 0.622141
0.889853 0.169337 0.612852
0.885186 0.162679 0.618673
0.888305 0.153241 0.619767
0.890439 0.146748 0.627067
0.881077 0.146068 0.630516
0.873475 0.151585 0.627085
0.8671 0.154494 0.634219
0.869192 0.153338 0.643929
0.873568 0.159807 0.637683
0.875913 0.160768 0.628009
0.881606 0.161885 0.619864
0.885078 0.160392 0.610606
0.885312 0.168582 0.604873
0.891713 0.175135 0.600862
0.889109 0.165503 0.601538
0.890441 0.16246 0.61097
0.897295 0.162094 0.618242
0.895998 0.156746 0.626592
0.904181 0.151601 0.629155
0.910342 0.147951 0.622176
0.920233 0.146816 0.621242
0.913688 0.139313 0.620311
0.908602 0.143734 0.6277
0.912504 0.151895 0.623438
0.905131 0.157483 0.627236
0.913134 0.156284 0.633112
0.922027 0.151807 0.63404
0.912472 0.149559 0.632132
0.910585 0.154176 0.640799
0.909764 0.164051 0.639454
0.911291 0.171529 0.632992
0.920235 0.16846 0.636248
0.928296 0.165709 0.63101
0.927657 0.155839 0.629532
0.918216 0.158938 0.628405
0.910466 0.152909 0.626512
0.916334 0.154396 0.634471
0.916626 0.147497 0.641704
0.911295 0.143609 0.649218
0.90271 0.143746 0.654346
0.897674 0.135887 0.657934
0.887893 0.133956 0.657162
0.880516 0.139804 0.660539
0.87292 0.143525 0.655206
0.870103 0.134136 0.653227
0.873194 0.124786 0.654964
0.865684 0.128993 0.649875
0.866162 0.133764 0.6411
0.870796 0.129651 0.648949
0.87006 0.139025 0.645544
0.866041 0.131346 0.650532
0.861949 0.140214 0.648383
0.859916 0.135375 0.656895
0.852818 0.141965 0.654408
0.854926 0.147277 0.662614
0.848012 0.152582 0.65771
0.855905 0.153285 0.663809
0.855928 0.145092 0.669544
0.85734 0.147213 0.679214
0.86327 0.143416 0.686314
0.855614 0.143691 0.692741
0.865472 0.145015 0.691713
0.86398 0.15124 0.68403
0.866996 0.14886 0.693262
0.861792 0.140763 0.695974
0.871328 0.139248 0.693373
0.874077 0.138005 0.702907
0.883816 0.140275 0.702932
0.885484 0.138788 0.712679
0.886407 0.144459 0.720864
0.895871 0.141323 0.720094
0.888421 0.143015 0.726547
0.89377 0.148733 0.732767
0.900629 0.141641 0.731136
0.907714 0.13557 0.734734
0.903371 0.126601 0.733901
0.910361 0.132033 0.738553
0.917287 0.136895 0.733225
0.920791 0.145928 0.730752
0.926392 0.147585 0.722635
0.930491 0.148149 0.713532
0.931034 0.152938 0.722293
0.922211 0.148231 0.722207
0.919329 0.141375 0.728891
0.914342 0.135536 0.722485
0.912745 0.13541 0.732356
0.917269 0.12826 0.737686
0.912711 0.136349 0.741399
0.919483 0.132049 0.735428
0.921377 0.139435 0.728958
0.92005 0.14914 0.726945
0.917287 0.146673 0.717657
0.921032 0.13762 0.71565
0.920878 0.128351 0.7119
0.920565 0.12669 0.702044
0.922054 0.123207 0.692789
0.922133 0.113347 0.694458
0.91796 0.104617 0.691935
0.908958 0.10346 0.696134
0.907998 0.0947471 0.700947
0.899423 0.0904996 0.698044
0.899951 0.081931 0.703173
0.899865 0.0882473 0.69542
0.908479 0.0832433 0.694549
0.904584 0.0843526 0.703692
0.908401 0.0912282 0.709869
0.913437 0.0938352 0.718106
0.91283 0.103816 0.718242
0.919345 0.0980294 0.723149
0.910974 0.102396 0.719854
0.908337 0.110177 0.725555
0.914444 0.11261 0.733091
0.915994 0.104033 0.737993
0.914764 0.0951254 0.742368
0.923849 0.0926661 0.738992
0.931632 0.0914452 0.732833
0.924491 0.0925246 0.725917
0.918116 0.0980543 0.731282
0.911707 0.0931427 0.725382
0.906361 0.0998595 0.720254
0.902371 0.106313 0.71374
0.910428 0.106015 0.719655
0.917731 0.108942 0.713483
0.917093 0.118303 0.716942
0.915979 0.123712 0.725278
0.914244 0.114784 0.729434
0.920164 0.112692 0.737217
0.91689 0.104035 0.741004
0.910665 0.104246 0.748828
0.908406 0.108088 0.739876
0.910607 0.0995751 0.74464
0.903702 0.106698 0.74338
0.898802 0.102698 0.735634
0.893668 0.109677 0.730642
0.887387 0.117395 0.729651
0.889702 0.108345 0.733218
0.881608 0.112113 0.728714
0.891228 0.109691 0.727452
0.890457 0.117117 0.734105
0.89284 0.126432 0.736853
0.887614 0.129985 0.744603
0.878684 0.134464 0.744176
0.876028 0.142676 0.749226
0.885065 0.141666 0.745065
0.886336 0.136159 0.736815
0.894463 0.131408 0.733443
0.893626 0.137946 0.725922
0.895356 0.138974 0.735718
0.903495 0.135018 0.739972
0.903455 0.125048 0.739203
0.904009 0.121101 0.748374
0.910724 0.113735 0.749175
0.915405 0.122553 0.748602
0.917244 0.117777 0.74001
0.912513 0.119793 0.731434
0.913444 0.128129 0.736879
0.907842 0.136408 0.736607
0.906804 0.136351 0.726661
0.904599 0.146102 0.726415
0.903764 0.140207 0.71838
0.900141 0.148621 0.71437
0.892978 0.153719 0.709604
0.89054 0.161804 0.704249
0.888661 0.152625 0.700755
0.882567 0.14782 0.694448
0.879529 0.142537 0.68652
0.883468 0.136118 0.679941
0.886868 0.1271 0.677271
0.879853 0.120555 0.674451
0.88547 0.113784 0.679204
0.890475 0.105238 0.67782
0.88582 0.112046 0.672166
0.882287 0.104111 0.677121
0.872312 0.104424 0.677758
0.863571 0.0996174 0.678461
0.865529 0.0936449 0.686238
0.870121 0.0985534 0.678834
0.867605 0.0994157 0.669194
0.865142 0.106185 0.662258
0.85974 0.110747 0.655187
0.869224 0.113057 0.657359
0.878826 0.114376 0.654895
0.88784 0.113906 0.659198
0.885837 0.116131 0.66874
0.885578 0.123578 0.675409
0.894705 0.127292 0.673706
0.887767 0.131057 0.679845
0.87943 0.131013 0.685366
0.87793 0.121275 0.68366
0.880581 0.130745 0.681847
0.888989 0.135012 0.685179
0.884876 0.141607 0.691472
0.884609 0.151246 0.688825
0.880626 0.154204 0.680142
0.887843 0.15203 0.673569
0.896925 0.148341 0.671593
0.890534 0.151472 0.678618
0.891198 0.161382 0.677461
0.89921 0.160127 0.683312
0.900762 0.167493 0.689894
0.89693 0.163813 0.698366
0.899396 0.166555 0.707661
0.901742 0.162505 0.698825
0.898097 0.164531 0.689736
0.901113 0.155375 0.687077
0.896106 0.153078 0.678731
0.888287 0.158621 0.681585
0.893987 0.16558 0.677215
0.88996 0.161186 0.685245
0.892958 0.161187 0.694785
0.885496 0.156269 0.690299
0.890631 0.164143 0.686888
0.894961 0.156183 0.68266
0.903152 0.157452 0.688254
0.895644 0.163987 0.687292
0.902181 0.1627 0.679836
0.906754 0.166632 0.671859
0.906786 0.172275 0.680115
0.902784 0.168752 0.671655
0.904327 0.173859 0.680112
0.896441 0.167718 0.679807
0.895584 0.163747 0.688945
0.886391 0.167018 0.691132
0.885178 0.15734 0.688922
0.888615 0.155427 0.679729
0.894364 0.148579 0.67525
0.888467 0.156655 0.675329
0.896185 0.156294 0.681677
0.890209 0.162955 0.68614
0.898976 0.163963 0.681436
0.900343 0.172007 0.687218
0.90401 0.180091 0.691822
0.913342 0.180552 0.688258
0.905559 0.174479 0.686662
0.899803 0.181231 0.682049
0.897832 0.187586 0.689515
0.903566 0.180587 0.685256
0.903823 0.184286 0.694543
0.896283 0.185391 0.688067
0.89868 0.193682 0.683018
0.90171 0.202719 0.686046
0.898427 0.19857 0.67756
0.899493 0.19111 0.684133
0.896056 0.199467 0.688416
0.891055 0.191213 0.691035
0.899591 0.186016 0.691401
0.905569 0.189629 0.684244
0.913522 0.195504 0.682752
0.922862 0.198832 0.684056
0.913584 0.196274 0.686773
0.903714 0.19718 0.6881
0.897136 0.194311 0.695065
0.891098 0.188859 0.68925
0.887365 0.197521 0.69257
0.8845 0.197466 0.702151
0.8914 0.201316 0.70828
0.88284 0.206367 0.707172
0.880184 0.211717 0.715193
0.870383 0.212072 0.71324
0.865189 0.217833 0.706929
0.859431 0.209944 0.709079
0.866012 0.216446 0.712876
0.86801 0.223585 0.719587
0.862832 0.215448 0.716943
0.858795 0.210827 0.724839
0.849398 0.207933 0.723014
0.843844 0.20584 0.731062
0.849711 0.210562 0.724484
0.846325 0.208571 0.73368
0.841004 0.215577 0.728925
0.842592 0.219512 0.71987
0.849229 0.214022 0.71479
0.842449 0.221365 0.715111
0.840196 0.218075 0.70594
0.847392 0.223868 0.702112
0.840989 0.216269 0.703236
0.833613 0.222817 0.701587
0.830213 0.229678 0.708018
0.828685 0.222193 0.714471
0.821547 0.216326 0.718295
0.821317 0.217171 0.708333
0.818054 0.221044 0.716956
0.808309 0.218801 0.716873
0.810498 0.212592 0.724399
0.8119 0.202715 0.725094
0.810709 0.212635 0.725519
0.810434 0.204228 0.730928
0.801632 0.203703 0.735645
0.792843 0.200441 0.739123
0.792237 0.203873 0.72975
0.797221 0.204727 0.738378
0.801081 0.20106 0.729913
0.808447 0.206692 0.726168
0.808425 0.215387 0.721228
0.810776 0.205686 0.72063
0.816859 0.197749 0.720653
0.812767 0.20255 0.712895
0.807324 0.200227 0.720956
0.810317 0.203626 0.729871
0.819538 0.207459 0.729343
0.809654 0.207239 0.730844
0.815516 0.205089 0.723032
0.821511 0.204277 0.71507
0.823883 0.21089 0.707954
0.829402 0.20978 0.716218
0.824406 0.217646 0.712589
0.817242 0.224583 0.711853
0.812817 0.229177 0.704151
0.811564 0.231608 0.694533
0.810794 0.227348 0.685518
0.814031 0.220575 0.692124
0.806118 0.217949 0.686602
0.812216 0.214541 0.679446
0.811091 0.211856 0.66988
0.80992 0.221513 0.667562
0.818439 0.216801 0.665276
0.8101 0.211329 0.665988
0.817059 0.208309 0.659472
0.820099 0.208791 0.649958
0.813323 0.204035 0.655568
0.808385 0.195437 0.656865
0.818085 0.195875 0.659257
0.821043 0.189331 0.652298
0.821551 0.199309 0.651867
0.831095 0.196961 0.650023
0.835387 0.204802 0.654506
0.840302 0.206544 0.645973
0.840397 0.197726 0.650689
0.840434 0.188875 0.646035
0.834465 0.191148 0.653729
0.834323 0.181598 0.650766
0.843479 0.178647 0.653499
0.83834 0.187225 0.653397
0.837638 0.178312 0.648918
0.846068 0.172941 0.648635
0.850198 0.164312 0.645721
0.848623 0.171468 0.638916
0.839173 0.172443 0.635796
0.841731 0.175344 0.626574
0.837092 0.169826 0.633505
0.839615 0.178029 0.628371
0.839612 0.174613 0.63777
0.83192 0.168357 0.636467
0.841681 0.168364 0.634294
0.833286 0.172857 0.637352
0.840466 0.174716 0.644061
0.836402 0.176687 0.652983
0.828324 0.174598 0.647471
0.834693 0.172312 0.640108
0.833301 0.177835 0.631889
0.837237 0.185685 0.636672
0.836291 0.178682 0.643748
0.836399 0.178677 0.633748
0.831969 0.175036 0.64194
0.830004 0.184508 0.639408
0.830518 0.193513 0.643727
0.838442 0.196183 0.638242
0.831313 0.196224 0.645255
0.835109 0.204426 0.649534
0.827369 0.206816 0.655396
0.832051 0.20846 0.664078
0.829267 0.198856 0.664131
0.836629 0.204695 0.667551
0.832815 0.198397 0.674318
0.841454 0.201617 0.670446
0.831576 0.200083 0.670724
0.827038 0.191188 0.671255
0.82152 0.187631 0.678798
0.822913 0.197246 0.681167
0.829466 0.192216 0.686802
0.819779 0.189767 0.6864
0.812268 0.183738 0.683708
0.802658 0.184877 0.686227
0.810506 0.178947 0.684427
0.819617 0.181996 0.681653
0.811753 0.176736 0.678414
0.814652 0.180173 0.687346
0.822872 0.185629 0.688975
0.826835 0.179077 0.682544
0.830077 0.170205 0.685829
0.826228 0.164309 0.678728
0.823975 0.155418 0.674743
0.832972 0.152814 0.671241
0.835457 0.143384 0.673457
0.828222 0.137608 0.669675
0.821645 0.134735 0.662712
0.829872 0.130437 0.666431
0.829616 0.139122 0.66148
0.82133 0.136404 0.666374
0.812989 0.140922 0.669539
0.809333 0.134981 0.662374
0.809548 0.128971 0.670364
0.803841 0.134984 0.664771
0.801559 0.136921 0.655229
0.795226 0.129472 0.653131
0.804826 0.131649 0.651373
0.808139 0.135505 0.642762
0.799944 0.139037 0.647275
0.80915 0.142942 0.647169
0.800893 0.139187 0.642959
0.794571 0.142161 0.650113
0.804019 0.140417 0.647341
0.811028 0.133655 0.645072
0.819987 0.133871 0.640635
0.821464 0.135887 0.630952
0.814816 0.130881 0.625406
0.808892 0.137524 0.620847
0.817146 0.138914 0.626318
0.813509 0.142191 0.635038
0.814913 0.133356 0.630568
0.810216 0.13763 0.622843
0.812257 0.141358 0.613791
0.807544 0.136668 0.606321
0.806036 0.127722 0.602113
0.813273 0.133574 0.598455
0.814243 0.139271 0.590294
0.807156 0.133113 0.58685
0.799364 0.134657 0.592924
0.807003 0.140437 0.590055
0.807053 0.132319 0.595894
0.800748 0.136043 0.602705
0.802282 0.126452 0.605084
0.80558 0.123302 0.613983
0.804356 0.121788 0.623792
0.80289 0.128754 0.616769
0.809212 0.12816 0.624494
0.813553 0.119202 0.625448
0.81573 0.113033 0.617885
0.810683 0.121183 0.62073
0.808838 0.122514 0.610992
0.813839 0.118051 0.618413
0.807991 0.110005 0.619444
0.808416 0.119958 0.620307
0.815544 0.126746 0.622071
0.825059 0.124106 0.620492
0.826053 0.114809 0.624039
0.822855 0.123571 0.620434
0.822497 0.122345 0.630352
0.828763 0.116528 0.625165
0.825004 0.109475 0.631175
0.819581 0.102225 0.626928
0.821867 0.110465 0.632112
0.820479 0.113372 0.622645
0.825162 0.119971 0.62852
0.829192 0.126813 0.622442
0.831187 0.123168 0.613347
0.833693 0.126893 0.622282
0.839421 0.131929 0.615814
0.832766 0.138843 0.613002
0.834996 0.146299 0.61928
0.844007 0.1448 0.615212
0.851634 0.151204 0.614297
0.846434 0.142664 0.614093
0.84912 0.133487 0.611166
0.845285 0.135495 0.620181
0.838915 0.143103 0.621421
0.834603 0.140849 0.630157
0.824851 0.142686 0.63139
0.821756 0.151022 0.626814
0.822458 0.157927 0.619615
0.826439 0.158724 0.628754
0.816972 0.156827 0.626152
0.819407 0.160802 0.634999
0.82636 0.166783 0.631013
0.821766 0.159813 0.636518
0.824904 0.168879 0.639339
0.816925 0.17323 0.643511
0.818548 0.163598 0.645655
0.810922 0.157188 0.646515
0.817779 0.162474 0.64151
0.813167 0.160071 0.650052
0.822082 0.164347 0.648555
0.828809 0.156985 0.647815
0.822706 0.160304 0.640622
0.815549 0.15909 0.633744
0.811774 0.15963 0.6245
0.817868 0.164206 0.630975
0.82121 0.173515 0.632449
0.819319 0.166281 0.63909
0.814356 0.172976 0.644616
0.806186 0.167219 0.644265
0.802087 0.173687 0.637833
0.792826 0.174133 0.634086
0.802819 0.17419 0.634469
0.809198 0.166783 0.636579
0.812705 0.174282 0.630969
0.813301 0.174452 0.64095
0.810177 0.166821 0.646608
0.805983 0.165591 0.655602
0.807666 0.157995 0.661884
0.807663 0.167653 0.664477
0.810453 0.17635 0.660404
0.811173 0.180006 0.669684
0.814385 0.175159 0.661548
0.810063 0.166197 0.662557
0.808153 0.156646 0.660294
0.803042 0.16476 0.66313
0.811243 0.166772 0.668486
0.816057 0.172705 0.674937
0.813331 0.179559 0.681689
0.810517 0.189038 0.683188
0.809225 0.195716 0.675858
0.807572 0.205249 0.673329
0.799797 0.206978 0.679376
0.803035 0.215627 0.683212
0.793548 0.215144 0.680085
0.796595 0.223843 0.676207
0.796636 0.222783 0.666264
0.804853 0.217289 0.664743
0.80591 0.226933 0.662319
0.811164 0.226637 0.670822
0.801325 0.22828 0.671521
0.810929 0.228222 0.668738
0.807585 0.224166 0.660232
0.817348 0.224841 0.658175
0.808286 0.221666 0.660966
0.812741 0.216521 0.653639
0.804717 0.210763 0.655208
0.804262 0.219154 0.649787
0.813768 0.221336 0.651994
0.817112 0.220541 0.642603
0.809425 0.214281 0.641293
0.80186 0.209612 0.645872
0.80184 0.212946 0.636444
0.811299 0.210627 0.634177
0.811453 0.214704 0.625047
0.804409 0.22112 0.622011
0.812489 0.226323 0.624775
0.804888 0.228061 0.618513
0.801576 0.234453 0.625454
0.795179 0.228701 0.630553
0.800324 0.221705 0.63551
0.801859 0.22827 0.628125
0.808797 0.23481 0.63114
0.811467 0.226885 0.636622
0.806704 0.231529 0.629156
0.808722 0.23696 0.637307
0.814411 0.243336 0.642501
0.817412 0.236272 0.648911
0.824934 0.242732 0.647616
0.833241 0.243179 0.642066
0.838478 0.235079 0.639428
0.841131 0.235899 0.649034
0.850693 0.235325 0.646163
0.848445 0.233633 0.636567
0.847452 0.236272 0.646161
0.839769 0.229894 0.646696
0.848541 0.234275 0.648663
0.854639 0.235134 0.656542
0.847779 0.236039 0.649322
0.846137 0.226828 0.64579
0.845789 0.217032 0.643814
0.838424 0.223585 0.645489
0.83845 0.21755 0.653463
0.832648 0.222548 0.659895
0.827482 0.2141 0.658507
0.818782 0.209607 0.656477
0.814588 0.214599 0.648895
0.82048 0.222679 0.64887
0.818223 0.229412 0.641829
0.822661 0.238248 0.640337
0.818901 0.246793 0.643923
0.819576 0.237664 0.647948
0.819738 0.228346 0.644321
0.817359 0.231169 0.653615
0.822454 0.227329 0.661315
0.829017 0.232522 0.666789
0.828929 0.224085 0.672155
0.82987 0.222297 0.662362
0.836105 0.219455 0.655078
0.830238 0.221347 0.647204
0.833217 0.230263 0.650614
0.834824 0.224272 0.64277
0.840055 0.230487 0.648602
0.844826 0.23887 0.645964
0.852023 0.23205 0.644662
0.845325 0.228881 0.651378
0.838295 0.232315 0.657605
0.836342 0.222542 0.656778
0.842237 0.225481 0.649254
0.842406 0.235237 0.647063
0.849706 0.237579 0.653484
0.858333 0.242351 0.65516
0.848338 0.242356 0.654838
0.839043 0.240849 0.651473
0.838892 0.248667 0.645239
0.839696 0.249558 0.655167
0.838688 0.243446 0.663017
0.844478 0.2485 0.669415
0.847292 0.249358 0.659857
0.852397 0.247831 0.651395
0.8461 0.252111 0.644911
0.846961 0.258668 0.63741
0.845855 0.248741 0.637893
0.845796 0.251143 0.647601
0.839692 0.253227 0.655242
0.833933 0.247338 0.649571
0.838218 0.250008 0.658203
0.830372 0.252882 0.663697
0.831141 0.249137 0.654457
0.830065 0.24163 0.647938
0.829625 0.232938 0.652862
0.825412 0.236688 0.661119
0.830753 0.238563 0.669363
0.822696 0.232697 0.668533
0.832648 0.231711 0.668567
0.833849 0.240116 0.67385
0.828087 0.232825 0.670157
0.833037 0.241373 0.668594
0.833599 0.242491 0.678515
0.825627 0.242711 0.684548
0.828167 0.240129 0.693869
0.83228 0.247178 0.699648
0.840752 0.246271 0.694415
0.850514 0.245455 0.692405
0.84168 0.249234 0.695176
0.83588 0.244618 0.701888
0.84174 0.236612 0.703142
0.832965 0.231987 0.70441
0.823526 0.233792 0.707177
0.829193 0.241998 0.706432
0.822978 0.234165 0.706532
0.823744 0.237766 0.71583
0.81935 0.246748 0.715712
0.819213 0.238349 0.710286
0.815619 0.244122 0.717617
0.82336 0.240473 0.712445
0.830097 0.244231 0.706081
0.825846 0.251061 0.700141
0.83385 0.255546 0.696163
0.836608 0.247013 0.700587
0.839855 0.24194 0.70857
0.832505 0.244337 0.702228
0.831112 0.235393 0.706479
0.82691 0.229593 0.699501
0.830201 0.22573 0.708117
0.830133 0.219089 0.700641
0.832076 0.211451 0.694485
0.838968 0.212241 0.701688
0.831758 0.209871 0.7082
0.827994 0.204219 0.715541
0.821442 0.211281 0.712855
0.829467 0.209024 0.707331
0.824591 0.217374 0.704781
0.820613 0.20933 0.700368
0.828616 0.20373 0.698223
0.825045 0.207282 0.706862
0.830114 0.201217 0.712988
0.82176 0.205977 0.710241
0.8197 0.207125 0.719959
0.81587 0.214655 0.714607
0.815879 0.204682 0.71387
0.809612 0.211217 0.718114
0.806977 0.205494 0.72588
0.797794 0.209451 0.725883
0.799937 0.20011 0.723029
0.802857 0.203443 0.714064
0.808299 0.200641 0.721972
0.799079 0.198335 0.725086
0.8081 0.199599 0.729212
0.809398 0.206728 0.722321
0.807151 0.216072 0.719556
0.807418 0.224068 0.713557
0.799127 0.221999 0.71875
0.793724 0.230268 0.717191
0.80275 0.234202 0.718939
0.796402 0.232091 0.726372
0.798249 0.240246 0.720887
0.79001 0.242418 0.726122
0.792733 0.248125 0.718375
0.786434 0.249124 0.726077
0.7783 0.254677 0.724342
0.784935 0.252054 0.731349
0.792777 0.247691 0.73576
0.791987 0.237801 0.737006
0.791341 0.228047 0.739115
0.800228 0.231753 0.736414
0.798521 0.239114 0.742964
0.804455 0.233353 0.748586
0.796028 0.228707 0.751307
0.794436 0.236125 0.744792
0.792851 0.227406 0.749426
0.791174 0.217709 0.747654
0.78151 0.220188 0.746976
0.785012 0.212711 0.741334
0.780246 0.220953 0.738278
0.77545 0.227344 0.744292
0.782642 0.233539 0.741147
0.784992 0.230619 0.750418
0.778343 0.223905 0.747145
0.772293 0.216103 0.745554
0.774245 0.217512 0.735848
0.773807 0.212366 0.744411
0.778035 0.203403 0.745753
0.775659 0.203641 0.755463
0.773364 0.194489 0.758775
0.77147 0.201345 0.751746
0.780194 0.202514 0.746999
0.78625 0.199129 0.739798
0.78806 0.207479 0.744993
0.789751 0.197624 0.745029
0.785151 0.206414 0.746278
0.792861 0.208666 0.752235
0.793599 0.212971 0.743239
0.794115 0.222328 0.746728
0.785939 0.225657 0.751426
0.780171 0.233826 0.751444
0.779637 0.2393 0.743092
0.783431 0.241726 0.75202
0.784724 0.232404 0.755402
0.776574 0.238199 0.755447
0.769213 0.232803 0.759534
0.761041 0.230345 0.754321
0.760025 0.22051 0.75283
0.757166 0.218274 0.743512
0.753678 0.209567 0.740043
0.757042 0.209795 0.749457
0.748819 0.215236 0.751119
0.741386 0.221693 0.749369
0.750969 0.21973 0.747294
0.75141 0.228407 0.742341
0.761296 0.229158 0.743646
0.755971 0.235388 0.737916
0.7633 0.241768 0.74028
0.760412 0.242878 0.73077
0.760496 0.251497 0.725701
0.752421 0.251822 0.71981
0.760733 0.246693 0.721958
0.750954 0.245981 0.723927
0.753512 0.236315 0.72405
0.743823 0.237027 0.721684
0.745781 0.227366 0.723361
0.739103 0.224422 0.730198
0.747381 0.220481 0.726203
0.745996 0.218964 0.716417
0.754655 0.222054 0.72035
0.756788 0.229137 0.71362
0.751382 0.23754 0.713202
0.758174 0.244877 0.713006
0.758668 0.238065 0.705702
0.754229 0.240617 0.697112
0.745862 0.241618 0.702497
0.743168 0.234412 0.696108
0.745559 0.235195 0.686429
0.744592 0.240233 0.695013
0.748889 0.248481 0.698688
0.742334 0.250778 0.691494
0.74316 0.26067 0.692707
0.743697 0.26052 0.702691
0.752968 0.263262 0.705248
0.743957 0.267597 0.705373
0.750736 0.262455 0.70012
0.75302 0.25336 0.703594
0.750517 0.256022 0.712903
0.757173 0.262095 0.708566
0.748682 0.258571 0.712501
0.753387 0.256448 0.703937
0.743908 0.259585 0.70338
0.74044 0.263767 0.694985
0.744779 0.262131 0.686125
0.739276 0.268627 0.680878
0.737847 0.270927 0.690504
0.740567 0.264538 0.6977
0.742084 0.257963 0.690319
0.737643 0.249411 0.687646
0.737155 0.258376 0.683242
0.739815 0.263022 0.674796
0.747016 0.259994 0.681039
0.744097 0.252695 0.674859
0.737057 0.254009 0.667879
0.731779 0.249387 0.660753
0.725389 0.24349 0.655814
0.729066 0.238445 0.663627
0.732347 0.247717 0.661819
0.725849 0.241302 0.657741
0.72866 0.231841 0.659355
0.724292 0.232742 0.650404
0.721985 0.23298 0.660131
0.730261 0.233776 0.665687
0.736706 0.235742 0.673077
0.727409 0.238665 0.675319
0.722784 0.238124 0.684168
0.722508 0.231414 0.691578
0.72043 0.239542 0.686136
0.719995 0.231086 0.680816
0.727371 0.234404 0.686697
0.727024 0.24438 0.686091
0.72646 0.24477 0.676115
0.723359 0.248307 0.66729
0.729673 0.241151 0.664303
0.720009 0.238961 0.662955
0.729055 0.242566 0.660679
0.736488 0.246327 0.666211
0.731325 0.24757 0.674685
0.723311 0.247049 0.680642
0.725079 0.238459 0.685448
0.723783 0.233708 0.694151
0.72672 0.241637 0.688812
0.724739 0.241098 0.679025
0.718672 0.241664 0.686954
0.709277 0.241183 0.683562
0.717285 0.242314 0.67768
0.711939 0.237864 0.670495
0.70704 0.245907 0.673857
0.708434 0.254911 0.677978
0.707656 0.245691 0.681769
0.712074 0.249659 0.673723
0.712894 0.239844 0.671993
0.714615 0.249616 0.673235
0.714165 0.253167 0.682572
0.717614 0.248776 0.674276
0.718565 0.239994 0.669589
0.721378 0.237635 0.660288
0.716044 0.23206 0.653925
0.708664 0.23426 0.660304
0.714758 0.237935 0.667329
0.711969 0.244572 0.67427
0.704117 0.247984 0.679437
0.708309 0.242088 0.672533
0.707116 0.248721 0.665145
0.71129 0.256408 0.669992
0.709641 0.251461 0.678525
0.702278 0.25419 0.684716
0.712023 0.252309 0.683498
0.703397 0.249062 0.679618
0.70728 0.258049 0.681659
0.713705 0.265469 0.679748
0.708321 0.266724 0.671415
0.698336 0.267102 0.671024
0.704092 0.260151 0.675331
0.707423 0.259287 0.665942
0.697558 0.258013 0.666969
0.692603 0.266386 0.664658
0.69325 0.275077 0.669562
0.702155 0.271078 0.671732
0.701073 0.264133 0.664618
0.704343 0.272343 0.6693
0.701003 0.275225 0.678274
0.696921 0.266197 0.676921
0.697389 0.275913 0.679241
0.705852 0.281238 0.679139
0.6962 0.282405 0.6768
0.696459 0.272415 0.677175
0.703747 0.268504 0.671555
0.704279 0.267768 0.681513
0.713823 0.266732 0.678711
0.710777 0.257517 0.676299
0.704325 0.262985 0.670963
0.700751 0.269819 0.677329
0.708809 0.264354 0.67961
0.718282 0.266129 0.676944
0.719233 0.270794 0.66815
0.716728 0.271733 0.658515
0.72177 0.279335 0.654417
0.719475 0.274083 0.662612
0.712539 0.281042 0.664474
0.717874 0.273814 0.668866
0.711997 0.281054 0.665254
0.712317 0.27721 0.656027
0.718063 0.276532 0.647871
0.710732 0.274914 0.654477
0.702282 0.27455 0.659813
0.694488 0.268898 0.65711
0.697904 0.271217 0.648002
0.706832 0.271868 0.643545
0.699547 0.271624 0.650391
0.700675 0.266776 0.659064
0.703066 0.257903 0.655121
0.694246 0.258607 0.659779
0.689066 0.259204 0.668312
0.682557 0.253616 0.673452
0.688937 0.261225 0.674637
0.680776 0.26005 0.668977
0.676446 0.268841 0.670966
0.667258 0.265169 0.672416
0.672307 0.258609 0.678026
0.668552 0.264351 0.670752
0.663792 0.263429 0.662005
0.658005 0.255332 0.66103
0.658353 0.263698 0.666498
0.663186 0.271257 0.662081
0.665485 0.266355 0.670489
0.66971 0.267819 0.679434
0.671158 0.277573 0.681099
0.663504 0.277543 0.674664
0.662926 0.268816 0.669815
0.655776 0.27091 0.663146
0.651628 0.262068 0.665291
0.650516 0.254541 0.658801
0.656598 0.259157 0.652344
0.658372 0.255525 0.66149
0.657614 0.247031 0.656269
0.657628 0.246528 0.646281
0.666619 0.246886 0.650644
0.666317 0.24035 0.643081
0.660508 0.248489 0.642959
0.660649 0.255973 0.636328
0.661937 0.264308 0.630955
0.671428 0.261425 0.632229
0.67349 0.252449 0.628332
0.67051 0.248121 0.619824
0.679421 0.250964 0.616289
0.68318 0.241985 0.61858
0.678566 0.249535 0.613921
0.669127 0.247385 0.616429
0.673028 0.255331 0.621083
0.675056 0.258271 0.611743
0.66794 0.263288 0.616662
0.677506 0.265007 0.614309
0.684605 0.260215 0.61947
0.689639 0.257265 0.611349
0.68341 0.263502 0.606627
0.686818 0.255454 0.601768
0.69647 0.25291 0.602366
0.70181 0.261365 0.602388
0.710018 0.258894 0.607539
0.708591 0.249692 0.611183
0.704648 0.240882 0.613799
0.699643 0.232514 0.616018
0.691301 0.232381 0.610505
0.691744 0.225961 0.618159
0.699258 0.219369 0.617876
0.700222 0.225967 0.610424
0.708948 0.224862 0.605667
0.705112 0.230838 0.612708
0.696735 0.23205 0.618033
0.688977 0.226101 0.620136
0.686015 0.231575 0.612309
0.689526 0.240079 0.60839
0.684611 0.234715 0.601529
0.685618 0.243186 0.606748
0.695125 0.240153 0.60739
0.687938 0.236411 0.61325
0.684034 0.227644 0.610439
0.691868 0.22923 0.60443
0.683118 0.233858 0.603011
0.680079 0.229565 0.594506
0.670135 0.228912 0.593674
0.676293 0.221064 0.594371
0.677713 0.224966 0.603468
0.676253 0.217557 0.596913
0.67857 0.226209 0.60136
0.685999 0.231125 0.596816
0.680522 0.228685 0.604819
0.688625 0.230703 0.599319
0.679199 0.232611 0.596579
0.672812 0.23684 0.590151
0.680689 0.240008 0.595434
0.67579 0.231482 0.593615
0.672766 0.240826 0.591734
0.680333 0.244419 0.586274
0.68282 0.236016 0.581457
0.681292 0.239661 0.572271
0.688733 0.246208 0.573606
0.693074 0.249274 0.565136
0.691838 0.239438 0.563825
0.68384 0.236602 0.569117
0.679119 0.24513 0.571348
0.68047 0.248053 0.561881
0.687737 0.24128 0.563031
0.69629 0.241142 0.568211
0.698233 0.233314 0.5623
0.704475 0.232267 0.570042
0.705516 0.235951 0.560804
0.707914 0.226975 0.564503
0.707164 0.222048 0.573173
0.710437 0.226304 0.564736
0.703228 0.219655 0.56669
0.706419 0.212617 0.560343
0.709287 0.221993 0.558377
0.716724 0.216754 0.562529
0.721767 0.224837 0.565565
0.72444 0.224761 0.555929
0.732563 0.221793 0.56095
0.731921 0.222362 0.550987
0.731276 0.229692 0.544216
0.722188 0.233322 0.542156
0.731949 0.234462 0.540308
0.738502 0.227614 0.53712
0.733716 0.232349 0.544514
0.737326 0.236174 0.536009
0.744565 0.241218 0.540715
0.751027 0.247104 0.545574
0.745658 0.252419 0.552125
0.736737 0.25681 0.553193
0.74507 0.252307 0.549986
0.746105 0.256826 0.541126
0.741836 0.265137 0.544688
0.747369 0.270286 0.551236
0.743238 0.275521 0.558688
0.735997 0.268982 0.560882
0.726469 0.266102 0.561843
0.734542 0.263759 0.567261
0.73464 0.258786 0.575936
0.731713 0.253712 0.584041
0.723322 0.251544 0.58903
0.726779 0.252089 0.579662
0.732869 0.253695 0.587429
0.742322 0.251078 0.585481
0.738587 0.24271 0.581478
0.739635 0.238024 0.572706
0.746497 0.241301 0.566212
0.749754 0.242367 0.556817
0.759176 0.242612 0.553478
0.76707 0.247946 0.550439
0.757473 0.24748 0.553209
0.758468 0.257203 0.555323
0.767919 0.259409 0.557732
0.776205 0.260226 0.563271
0.784395 0.259186 0.557629
0.778378 0.25869 0.549658
0.782279 0.255275 0.541107
0.776175 0.247458 0.542378
0.767252 0.243854 0.545099
0.761147 0.250874 0.54143
0.768465 0.251406 0.534636
0.775742 0.245352 0.531411
0.776483 0.244833 0.521453
0.767175 0.24152 0.522995
0.77169 0.234085 0.527929
0.767853 0.228435 0.535233
0.762295 0.220249 0.533781
0.756034 0.214432 0.528589
0.761518 0.220599 0.52294
0.767747 0.225355 0.529151
0.759112 0.224459 0.534114
0.749547 0.222289 0.532163
0.750983 0.224052 0.522425
0.756927 0.217871 0.51728
0.76206 0.210673 0.512607
0.752766 0.209534 0.509098
0.762223 0.212709 0.509781
0.757606 0.210954 0.501086
0.764917 0.209972 0.507838
0.770184 0.212874 0.515827
0.778489 0.211995 0.521328
0.785596 0.205887 0.52482
0.792921 0.204928 0.53156
0.784992 0.20575 0.537598
0.785831 0.215708 0.537958
0.787813 0.225491 0.537348
0.792988 0.21718 0.535314
0.789767 0.226632 0.535831
0.793744 0.224205 0.544679
0.797417 0.221775 0.535701
0.795359 0.212271 0.538032
0.802155 0.218099 0.533578
0.808526 0.22412 0.528765
0.799992 0.226159 0.523969
0.794564 0.226268 0.532367
0.787021 0.225763 0.525821
0.784284 0.235271 0.527268
0.791393 0.242287 0.527762
0.79323 0.236995 0.536046
0.802757 0.234627 0.537952
0.800874 0.241406 0.545058
0.802771 0.244112 0.554496
0.808673 0.251409 0.551043
0.804773 0.260469 0.549393
0.813218 0.25684 0.545455
0.813144 0.263885 0.538358
0.810731 0.2542 0.537739
0.809409 0.249648 0.546544
0.804238 0.246267 0.554407
0.804672 0.244799 0.544525
0.812106 0.24768 0.550562
0.807696 0.251864 0.558503
0.809479 0.245924 0.566348
0.815888 0.239177 0.570009
0.822515 0.232492 0.566635
0.820537 0.227833 0.575259
0.815919 0.226524 0.566486
0.825086 0.222622 0.567348
0.834578 0.220607 0.569766
0.837205 0.228763 0.564611
0.840009 0.220922 0.559075
0.831699 0.224084 0.563653
0.831353 0.214366 0.56132
0.823422 0.220321 0.560044
0.817807 0.214403 0.554261
0.814332 0.221879 0.55992
0.818272 0.212696 0.559534
0.82304 0.213716 0.568265
0.816345 0.219913 0.564169
0.819032 0.225072 0.556035
0.824795 0.227645 0.563791
0.828394 0.221464 0.57078
0.835719 0.22516 0.576497
0.837239 0.215354 0.57773
0.845049 0.210676 0.581868
0.839235 0.218774 0.582658
0.83895 0.208803 0.583369
0.836402 0.202828 0.575766
0.831947 0.204303 0.584596
0.824137 0.205625 0.590701
0.815162 0.207904 0.594475
0.819229 0.21601 0.590263
0.81789 0.215808 0.580355
0.818004 0.216754 0.570401
0.826277 0.212317 0.573846
0.818972 0.205813 0.57593
0.825539 0.207202 0.568518
0.815818 0.208349 0.570565
0.818208 0.216135 0.576368
0.817099 0.221989 0.584399
0.813259 0.225651 0.592875
0.807905 0.224329 0.584533
0.801999 0.218307 0.579161
0.806459 0.221416 0.570767
0.805306 0.231339 0.571232
0.79734 0.227121 0.566903
0.797919 0.222889 0.575945
0.798222 0.213129 0.573789
0.805741 0.208901 0.568731
0.807251 0.199961 0.57295
0.814522 0.193199 0.571768
0.819369 0.196007 0.563484
0.812867 0.189186 0.56683
0.812479 0.193871 0.558003
0.814009 0.192829 0.56783
0.813331 0.202416 0.570594
0.804675 0.202076 0.565598
0.795618 0.198459 0.563387
0.801639 0.203088 0.569892
0.805176 0.2114 0.565602
0.79907 0.203559 0.564492
0.805874 0.199993 0.570895
0.797833 0.204651 0.57459
0.793489 0.211246 0.568455
0.791733 0.205304 0.576305
0.793756 0.211836 0.569008
0.785053 0.213345 0.56432
0.783389 0.214314 0.554507
0.775962 0.210842 0.560232
0.781118 0.218988 0.562888
0.7765 0.22651 0.558188
0.775049 0.216909 0.555797
0.772574 0.216625 0.546113
0.768976 0.20753 0.544026
0.771445 0.199058 0.548731
0.766541 0.204276 0.54175
0.776412 0.203136 0.542877
0.780818 0.194548 0.545489
0.783439 0.184995 0.54686
0.779432 0.175941 0.545459
0.769483 0.176588 0.546228
0.77688 0.183208 0.545025
0.76729 0.185998 0.545508
0.759314 0.190908 0.549011
0.757916 0.185468 0.540738
0.764088 0.181522 0.547545
0.765352 0.19144 0.547769
0.769703 0.189514 0.538973
0.763564 0.18252 0.535313
0.757561 0.187507 0.541565
0.750455 0.187784 0.548595
0.744052 0.180857 0.551915
0.746763 0.177086 0.543059
0.752463 0.18513 0.544734
0.743217 0.183669 0.548253
0.740433 0.190741 0.541753
0.74691 0.190362 0.549363
0.753732 0.183875 0.552734
0.752045 0.175924 0.558559
0.75571 0.184371 0.554659
0.762431 0.179145 0.559904
0.763493 0.1702 0.555561
0.762116 0.160559 0.553291
0.75826 0.164658 0.561557
0.750015 0.159102 0.562627
0.747834 0.15274 0.570027
0.751806 0.153688 0.579155
0.756341 0.146291 0.574184
0.766011 0.147276 0.571834
0.765647 0.157211 0.570755
0.763209 0.148907 0.575765
0.759964 0.155706 0.569189
0.756832 0.161622 0.576617
0.761879 0.153578 0.573485
0.765411 0.145681 0.578501
0.757048 0.147063 0.583807
0.76072 0.142597 0.575648
0.754847 0.135234 0.572288
0.749074 0.127086 0.571759
0.750096 0.119275 0.577919
0.755496 0.119985 0.586305
0.753253 0.126436 0.59361
0.753785 0.12933 0.584053
0.755372 0.136682 0.577463
0.763192 0.133706 0.582939
0.755185 0.127867 0.581599
0.752718 0.132302 0.590216
0.759247 0.124741 0.590656
0.759104 0.115302 0.593957
0.767395 0.118858 0.598273
0.762459 0.126149 0.593531
0.761749 0.117705 0.598841
0.762336 0.125031 0.605623
0.759291 0.131359 0.612743
0.756862 0.128172 0.60358
0.753775 0.122943 0.595636
0.753809 0.115237 0.589262
0.760716 0.118566 0.595682
0.761416 0.122197 0.604973
0.768047 0.129681 0.605155
0.770176 0.12165 0.59959
0.769945 0.11272 0.595096
0.761885 0.11723 0.59893
0.763909 0.107705 0.596654
0.755449 0.111457 0.592866
0.753191 0.117593 0.5853
0.749439 0.126146 0.581727
0.756076 0.120639 0.586788
0.751501 0.115674 0.594165
0.742597 0.111224 0.595115
0.747264 0.114326 0.603397
0.755296 0.113871 0.597458
0.758393 0.110621 0.606393
0.768124 0.112604 0.60522
0.776624 0.115877 0.60109
0.77508 0.106346 0.598484
0.784379 0.108505 0.601464
0.775443 0.104452 0.599533
0.784847 0.106773 0.602018
0.780758 0.11087 0.593864
0.783721 0.112594 0.58447
0.789771 0.113476 0.576556
0.792207 0.103778 0.576643
0.788148 0.0946626 0.575986
0.792875 0.0999266 0.583053
0.78885 0.104613 0.590917
0.782556 0.112363 0.590348
0.791618 0.109394 0.593359
0.800358 0.104833 0.591682
0.795742 0.112585 0.58737
0.805597 0.112942 0.589028
0.805535 0.115894 0.579474
0.798888 0.116023 0.572004
0.791765 0.111251 0.577151
0.786148 0.110646 0.5689
0.782895 0.101192 0.569093
0.783926 0.0919843 0.572856
0.793531 0.08956 0.574221
0.79233 0.0943814 0.565543
0.787222 0.100123 0.571942
0.794464 0.0950381 0.567283
0.784862 0.0967459 0.569493
0.793934 0.0946455 0.573136
0.797619 0.100824 0.580083
0.800681 0.105331 0.571698
0.804465 0.102915 0.580633
0.795192 0.103096 0.584373
0.79881 0.102207 0.575092
0.797872 0.0958798 0.567405
0.789298 0.0979194 0.572131
0.785237 0.102357 0.58012
0.776616 0.106685 0.582755
0.78572 0.105153 0.586599
0.775846 0.103826 0.587465
0.771407 0.096223 0.592206
0.771236 0.0863259 0.590786
0.778857 0.0799212 0.591733
0.769885 0.0758362 0.590053
0.76485 0.0778525 0.598454
0.757842 0.0760888 0.591542
0.763468 0.0830964 0.587155
0.760691 0.0735928 0.588558
0.756518 0.0787606 0.581083
0.754729 0.0868294 0.586713
0.750895 0.0805047 0.593444
0.755589 0.0884719 0.59725
0.747953 0.0823862 0.595093
0.746953 0.0835579 0.604973
0.754503 0.089774 0.607062
0.758353 0.0834237 0.613758
0.765705 0.0767057 0.614664
0.758971 0.0704904 0.618667
0.754579 0.0794427 0.61942
0.762059 0.0779013 0.612964
0.769743 0.0842073 0.611873
0.766633 0.0855107 0.621287
0.776347 0.0864822 0.619121
0.781408 0.0818772 0.626414
0.790037 0.0830687 0.621502
0.795129 0.0879796 0.614435
0.793477 0.0822123 0.606434
0.791197 0.0829774 0.596727
0.795332 0.0916323 0.5939
0.791535 0.089945 0.602996
0.79879 0.0879874 0.609594
0.798272 0.0959413 0.615632
0.789136 0.0959677 0.611565
0.786997 0.104378 0.606596
0.795129 0.0986579 0.605516
0.797694 0.102669 0.596722
0.792904 0.0946109 0.600204
0.783462 0.0938501 0.596998
0.779869 0.0997958 0.589805
0.788399 0.0983088 0.594808
0.785637 0.0889475 0.596984
0.780842 0.0822327 0.591334
0.786816 0.0867407 0.597966
0.781129 0.0939488 0.60193
0.790689 0.095675 0.604304
0.783257 0.102248 0.603058
0.789754 0.100808 0.610522
0.782461 0.102868 0.603997
0.776822 0.0946729 0.602978
0.77933 0.0858384 0.606935
0.785974 0.0856269 0.599464
0.781841 0.0768722 0.601968
0.776886 0.0684469 0.604081
0.766996 0.0697811 0.603438
0.767118 0.0692487 0.613423
0.759872 0.0623585 0.613276
0.750846 0.0650126 0.616664
0.747345 0.0621808 0.625593
0.756026 0.0572501 0.626165
0.759922 0.0628166 0.633502
0.755184 0.0657903 0.625213
0.760505 0.0742089 0.624306
0.764146 0.0825443 0.620151
0.757391 0.0899067 0.619739
0.754342 0.0852265 0.628034
0.764229 0.0867064 0.627787
0.768231 0.0780422 0.624801
0.767958 0.0701963 0.618607
0.761724 0.0698485 0.610796
0.75689 0.0769471 0.605673
0.76087 0.0684757 0.609193
0.762693 0.0622353 0.601595
0.75969 0.0650649 0.610704
0.761582 0.0680897 0.601362
0.764364 0.0585077 0.600696
0.769402 0.0558817 0.608926
0.760719 0.0553367 0.613857
0.764339 0.0462131 0.615768
0.763258 0.0540004 0.621948
0.765676 0.0552496 0.63157
0.758195 0.0538249 0.638051
0.75446 0.0458292 0.642754
0.752834 0.0549937 0.639097
0.744965 0.0494484 0.636391
0.738308 0.0454052 0.642663
0.743813 0.0537367 0.643186
0.737579 0.0558164 0.650723
0.736146 0.0537332 0.660398
0.741114 0.0580943 0.667902
0.731227 0.0579532 0.669394
0.727815 0.0654888 0.663774
0.721651 0.0726929 0.660595
0.726468 0.0795746 0.655169
0.733265 0.0730313 0.651856
0.734889 0.0828965 0.651653
0.732545 0.074389 0.656357
0.723233 0.0749629 0.652756
0.713647 0.0726603 0.654429
0.717308 0.0683687 0.662686
0.708293 0.068516 0.65836
0.699004 0.06935 0.661967
0.690947 0.0687035 0.667855
0.684203 0.0741527 0.672838
0.67686 0.0768204 0.67908
0.678579 0.0670968 0.677499
0.683989 0.075383 0.676061
0.685476 0.0846035 0.672487
0.676354 0.0863967 0.676171
0.678133 0.0765929 0.677021
0.680486 0.0669117 0.676165
0.675419 0.0584937 0.674306
0.683826 0.0621201 0.678327
0.676909 0.0594607 0.685041
0.667997 0.0602236 0.680571
0.672003 0.0680723 0.685298
0.665584 0.0604286 0.684684
0.669333 0.0696153 0.685929
0.673287 0.0718591 0.694836
0.680685 0.0729826 0.688202
0.689931 0.0731799 0.692006
0.681161 0.0684438 0.691197
0.675849 0.0623129 0.697044
0.666195 0.0648835 0.696599
0.66127 0.072966 0.693371
0.668744 0.0795497 0.692477
0.673733 0.0818064 0.684109
0.675658 0.0750127 0.69119
0.682317 0.0786578 0.684681
0.675201 0.0855931 0.685806
0.674599 0.0781792 0.69249
0.66857 0.0779838 0.684514
0.669686 0.0865827 0.679533
0.668811 0.0945354 0.685532
0.664172 0.091023 0.677399
0.658408 0.0915041 0.669241
0.660952 0.0946295 0.678393
0.653824 0.0876787 0.677453
0.662537 0.0900014 0.681778
0.669763 0.0877708 0.688321
0.666752 0.0861148 0.697712
0.673684 0.0848537 0.690616
0.674471 0.0894508 0.681771
0.680862 0.0956406 0.686336
0.681572 0.0924482 0.676886
0.683189 0.0831326 0.680142
0.682246 0.0737474 0.676822
0.675491 0.0678448 0.681242
0.684862 0.0644495 0.680426
0.694397 0.0622757 0.682514
0.684785 0.0650343 0.682471
0.681878 0.0559207 0.679556
0.688271 0.0483519 0.678198
0.689766 0.0534081 0.686695
0.682589 0.0580081 0.691923
0.689041 0.0509088 0.694746
0.691505 0.0520089 0.685116
0.688161 0.0577769 0.677663
0.690967 0.0521713 0.685455
0.696358 0.0552143 0.693308
0.692282 0.0588081 0.701702
0.686192 0.0546434 0.694952
0.694496 0.0494571 0.692916
0.686947 0.0530583 0.698397
0.684747 0.0480847 0.706789
0.694106 0.0511891 0.705124
0.692963 0.048842 0.714778
0.692134 0.0587229 0.713481
0.687844 0.0634865 0.721156
0.687424 0.0540734 0.717807
0.678687 0.050465 0.714543
0.673544 0.0460259 0.707205
0.682223 0.0509087 0.706294
0.689385 0.0578716 0.705814
0.689668 0.0647075 0.698521
0.695915 0.0701047 0.692878
0.702641 0.0627602 0.693787
0.703661 0.0694994 0.701104
0.712855 0.0726489 0.698748
0.714028 0.0811212 0.693567
0.704029 0.0809898 0.693446
0.697459 0.0746958 0.689297
0.687513 0.0751669 0.688369
0.696218 0.0720543 0.684557
0.701321 0.0635041 0.683635
0.708896 0.0683341 0.679243
0.71819 0.0646809 0.678719
0.709107 0.0652755 0.67458
0.717587 0.0599967 0.675039
0.72564 0.0579538 0.669473
0.725518 0.054315 0.660159
0.725155 0.0626985 0.665599
0.734647 0.0653255 0.663868
0.730804 0.0649655 0.673093
0.733836 0.074477 0.673674
0.724444 0.077525 0.675255
0.716041 0.0823187 0.672724
0.721738 0.0905115 0.672071
0.726132 0.0824513 0.676036
0.726181 0.0920014 0.673071
0.733514 0.0909391 0.679786
0.731267 0.0886894 0.670305
0.727496 0.0913684 0.679171
0.730576 0.0824184 0.675944
0.738245 0.0871235 0.671581
0.733338 0.0828113 0.679152
0.72658 0.0754497 0.679521
0.731318 0.0761974 0.670746
0.722473 0.0733949 0.674476
0.732118 0.0728443 0.671893
0.732781 0.0642847 0.666765
0.732659 0.0578836 0.659084
0.733492 0.0537163 0.668136
0.737101 0.0531573 0.677445
0.732364 0.0619356 0.678158
0.730599 0.0534306 0.683113
0.737281 0.0581379 0.688874
0.736212 0.0611654 0.679404
0.740736 0.0689268 0.683797
0.746468 0.0768285 0.685965
0.738484 0.0800549 0.691049
0.748477 0.0803362 0.691295
0.745593 0.0822546 0.700676
0.738588 0.0794976 0.707259
0.731423 0.0726351 0.708512
0.740175 0.0728585 0.713346
0.73822 0.0801159 0.719942
0.736331 0.0735069 0.727205
0.738736 0.0831377 0.725994
0.748195 0.0863782 0.725866
0.741599 0.0889081 0.718789
0.738901 0.0815314 0.7126
0.738753 0.0715337 0.712447
0.740929 0.0635918 0.706773
0.733097 0.0589832 0.710947
0.730035 0.0673945 0.70649
0.73191 0.0581484 0.703175
0.722838 0.055394 0.706356
0.732748 0.0557257 0.705052
0.734932 0.0623772 0.697912
0.736377 0.0539261 0.703058
0.743231 0.0552927 0.710211
0.753031 0.0567869 0.711522
0.759166 0.049539 0.714657
0.751381 0.0551671 0.717436
0.744079 0.0524564 0.711164
0.753421 0.0534245 0.714598
0.744286 0.0544659 0.71853
0.742247 0.0543581 0.728319
0.733202 0.0518407 0.731762
0.73571 0.0569088 0.740009
0.743959 0.059912 0.735219
0.745446 0.050373 0.737826
0.743516 0.0484264 0.747443
0.744149 0.0432755 0.75599
0.739002 0.0427989 0.74743
0.732498 0.0423178 0.739849
0.730027 0.0370169 0.747961
0.729626 0.0465387 0.75099
0.73855 0.0450441 0.755249
0.741369 0.0445351 0.764829
0.741958 0.0345673 0.764283
0.737289 0.0259012 0.766045
0.733334 0.0286546 0.774807
0.728437 0.0275384 0.783454
0.732108 0.0269872 0.774169
0.734613 0.0293785 0.764788
0.734706 0.0194651 0.766098
0.738265 0.0172118 0.775167
0.734907 0.00831678 0.778266
0.740087 0.0157292 0.773997
0.743657 0.00639703 0.774405
0.747373 2.19529e-10 0.771912
0.760366 0.01 0.766329
0.751353 0.00594413 0.767851
0.751348 2.19529e-10 0.767532
0.737321 0.01 0.765731
0.729687 0.00360648 0.766656
0.728534 0.00721296 0.765758
0.738422 0.0068323 0.764315
0.733315 0.0123122 0.77094
0.738724 0.0176861 0.76447
0.733301 0.0122527 0.770879
0.733997 0.00723099 0.762259
0.728974 0.010565 0.770237
0.727933 0.0179002 0.776953
0.735152 0.0211826 0.770861
0.737978 0.0306547 0.772376
0.741672 0.0310471 0.78166
0.746046 0.032099 0.790591
0.750322 0.0375659 0.797791
0.748183 0.0321176 0.789682
0.757454 0.0309845 0.793255
0.766266 0.0318414 0.797904
0.765955 0.0336988 0.807726
0.771696 0.0292719 0.814613
0.780094 0.0325504 0.81894
0.789208 0.0366265 0.819513
0.795833 0.0328608 0.825989
0.804414 0.0379704 0.825474
0.801421 0.0287096 0.827773
0.794141 0.034177 0.823637
0.795656 0.0251949 0.819511
0.791676 0.0160553 0.820302
0.791318 0.0141667 0.810488
0.78663 0.00902773 0.817673
0.786727 0.00113668 0.823815
0.781121 0.00227336 0.832001
0.786726 0.00454673 0.82901
0.795526 0.00617004 0.824545
0.791931 -2.17028e-10 0.825597
0.804447 0.01 0.819013
0.812925 0.012775 0.814494
0.82258 0.0103476 0.813549
0.820081 0.00793182 0.822925
0.823786 0.0158636 0.821101
0.827698 0.00689728 0.819026
0.836765 0.00513636 0.822859
0.838423 -1.00613e-10 0.816187
0.848294 0.01 0.806059
0.847854 0.0076525 0.796348
0.851792 0.015305 0.791984
0.856782 0.00773829 0.78776
0.86602 0.00570767 0.784513
0.867995 0.0114153 0.78683
0.869058 0.0213571 0.787007
0.866977 0.0248173 0.796155
0.861709 0.0171196 0.792551
0.854019 0.0220186 0.796658
0.862327 0.0227468 0.802176
0.867665 0.0151273 0.798509
0.871323 0.0243627 0.797356
0.873594 0.0225046 0.806916
0.878896 0.0176979 0.799931
0.884663 0.0111878 0.794995
0.882598 0.0204479 0.791835
0.885121 0.014244 0.799261
0.892316 0.00845555 0.795423
0.889389 0.0168159 0.800064
0.897221 0.0137832 0.794636
0.906132 0.0181297 0.793327
0.907031 0.0185156 0.783375
0.908231 0.0192948 0.773478
0.914939 0.0230951 0.76711
0.923506 0.0255439 0.771649
0.932921 0.0269008 0.774734
0.936146 0.0284269 0.765392
0.932217 0.0350216 0.771801
0.931847 0.0449922 0.772472
0.940007 0.0426935 0.777775
0.936413 0.0452479 0.7688
0.941951 0.0531855 0.771315
0.943784 0.0433835 0.770568
0.951583 0.0487071 0.767278
0.957256 0.046895 0.759244
0.966063 0.0502042 0.755856
0.97595 0.0494371 0.754568
0.970539 0.0458824 0.746946
0.967348 0.0381951 0.741403
0.970531 0.0442061 0.734073
0.978272 0.0503337 0.735661
0.976881 0.042176 0.741275
0.971291 0.0381996 0.748551
0.965204 0.0399173 0.756297
0.963596 0.0497805 0.756661
0.971595 0.0557408 0.757364
0.974973 0.065152 0.757207
0.980374 0.0717328 0.762453
0.984144 0.0628489 0.765072
0.982582 0.0661089 0.774396
0.98251 0.0716461 0.76607
0.97779 0.0629582 0.767566
0.979437 0.0553912 0.773893
0.981452 0.0650912 0.775252
0.988848 0.0650846 0.781982
0.991367 0.0697157 0.79048
0.999849 0.0645794 0.791773
1 0.0646551 0.791905
LINES 1 8669
8668 0 1 2 3 4 5 6 7 8 9 10 11 12 13 14 15 16 17 18 19 20 21 22 23 24 25 26 27 28 29 30 31 32 33 34 35 36 37 38 39 40 41 42 43 44 45 46 47 48 49 50 51 52 53 54 55 56 57 58 59 60 61 62 63 64 65 66 67 68 69 70 71 72 73 74 75 76 77 78 79 80 81 82 83 84 85 86 87 88 89 90 91 92 93 94 95 96 97 98 99 100 101 102 103 104 105 106 107 108 109 110 111 112 113 114 115 116 117 118 119 120 121 122 123 124 125 126 127 128 129 130 131 132 133 134 135 136 137 138 139 140 141 142 143 144 145 146 147 148 149 150 151 152 153 154 155 156 157 158 159 160 161 162 163 164 165 166 167 168 169 170 171 172 173 174 175 176 177 178 179 180 181 182 183 184 185 186 187 188 189 190 191 192 193 194 195 196 197 198 199 200 201 202 203 204 205 206 207 208 209 210 211 212 213 214 215 216 217 218 219 220 221 222 223 224 225 226 227 228 229 230 231 232 233 234 235 236 237 238 239 240 241 242 243 244 245 246 247 248 249 250 251 252 253 254 255 256 257 258 259 260 261 262 263 264 265 266 267 268 269 270 271 272 273 274 275 276 277 278 279 280 281 282 283 284 285 286 287 288 289 290 291 292 293 294 295 296 297 298 299 300 301 302 303 304 305 306 307 308 309 310 311 312 313 314 315 316 317 318 319 320 321 322 323 324 325 326 327 328 329 330 331 332 333 334 335 336 337 338 339 340 341 342 343 344 345 346 347 348 349 350 351 352 353 354 355 356 357 358 359 360 361 362 363 364 365 366 367 368 369 370 371 372 373 374 375 376 377 378 379 380 381 382 383 384 385 386 387 388 389 390 391 392 393 394 395 396 397 398 399 400 401 402 403 404 405 406 407 408 409 410 411 412 413 414 415 416 417 418 419 420 421 422 423 424 425 426 427 428 429 430 431 432 433 434 435 436 437 438 439 440 441 442 443 444 445 446 447 448 449 450 451 452 453 454 455 456 457 458 459 460 461 462 463 464 465 466 467 468 469 470 471 472 473 474 475 476 477 478 479 480 481 482 483 484 485 486 487 488 489 490 491 492 493 494 495 496 497 498 499 500 501 502 503 504 505 506 507 508 509 510 511 512 513 514 515 516 517 518 519 520 521 522 523 524 525 526 527 528 529 530 531 532 533 534 535 536 537 538 539 540 541 542 543 544 545 546 547 548 549 550 551 552 553 554 555 556 557 558 559 560 561 562 563 564 565 566 567 568 569 570 571 572 573 574 575 576 577 578 579 580 581 582 583 584 585 586 587 588 589 590 591 592 593 594 595 596 597 598 599 600 601 602 603 604 605 606 607 608 609 610 611 612 613 614 615 616 617 618 619 620 621 622 623 624 625 626 627 628 629 630 631 632 633 634 635 636 637 638 639 640 641 642 643 644 645 646 647 648 649 650 651 652 653 654 655 656 657 658 659 660 661 662 663 664 665 666 667 668 669 670 671 672 673 674 675 676 677 678 679 680 681 682 683 684 685 686 687 688 689 690 691 692 693 694 695 696 697 698 699 700 701 702 703 704 705 706 707 708 709 710 711 712 713 714 715 716 717 718 719 720 721 722 723 724 725 726 727 728 729 730 731 732 733 734 735 736 737 738 739 740 741 742 743 744 745 746 747 748 749 750 751 752 753 754 755 756 757 758 759 760 761 762 763 764 765 766 767 768 769 770 771 772 773 774 775 776 777 778 779 780 781 782 783 784 785 786 787 788 789 790 791 792 793 794 795 796 797 798 799 800 801 802 803 804 805 806 807 808 809 810 811 812 813 814 815 816 817 818 819 820 821 822 823 824 825 826 827 828 829 830 831 832 833 834 835 836 837 838 839 840 841 842 843 844 845 846 847 848 849 850 851 852 853 854 855 856 857 858 859 860 861 862 863 864 865 866 867 868 869 870 871 872 873 874 875 876 877 878 879 880 881 882 883 884 885 886 887 888 889 890 891 892 893 894 895 896 897 898 899 900 901 902 903 904 905 906 907 908 909 910 911 912 913 914 915 916 917 918 919 920 921 922 923 924 925 926 927 928 929 930 931 932 933 934 935 936 937 938 939 940 941 942 943 944 945 946 947 948 949 950 951 952 953 954 955 956 957 958 959 960 961 962 963 964 965 966 967 968 969 970 971 972 973 974 975 976 977 978 979 980 981 982 983 984 985 986 987 988 989 990 991 992 993 994 995 996 997 998 999 1000 1001 1002 1003 1004 1005 1006 1007 1008 1009 1010 1011 1012 1013 1014 1015 1016 1017 1018 1019 1020 1021 1022 1023 1024 1025 1026 1027 1028 1029 1030 1031 1032 1033 1034 1035 1036 1037 1038 1039 1040 1041 1042 1043 1044 1045 1046 1047 1048 1049 1050 1051 1052 1053 1054 1055 1056 1057 1058 1059 1060 1061 1062 1063 1064 1065 1066 1067 1068 1069 1070 1071 1072 1073 1074 1075 1076 1077 1078 1079 1080 1081 1082 1083 1084 1085 1086 1087 1088 1089 1090 1091 1092 1093 1094 1095 1096 1097 1098 1099 1100 1101 1102 1103 1104 1105 1106 1107 1108 1109 1110 1111 1112 1113 1114 1115 1116 1117 1118 1119 1120 1121 1122 1123 1124 1125 1126 1127 1128 1129 1130 1131 1132 1133 1134 1135 1136 1137 1138 1139 1140 1141 1142 1143 1144 1145 1146 1147 1148 1149 1150 1151 1152 1153 1154 1155 1156 1157 1158 1159 1160 1161 1162 1163 1164 1165 1166 1167 1168 1169 1170 1171 1172 1173 1174 1175 1176 1177 1178 1179 1180 1181 1182 1183 1184 1185 1186 1187 1188 1189 1190 1191 1192 1193 1194 1195 1196 1197 1198 1199 1200 1201 1202 1203 1204 1205 1206 1207 1208 1209 1210 1211 1212 1213 1214 1215 1216 1217 1218 1219 1220 1221 1222 1223 1224 1225 1226 1227 1228 1229 1230 1231 1232 1233 1234 1235 1236 1237 1238 1239 1240 1241 1242 1243 1244 1245 1246 1247 1248 1249 1250 1251 1252 1253 1254 1255 1256 1257 1258 1259 1260 1261 1262 1263 1264 1265 1266 1267 1268 1269 1270 1271 1272 1273 1274 1275 1276 1277 1278 1279 1280 1281 1282 1283 1284 1285 1286 1287 1288 1289 1290 1291 1292 1293 1294 1295 1296 1297 1298 1299 1300 1301 1302 1303 1304 1305 1306 1307 1308 1309 1310 1311 1312 1313 1314 1315 1316 1317 1318 1319 1320 1321 1322 1323 1324 1325 1326 1327 1328 1329 1330 1331 1332 1333 1334 1335 1336 1337 1338 1339 1340 1341 1342 1343 1344 1345 1346 1347 1348 1349 1350 1351 1352 1353 1354 1355 1356 1357 1358 1359 1360 1361 1362 1363 1364 1365 1366 1367 1368 1369 1370 1371 1372 1373 1374 1375 1376 1377 1378 1379 1380 1381 1382 1383 1384 1385 1386 1387 1388 1389 1390 1391 1392 1393 1394 1395 1396 1397 1398 1399 1400 1401 1402 1403 1404 1405 1406 1407 1408 1409 1410 1411 1412 1413 1414 1415 1416 1417 1418 1419 1420 1421 1422 1423 1424 1425 1426 1427 1428 1429 1430 1431 1432 1433 1434 1435 1436 1437 1438 1439 1440 1441 1442 1443 1444 1445 1446 1447 1448 1449 1450 1451 1452 1453 1454 1455 1456 1457 1458 1459 1460 1461 1462 1463 1464 1465 1466 1467 1468 1469 1470 1471 1472 1473 1474 1475 1476 1477 1478 1479 1480 1481 1482 1483 1484 1485 1486 1487 1488 1489 1490 1491 1492 1493 1494 1495 1496 1497 1498 1499 1500 1501 1502 1503 1504 1505 1506 1507 1508 1509 1510 1511 1512 1513 1514 1515 1516 1517 1518 1519 1520 1521 1522 1523 1524 1525 1526 1527 1528 1529 1530 1531 1532 1533 1534 1535 1536 1537 1538 1539 1540 1541 1542 1543 1544 1545 1546 1547 1548 1549 1550 1551 1552 1553 1554 1555 1556 1557 1558 1559 1560 1561 1562 1563 1564 1565 1566 1567 1568 1569 1570 1571 1572 1573 1574 1575 1576 1577 1578 1579 1580 1581 1582 1583 1584 1585 1586 1587 1588 1589 1590 1591 1592 1593 1594 1595 1596 1597 1598 1599 1600 1601 1602 1603 1604 1605 1606 1607 1608 1609 1610 1611 1612 1613 1614 1615 1616 1617 1618 1619 1620 1621 1622 1623 1624 1625 1626 1627 1628 1629 1630 1631 1632 1633 1634 1635 1636 1637 1638 1639 1640 1641 1642 1643 1644 1645 1646 1647 1648 1649 1650 1651 1652 1653 1654 1655 1656 1657 1658 1659 1660 1661 1662 1663 1664 1665 1666 1667 1668 1669 1670 1671 1672 1673 1674 1675 1676 1677 1678 1679 1680 1681 1682 1683 1684 1685 1686 1687 1688 1689 1690 1691 1692 1693 1694 1695 1696 1697 1698 1699 1700 1701 1702 1703 1704 1705 1706 1707 1708 1709 1710 1711 1712 1713 1714 1715 1716 1717 1718 1719 1720 1721 1722 1723 1724 1725 1726 1727 1728 1729 1730 1731 1732 1733 1734 1735 1736 1737 1738 1739 1740 1741 1742 1743 1744 1745 1746 1747 1748 1749 1750 1751 1752 1753 1754 1755 1756 1757 1758 1759 1760 1761 1762 1763 1764 1765 1766 1767 1768 1769 1770 1771 1772 1773 1774 1775 1776 1777 1778 1779 1780 1781 1782 1783 1784 1785 1786 1787 1788 1789 1790 1791 1792 1793 1794 1795 1796 1797 1798 1799 1800 1801 1802 1803 1804 1805 1806 1807 1808 1809 1810 1811 1812 1813 1814 1815 1816 1817 1818 1819 1820 1821 1822 1823 1824 1825 1826 1827 1828 1829 1830 1831 1832 1833 1834 1835 1836 1837 1838 1839 1840 1841 1842 1843 1844 1845 1846 1847 1848 1849 1850 1851 1852 1853 1854 1855 1856 1857 1858 1859 1860 1861 1862 1863 1864 1865 1866 1867 1868 1869 1870 1871 1872 1873 1874 1875 1876 1877 1878 1879 1880 1881 1882 1883 1884 1885 1886 1887 1888 1889 1890 1891 1892 1893 1894 1895 1896 1897 1898 1899 1900 1901 1902 1903 1904 1905 1906 1907 1908 1909 1910 1911 1912 1913 1914 1915 1916 1917 1918 1919 1920 1921 1922 1923 1924 1925 1926 1927 1928 1929 1930 1931 1932 1933 1934 1935 1936 1937 1938 1939 1940 1941 1942 1943 1944 1945 1946 1947 1948 1949 1950 1951 1952 1953 1954 1955 1956 1957 1958 1959 1960 1961 1962 1963 1964 1965 1966 1967 1968 1969 1970 1971 1972 1973 1974 1975 1976 1977 1978 1979 1980 1981 1982 1983 1984 1985 1986 1987 1988 1989 1990 1991 1992 1993 1994 1995 1996 1997 1998 1999 2000 2001 2002 2003 2004 2005 2006 2007 2008 2009 2010 2011 2012 2013 2014 2015 2016 2017 2018 2019 2020 2021 2022 2023 2024 2025 2026 2027 2028 2029 2030 2031 2032 2033 2034 2035 2036 2037 2038 2039 2040 2041 2042 2043 2044 2045 2046 2047 2048 2049 2050 2051 2052 2053 2054 2055 2056 2057 2058 2059 2060 2061 2062 2063 2064 2065 2066 2067 2068 2069 2070 2071 2072 2073 2074 2075 2076 2077 2078 2079 2080 2081 2082 2083 2084 2085 2086 2087 2088 2089 2090 2091 2092 2093 2094 2095 2096 2097 2098 2099 2100 2101 2102 2103 2104 2105 2106 2107 2108 2109 2110 2111 2112 2113 2114 2115 2116 2117 2118 2119 2120 2121 2122 2123 2124 2125 2126 2127 2128 2129 2130 2131 2132 2133 2134 2135 2136 2137 2138 2139 2140 2141 2142 2143 2144 2145 2146 2147 2148 2149 2150 2151 2152 2153 2154 2155 2156 2157 2158 2159 2160 2161 2162 2163 2164 2165 2166 2167 2168 2169 2170 2171 2172 2173 2174 2175 2176 2177 2178 2179 2180 2181 2182 2183 2184 2185 2186 2187 2188 2189 2190 2191 2192 2193 2194 2195 2196 2197 2198 2199 2200 2201 2202 2203 2204 2205 2206 2207 2208 2209 2210 2211 2212 2213 2214 2215 2216 2217 2218 2219 2220 2221 2222 2223 2224 2225 2226 2227 2228 2229 2230 2231 2232 2233 2234 2235 2236 2237 2238 2239 2240 2241 2242 2243 2244 2245 2246 2247 2248 2249 2250 2251 2252 2253 2254 2255 2256 2257 2258 2259 2260 2261 2262 2263 2264 2265 2266 2267 2268 2269 2270 2271 2272 2273 2274 2275 2276 2277 2278 2279 2280 2281 2282 2283 2284 2285 2286 2287 2288 2289 2290 2291 2292 2293 2294 2295 2296 2297 2298 2299 2300 2301 2302 2303 2304 2305 2306 2307 2308 2309 2310 2311 2312 2313 2314 2315 2316 2317 2318 2319 2320 2321 2322 2323 2324 2325 2326 2327 2328 2329 2330 2331 2332 2333 2334 2335 2336 2337 2338 2339 2340 2341 2342 2343 2344 2345 2346 2347 2348 2349 2350 2351 2352 2353 2354 2355 2356 2357 2358 2359 2360 2361 2362 2363 2364 2365 2366 2367 2368 2369 2370 2371 2372 2373 2374 2375 2376 2377 2378 2379 2380 2381 2382 2383 2384 2385 2386 2387 2388 2389 2390 2391 2392 2393 2394 2395 2396 2397 2398 2399 2400 2401 2402 2403 2404 2405 2406 2407 2408 2409 2410 2411 2412 2413 2414 2415 2416 2417 2418 2419 2420 2421 2422 2423 2424 2425 2426 2427 2428 2429 2430 2431 2432 2433 2434 2435 2436 2437 2438 2439 2440 2441 2442 2443 2444 2445 2446 2447 2448 2449 2450 2451 2452 2453 2454 2455 2456 2457 2458 2459 2460 2461 2462 2463 2464 2465 2466 2467 2468 2469 2470 2471 2472 2473 2474 2475 2476 2477 2478 2479 2480 2481 2482 2483 2484 2485 2486 2487 2488 2489 2490 2491 2492 2493 2494 2495 2496 2497 2498 2499 2500 2501 2502 2503 2504 2505 2506 2507 2508 2509 2510 2511 2512 2513 2514 2515 2516 2517 2518 2519 2520 2521 2522 2523 2524 2525 2526 2527 2528 2529 2530 2531 2532 2533 2534 2535 2536 2537 2538 2539 2540 2541 2542 2543 2544 2545 2546 2547 2548 2549 2550 2551 2552 2553 2554 2555 2556 2557 2558 2559 2560 2561 2562 2563 2564 2565 2566 2567 2568 2569 2570 2571 2572 2573 2574 2575 2576 2577 2578 2579 2580 2581 2582 2583 2584 2585 2586 2587 2588 2589 2590 2591 2592 2593 2594 2595 2596 2597 2598 2599 2600 2601 2602 2603 2604 2605 2606 2607 2608 2609 2610 2611 2612 2613 2614 2615 2616 2617 2618 2619 2620 2621 2622 2623 2624 2625 2626 2627 2628 2629 2630 2631 2632 2633 2634 2635 2636 2637 2638 2639 2640 2641 2642 2643 2644 2645 2646 2647 2648 2649 2650 2651 2652 2653 2654 2655 2656 2657 2658 2659 2660 2661 2662 2663 2664 2665 2666 2667 2668 2669 2670 2671 2672 2673 2674 2675 2676 2677 2678 2679 2680 2681 2682 2683 2684 2685 2686 2687 2688 2689 2690 2691 2692 2693 2694 2695 2696 2697 2698 2699 2700 2701 2702 2703 2704 2705 2706 2707 2708 2709 2710 2711 2712 2713 2714 2715 2716 2717 2718 2719 2720 2721 2722 2723 2724 2725 2726 2727 2728 2729 2730 2731 2732 2733 2734 2735 2736 2737 2738 2739 2740 2741 2742 2743 2744 2745 2746 2747 2748 2749 2750 2751 2752 2753 2754 2755 2756 2757 2758 2759 2760 2761 2762 2763 2764 2765 2766 2767 2768 2769 2770 2771 2772 2773 2774 2775 2776 2777 2778 2779 2780 2781 2782 2783 2784 2785 2786 2787 2788 2789 2790 2791 2792 2793 2794 2795 2796 2797 2798 2799 2800 2801 2802 2803 2804 2805 2806 2807 2808 2809 2810 2811 2812 2813 2814 2815 2816 2817 2818 2819 2820 2821 2822 2823 2824 2825 2826 2827 2828 2829 2830 2831 2832 2833 2834 2835 2836 2837 2838 2839 2840 2841 2842 2843 2844 2845 2846 2847 2848 2849 2850 2851 2852 2853 2854 2855 2856 2857 2858 2859 2860 2861 2862 2863 2864 2865 2866 2867 2868 2869 2870 2871 2872 2873 2874 2875 2876 2877 2878 2879 2880 2881 2882 2883 2884 2885 2886 2887 2888 2889 2890 2891 2892 2893 2894 2895 2896 2897 2898 2899 2900 2901 2902 2903 2904 2905 2906 2907 2908 2909 2910 2911 2912 2913 2914 2915 2916 2917 2918 2919 2920 2921 2922 2923 2924 2925 2926 2927 2928 2929 2930 2931 2932 2933 2934 2935 2936 2937 2938 2939 2940 2941 2942 2943 2944 2945 2946 2947 2948 2949 2950 2951 2952 2953 2954 2955 2956 2957 2958 2959 2960 2961 2962 2963 2964 2965 2966 2967 2968 2969 2970 2971 2972 2973 2974 2975 2976 2977 2978 2979 2980 2981 2982 2983 2984 2985 2986 2987 2988 2989 2990 2991 2992 2993 2994 2995 2996 2997 2998 2999 3000 3001 3002 3003 3004 3005 3006 3007 3008 3009 3010 3011 3012 3013 3014 3015 3016 3017 3018 3019 3020 3021 3022 3023 3024 3025 3026 3027 3028 3029 3030 3031 3032 3033 3034 3035 3036 3037 3038 3039 3040 3041 3042 3043 3044 3045 3046 3047 3048 3049 3050 3051 3052 3053 3054 3055 3056 3057 3058 3059 3060 3061 3062 3063 3064 3065 3066 3067 3068 3069 3070 3071 3072 3073 3074 3075 3076 3077 3078 3079 3080 3081 3082 3083 3084 3085 3086 3087 3088 3089 3090 3091 3092 3093 3094 3095 3096 3097 3098 3099 3100 3101 3102 3103 3104 3105 3106 3107 3108 3109 3110 3111 3112 3113 3114 3115 3116 3117 3118 3119 3120 3121 3122 3123 3124 3125 3126 3127 3128 3129 3130 3131 3132 3133 3134 3135 3136 3137 3138 3139 3140 3141 3142 3143 3144 3145 3146 3147 3148 3149 3150 3151 3152 3153 3154 3155 3156 3157 3158 3159 3160 3161 3162 3163 3164 3165 3166 3167 3168 3169 3170 3171 3172 3173 3174 3175 3176 3177 3178 3179 3180 3181 3182 3183 3184 3185 3186 3187 3188 3189 3190 3191 3192 3193 3194 3195 3196 3197 3198 3199 3200 3201 3202 3203 3204 3205 3206 3207 3208 3209 3210 3211 3212 3213 3214 3215 3216 3217 3218 3219 3220 3221 3222 3223 3224 3225 3226 3227 3228 3229 3230 3231 3232 3233 3234 3235 3236 3237 3238 3239 3240 3241 3242 3243 3244 3245 3246 3247 3248 3249 3250 3251 3252 3253 3254 3255 3256 3257 3258 3259 3260 3261 3262 3263 3264 3265 3266 3267 3268 3269 3270 3271 3272 3273 3274 3275 3276 3277 3278 3279 3280 3281 3282 3283 3284 3285 3286 3287 3288 3289 3290 3291 3292 3293 3294 3295 3296 3297 3298 3299 3300 3301 3302 3303 3304 3305 3306 3307 3308 3309 3310 3311 3312 3313 3314 3315 3316 3317 3318 3319 3320 3321 3322 3323 3324 3325 3326 3327 3328 3329 3330 3331 3332 3333 3334 3335 3336 3337 3338 3339 3340 3341 3342 3343 3344 3345 3346 3347 3348 3349 3350 3351 3352 3353 3354 3355 3356 3357 3358 3359 3360 3361 3362 3363 3364 3365 3366 3367 3368 3369 3370 3371 3372 3373 3374 3375 3376 3377 3378 3379 3380 3381 3382 3383 3384 3385 3386 3387 3388 3389 3390 3391 3392 3393 3394 3395 3396 3397 3398 3399 3400 3401 3402 3403 3404 3405 3406 3407 3408 3409 3410 3411 3412 3413 3414 3415 3416 3417 3418 3419 3420 3421 3422 3423 3424 3425 3426 3427 3428 3429 3430 3431 3432 3433 3434 3435 3436 3437 3438 3439 3440 3441 3442 3443 3444 3445 3446 3447 3448 3449 3450 3451 3452 3453 3454 3455 3456 3457 3458 3459 3460 3461 3462 3463 3464 3465 3466 3467 3468 3469 3470 3471 3472 3473 3474 3475 3476 3477 3478 3479 3480 3481 3482 3483 3484 3485 3486 3487 3488 3489 3490 3491 3492 3493 3494 3495 3496 3497 3498 3499 3500 3501 3502 3503 3504 3505 3506 3507 3508 3509 3510 3511 3512 3513 3514 3515 3516 3517 3518 3519 3520 3521 3522 3523 3524 3525 3526 3527 3528 3529 3530 3531 3532 3533 3534 3535 3536 3537 3538 3539 3540 3541 3542 3543 3544 3545 3546 3547 3548 3549 3550 3551 3552 3553 3554 3555 3556 3557 3558 3559 3560 3561 3562 3563 3564 3565 3566 3567 3568 3569 3570 3571 3572 3573 3574 3575 3576 3577 3578 3579 3580 3581 3582 3583 3584 3585 3586 3587 3588 3589 3590 3591 3592 3593 3594 3595 3596 3597 3598 3599 3600 3601 3602 3603 3604 3605 3606 3607 3608 3609 3610 3611 3612 3613 3614 3615 3616 3617 3618 3619 3620 3621 3622 3623 3624 3625 3626 3627 3628 3629 3630 3631 3632 3633 3634 3635 3636 3637 3638 3639 3640 3641 3642 3643 3644 3645 3646 3647 3648 3649 3650 3651 3652 3653 3654 3655 3656 3657 3658 3659 3660 3661 3662 3663 3664 3665 3666 3667 3668 3669 3670 3671 3672 3673 3674 3675 3676 3677 3678 3679 3680 3681 3682 3683 3684 3685 3686 3687 3688 3689 3690 3691 3692 3693 3694 3695 3696 3697 3698 3699 3700 3701 3702 3703 3704 3705 3706 3707 3708 3709 3710 3711 3712 3713 3714 3715 3716 3717 3718 3719 3720 3721 3722 3723 3724 3725 3726 3727 3728 3729 3730 3731 3732 3733 3734 3735 3736 3737 3738 3739 3740 3741 3742 3743 3744 3745 3746 3747 3748 3749 3750 3751 3752 3753 3754 3755 3756 3757 3758 3759 3760 3761 3762 3763 3764 3765 3766 3767 3768 3769 3770 3771 3772 3773 3774 3775 3776 3777 3778 3779 3780 3781 3782 3783 3784 3785 3786 3787 3788 3789 3790 3791 3792 3793 3794 3795 3796 3797 3798 3799 3800 3801 3802 3803 3804 3805 3806 3807 3808 3809 3810 3811 3812 3813 3814 3815 3816 3817 3818 3819 3820 3821 3822 3823 3824 3825 3826 3827 3828 3829 3830 3831 3832 3833 3834 3835 3836 3837 3838 3839 3840 3841 3842 3843 3844 3845 3846 3847 3848 3849 3850 3851 3852 3853 3854 3855 3856 3857 3858 3859 3860 3861 3862 3863 3864 3865 3866 3867 3868 3869 3870 3871 3872 3873 3874 3875 3876 3877 3878 3879 3880 3881 3882 3883 3884 3885 3886 3887 3888 3889 3890 3891 3892 3893 3894 3895 3896 3897 3898 3899 3900 3901 3902 3903 3904 3905 3906 3907 3908 3909 3910 3911 3912 3913 3914 3915 3916 3917 3918 3919 3920 3921 3922 3923 3924 3925 3926 3927 3928 3929 3930 3931 3932 3933 3934 3935 3936 3937 3938 3939 3940 3941 3942 3943 3944 3945 3946 3947 3948 3949 3950 3951 3952 3953 3954 3955 3956 3957 3958 3959 3960 3961 3962 3963 3964 3965 3966 3967 3968 3969 3970 3971 3972 3973 3974 3975 3976 3977 3978 3979 3980 3981 3982 3983 3984 3985 3986 3987 3988 3989 3990 3991 3992 3993 3994 3995 3996 3997 3998 3999 4000 4001 4002 4003 4004 4005 4006 4007 4008 4009 4010 4011 4012 4013 4014 4015 4016 4017 4018 4019 4020 4021 4022 4023 4024 4025 4026 4027 4028 4029 4030 4031 4032 4033 4034 4035 4036 4037 4038 4039 4040 4041 4042 4043 4044 4045 4046 4047 4048 4049 4050 4051 4052 4053 4054 4055 4056 4057 4058 4059 4060 4061 4062 4063 4064 4065 4066 4067 4068 4069 4070 4071 4072 4073 4074 4075 4076 4077 4078 4079 4080 4081 4082 4083 4084 4085 4086 4087 4088 4089 4090 4091 4092 4093 4094 4095 4096 4097 4098 4099 4100 4101 4102 4103 4104 4105 4106 4107 4108 4109 4110 4111 4112 4113 4114 4115 4116 4117 4118 4119 4120 4121 4122 4123 4124 4125 4126 4127 4128 4129 4130 4131 4132 4133 4134 4135 4136 4137 4138 4139 4140 4141 4142 4143 4144 4145 4146 4147 4148 4149 4150 4151 4152 4153 4154 4155 4156 4157 4158 4159 4160 4161 4162 4163 4164 4165 4166 4167 4168 4169 4170 4171 4172 4173 4174 4175 4176 4177 4178 4179 4180 4181 4182 4183 4184 4185 4186 4187 4188 4189 4190 4191 4192 4193 4194 4195 4196 4197 4198 4199 4200 4201 4202 4203 4204 4205 4206 4207 4208 4209 4210 4211 4212 4213 4214 4215 4216 4217 4218 4219 4220 4221 4222 4223 4224 4225 4226 4227 4228 4229 4230 4231 4232 4233 4234 4235 4236 4237 4238 4239 4240 4241 4242 4243 4244 4245 4246 4247 4248 4249 4250 4251 4252 4253 4254 4255 4256 4257 4258 4259 4260 4261 4262 4263 4264 4265 4266 4267 4268 4269 4270 4271 4272 4273 4274 4275 4276 4277 4278 4279 4280 4281 4282 4283 4284 4285 4286 4287 4288 4289 4290 4291 4292 4293 4294 4295 4296 4297 4298 4299 4300 4301 4302 4303 4304 4305 4306 4307 4308 4309 4310 4311 4312 4313 4314 4315 4316 4317 4318 4319 4320 4321 4322 4323 4324 4325 4326 4327 4328 4329 4330 4331 4332 4333 4334 4335 4336 4337 4338 4339 4340 4341 4342 4343 4344 4345 4346 4347 4348 4349 4350 4351 4352 4353 4354 4355 4356 4357 4358 4359 4360 4361 4362 4363 4364 4365 4366 4367 4368 4369 4370 4371 4372 4373 4374 4375 4376 4377 4378 4379 4380 4381 4382 4383 4384 4385 4386 4387 4388 4389 4390 4391 4392 4393 4394 4395 4396 4397 4398 4399 4400 4401 4402 4403 4404 4405 4406 4407 4408 4409 4410 4411 4412 4413 4414 4415 4416 4417 4418 4419 4420 4421 4422 4423 4424 4425 4426 4427 4428 4429 4430 4431 4432 4433 4434 4435 4436 4437 4438 4439 4440 4441 4442 4443 4444 4445 4446 4447 4448 4449 4450 4451 4452 4453 4454 4455 4456 4457 4458 4459 4460 4461 4462 4463 4464 4465 4466 4467 4468 4469 4470 4471 4472 4473 4474 4475 4476 4477 4478 4479 4480 4481 4482 4483 4484 4485 4486 4487 4488 4489 4490 4491 4492 4493 4494 4495 4496 4497 4498 4499 4500 4501 4502 4503 4504 4505 4506 4507 4508 4509 4510 4511 4512 4513 4514 4515 4516 4517 4518 4519 4520 4521 4522 4523 4524 4525 4526 4527 4528 4529 4530 4531 4532 4533 4534 4535 4536 4537 4538 4539 4540 4541 4542 4543 4544 4545 4546 4547 4548 4549 4550 4551 4552 4553 4554 4555 4556 4557 4558 4559 4560 4561 4562 4563 4564 4565 4566 4567 4568 4569 4570 4571 4572 4573 4574 4575 4576 4577 4578 4579 4580 4581 4582 4583 4584 4585 4586 4587 4588 4589 4590 4591 4592 4593 4594 4595 4596 4597 4598 4599 4600 4601 4602 4603 4604 4605 4606 4607 4608 4609 4610 4611 4612 4613 4614 4615 4616 4617 4618 4619 4620 4621 4622 4623 4624 4625 4626 4627 4628 4629 4630 4631 4632 4633 4634 4635 4636 4637 4638 4639 4640 4641 4642 4643 4644 4645 4646 4647 4648 4649 4650 4651 4652 4653 4654 4655 4656 4657 4658 4659 4660 4661 4662 4663 4664 4665 4666 4667 4668 4669 4670 4671 4672 4673 4674 4675 4676 4677 4678 4679 4680 4681 4682 4683 4684 4685 4686 4687 4688 4689 4690 4691 4692 4693 4694 4695 4696 4697 4698 4699 4700 4701 4702 4703 4704 4705 4706 4707 4708 4709 4710 4711 4712 4713 4714 4715 4716 4717 4718 4719 4720 4721 4722 4723 4724 4725 4726 4727 4728 4729 4730 4731 4732 4733 4734 4735 4736 4737 4738 4739 4740 4741 4742 4743 4744 4745 4746 4747 4748 4749 4750 4751 4752 4753 4754 4755 4756 4757 4758 4759 4760 4761 4762 4763 4764 4765 4766 4767 4768 4769 4770 4771 4772 4773 4774 4775 4776 4777 4778 4779 4780 4781 4782 4783 4784 4785 4786 4787 4788 4789 4790 4791 4792 4793 4794 4795 4796 4797 4798 4799 4800 4801 4802 4803 4804 4805 4806 4807 4808 4809 4810 4811 4812 4813 4814 4815 4816 4817 4818 4819 4820 4821 4822 4823 4824 4825 4826 4827 4828 4829 4830 4831 4832 4833 4834 4835 4836 4837 4838 4839 4840 4841 4842 4843 4844 4845 4846 4847 4848 4849 4850 4851 4852 4853 4854 4855 4856 4857 4858 4859 4860 4861 4862 4863 4864 4865 4866 4867 4868 4869 4870 4871 4872 4873 4874 4875 4876 4877 4878 4879 4880 4881 4882 4883 4884 4885 4886 4887 4888 4889 4890 4891 4892 4893 4894 4895 4896 4897 4898 4899 4900 4901 4902 4903 4904 4905 4906 4907 4908 4909 4910 4911 4912 4913 4914 4915 4916 4917 4918 4919 4920 4921 4922 4923 4924 4925 4926 4927 4928 4929 4930 4931 4932 4933 4934 4935 4936 4937 4938 4939 4940 4941 4942 4943 4944 4945 4946 4947 4948 4949 4950 4951 4952 4953 4954 4955 4956 4957 4958 4959 4960 4961 4962 4963 4964 4965 4966 4967 4968 4969 4970 4971 4972 4973 4974 4975 4976 4977 4978 4979 4980 4981 4982 4983 4984 4985 4986 4987 4988 4989 4990 4991 4992 4993 4994 4995 4996 4997 4998 4999 5000 5001 5002 5003 5004 5005 5006 5007 5008 5009 5010 5011 5012 5013 5014 5015 5016 5017 5018 5019 5020 5021 5022 5023 5024 5025 5026 5027 5028 5029 5030 5031 5032 5033 5034 5035 5036 5037 5038 5039 5040 5041 5042 5043 5044 5045 5046 5047 5048 5049 5050 5051 5052 5053 5054 5055 5056 5057 5058 5059 5060 5061 5062 5063 5064 5065 5066 5067 5068 5069 5070 5071 5072 5073 5074 5075 5076 5077 5078 5079 5080 5081 5082 5083 5084 5085 5086 5087 5088 5089 5090 5091 5092 5093 5094 5095 5096 5097 5098 5099 5100 5101 5102 5103 5104 5105 5106 5107 5108 5109 5110 5111 5112 5113 5114 5115 5116 5117 5118 5119 5120 5121 5122 5123 5124 5125 5126 5127 5128 5129 5130 5131 5132 5133 5134 5135 5136 5137 5138 5139 5140 5141 5142 5143 5144 5145 5146 5147 5148 5149 5150 5151 5152 5153 5154 5155 5156 5157 5158 5159 5160 5161 5162 5163 5164 5165 5166 5167 5168 5169 5170 5171 5172 5173 5174 5175 5176 5177 5178 5179 5180 5181 5182 5183 5184 5185 5186 5187 5188 5189 5190 5191 5192 5193 5194 5195 5196 5197 5198 5199 5200 5201 5202 5203 5204 5205 5206 5207 5208 5209 5210 5211 5212 5213 5214 5215 5216 5217 5218 5219 5220 5221 5222 5223 5224 5225 5226 5227 5228 5229 5230 5231 5232 5233 5234 5235 5236 5237 5238 5239 5240 5241 5242 5243 5244 5245 5246 5247 5248 5249 5250 5251 5252 5253 5254 5255 5256 5257 5258 5259 5260 5261 5262 5263 5264 5265 5266 5267 5268 5269 5270 5271 5272 5273 5274 5275 5276 5277 5278 5279 5280 5281 5282 5283 5284 5285 5286 5287 5288 5289 5290 5291 5292 5293 5294 5295 5296 5297 5298 5299 5300 5301 5302 5303 5304 5305 5306 5307 5308 5309 5310 5311 5312 5313 5314 5315 5316 5317 5318 5319 5320 5321 5322 5323 5324 5325 5326 5327 5328 5329 5330 5331 5332 5333 5334 5335 5336 5337 5338 5339 5340 5341 5342 5343 5344 5345 5346 5347 5348 5349 5350 5351 5352 5353 5354 5355 5356 5357 5358 5359 5360 5361 5362 5363 5364 5365 5366 5367 5368 5369 5370 5371 5372 5373 5374 5375 5376 5377 5378 5379 5380 5381 5382 5383 5384 5385 5386 5387 5388 5389 5390 5391 5392 5393 5394 5395 5396 5397 5398 5399 5400 5401 5402 5403 5404 5405 5406 5407 5408 5409 5410 5411 5412 5413 5414 5415 5416 5417 5418 5419 5420 5421 5422 5423 5424 5425 5426 5427 5428 5429 5430 5431 5432 5433 5434 5435 5436 5437 5438 5439 5440 5441 5442 5443 5444 5445 5446 5447 5448 5449 5450 5451 5452 5453 5454 5455 5456 5457 5458 5459 5460 5461 5462 5463 5464 5465 5466 5467 5468 5469 5470 5471 5472 5473 5474 5475 5476 5477 5478 5479 5480 5481 5482 5483 5484 5485 5486 5487 5488 5489 5490 5491 5492 5493 5494 5495 5496 5497 5498 5499 5500 5501 5502 5503 5504 5505 5506 5507 5508 5509 5510 5511 5512 5513 5514 5515 5516 5517 5518 5519 5520 5521 5522 5523 5524 5525 5526 5527 5528 5529 5530 5531 5532 5533 5534 5535 5536 5537 5538 5539 5540 5541 5542 5543 5544 5545 5546 5547 5548 5549 5550 5551 5552 5553 5554 5555 5556 5557 5558 5559 5560 5561 5562 5563 5564 5565 5566 5567 5568 5569 5570 5571 5572 5573 5574 5575 5576 5577 5578 5579 5580 5581 5582 5583 5584 5585 5586 5587 5588 5589 5590 5591 5592 5593 5594 5595 5596 5597 5598 5599 5600 5601 5602 5603 5604 5605 5606 5607 5608 5609 5610 5611 5612 5613 5614 5615 5616 5617 5618 5619 5620 5621 5622 5623 5624 5625 5626 5627 5628 5629 5630 5631 5632 5633 5634 5635 5636 5637 5638 5639 5640 5641 5642 5643 5644 5645 5646 5647 5648 5649 5650 5651 5652 5653 5654 5655 5656 5657 5658 5659 5660 5661 5662 5663 5664 5665 5666 5667 5668 5669 5670 5671 5672 5673 5674 5675 5676 5677 5678 5679 5680 5681 5682 5683 5684 5685 5686 5687 5688 5689 5690 5691 5692 5693 5694 5695 5696 5697 5698 5699 5700 5701 5702 5703 5704 5705 5706 5707 5708 5709 5710 5711 5712 5713 5714 5715 5716 5717 5718 5719 5720 5721 5722 5723 5724 5725 5726 5727 5728 5729 5730 5731 5732 5733 5734 5735 5736 5737 5738 5739 5740 5741 5742 5743 5744 5745 5746 5747 5748 5749 5750 5751 5752 5753 5754 5755 5756 5757 5758 5759 5760 5761 5762 5763 5764 5765 5766 5767 5768 5769 5770 5771 5772 5773 5774 5775 5776 5777 5778 5779 5780 5781 5782 5783 5784 5785 5786 5787 5788 5789 5790 5791 5792 5793 5794 5795 5796 5797 5798 5799 5800 5801 5802 5803 5804 5805 5806 5807 5808 5809 5810 5811 5812 5813 5814 5815 5816 5817 5818 5819 5820 5821 5822 5823 5824 5825 5826 5827 5828 5829 5830 5831 5832 5833 5834 5835 5836 5837 5838 5839 5840 5841 5842 5843 5844 5845 5846 5847 5848 5849 5850 5851 5852 5853 5854 5855 5856 5857 5858 5859 5860 5861 5862 5863 5864 5865 5866 5867 5868 5869 5870 5871 5872 5873 5874 5875 5876 5877 5878 5879 5880 5881 5882 5883 5884 5885 5886 5887 5888 5889 5890 5891 5892 5893 5894 5895 5896 5897 5898 5899 5900 5901 5902 5903 5904 5905 5906 5907 5908 5909 5910 5911 5912 5913 5914 5915 5916 5917 5918 5919 5920 5921 5922 5923 5924 5925 5926 5927 5928 5929 5930 5931 5932 5933 5934 5935 5936 5937 5938 5939 5940 5941 5942 5943 5944 5945 5946 5947 5948 5949 5950 5951 5952 5953 5954 5955 5956 5957 5958 5959 5960 5961 5962 5963 5964 5965 5966 5967 5968 5969 5970 5971 5972 5973 5974 5975 5976 5977 5978 5979 5980 5981 5982 5983 5984 5985 5986 5987 5988 5989 5990 5991 5992 5993 5994 5995 5996 5997 5998 5999 6000 6001 6002 6003 6004 6005 6006 6007 6008 6009 6010 6011 6012 6013 6014 6015 6016 6017 6018 6019 6020 6021 6022 6023 6024 6025 6026 6027 6028 6029 6030 6031 6032 6033 6034 6035 6036 6037 6038 6039 6040 6041 6042 6043 6044 6045 6046 6047 6048 6049 6050 6051 6052 6053 6054 6055 6056 6057 6058 6059 6060 6061 6062 6063 6064 6065 6066 6067 6068 6069 6070 6071 6072 6073 6074 6075 6076 6077 6078 6079 6080 6081 6082 6083 6084 6085 6086 6087 6088 6089 6090 6091 6092 6093 6094 6095 6096 6097 6098 6099 6100 6101 6102 6103 6104 6105 6106 6107 6108 6109 6110 6111 6112 6113 6114 6115 6116 6117 6118 6119 6120 6121 6122 6123 6124 6125 6126 6127 6128 6129 6130 6131 6132 6133 6134 6135 6136 6137 6138 6139 6140 6141 6142 6143 6144 6145 6146 6147 6148 6149 6150 6151 6152 6153 6154 6155 6156 6157 6158 6159 6160 6161 6162 6163 6164 6165 6166 6167 6168 6169 6170 6171 6172 6173 6174 6175 6176 6177 6178 6179 6180 6181 6182 6183 6184 6185 6186 6187 6188 6189 6190 6191 6192 6193 6194 6195 6196 6197 6198 6199 6200 6201 6202 6203 6204 6205 6206 6207 6208 6209 6210 6211 6212 6213 6214 6215 6216 6217 6218 6219 6220 6221 6222 6223 6224 6225 6226 6227 6228 6229 6230 6231 6232 6233 6234 6235 6236 6237 6238 6239 6240 6241 6242 6243 6244 6245 6246 6247 6248 6249 6250 6251 6252 6253 6254 6255 6256 6257 6258 6259 6260 6261 6262 6263 6264 6265 6266 6267 6268 6269 6270 6271 6272 6273 6274 6275 6276 6277 6278 6279 6280 6281 6282 6283 6284 6285 6286 6287 6288 6289 6290 6291 6292 6293 6294 6295 6296 6297 6298 6299 6300 6301 6302 6303 6304 6305 6306 6307 6308 6309 6310 6311 6312 6313 6314 6315 6316 6317 6318 6319 6320 6321 6322 6323 6324 6325 6326 6327 6328 6329 6330 6331 6332 6333 6334 6335 6336 6337 6338 6339 6340 6341 6342 6343 6344 6345 6346 6347 6348 6349 6350 6351 6352 6353 6354 6355 6356 6357 6358 6359 6360 6361 6362 6363 6364 6365 6366 6367 6368 6369 6370 6371 6372 6373 6374 6375 6376 6377 6378 6379 6380 6381 6382 6383 6384 6385 6386 6387 6388 6389 6390 6391 6392 6393 6394 6395 6396 6397 6398 6399 6400 6401 6402 6403 6404 6405 6406 6407 6408 6409 6410 6411 6412 6413 6414 6415 6416 6417 6418 6419 6420 6421 6422 6423 6424 6425 6426 6427 6428 6429 6430 6431 6432 6433 6434 6435 6436 6437 6438 6439 6440 6441 6442 6443 6444 6445 6446 6447 6448 6449 6450 6451 6452 6453 6454 6455 6456 6457 6458 6459 6460 6461 6462 6463 6464 6465 6466 6467 6468 6469 6470 6471 6472 6473 6474 6475 6476 6477 6478 6479 6480 6481 6482 6483 6484 6485 6486 6487 6488 6489 6490 6491 6492 6493 6494 6495 6496 6497 6498 6499 6500 6501 6502 6503 6504 6505 6506 6507 6508 6509 6510 6511 6512 6513 6514 6515 6516 6517 6518 6519 6520 6521 6522 6523 6524 6525 6526 6527 6528 6529 6530 6531 6532 6533 6534 6535 6536 6537 6538 6539 6540 6541 6542 6543 6544 6545 6546 6547 6548 6549 6550 6551 6552 6553 6554 6555 6556 6557 6558 6559 6560 6561 6562 6563 6564 6565 6566 6567 6568 6569 6570 6571 6572 6573 6574 6575 6576 6577 6578 6579 6580 6581 6582 6583 6584 6585 6586 6587 6588 6589 6590 6591 6592 6593 6594 6595 6596 6597 6598 6599 6600 6601 6602 6603 6604 6605 6606 6607 6608 6609 6610 6611 6612 6613 6614 6615 6616 6617 6618 6619 6620 6621 6622 6623 6624 6625 6626 6627 6628 6629 6630 6631 6632 6633 6634 6635 6636 6637 6638 6639 6640 6641 6642 6643 6644 6645 6646 6647 6648 6649 6650 6651 6652 6653 6654 6655 6656 6657 6658 6659 6660 6661 6662 6663 6664 6665 6666 6667 6668 6669 6670 6671 6672 6673 6674 6675 6676 6677 6678 6679 6680 6681 6682 6683 6684 6685 6686 6687 6688 6689 6690 6691 6692 6693 6694 6695 6696 6697 6698 6699 6700 6701 6702 6703 6704 6705 6706 6707 6708 6709 6710 6711 6712 6713 6714 6715 6716 6717 6718 6719 6720 6721 6722 6723 6724 6725 6726 6727 6728 6729 6730 6731 6732 6733 6734 6735 6736 6737 6738 6739 6740 6741 6742 6743 6744 6745 6746 6747 6748 6749 6750 6751 6752 6753 6754 6755 6756 6757 6758 6759 6760 6761 6762 6763 6764 6765 6766 6767 6768 6769 6770 6771 6772 6773 6774 6775 6776 6777 6778 6779 6780 6781 6782 6783 6784 6785 6786 6787 6788 6789 6790 6791 6792 6793 6794 6795 6796 6797 6798 6799 6800 6801 6802 6803 6804 6805 6806 6807 6808 6809 6810 6811 6812 6813 6814 6815 6816 6817 6818 6819 6820 6821 6822 6823 6824 6825 6826 6827 6828 6829 6830 6831 6832 6833 6834 6835 6836 6837 6838 6839 6840 6841 6842 6843 6844 6845 6846 6847 6848 6849 6850 6851 6852 6853 6854 6855 6856 6857 6858 6859 6860 6861 6862 6863 6864 6865 6866 6867 6868 6869 6870 6871 6872 6873 6874 6875 6876 6877 6878 6879 6880 6881 6882 6883 6884 6885 6886 6887 6888 6889 6890 6891 6892 6893 6894 6895 6896 6897 6898 6899 6900 6901 6902 6903 6904 6905 6906 6907 6908 6909 6910 6911 6912 6913 6914 6915 6916 6917 6918 6919 6920 6921 6922 6923 6924 6925 6926 6927 6928 6929 6930 6931 6932 6933 6934 6935 6936 6937 6938 6939 6940 6941 6942 6943 6944 6945 6946 6947 6948 6949 6950 6951 6952 6953 6954 6955 6956 6957 6958 6959 6960 6961 6962 6963 6964 6965 6966 6967 6968 6969 6970 6971 6972 6973 6974 6975 6976 6977 6978 6979 6980 6981 6982 6983 6984 6985 6986 6987 6988 6989 6990 6991 6992 6993 6994 6995 6996 6997 6998 6999 7000 7001 7002 7003 7004 7005 7006 7007 7008 7009 7010 7011 7012 7013 7014 7015 7016 7017 7018 7019 7020 7021 7022 7023 7024 7025 7026 7027 7028 7029 7030 7031 7032 7033 7034 7035 7036 7037 7038 7039 7040 7041 7042 7043 7044 7045 7046 7047 7048 7049 7050 7051 7052 7053 7054 7055 7056 7057 7058 7059 7060 7061 7062 7063 7064 7065 7066 7067 7068 7069 7070 7071 7072 7073 7074 7075 7076 7077 7078 7079 7080 7081 7082 7083 7084 7085 7086 7087 7088 7089 7090 7091 7092 7093 7094 7095 7096 7097 7098 7099 7100 7101 7102 7103 7104 7105 7106 7107 7108 7109 7110 7111 7112 7113 7114 7115 7116 7117 7118 7119 7120 7121 7122 7123 7124 7125 7126 7127 7128 7129 7130 7131 7132 7133 7134 7135 7136 7137 7138 7139 7140 7141 7142 7143 7144 7145 7146 7147 7148 7149 7150 7151 7152 7153 7154 7155 7156 7157 7158 7159 7160 7161 7162 7163 7164 7165 7166 7167 7168 7169 7170 7171 7172 7173 7174 7175 7176 7177 7178 7179 7180 7181 7182 7183 7184 7185 7186 7187 7188 7189 7190 7191 7192 7193 7194 7195 7196 7197 7198 7199 7200 7201 7202 7203 7204 7205 7206 7207 7208 7209 7210 7211 7212 7213 7214 7215 7216 7217 7218 7219 7220 7221 7222 7223 7224 7225 7226 7227 7228 7229 7230 7231 7232 7233 7234 7235 7236 7237 7238 7239 7240 7241 7242 7243 7244 7245 7246 7247 7248 7249 7250 7251 7252 7253 7254 7255 7256 7257 7258 7259 7260 7261 7262 7263 7264 7265 7266 7267 7268 7269 7270 7271 7272 7273 7274 7275 7276 7277 7278 7279 7280 7281 7282 7283 7284 7285 7286 7287 7288 7289 7290 7291 7292 7293 7294 7295 7296 7297 7298 7299 7300 7301 7302 7303 7304 7305 7306 7307 7308 7309 7310 7311 7312 7313 7314 7315 7316 7317 7318 7319 7320 7321 7322 7323 7324 7325 7326 7327 7328 7329 7330 7331 7332 7333 7334 7335 7336 7337 7338 7339 7340 7341 7342 7343 7344 7345 7346 7347 7348 7349 7350 7351 7352 7353 7354 7355 7356 7357 7358 7359 7360 7361 7362 7363 7364 7365 7366 7367 7368 7369 7370 7371 7372 7373 7374 7375 7376 7377 7378 7379 7380 7381 7382 7383 7384 7385 7386 7387 7388 7389 7390 7391 7392 7393 7394 7395 7396 7397 7398 7399 7400 7401 7402 7403 7404 7405 7406 7407 7408 7409 7410 7411 7412 7413 7414 7415 7416 7417 7418 7419 7420 7421 7422 7423 7424 7425 7426 7427 7428 7429 7430 7431 7432 7433 7434 7435 7436 7437 7438 7439 7440 7441 7442 7443 7444 7445 7446 7447 7448 7449 7450 7451 7452 7453 7454 7455 7456 7457 7458 7459 7460 7461 7462 7463 7464 7465 7466 7467 7468 7469 7470 7471 7472 7473 7474 7475 7476 7477 7478 7479 7480 7481 7482 7483 7484 7485 7486 7487 7488 7489 7490 7491 7492 7493 7494 7495 7496 7497 7498 7499 7500 7501 7502 7503 7504 7505 7506 7507 7508 7509 7510 7511 7512 7513 7514 7515 7516 7517 7518 7519 7520 7521 7522 7523 7524 7525 7526 7527 7528 7529 7530 7531 7532 7533 7534 7535 7536 7537 7538 7539 7540 7541 7542 7543 7544 7545 7546 7547 7548 7549 7550 7551 7552 7553 7554 7555 7556 7557 7558 7559 7560 7561 7562 7563 7564 7565 7566 7567 7568 7569 7570 7571 7572 7573 7574 7575 7576 7577 7578 7579 7580 7581 7582 7583 7584 7585 7586 7587 7588 7589 7590 7591 7592 7593 7594 7595 7596 7597 7598 7599 7600 7601 7602 7603 7604 7605 7606 7607 7608 7609 7610 7611 7612 7613 7614 7615 7616 7617 7618 7619 7620 7621 7622 7623 7624 7625 7626 7627 7628 7629 7630 7631 7632 7633 7634 7635 7636 7637 7638 7639 7640 7641 7642 7643 7644 7645 7646 7647 7648 7649 7650 7651 7652 7653 7654 7655 7656 7657 7658 7659 7660 7661 7662 7663 7664 7665 7666 7667 7668 7669 7670 7671 7672 7673 7674 7675 7676 7677 7678 7679 7680 7681 7682 7683 7684 7685 7686 7687 7688 7689 7690 7691 7692 7693 7694 7695 7696 7697 7698 7699 7700 7701 7702 7703 7704 7705 7706 7707 7708 7709 7710 7711 7712 7713 7714 7715 7716 7717 7718 7719 7720 7721 7722 7723 7724 7725 7726 7727 7728 7729 7730 7731 7732 7733 7734 7735 7736 7737 7738 7739 7740 7741 7742 7743 7744 7745 7746 7747 7748 7749 7750 7751 7752 7753 7754 7755 7756 7757 7758 7759 7760 7761 7762 7763 7764 7765 7766 7767 7768 7769 7770 7771 7772 7773 7774 7775 7776 7777 7778 7779 7780 7781 7782 7783 7784 7785 7786 7787 7788 7789 7790 7791 7792 7793 7794 7795 7796 7797 7798 7799 7800 7801 7802 7803 7804 7805 7806 7807 7808 7809 7810 7811 7812 7813 7814 7815 7816 7817 7818 7819 7820 7821 7822 7823 7824 7825 7826 7827 7828 7829 7830 7831 7832 7833 7834 7835 7836 7837 7838 7839 7840 7841 7842 7843 7844 7845 7846 7847 7848 7849 7850 7851 7852 7853 7854 7855 7856 7857 7858 7859 7860 7861 7862 7863 7864 7865 7866 7867 7868 7869 7870 7871 7872 7873 7874 7875 7876 7877 7878 7879 7880 7881 7882 7883 7884 7885 7886 7887 7888 7889 7890 7891 7892 7893 7894 7895 7896 7897 7898 7899 7900 7901 7902 7903 7904 7905 7906 7907 7908 7909 7910 7911 7912 7913 7914 7915 7916 7917 7918 7919 7920 7921 7922 7923 7924 7925 7926 7927 7928 7929 7930 7931 7932 7933 7934 7935 7936 7937 7938 7939 7940 7941 7942 7943 7944 7945 7946 7947 7948 7949 7950 7951 7952 7953 7954 7955 7956 7957 7958 7959 7960 7961 7962 7963 7964 7965 7966 7967 7968 7969 7970 7971 7972 7973 7974 7975 7976 7977 7978 7979 7980 7981 7982 7983 7984 7985 7986 7987 7988 7989 7990 7991 7992 7993 7994 7995 7996 7997 7998 7999 8000 8001 8002 8003 8004 8005 8006 8007 8008 8009 8010 8011 8012 8013 8014 8015 8016 8017 8018 8019 8020 8021 8022 8023 8024 8025 8026 8027 8028 8029 8030 8031 8032 8033 8034 8035 8036 8037 8038 8039 8040 8041 8042 8043 8044 8045 8046 8047 8048 8049 8050 8051 8052 8053 8054 8055 8056 8057 8058 8059 8060 8061 8062 8063 8064 8065 8066 8067 8068 8069 8070 8071 8072 8073 8074 8075 8076 8077 8078 8079 8080 8081 8082 8083 8084 8085 8086 8087 8088 8089 8090 8091 8092 8093 8094 8095 8096 8097 8098 8099 8100 8101 8102 8103 8104 8105 8106 8107 8108 8109 8110 8111 8112 8113 8114 8115 8116 8117 8118 8119 8120 8121 8122 8123 8124 8125 8126 8127 8128 8129 8130 8131 8132 8133 8134 8135 8136 8137 8138 8139 8140 8141 8142 8143 8144 8145 8146 8147 8148 8149 8150 8151 8152 8153 8154 8155 8156 8157 8158 8159 8160 8161 8162 8163 8164 8165 8166 8167 8168 8169 8170 8171 8172 8173 8174 8175 8176 8177 8178 8179 8180 8181 8182 8183 8184 8185 8186 8187 8188 8189 8190 8191 8192 8193 8194 8195 8196 8197 8198 8199 8200 8201 8202 8203 8204 8205 8206 8207 8208 8209 8210 8211 8212 8213 8214 8215 8216 8217 8218 8219 8220 8221 8222 8223 8224 8225 8226 8227 8228 8229 8230 8231 8232 8233 8234 8235 8236 8237 8238 8239 8240 8241 8242 8243 8244 8245 8246 8247 8248 8249 8250 8251 8252 8253 8254 8255 8256 8257 8258 8259 8260 8261 8262 8263 8264 8265 8266 8267 8268 8269 8270 8271 8272 8273 8274 8275 8276 8277 8278 8279 8280 8281 8282 8283 8284 8285 8286 8287 8288 8289 8290 8291 8292 8293 8294 8295 8296 8297 8298 8299 8300 8301 8302 8303 8304 8305 8306 8307 8308 8309 8310 8311 8312 8313 8314 8315 8316 8317 8318 8319 8320 8321 8322 8323 8324 8325 8326 8327 8328 8329 8330 8331 8332 8333 8334 8335 8336 8337 8338 8339 8340 8341 8342 8343 8344 8345 8346 8347 8348 8349 8350 8351 8352 8353 8354 8355 8356 8357 8358 8359 8360 8361 8362 8363 8364 8365 8366 8367 8368 8369 8370 8371 8372 8373 8374 8375 8376 8377 8378 8379 8380 8381 8382 8383 8384 8385 8386 8387 8388 8389 8390 8391 8392 8393 8394 8395 8396 8397 8398 8399 8400 8401 8402 8403 8404 8405 8406 8407 8408 8409 8410 8411 8412 8413 8414 8415 8416 8417 8418 8419 8420 8421 8422 8423 8424 8425 8426 8427 8428 8429 8430 8431 8432 8433 8434 8435 8436 8437 8438 8439 8440 8441 8442 8443 8444 8445 8446 8447 8448 8449 8450 8451 8452 8453 8454 8455 8456 8457 8458 8459 8460 8461 8462 8463 8464 8465 8466 8467 8468 8469 8470 8471 8472 8473 8474 8475 8476 8477 8478 8479 8480 8481 8482 8483 8484 8485 8486 8487 8488 8489 8490 8491 8492 8493 8494 8495 8496 8497 8498 8499 8500 8501 8502 8503 8504 8505 8506 8507 8508 8509 8510 8511 8512 8513 8514 8515 8516 8517 8518 8519 8520 8521 8522 8523 8524 8525 8526 8527 8528 8529 8530 8531 8532 8533 8534 8535 8536 8537 8538 8539 8540 8541 8542 8543 8544 8545 8546 8547 8548 8549 8550 8551 8552 8553 8554 8555 8556 8557 8558 8559 8560 8561 8562 8563 8564 8565 8566 8567 8568 8569 8570 8571 8572 8573 8574 8575 8576 8577 8578 8579 8580 8581 8582 8583 8584 8585 8586 8587 8588 8589 8590 8591 8592 8593 8594 8595 8596 8597 8598 8599 8600 8601 8602 8603 8604 8605 8606 8607 8608 8609 8610 8611 8612 8613 8614 8615 8616 8617 8618 8619 8620 8621 8622 8623 8624 8625 8626 8627 8628 8629 8630 8631 8632 8633 8634 8635 8636 8637 8638 8639 8640 8641 8642 8643 8644 8645 8646 8647 8648 8649 8650 8651 8652 8653 8654 8655 8656 8657 8658 8659 8660 8661 8662 8663 8664 8665 8666 8667
CELL_DATA 1
SCALARS Path_Failure unsigned_char 1
LOOKUP_TABLE default
0
POINT_DATA 8668
SCALARS Segment_Type unsigned_char 1
LOOKUP_TABLE default
0
0
0
0
0
0
0
0
0
0
0
0
0
0
0
0
0
0
0
0
0
0
0
0
0
0
0
0
0
0
0
0
0
0
0
0
0
0
0
0
0
0
0
0
0
0
0
0
0
0
0
0
0
0
0
0
0
0
0
0
0
0
0
0
0
0
0
0
0
0
0
0
0
0
0
0
0
0
0
0
0
0
0
0
0
0
0
0
0
0
0
0
0
0
0
0
0
0
0
0
0
0
0
0
0
0
0
0
0
0
0
0
0
0
0
0
0
0
0
0
0
0
0
0
0
0
0
0
0
0
0
0
0
0
0
0
0
0
0
0
0
0
0
0
0
0
0
0
0
0
0
0
0
0
0
0
0
0
0
0
0
0
0
0
0
0
0
0
0
0
0
0
0
0
0
0
0
0
0
0
0
0
0
0
0
0
0
0
0
0
0
0
0
0
0
0
0
0
0
0
0
0
0
0
0
0
0
0
0
0
0
0
0
0
0
0
0
0
0
0
0
0
0
0
0
0
0
0
0
0
0
0
0
0
0
0
0
0
0
0
0
0
0
0
0
0
0
0
0
0
0
0
0
0
0
0
0
0
0
0
0
0
0
0
0
0
0
0
0
0
0
0
0
0
0
0
0
0
0
0
0
0
0
0
0
0
0
0
0
0
0
0
0
0
0
0
0
0
0
0
0
0
0
0
0
0
0
0
0
0
0
0
0
0
0
0
0
0
0
0
0
0
0
0
0
0
0
0
0
0
0
0
0
0
0
0
0
0
0
0
0
0
0
0
0
0
0
0
0
0
0
0
0
0
0
0
0
0
0
0
0
0
0
0
0
0
0
0
0
0
0
0
0
0
0
0
0
0
0
0
0
0
0
0
0
0
0
0
0
0
0
0
0
0
0
0
0
0
0
0
0
0
0
0
0
0
0
0
0
0
0
0
0
0
0
0
0
0
0
0
0
0
0
0
0
0
0
0
0
0
0
0
0
0
0
0
0
0
0
0
0
0
0
0
0
0
0
0
0
0
0
0
0
0
0
0
0
0
0
0
0
0
0
0
0
0
0
0
0
0
0
0
0
0
0
0
0
0
0
0
0
0
0
0
0
0
0
0
0
0
0
0
0
0
0
0
0
0
0
0
0
0
0
0
0
0
0
0
0
0
0
0
0
0
0
0
0
0
0
0
0
0
0
0
0
0
0
0
0
0
0
0
0
0
0
0
0
0
0
0
0
0
0
0
0
0
0
0
0
0
0
0
0
0
0
0
0
0
0
0
0
0
0
0
0
0
0
0
0
0
0
0
0
0
0
0
0
0
0
0
0
0
0
0
0
0
0
0
0
0
0
0
0
0
0
0
0
0
0
0
0
0
0
0
0
0
0
0
0
0
0
0
0
0
0
0
0
0
0
0
0
0
0
0
0
0
0
0
0
0
0
0
0
0
0
0
0
0
0
0
0
0
0
0
0
0
0
0
0
0
0
0
0
0
0
0
0
0
0
0
0
0
0
0
0
0
0
0
0
0
0
0
0
0
0
0
0
0
0
0
0
0
0
0
0
0
0
0
0
0
0
0
0
0
0
0
0
0
0
0
0
0
0
0
0
0
0
0
0
0
0
0
0
0
0
0
0
0
0
0
0
0
0
0
0
0
0
0
0
0
0
0
0
0
0
0
0
0
0
0
0
0
0
0
0
0
0
0
0
0
0
0
0
0
0
0
0
0
0
0
0
0
0
0
0
0
0
0
0
0
0
0
0
0
0
0
0
0
0
0
0
0
0
0
0
0
0
0
0
0
0
0
0
0
0
0
0
0
0
0
0
0
0
0
0
0
0
0
0
0
0
0
0
0
0
0
0
0
0
0
0
0
0
0
0
0
0
0
0
0
0
0
0
0
0
0
0
0
0
0
0
0
0
0
0
0
0
0
0
0
0
0
0
0
0
0
0
0
0
0
0
0
0
0
0
0
0
0
0
0
0
0
0
0
0
0
0
0
0
0
0
0
0
0
0
0
0
0
0
0
0
0
0
0
0
0
0
0
0
0
0
0
0
0
0
0
0
0
0
0
0
0
0
0
0
0
0
0
0
0
0
0
0
0
0
0
0
0
0
0
0
0
0
0
0
0
0
0
0
0
0
0
0
0
0
0
0
0
0
0
0
0
0
0
0
0
0
0
0
0
0
0
0
0
0
0
0
0
0
0
0
0
0
0
0
0
0
0
0
0
0
0
0
0
0
0
0
0
0
0
0
0
0
0
0
0
0
0
0
0
0
0
0
0
0
0
0
0
0
0
0
0
0
0
0
0
0
0
0
0
0
0
0
0
0
0
0
0
0
0
0
0
0
0
0
0
0
0
0
0
0
0
0
0
0
0
0
0
0
0
0
0
0
0
0
0
0
0
0
0
0
0
0
0
0
0
0
0
0
0
0
0
0
0
0
0
0
0
0
0
0
0
0
0
0
0
0
0
0
0
0
0
0
0
0
0
0
0
0
0
0
0
0
0
0
0
0
0
0
0
0
0
0
0
0
0
0
0
0
0
0
0
0
0
0
0
0
0
0
0
0
0
0
0
0
0
0
0
0
0
0
0
0
0
0
0
0
0
0
0
0
0
0
0
0
0
0
0
0
0
0
0
0
0
0
0
0
0
0
0
0
0
0
0
0
0
0
0
0
0
0
0
0
0
0
0
0
0
0
0
0
0
0
0
0
0
0
0
0
0
0
0
0
0
0
0
0
0
0
0
0
0
0
0
0
0
0
0
0
0
0
0
0
0
0
0
0
0
0
0
0
0
0
0
0
0
0
0
0
0
0
0
0
0
0
0
0
0
0
0
0
0
0
0
0
0
0
0
0
0
0
0
0
0
0
0
0
0
0
0
0
0
0
0
0
0
0
0
0
0
0
0
0
0
0
0
0
0
0
0
0
0
0
0
0
0
0
0
0
0
0
0
0
0
0
0
0
0
0
0
0
0
0
0
0
0
0
0
0
0
0
0
0
0
0
0
0
0
0
0
0
0
0
0
0
0
0
0
0
0
0
0
0
0
0
0
0
0
0
0
0
0
0
0
0
0
0
0
0
0
0
0
0
0
0
0
0
0
0
0
0
0
0
0
0
0
0
0
0
0
0
0
0
0
0
0
0
0
0
0
0
0
0
0
0
0
0
0
0
0
0
0
0
0
0
0
0
0
0
0
0
0
0
0
0
0
0
0
0
0
0
0
0
0
0
0
0
0
0
0
0
0
0
0
0
0
0
0
0
0
0
0
0
0
0
0
0
0
0
0
0
0
0
0
0
0
0
0
0
0
0
0
0
0
0
0
0
0
0
0
0
0
0
0
0
0
0
0
0
0
0
0
0
0
0
0
0
0
0
0
0
0
0
0
0
0
0
0
0
0
0
0
0
0
0
0
0
0
0
0
0
0
0
0
0
0
0
0
0
0
0
0
0
0
0
0
0
0
0
0
0
0
0
0
0
0
0
0
0
0
0
0
0
0
0
0
0
0
0
0
0
0
0
0
0
0
0
0
0
0
0
0
0
0
0
0
0
0
0
0
0
0
0
0
0
0
0
0
0
0
0
0
0
0
0
0
0
0
0
0
0
0
0
0
0
0
0
0
0
0
0
0
0
0
0
0
0
0
0
0
0
0
0
0
0
0
0
0
0
0
0
0
0
0
0
0
0
0
0
0
0
0
0
0
0
0
0
0
0
0
0
0
0
0
0
0
0
0
0
0
0
0
0
0
0
0
0
0
0
0
0
0
0
0
0
0
0
0
0
0
0
0
0
0
0
0
0
0
0
0
0
0
0
0
0
0
0
0
0
0
0
0
0
0
0
0
0
0
0
0
0
0
0
0
0
0
0
0
0
0
0
0
0
0
0
0
0
0
0
0
0
0
0
0
0
0
0
0
0
0
0
0
0
0
0
0
0
0
0
0
0
0
0
0
0
0
0
0
0
0
0
0
0
0
0
0
0
0
0
0
0
0
0
0
0
0
0
0
0
0
0
0
0
0
0
0
0
0
0
0
0
0
0
0
0
0
0
0
0
0
0
0
0
0
0
0
0
0
0
0
0
0
0
0
0
0
0
0
0
0
0
0
0
0
0
0
0
0
0
0
0
0
0
0
0
0
0
0
0
0
0
0
0
0
0
0
0
0
0
0
0
0
0
0
0
0
0
0
0
0
0
0
0
0
0
0
0
0
0
0
0
0
0
0
0
0
0
0
0
0
0
0
0
0
0
0
0
0
0
0
0
0
0
0
0
0
0
0
0
0
0
0
0
0
0
0
0
0
0
0
0
0
0
0
0
0
0
0
0
0
0
0
0
0
0
0
0
0
0
0
0
0
0
0
0
0
0
0
0
0
0
0
0
0
0
0
0
0
0
0
0
0
0
0
0
0
0
0
0
0
0
0
0
0
0
0
0
0
0
0
0
0
0
0
0
0
0
0
0
0
0
0
0
0
0
0
0
0
0
0
0
0
0
0
0
0
0
0
0
0
0
0
0
0
0
0
0
0
0
0
0
0
0
0
0
0
0
0
0
0
0
0
0
0
0
0
0
0
0
0
0
0
0
0
0
0
0
0
0
0
0
0
0
0
0
0
0
0
0
0
0
0
0
0
0
0
0
0
0
0
0
0
0
0
0
0
0
0
0
0
0
0
0
0
0
0
0
0
0
0
0
0
0
0
0
0
0
0
0
0
0
0
0
0
0
0
0
0
0
0
0
0
0
0
0
0
0
0
0
0
0
0
0
0
0
0
0
0
0
0
0
0
0
0
0
0
0
0
0
0
0
0
0
0
0
0
0
0
0
0
0
0
0
0
0
0
0
0
0
0
0
0
0
0
0
0
0
0
0
0
0
0
0
0
0
0
0
0
0
0
0
0
0
0
0
0
0
0
0
0
0
0
0
0
0
0
0
0
0
0
0
0
0
0
0
0
0
0
0
0
0
0
0
0
0
0
0
0
0
0
0
0
0
0
0
0
0
0
0
0
0
0
0
0
0
0
0
0
0
0
0
0
0
0
0
0
0
0
0
0
0
0
0
0
0
0
0
0
0
0
0
0
0
0
0
0
0
0
0
0
0
0
0
0
0
0
0
0
0
0
0
0
0
0
0
0
0
0
0
0
0
0
0
0
0
0
0
0
0
0
0
0
0
0
0
0
0
0
0
0
0
0
0
0
0
0
0
0
0
0
0
0
0
0
0
0
0
0
0
0
0
0
0
0
0
0
0
0
0
0
0
0
0
0
0
0
0
0
0
0
0
0
0
0
0
0
0
0
0
0
0
0
0
0
0
0
0
0
0
0
0
0
0
0
0
0
0
0
0
0
0
0
0
0
0
0
0
0
0
0
0
0
0
0
0
0
0
0
0
0
0
0
0
0
0
0
0
0
0
0
0
0
0
0
0
0
0
0
0
0
0
0
0
0
0
0
0
0
0
0
0
0
0
0
0
0
0
0
0
0
0
0
0
0
0
0
0
0
0
0
0
0
0
0
0
0
0
0
0
0
0
0
0
0
0
0
0
0
0
0
0
0
0
0
0
0
0
0
0
0
0
0
0
0
0
0
0
0
0
0
0
0
0
0
0
0
0
0
0
0
0
0
0
0
0
0
0
0
0
0
0
0
0
0
0
0
0
0
0
0
0
0
0
0
0
0
0
0
0
0
0
0
0
0
0
0
0
0
0
0
0
0
0
0
0
0
0
0
0
0
0
0
0
0
0
0
0
0
0
0
0
0
0
0
0
0
0
0
0
0
0
0
0
0
0
0
0
0
0
0
0
0
0
0
0
0
0
0
0
0
0
0
0
0
0
0
0
0
0
0
0
0
0
0
0
0
0
0
0
0
0
0
0
0
0
0
0
0
0
0
0
0
0
0
0
0
0
0
0
0
0
0
0
0
0
0
0
0
0
0
0
0
0
0
0
0
0
0
0
0
0
0
0
0
0
0
0
0
0
0
0
0
0
0
0
0
0
0
0
0
0
0
0
0
0
0
0
0
0
0
0
0
0
0
0
0
0
0
0
0
0
0
0
0
0
0
0
0
0
0
0
0
0
0
0
0
0
0
0
0
0
0
0
0
0
0
0
0
0
0
0
0
0
0
0
0
0
0
0
0
0
0
0
0
0
0
0
0
0
0
0
0
0
0
0
0
0
0
0
0
0
0
0
0
0
0
0
0
0
0
0
0
0
0
0
0
0
0
0
0
0
0
0
0
0
0
0
0
0
0
0
0
0
0
0
0
0
0
0
0
0
0
0
0
0
0
0
0
0
0
0
0
0
0
0
0
0
0
0
0
0
0
0
0
0
0
0
0
0
0
0
0
0
0
0
0
0
0
0
0
0
0
0
0
0
0
0
0
0
0
0
0
0
0
0
0
0
0
0
0
0
0
0
0
0
0
0
0
0
0
0
0
0
0
0
0
0
0
0
0
0
0
0
0
0
0
0
0
0
0
0
0
0
0
0
0
0
0
0
0
0
0
0
0
0
0
0
0
0
0
0
0
0
0
0
0
0
0
0
0
0
0
0
0
0
0
0
0
0
0
0
0
0
0
0
0
0
0
0
0
0
0
0
0
0
0
0
0
0
0
0
0
0
0
0
0
0
0
0
0
0
0
0
0
0
0
0
0
0
0
0
0
0
0
0
0
0
0
0
0
0
0
0
0
0
0
0
0
0
0
0
0
0
0
0
0
0
0
0
0
0
0
0
0
0
0
0
0
0
0
0
0
0
0
0
0
0
0
0
0
0
0
0
0
0
0
0
0
0
0
0
0
0
0
0
0
0
0
0
0
0
0
0
0
0
0
0
0
0
0
0
0
0
0
0
0
0
0
0
0
0
0
0
0
0
0
0
0
0
0
0
0
0
0
0
0
0
0
0
0
0
0
0
0
0
0
0
0
0
0
0
0
0
0
0
0
0
0
0
0
0
0
0
0
0
0
0
0
0
0
0
0
0
0
0
0
0
0
0
0
0
0
0
0
0
0
0
0
0
0
0
0
0
0
0
0
0
0
0
0
0
0
0
0
0
0
0
0
0
0
0
0
0
0
0
0
0
0
0
0
0
0
0
0
0
0
0
0
0
0
0
0
0
0
0
0
0
0
0
0
0
0
0
0
0
0
0
0
0
0
0
0
0
0
0
0
0
0
0
0
0
0
0
0
0
0
0
0
0
0
0
0
0
0
0
0
0
0
0
0
0
0
0
0
0
0
0
0
0
0
0
0
0
0
0
0
0
0
0
0
0
0
0
0
0
0
0
0
0
0
0
0
0
0
0
0
0
0
0
0
0
0
0
0
0
0
0
0
0
0
0
0
0
0
0
0
0
0
0
0
0
0
0
0
0
0
0
0
0
0
0
0
0
0
0
0
0
0
0
0
0
0
0
0
0
0
0
0
0
0
0
0
0
0
0
0
0
0
0
0
0
0
0
0
0
0
0
0
0
0
0
0
0
0
0
0
0
0
0
0
0
0
0
0
0
0
0
0
0
0
0
0
0
0
0
0
0
0
0
0
0
0
0
0
0
0
0
0
0
0
0
0
0
0
0
0
0
0
0
0
0
0
0
0
0
0
0
0
0
0
0
0
0
0
0
0
0
0
0
0
0
0
0
0
0
0
0
0
0
0
0
0
0
0
0
0
0
0
0
0
0
0
0
0
0
0
0
0
0
0
0
0
0
0
0
0
0
0
0
0
0
0
0
0
0
0
0
0
0
0
0
0
0
0
0
0
0
0
0
0
0
0
0
0
0
0
0
0
0
0
0
0
0
0
0
0
0
0
0
0
0
0
0
0
0
0
0
0
0
0
0
0
0
0
0
0
0
0
0
0
0
0
0
0
0
0
0
0
0
0
0
0
0
0
0
0
0
0
0
0
0
0
0
0
0
0
0
0
0
0
0
0
0
0
0
0
0
0
0
0
0
0
0
0
0
0
0
0
0
0
0
0
0
0
0
0
0
0
0
0
0
0
0
0
0
0
0
0
0
0
0
0
0
0
0
0
0
0
0
0
0
0
0
0
0
0
0
0
0
0
0
0
0
0
0
0
0
0
0
0
0
0
0
0
0
0
0
0
0
0
0
0
0
0
0
0
0
0
0
0
0
0
0
0
0
0
0
0
0
0
0
0
0
0
0
0
0
0
0
0
0
0
0
0
0
0
0
0
0
0
0
0
0
0
0
0
0
0
0
0
0
0
0
0
0
0
0
0
0
0
0
0
0
0
0
0
0
0
0
0
0
0
0
0
0
0
0
0
0
0
0
0
0
0
0
0
0
0
0
0
0
0
0
0
0
0
0
0
0
0
0
0
0
0
0
0
0
0
0
0
0
0
0
0
0
0
0
0
0
0
0
0
0
0
0
0
0
0
0
0
0
0
0
0
0
0
0
0
0
0
0
0
0
0
0
0
0
0
0
0
0
0
0
0
0
0
0
0
0
0
0
0
0
0
0
0
0
0
0
0
0
0
0
0
0
0
0
0
0
0
0
0
0
0
0
0
0
0
0
0
0
0
0
0
0
0
0
0
0
0
0
0
0
0
0
0
0
0
0
0
0
0
0
0
0
0
0
0
0
0
0
0
0
0
0
0
0
0
0
0
0
0
0
0
0
0
0
0
0
0
0
0
0
0
0
0
0
0
0
0
0
0
0
0
0
0
0
0
0
0
0
0
0
0
0
0
0
0
0
0
0
0
0
0
0
0
0
0
0
0
0
0
0
0
0
0
0
0
0
0
0
0
0
0
0
0
0
0
0
0
0
0
0
0
0
0
0
0
0
0
0
0
0
0
0
0
0
0
0
0
0
0
0
0
0
0
0
0
0
0
0
0
0
0
0
0
0
0
0
0
0
0
0
0
0
0
0
0
0
0
0
0
0
0
0
0
0
0
0
0
0
0
0
0
0
0
0
0
0
0
0
0
0
0
0
0
0
0
0
0
0
0
0
0
0
0
0
0
0
0
0
0
0
0
0
0
0
0
0
0
0
0
0
0
0
0
0
0
0
0
0
0
0
0
0
0
0
0
0
0
0
0
0
0
0
0
0
0
0
0
0
0
0
0
0
0
0
0
0
0
0
0
0
0
0
0
0
0
0
0
0
0
0
0
0
0
0
0
0
0
0
0
0
0
0
0
0
0
0
0
0
0
0
0
0
0
0
0
0
0
0
0
0
0
0
0
0
0
0
0
0
0
0
0
0
0
0
0
0
0
0
0
0
0
0
0
0
0
0
0
0
0
0
0
0
0
0
0
0
0
0
0
0
0
0
0
0
0
0
0
0
0
0
0
0
0
0
0
0
0
0
0
0
0
0
0
0
0
0
0
0
0
0
0
0
0
0
0
0
0
0
0
0
0
0
0
0
0
0
0
0
0
0
0
0
0
0
0
0
0
0
0
0
0
0
0
0
0
0
0
0
0
0
0
0
0
0
0
0
0
0
0
0
0
0
0
0
0
0
0
0
0
0
0
0
0
0
0
0
0
0
0
0
0
0
0
0
0
0
0
0
0
0
0
0
0
0
0
0
0
0
0
0
0
0
0
0
0
0
0
0
0
0
0
0
0
0
0
0
0
0
0
0
0
0
0
0
0
0
0
0
0
0
0
0
0
0
0
0
0
0
0
0
0
0
0
0
0
0
0
0
0
0
0
0
0
0
0
0
0
0
0
0
0
0
0
0
0
0
0
0
0
0
0
0
0
0
0
0
0
0
0
0
0
0
0
0
0
0
0
0
0
0
0
0
0
0
0
0
0
0
0
0
0
0
0
0
0
0
0
0
0
0
0
0
0
0
0
0
0
0
0
0
0
0
0
0
0
0
0
0
0
0
0
0
0
0
0
0
0
0
0
0
0
0
0
0
0
0
0
0
0
0
0
0
0
0
0
0
0
0
0
0
0
0
0
0
0
0
0
0
0
0
0
0
0
0
0
0
0
0
0
0
0
0
0
0
0
0
0
0
0
0
0
0
0
0
0
0
0
0
0
0
0
0
0
0
0
0
0
0
0
0
0
0
0
0
0
0
0
0
0
0
0
0
0
0
0
0
0
0
0
0
0
0
0
0
0
0
0
0
0
0
0
0
0
0
0
0
0
0
0
0
0
0
0
0
0
0
0
0
0
0
0
0
0
0
0
0
0
0
0
0
0
0
0
0
0
0
0
0
0
0
0
0
0
0
0
0
0
0
0
0
0
0
0
0
0
0
0
0
0
0
0
0
0
0
0
0
0
0
0
0
0
0
0
0
0
0
0
0
0
0
0
0
0
0
0
0
0
0
0
0
0
0
0
0
0
0
0
0
0
0
0
0
0
0
0
0
0
0
0
0
0
0
0
0
0
0
0
0
0
0
0
0
0
0
0
0
0
0
0
0
0
0
0
0
0
0
0
0
0
0
0
0
0
0
0
0
0
0
0
0
0
0
0
0
0
0
0
0
0
0
0
0
0
0
0
0
0
0
0
0
0
0
0
0
0
0
0
0
0
0
0
0
0
0
0
0
0
0
0
0
0
0
0
0
0
0
0
0
0
0
0
0
0
0
0
0
0
0
0
0
0
0
0
0
0
0
0
0
0
0
0
0
0
0
0
0
0
0
0
0
0
0
0
0
0
0
0
0
0
0
0
0
0
0
0
0
0
0
0
0
0
0
0
0
0
0
0
0
0
0
0
0
0
0
0
0
0
0
0
0
0
0
0
0
0
0
0
0
0
0
0
0
0
0
0
0
0
0
0
0
0
0
0
0
0
0
0
0
0
0
0
0
0
0
0
0
0
0
0
0
0
0
0
0
0
0
0
0
0
0
0
0
0
0
0
0
0
0
0
0
0
0
0
0
0
0
0
0
0
0
0
0
0
0
0
0
0
0
0
0
0
0
0
0
0
0
0
0
0
0
0
0
0
0
0
0
0
0
0
0
0
0
0
0
0
0
0
0
0
0
0
0
0
0
0
0
0
0
0
0
0
0
0
0
0
0
0
0
0
0
0
0
0
0
0
0
0
0
0
0
0
0
0
0
0
0
0
0
0
0
0
0
0
0
0
0
0
0
0
0
0
0
0
0
0
0
0
0
0
0
0
0
0
0
0
0
0
0
0
0
0
0
0
0
0
0
0
0
0
0
0
0
0
0
0
0
0
0
0
0
0
0
0
0
0
0
0
0
0
0
0
0
0
0
0
0
0
0
0
0
0
0
0
0
0
0
0
0
0
0
0
0
0
0
0
0
0
0
0
0
0
0
0
0
0
0
0
0
0
0
0
0
0
0
0
0
0
0
0
0
0
0
0
0
0
0
0
0
0
0
0
0
0
0
0
0
0
0
0
0
0
0
0
0
0
0
0
0
0
0
0
0
0
0
0
0
0
0
0
0
0
0
0
0
0
0
0
0
0
0
0
0
0
0
0
0
0
0
0
0
0
0
0
0
0
0
0
0
0
0
0
0
0
0
0
0
0
0
0
0
0
0
0
0
0
0
0
0
0
0
0
0
0
0
0
0
0
0
0
0
0
0
0
0
0
0
0
0
0
0
0
0
0
0
0
0
0
0
0
0
0
0
0
0
0
0
0
0
0
0
0
0
0
0
0
0
0
0
0
0
0
0
0
0
0
0
0
0
0
0
0
0
0
0
0
0
0
0
0
0
0
0
0
0
0
0
0
0
0
0
0
0
0
0
0
0
0
0
0
0
0
0
0
0
0
0
0
0
0
0
0
0
0
0
0
0
0
0
0
0
0
0
0
0
0
0
0
0
0
0
0
0
0
0
0
0
0
0
0
0
0
0
0
0
0
0
0
0
0
0
0
0
0
0
0
0
0
0
0
0
0
0
0
0
0
0
0
0
0
0
0
0
0
0
0
0
0
0
0
0
0
0
0
0
0
0
0
0
0
0
0
0
0
0
0
0
0
0
0
0
0
0
0
0
0
0
0
0
0
0
0
0
0
0
0
0
0
0
0
0
0
0
0
0
0
0
0
0
0
0
0
0
0
0
0
0
0
0
0
0
0
0
0
0
0
0
0
0
0
0
0
0
0
0
0
0
0
0
0
0
0
0
0
0
0
0
0
0
0
0
0
0
0
0
0
0
0
0
0
0
0
0
0
0
0
0
0
0
0
0
0
0
0
0
0
0
0
0
0
0
0
0
0
0
0
0
0
0
0
0
0
0
0
0
0
0
0
0
0
0
0
0
0
0
0
0
0
0
0
0
0
0
0
0
0
0
0
0
0
0
0
0
0
0
0
0
0
0
0
0
0
0
0
0
0
0
0
0
0
0
0
0
0
0
0
0
0
0
0
0
0
0
0
0
0
0
0
0
0
0
0
0
0
0
0
0
0
0
0
0
0
0
0
0
0
0
0
0
0
0
0
0
0
0
0
0
0
0
0
0
0
0
0
0
0
0
0
0
0
0
0
0
0
0
0
0
0
0
0
0
0
0
0
0
0
0
0
0
0
0
0
0
0
0
0
0
0
0
0
0
0
0
0
0
0
0
0
0
0
0
0
0
0
0
0
0
0
0
0
0
0
0
0
0
0
0
0
0
0
0
0
0
0
0
0
0
0
0
0
0
0
0
0
0
0
0
0
0
0
0
0
0
0
0
0
0
0
0
0
0
0
0
0
0
0
0
0
0
0
0
0
0
0
0
0
0
0
0
0
0
0
0
0
0
0
0
0
0
0
0
0
0
0
0
0
0
0
0
0
0
0
0
0
0
0
0
0
0
0
0
0
0
0
0
0
0
0
0
0
0
0
0
0
0
0
0
0
0
0
0
0
0
0
0
0
0
0
0
0
0
0
0
0
0
0
0
0
0
0
0
0
0
0
0
0
0
0
0
0
0
0
0
0
0
0
0
0
0
0
0
0
0
0
0
0
0
0
0
0
0
0
0
0
0
0
0
0
0
0
0
0
0
0
0
0
0
0
0
0
0
0
0
0
0
0
0
0
0
0
0
0
0
0
0
0
0
0
0
0
0
0
0
0
0
0
0
0
0
0
0
0
0
0
0
0
0
0
0
0
0
0
0
0
0
0
0
0
0
0
0
0
0
0
0
0
0
0
0
0
0
0
0
0
0
0
0
0
0
0
0
0
0
0
0
0
0
0
0
0
0
0
0
0
0
0
0
0
0
0
0
0
0
0
0
0
0
0
0
0
0
0
0
0
0
0
0
0
0
0
0
0
0
0
0
0
0
0
0
0
0
0
0
0
0
0
0
0
0
0
0
0
0
0
0
0
0
0
0
0
0
0
0
0
0
0
0
0
0
0
0
0
0
0
0
0
0
0
0
0
0
0
0
0
0
0
0
0
0
0
0
0
0
0
0
0
0
0
0
0
0
0
0
0
0
0
0
0
0
0
0
0
0
0
0
0
0
0
0
0
0
0
0
0
0
0
0
0
0
0
0
0
0
0
0
0
0
0
0
0
0
0
0
0
0
0
0
0
0
0
0
0
0
0
0
0
0
0
0
0
0
0
0
0
0
0
0
0
0
0
0
0
0
0
0
0
0
0
0
0
0
0
0
0
0
0
0
0
0
0
0
0
0
0
0
0
0
0
0
0
0
0
0
0
0
0
0
0
0
0
0
0
0
0
0
0
0
0
0
0
0
0
0
0
0
0
0
0
0
0
0
0
0
0
0
0
0
0
0
0
0
0
0
0
0
0
0
0
0
0
0
0
0
0
0
0
0
0
0
0
0
0
0
0
0
0
0
0
0
0
0
0
0
0
0
0
0
0
0
0
0
0
0
0
0
0
0
0
0
0
0
0
0
0
0
0
0
0
0
0
0
0
0
0
0
0
0
0
0
0
0
0
0
0
0
0
0
0
0
0
0
0
0
0
0
0
0
0
0
0
0
0
0
0
0
0
0
0
0
0
0
0
0
0
0
0
0
0
0
0
0
0
0
0
0
0
0
0
0
0
0
0
0
0
0
0
0
0
0
0
0
0
0
0
0
0
0
0
0
0
0
0
0
0
0
0
0
0
0
0
0
0
0
0
0
0
0
0
0
0
0
0
0
0
0
0
0
0
0
0
0
0
0
0
0
0
0
0
0
0
0
0
0
0
0
0
0
0
0
0
0
0
0
0
0
0
0
0
0
0
0
0
0
0
0
0
0
0
0
0
0
0
0
0
0
0
0
0
0
0
0
0
0
0
0
0
0
0
0
0
0
0
0
0
0
0
0
0
0
0
0
0
0
0
0
0
0
0
0
0
0
0
0
0
0
0
0
0
0
0
0
0
0
0
0
0
0
0
0
0
0
0
0
0
0
0
0
0
0
0
0
0
0
0
0
0
0
0
0
0
0
0
0
0
0
0
0
0
0
0
0
0
0
0
0
0
0
0
0
0
0
0
0
0
0
0
0
0
0
0
0
0
0
0
0
0
0
0
0
0
0
0
0
0
0
0
0
0
0
0
0
0
0
0
0
0
0
0
0
0
0
0
0
0
0
0
0
0
0
0
0
0
0
0
0
0
0
0
0
0
0
0
0
0
0
0
0
0
0
0
0
0
0
0
0
0
0
0
0
0
0
0
0
0
0
0
0
0
0
0
0
0
0
0
0
0
0
0
0
0
0
0
0
0
0
0
0
0
0
0
0
0
0
0
0
0
0
0
0
0
0
0
0
0
0
0
0
0
0
0
0
0
0
0
0
0
0
0
0
0
0
0
0
0
0
0
0
0
0
0
0
0
0
0
0
0
0
0
0
0
0
0
0
0
0
0
0
0
0
0
0
0
0
0
0
0
0
0
0
0
0
0
0
0
0
0
0
0
0
0
0
0
0
0
0
0
0
0
0
0
0
0
0
0
0
0
0
0
0
0
0
0
0
0
0
0
0
0
0
0
0
0
0
0
0
0
0
0
0
0
0
0
0
0
0
0
0
0
0
0
0
0
0
0
0
0
0
0
0
0
0
0
0
0
0
0
0
0
0
0
0
0
0
0
0
0
0
0
0
0
0
0
0
0
0
0
0
0
0
0
0
0
0
0
0
0
0
0
0
0
0
0
0
0
0
0
0
0
0
0
0
0
0
0
0
0
0
0
0
0
0
0
0
0
0
0
0
0
0
0
0
0
0
0
0
0
0
0
0
0
0
0
0
0
0
0
0
0
0
0
0
0
0
0
0
0
0
0
0
0
0
0
0
0
0
0
0
0
0
0
0
0
0
0
0
0
0
0
0
0
0
0
0
0
0
0
0
0
0
0
0
0
0
0
0
0
0
0
0
0
0
0
0
0
0
0
0
0
0
0
0
0
0
0
0
0
0
0
0
0
0
0
0
0
0
0
0
0
0
0
0
0
0
0
0
0
0
0
0
0
0
0
0
0
0
0
0
0
0
0
0
0
0
0
0
0
0
0
0
0
0
0
0
0
0
0
0
0
0
0
0
0
0
0
0
0
0
0
0
0
0
0
0
0
0
0
0
0
0
0
0
0
0
0
0
0
0
0
0
0
0
0
0
0
0
0
0
0
0
0
0
0
0
0
0
0
0
0
0
0
0
0
0
0
0
0
0
0
0
0
0
0
0
0
0
0
0
0
0
0
0
0
0
0
0
0
0
0
0
0
0
0
0
0
0
0
0
0
0
0
0
0
0
0
0
0
0
0
0
0
0
0
0
0
0
0
0
0
0
0
0
0
0
0
0
0
0
0
0
0
0
0
0
0
0
0
0
0
0
0
0
0
0
0
0
0
0
0
0
0
0
0
0
0
0
0
0
0
0
0
0
0
0
0
0
0
0
0
0
0
0
0
0
0
0
0
0
0
0
0
0
0
0
0
0
0
0
0
0
0
0
0
0
0
0
0
0
0
0
0
0
0
0
0
0
0
0
0
0
0
0
0
0
0
0
0
0
0
0
0
0
0
0
0
0
0
0
0
0
0
0
0
0
0
0
0
0
0
0
0
0
0
0
0
0
0
0
0
0
0
0
0
0
0
0
0
0
0
0
0
0
0
0
0
0
0
0
0
0
0
0
0
0
0
0
0
0
0
0
0
0
0
0
0
0
0
0
0
0
0
0
0
0
0
0
0
0
0
0
0
0
0
0
0
0
0
0
0
0
0
0
0
0
0
0
0
0
0
0
0
0
0
0
0
0
0
0
0
0
0
0
0
0
0
0
0
0
0
0
0
0
0
0
0
0
0
0
0
0
0
0
0
0
0
0
0
0
0
0
0
0
0
0
0
0
0
0
0
0
0
0
0
0
0
0
0
0
0
0
0
0
0
0
0
0
0
0
0
0
0
0
0
0
0
0
0
0
0
0
0
0
0
0
0
0
0
0
0
0
0
0
0
0
0
0
0
0
0
0
0
0
0
0
0
0
0
0
0
0
0
0
0
0
0
0
0
0
0
0
0
0
0
0
0
0
0
0
0
0
0
0
0
0
0
0
0
0
0
0
0
0
0
0
0
0
0
0
0
0
0
0
0
0
0
0
0
0
0
0
0
0
0
0
0
0
0
0
0
0
0
0
0
0
0
0
0
0
0
0
0
0
0
0
0
0
0
0
0
0
0
0
0
0
0
0
0
0
0
0
0
0
0
0
0
0
0
0
0
0
0
0
0
0
0
0
0
0
0
0
0
0
0
0
0
0
0
0
0
0
0
0
0
0
0
0
0
0
0
0
0
0
0
0
0
0
0
0
0
0
0
0
0
0
0
0
0
0
0
0
0
0
0
0
0
0
0
0
0
0
0
0
0
0
0
0
0
0
0
0
0
0
0
0
0
0
0
0
0
0
0
0
0
0
0
0
0
0
0
0
0
0
0
0
0
0
0
0
0
0
0
0
0
0
0
0
0
0
0
0
0
0
0
0
0
0
0
0
0
0
0
0
0
0
0
0
0
0
0
0
0
0
0
0
0
0
0
0
0
0
0
0
0
0
0
0
0
0
0
0
0
0
0
0
0
0
0
0
0
0
0
0
0
0
0
0
0
0
0
0
0
0
0
0
0
0
0
0
0
0
0
0
0
0
0
0
0
0
0
0
0
0
0
0
0
0
0
0
0
0
0
0
0
0
0
0
0
0
0
0
0
0
0
0
0
0
0
0
0
0
0
0
0
0
0
0
0
0
0
0
0
0
0
0
0
0
0
0
0
0
0
0
0
0
0
0
0
0
0
0
0
0
0
0
0
0
0
0
0
0
0
0
0
0
0
0
0
0
0
0
0
0
0
0
0
0
0
0
0
0
0
0
0
0
0
0
0
0
0
0
0
0
0
0
0
0
0
0
0
0
0
0
0
0
0
0
0
0
0
0
0
0
0
0
0
0
0
0
0
0
0
0
0
0
0
0
0
0
0
0
0
0
0
0
0
0
0
0
0
0
0
0
0
0
0
0
0
0
0
0
0
0
0
0
0
0
0
0
0
0
0
0
0
0
0
0
0
0
0
0
0
0
0
0
0
0
0
0
0
0
0
0
0
0
0
0
0
0
0
0
0
0
0
0
0
0
0
0
0
0
0
0
0
0
0
0
0
0
0
0
0
0
0
0
0
0
0
0
0
0
0
0
0
0
0
0
0
0
0
0
0
0
0
0
0
0
0
0
0
0
0
0
0
0
0
0
0
0
0
0
0
0
0
0
0
0
0
0
0
0
0
0
0
0
0
0
0
0
0
0
0
0
0
0
0
0
0
0
0
0
0
0
0
0
0
0
0
0
0
0
0
0
0
0
0
0
0
0
0
0
0
0
0
0
0
0
0
0
0
0
0
0
0
0
0
0
0
0
0
0
0
0
0
0
0
0
0
0
0
0
0
0
0
0
0
0
0
0
0
0
0
0
0
0
0
0
0
0
0
0
0
0
0
0
0
0
0
0
0
0
0
0
0
0
0
0
0
0
0
0
0
0
0
0
0
0
0
0
0
0
0
0
0
0
0
0
0
0
0
0
0
0
0
0
0
0
0
0
0
0
0
0
0
0
0
0
0
0
0
0
0
0
0
0
0
0
0
0
0
0
0
0
0
0
0
0
0
0
0
0
0
0
0
0
0
0
0
0
0
0
0
0
0
0
0
0
0
0
0
0
0
0
0
0
0
0
0
0
0
0
0
0
0
0
0
0
0
0
0
0
0
0
0
0
0
0
0
0
0
0
0
0
0
0
0
0
0
0
0
0
0
0
0
0
0
0
0
0
0
0
0
0
0
0
0
0
0
0
0
0
0
0
0
0
0
0
0
0
0
0
0
0
0
0
0
0
0
0
0
0
0
0
0
0
0
0
0
0
0
0
0
0
0
0
0
0
0
0
0
0
0
0
0
0
0
0
0
0
0
0
0
0
0
0
0
0
0
0
0
0
0
0
0
0
0
0
0
0
0
0
0
0
0
0
0
0
0
0
0
0
0
0
0
0
0
0
0
0
0
0
0
0
0
0
0
0
0
0
0
0
0
0
0
0
0
0
0
0
0
0
0
0
0
0
0
0
0
0
0
0
0
0
0
0
0
0
0
0
0
0
0
0
0
0
0
0
0
0
0
0
0
0
0
0
0
0
0
0
0
0
0
0
0
0
0
0
0
0
0
0
0
0
0
0
0
0
0
0
0
0
0
0
0
0
0
0
0
0
0
0
0
0
0
0
0
0
0
0
0
0
0
0
0
0
0
0
0
0
0
0
0
0
0
0
0
0
0
0
0
0
0
0
0
0
0
0
0
0
0
0
0
0
0
0
0
0
0
0
0
0
0
0
0
0
0
0
0
0
0
0
0
0
0
0
0
0
0
0
0
0
0
0
0
0
0
0
0
0
0
0
0
0
0
0
0
0
0
0
0
0
0
0
0
0
0
0
0
0
0
0
0
0
0
0
0
0
0
0
0
0
0
0
0
0
0
0
0
0
0
0
0
0
0
0
0
0
0
0
0
0
0
0
0
0
0
0
0
0
0
0
0
0
0
0
0
0
0
0
0
0
0
0
0
0
0
0
0
0
0
0
0
0
0
0
0
0
0
0
0
0
0
0
0
0
0
0
0
0
0
0
0
0
0
0
0
0
0
0
0
0
0
0
0
0
0
0
0
0
0
0
0
0
0
0
0
0
0
0
0
0
0
0
0
0
0
0
0
0
0
0
0
0
0
0
0
0
0
0
0
0
0
0
0
0
0
0
0
0
0
0
0
0
0
0
0
0
0
0
0
0
0
0
0
0
0
0
0
0
0
0
0
0
0
0
0
0
0
0
0
0
0
0
0
0
0
0
0
0
0
0
0
0
0
0
0
0
0
0
0
0
0
0
0
0
0
0
0
0
0
0
0
0
0
0
0
0
0
0
0
0
0
0
0
0
0
0
0
0
0
0
0
0
0
0
0
0
0
0
0
0
0
0
0
0
0
0
0
0
0
0
0
0
0
0
0
0
0
0
0
0
0
0
0
0
0
0
0
0
0
0
0
0
0
0
0
0
0
0
0
0
0
0
0
0
0
0
0
0
0
0
0
0
0
0
0
0
0
0
0
0
0
0
0
0
0
0
0
0
0
0
0
0
0
0
0
0
0
0
0
0
0
0
0
0
0
0
0
0
0
0
0
0
0
0
0
0
0
0
0
0
0
0
0
0
0
0
0
0
0
0
0
0
0
0
0
0
0
SCALARS Weight double 1
LOOKUP_TABLE default
0
0.00166667
0.00333333
0.005
0.00666667
0.00833333
0.01
0.0116667
0.0133333
0.015
0.0166667
0.0183333
0.02
0.0216667
0.0233333
0.025
0.0266667
0.0283333
0.03
0.0316667
0.0333333
0.035
0.0366667
0.0383333
0.04
0.0416667
0.0433333
0.045
0.0466667
0.0483333
0.05
0.0516667
0.0533333
0.055
0.0566667
0.0583333
0.06
0.0616667
0.0633333
0.065
0.0666667
0.0683333
0.07
0.0716667
0.0733333
0.075
0.0766667
0.0783333
0.08
0.0816667
0.0833333
0.085
0.0866667
0.0883333
0.09
0.0916667
0.0933333
0.095
0.0966667
0.0983333
0.1
0.101667
0.103333
0.105
0.106667
0.108333
0.11
0.111667
0.113333
0.115
0.116667
0.118333
0.12
0.121667
0.123333
0.125
0.126667
0.128333
0.13
0.131667
0.133333
0.135
0.136667
0.138333
0.14
0.141667
0.143333
0.145
0.146667
0.148333
0.15
0.151667
0.153333
0.155
0.156667
0.158333
0.16
0.161667
0.163333
0.165
0.166667
0.168333
0.17
0.171667
0.173333
0.175
0.176667
0.178333
0.18
0.181667
0.183333
0.185
0.186667
0.188333
0.19
0.191667
0.193333
0.195
0.196667
0.198333
0.2
0.201667
0.203333
0.205
0.206667
0.208333
0.21
0.211667
0.213333
0.215
0.216667
0.218333
0.22
0.221667
0.223333
0.225
0.226667
0.228333
0.23
0.231667
0.233333
0.235
0.236667
0.238333
0.24
0.241667
0.243333
0.245
0.246667
0.248333
0.25
0.251667
0.253333
0.255
0.256667
0.258333
0.26
0.261667
0.263333
0.265
0.266667
0.268333
0.27
0.271667
0.273333
0.275
0.276667
0.278333
0.28
0.281667
0.283333
0.285
0.286667
0.288333
0.29
0.291667
0.293333
0.295
0.296667
0.298333
0.3
0.301667
0.303333
0.305
0.306667
0.308333
0.31
0.311667
0.313333
0.315
0.316667
0.318333
0.32
0.321667
0.323333
0.325
0.326667
0.328333
0.33
0.331667
0.333333
0.335
0.336667
0.338333
0.34
0.341667
0.343333
0.345
0.346667
0.348333
0.35
0.351667
0.353333
0.355
0.356667
0.358333
0.36
0.361667
0.363333
0.365
0.366667
0.368333
0.37
0.371667
0.373333
0.375
0.376667
0.378333
0.38
0.381667
0.383333
0.385
0.386667
0.388333
0.39
0.391667
0.393333
0.395
0.396667
0.398333
0.4
0.401667
0.403333
0.405
0.406667
0.408333
0.41
0.411667
0.413333
0.415
0.416667
0.418333
0.42
0.421667
0.423333
0.425
0.426667
0.428333
0.43
0.431667
0.433333
0.435
0.436667
0.438333
0.44
0.441667
0.443333
0.445
0.446667
0.448333
0.45
0.451667
0.453333
0.455
0.456667
0.458333
0.46
0.461667
0.463333
0.465
0.466667
0.468333
0.47
0.471667
0.473333
0.475
0.476667
0.478333
0.48
0.481667
0.483333
0.485
0.486667
0.488333
0.49
0.491667
0.493333
0.495
0.496667
0.498333
0.5
0.501667
0.503333
0.505
0.506667
0.508333
0.51
0.511667
0.513333
0.515
0.516667
0.518333
0.52
0.521667
0.523333
0.525
0.526667
0.528333
0.53
0.531667
0.533333
0.535
0.536667
0.538333
0.54
0.541667
0.543333
0.545
0.546667
0.548333
0.55
0.551667
0.553333
0.555
0.556667
0.558333
0.56
0.561667
0.563333
0.565
0.566667
0.568333
0.57
0.571667
0.573333
0.575
0.576667
0.578333
0.58
0.581667
0.583333
0.585
0.586667
0.588333
0.59
0.591667
0.593333
0.595
0.596667
0.598333
0.6
0.601667
0.603333
0.605
0.606667
0.608333
0.61
0.611667
0.613333
0.615
0.616667
0.618333
0.62
0.621667
0.623333
0.625
0.626667
0.628333
0.63
0.631667
0.633333
0.635
0.636667
0.638333
0.64
0.641667
0.643333
0.645
0.646667
0.648333
0.65
0.651667
0.653333
0.655
0.656667
0.658333
0.66
0.661667
0.663333
0.665
0.666667
0.668333
0.67
0.671667
0.673333
0.675
0.676667
0.678333
0.68
0.681667
0.683333
0.685
0.686667
0.688333
0.69
0.691667
0.693333
0.695
0.696667
0.698333
0.7
0.701667
0.703333
0.705
0.706667
0.708333
0.71
0.711667
0.713333
0.715
0.716667
0.718333
0.72
0.721667
0.723333
0.725
0.726667
0.728333
0.73
0.731667
0.733333
0.735
0.736667
0.738333
0.74
0.741667
0.743333
0.745
0.746667
0.748333
0.75
0.751667
0.753333
0.755
0.756667
0.758333
0.76
0.761667
0.763333
0.765
0.766667
0.768333
0.77
0.771667
0.773333
0.775
0.776667
0.778333
0.78
0.781667
0.783333
0.785
0.786667
0.788333
0.79
0.791667
0.793333
0.795
0.796667
0.798333
0.8
0.801667
0.803333
0.805
0.806667
0.808333
0.81
0.811667
0.813333
0.815
0.816667
0.818333
0.82
0.821667
0.823333
0.825
0.826667
0.828333
0.83
0.831667
0.833333
0.835
0.836667
0.838333
0.84
0.841667
0.843333
0.845
0.846667
0.848333
0.85
0.851667
0.853333
0.855
0.856667
0.858333
0.86
0.861667
0.863333
0.865
0.866667
0.868333
0.87
0.871667
0.873333
0.875
0.876667
0.878333
0.88
0.881667
0.883333
0.885
0.886667
0.888333
0.89
0.891667
0.893333
0.895
0.896667
0.898333
0.9
0.901667
0.903333
0.905
0.906667
0.908333
0.91
0.911667
0.913333
0.915
0.916667
0.918333
0.92
0.921667
0.923333
0.925
0.926667
0.928333
0.93
0.931667
0.933333
0.935
0.936667
0.938333
0.94
0.941667
0.943333
0.945
0.946667
0.948333
0.95
0.951667
0.953333
0.955
0.956667
0.958333
0.96
0.961667
0.963333
0.965
0.966667
0.968333
0.97
0.971667
0.973333
0.975
0.976667
0.978333
0.98
0.981667
0.983333
0.985
0.986667
0.988333
0.99
0.991667
0.993333
0.995
0.996667
0.998333
1
1.00167
1.00333
1.005
1.00667
1.00833
1.01
1.01167
1.01333
1.015
1.01667
1.01833
1.02
1.02167
1.02333
1.025
1.02667
1.02833
1.03
1.03167
1.03333
1.035
1.03667
1.03833
1.04
1.04167
1.04333
1.045
1.04667
1.04833
1.05
1.05167
1.05333
1.055
1.05667
1.05833
1.06
1.06167
1.06333
1.065
1.06667
1.06833
1.07
1.07167
1.07333
1.075
1.07667
1.07833
1.08
1.08167
1.08333
1.085
1.08667
1.08833
1.09
1.09167
1.09333
1.095
1.09667
1.09833
1.1
1.10167
1.10333
1.105
1.10667
1.10833
1.11
1.11167
1.11333
1.115
1.11667
1.11833
1.12
1.12167
1.12333
1.125
1.12667
1.12833
1.13
1.13167
1.13333
1.135
1.13667
1.13833
1.14
1.14167
1.14333
1.145
1.14667
1.14833
1.15
1.15167
1.15333
1.155
1.15667
1.15833
1.16
1.16167
1.16333
1.165
1.16667
1.16833
1.17
1.17167
1.17333
1.175
1.17667
1.17833
1.18
1.18167
1.18333
1.185
1.18667
1.18833
1.19
1.19167
1.19333
1.195
1.19667
1.19833
1.2
1.20167
1.20333
1.205
1.20667
1.20833
1.21
1.21167
1.21333
1.215
1.21667
1.21833
1.22
1.22167
1.22333
1.225
1.22667
1.22833
1.23
1.23167
1.23333
1.235
1.23667
1.23833
1.24
1.24167
1.24333
1.245
1.24667
1.24833
1.25
1.25167
1.25333
1.255
1.25667
1.25833
1.26
1.26167
1.26333
1.265
1.26667
1.26833
1.27
1.27167
1.27333
1.275
1.27667
1.27833
1.28
1.28167
1.28333
1.285
1.28667
1.28833
1.29
1.29167
1.29333
1.295
1.29667
1.29833
1.3
1.30167
1.30333
1.305
1.30667
1.30833
1.31
1.31167
1.31333
1.315
1.31667
1.31833
1.32
1.32167
1.32333
1.325
1.32667
1.32833
1.33
1.33167
1.33333
1.335
1.33667
1.33833
1.34
1.34167
1.34333
1.345
1.34667
1.34833
1.35
1.35167
1.35333
1.355
1.35667
1.35833
1.36
1.36167
1.36333
1.365
1.36667
1.36833
1.37
1.37167
1.37333
1.375
1.37667
1.37833
1.38
1.38167
1.38333
1.385
1.38667
1.38833
1.39
1.39167
1.39333
1.395
1.39667
1.39833
1.4
1.40167
1.40333
1.405
1.40667
1.40833
1.41
1.41167
1.41333
1.415
1.41667
1.41833
1.42
1.42167
1.42333
1.425
1.42667
1.42833
1.43
1.43167
1.43333
1.435
1.43667
1.43833
1.44
1.44167
1.44333
1.445
1.44667
1.44833
1.45
1.45167
1.45333
1.455
1.45667
1.45833
1.46
1.46167
1.46333
1.465
1.46667
1.46833
1.47
1.47167
1.47333
1.475
1.47667
1.47833
1.48
1.48167
1.48333
1.485
1.48667
1.48833
1.49
1.49167
1.49333
1.495
1.49667
1.49833
1.5
1.50167
1.50333
1.505
1.50667
1.50833
1.51
1.51167
1.51333
1.515
1.51667
1.51833
1.52
1.52167
1.52333
1.525
1.52667
1.52833
1.53
1.53167
1.53333
1.535
1.53667
1.53833
1.54
1.54167
1.54333
1.545
1.54667
1.54833
1.55
1.55167
1.55333
1.555
1.55667
1.55833
1.56
1.56167
1.56333
1.565
1.56667
1.56833
1.57
1.57167
1.57333
1.575
1.57667
1.57833
1.58
1.58167
1.58333
1.585
1.58667
1.58833
1.59
1.59167
1.59333
1.595
1.59667
1.59833
1.6
1.60167
1.60333
1.605
1.60667
1.60833
1.61
1.61167
1.61333
1.615
1.61667
1.61833
1.62
1.62167
1.62333
1.625
1.62667
1.62833
1.63
1.63167
1.63333
1.635
1.63667
1.63833
1.64
1.64167
1.64333
1.645
1.64667
1.64833
1.65
1.65167
1.65333
1.655
1.65667
1.65833
1.66
1.66167
1.66333
1.665
1.66667
1.66833
1.67
1.67167
1.67333
1.675
1.67667
1.67833
1.68
1.68167
1.68333
1.685
1.68667
1.68833
1.69
1.69167
1.69333
1.695
1.69667
1.69833
1.7
1.70167
1.70333
1.705
1.70667
1.70833
1.71
1.71167
1.71333
1.715
1.71667
1.71833
1.72
1.72167
1.72333
1.725
1.72667
1.72833
1.73
1.73167
1.73333
1.735
1.73667
1.73833
1.74
1.74167
1.74333
1.745
1.74667
1.74833
1.75
1.75167
1.75333
1.755
1.75667
1.75833
1.76
1.76167
1.76333
1.765
1.76667
1.76833
1.77
1.77167
1.77333
1.775
1.77667
1.77833
1.78
1.78167
1.78333
1.785
1.78667
1.78833
1.79
1.79167
1.79333
1.795
1.79667
1.79833
1.8
1.80167
1.80333
1.805
1.80667
1.80833
1.81
1.81167
1.81333
1.815
1.81667
1.81833
1.82
1.82167
1.82333
1.825
1.82667
1.82833
1.83
1.83167
1.83333
1.835
1.83667
1.83833
1.84
1.84167
1.84333
1.845
1.84667
1.84833
1.85
1.85167
1.85333
1.855
1.85667
1.85833
1.86
1.86167
1.86333
1.865
1.86667
1.86833
1.87
1.87167
1.87333
1.875
1.87667
1.87833
1.88
1.88167
1.88333
1.885
1.88667
1.88833
1.89
1.89167
1.89333
1.895
1.89667
1.89833
1.9
1.90167
1.90333
1.905
1.90667
1.90833
1.91
1.91167
1.91333
1.915
1.91667
1.91833
1.92
1.92167
1.92333
1.925
1.92667
1.92833
1.93
1.93167
1.93333
1.935
1.93667
1.93833
1.94
1.94167
1.94333
1.945
1.94667
1.94833
1.95
1.95167
1.95333
1.955
1.95667
1.95833
1.96
1.96167
1.96333
1.965
1.96667
1.96833
1.97
1.97167
1.97333
1.975
1.97667
1.97833
1.98
1.98167
1.98333
1.985
1.98667
1.98833
1.99
1.99167
1.99333
1.995
1.99667
1.99833
2
2.00167
2.00333
2.005
2.00667
2.00833
2.01
2.01167
2.01333
2.015
2.01667
2.01833
2.02
2.02167
2.02333
2.025
2.02667
2.02833
2.03
2.03167
2.03333
2.035
2.03667
2.03833
2.04
2.04167
2.04333
2.045
2.04667
2.04833
2.05
2.05167
2.05333
2.055
2.05667
2.05833
2.06
2.06167
2.06333
2.065
2.06667
2.06833
2.07
2.07167
2.07333
2.075
2.07667
2.07833
2.08
2.08167
2.08333
2.085
2.08667
2.08833
2.09
2.09167
2.09333
2.095
2.09667
2.09833
2.1
2.10167
2.10333
2.105
2.10667
2.10833
2.11
2.11167
2.11333
2.115
2.11667
2.11833
2.12
2.12167
2.12333
2.125
2.12667
2.12833
2.13
2.13167
2.13333
2.135
2.13667
2.13833
2.14
2.14167
2.14333
2.145
2.14667
2.14833
2.15
2.15167
2.15333
2.155
2.15667
2.15833
2.16
2.16167
2.16333
2.165
2.16667
2.16833
2.17
2.17167
2.17333
2.175
2.17667
2.17833
2.18
2.18167
2.18333
2.185
2.18667
2.18833
2.19
2.19167
2.19333
2.195
2.19667
2.19833
2.2
2.20167
2.20333
2.205
2.20667
2.20833
2.21
2.21167
2.21333
2.215
2.21667
2.21833
2.22
2.22167
2.22333
2.225
2.22667
2.22833
2.23
2.23167
2.23333
2.235
2.23667
2.23833
2.24
2.24167
2.24333
2.245
2.24667
2.24833
2.25
2.25167
2.25333
2.255
2.25667
2.25833
2.26
2.26167
2.26333
2.265
2.26667
2.26833
2.27
2.27167
2.27333
2.275
2.27667
2.27833
2.28
2.28167
2.28333
2.285
2.28667
2.28833
2.29
2.29167
2.29333
2.295
2.29667
2.29833
2.3
2.30167
2.30333
2.305
2.30667
2.30833
2.31
2.31167
2.31333
2.315
2.31667
2.31833
2.32
2.32167
2.32333
2.325
2.32667
2.32833
2.33
2.33167
2.33333
2.335
2.33667
2.33833
2.34
2.34167
2.34333
2.345
2.34667
2.34833
2.35
2.35167
2.35333
2.355
2.35667
2.35833
2.36
2.36167
2.36333
2.365
2.36667
2.36833
2.37
2.37167
2.37333
2.375
2.37667
2.37833
2.38
2.38167
2.38333
2.385
2.38667
2.38833
2.39
2.39167
2.39333
2.395
2.39667
2.39833
2.4
2.40167
2.40333
2.405
2.40667
2.40833
2.41
2.41167
2.41333
2.415
2.41667
2.41833
2.42
2.42167
2.42333
2.425
2.42667
2.42833
2.43
2.43167
2.43333
2.435
2.43667
2.43833
2.44
2.44167
2.44333
2.445
2.44667
2.44833
2.45
2.45167
2.45333
2.455
2.45667
2.45833
2.46
2.46167
2.46333
2.465
2.46667
2.46833
2.47
2.47167
2.47333
2.475
2.47667
2.47833
2.48
2.48167
2.48333
2.485
2.48667
2.48833
2.49
2.49167
2.49333
2.495
2.49667
2.49833
2.5
2.50167
2.50333
2.505
2.50667
2.50833
2.51
2.51167
2.51333
2.515
2.51667
2.51833
2.52
2.52167
2.52333
2.525
2.52667
2.52833
2.53
2.53167
2.53333
2.535
2.53667
2.53833
2.54
2.54167
2.54333
2.545
2.54667
2.54833
2.55
2.55167
2.55333
2.555
2.55667
2.55833
2.56
2.56167
2.56333
2.565
2.56667
2.56833
2.57
2.57167
2.57333
2.575
2.57667
2.57833
2.58
2.58167
2.58333
2.585
2.58667
2.58833
2.59
2.59167
2.59333
2.595
2.59667
2.59833
2.6
2.60167
2.60333
2.605
2.60667
2.60833
2.61
2.61167
2.61333
2.615
2.61667
2.61833
2.62
2.62167
2.62333
2.625
2.62667
2.62833
2.63
2.63167
2.63333
2.635
2.63667
2.63833
2.64
2.64167
2.64333
2.645
2.64667
2.64833
2.65
2.65167
2.65333
2.655
2.65667
2.65833
2.66
2.66167
2.66333
2.665
2.66667
2.66833
2.67
2.67167
2.67333
2.675
2.67667
2.67833
2.68
2.68167
2.68333
2.685
2.68667
2.68833
2.69
2.69167
2.69333
2.695
2.69667
2.69833
2.7
2.70167
2.70333
2.705
2.70667
2.70833
2.71
2.71167
2.71333
2.715
2.71667
2.71833
2.72
2.72167
2.72333
2.725
2.72667
2.72833
2.73
2.73167
2.73333
2.735
2.73667
2.73833
2.74
2.74167
2.74333
2.745
2.74667
2.74833
2.75
2.75167
2.75333
2.755
2.75667
2.75833
2.76
2.76167
2.76333
2.765
2.76667
2.76833
2.77
2.77167
2.77333
2.775
2.77667
2.77833
2.78
2.78167
2.78333
2.785
2.78667
2.78833
2.79
2.79167
2.79333
2.795
2.79667
2.79833
2.8
2.80167
2.80333
2.805
2.80667
2.80833
2.81
2.81167
2.81333
2.815
2.81667
2.81833
2.82
2.82167
2.82333
2.825
2.82667
2.82833
2.83
2.83167
2.83333
2.835
2.83667
2.83833
2.84
2.84167
2.84333
2.845
2.84667
2.84833
2.85
2.85167
2.85333
2.855
2.85667
2.85833
2.86
2.86167
2.86333
2.865
2.86667
2.86833
2.87
2.87167
2.87333
2.875
2.87667
2.87833
2.88
2.88167
2.88333
2.885
2.88667
2.88833
2.89
2.89167
2.89333
2.895
2.89667
2.89833
2.9
2.90167
2.90333
2.905
2.90667
2.90833
2.91
2.91167
2.91333
2.915
2.91667
2.91833
2.92
2.92167
2.92333
2.925
2.92667
2.92833
2.93
2.93167
2.93333
2.935
2.93667
2.93833
2.94
2.94167
2.94333
2.945
2.94667
2.94833
2.95
2.95167
2.95333
2.955
2.95667
2.95833
2.96
2.96167
2.96333
2.965
2.96667
2.96833
2.97
2.97167
2.97333
2.975
2.97667
2.97833
2.98
2.98167
2.98333
2.985
2.98667
2.98833
2.99
2.99167
2.99333
2.995
2.99667
2.99833
3
3.00167
3.00333
3.005
3.00667
3.00833
3.01
3.01167
3.01333
3.015
3.01667
3.01833
3.02
3.02167
3.02333
3.025
3.02667
3.02833
3.03
3.03167
3.03333
3.035
3.03667
3.03833
3.04
3.04167
3.04333
3.045
3.04667
3.04833
3.05
3.05167
3.05333
3.055
3.05667
3.05833
3.06
3.06167
3.06333
3.065
3.06667
3.06833
3.07
3.07167
3.07333
3.075
3.07667
3.07833
3.08
3.08167
3.08333
3.085
3.08667
3.08833
3.09
3.09167
3.09333
3.095
3.09667
3.09833
3.1
3.10167
3.10333
3.105
3.10667
3.10833
3.11
3.11167
3.11333
3.115
3.11667
3.11833
3.12
3.12167
3.12333
3.125
3.12667
3.12833
3.13
3.13167
3.13333
3.135
3.13667
3.13833
3.14
3.14167
3.14333
3.145
3.14667
3.14833
3.15
3.15167
3.15333
3.155
3.15667
3.15833
3.16
3.16167
3.16333
3.165
3.16667
3.16833
3.17
3.17167
3.17333
3.175
3.17667
3.17833
3.18
3.18167
3.18333
3.185
3.18667
3.18833
3.19
3.19167
3.19333
3.195
3.19667
3.19833
3.2
3.20167
3.20333
3.205
3.20667
3.20833
3.21
3.21167
3.21333
3.215
3.21667
3.21833
3.22
3.22167
3.22333
3.225
3.22667
3.22833
3.23
3.23167
3.23333
3.235
3.23667
3.23833
3.24
3.24167
3.24333
3.245
3.24667
3.24833
3.25
3.25167
3.25333
3.255
3.25667
3.25833
3.26
3.26167
3.26333
3.265
3.26667
3.26833
3.27
3.27167
3.27333
3.275
3.27667
3.27833
3.28
3.28167
3.28333
3.285
3.28667
3.28833
3.29
3.29167
3.29333
3.295
3.29667
3.29833
3.3
3.30167
3.30333
3.305
3.30667
3.30833
3.31
3.31167
3.31333
3.315
3.31667
3.31833
3.32
3.32167
3.32333
3.325
3.32667
3.32833
3.33
3.33167
3.33333
3.335
3.33667
3.33833
3.34
3.34167
3.34333
3.345
3.34667
3.34833
3.35
3.35167
3.35333
3.355
3.35667
3.35833
3.36
3.36167
3.36333
3.365
3.36667
3.36833
3.37
3.37167
3.37333
3.375
3.37667
3.37833
3.38
3.38167
3.38333
3.385
3.38667
3.38833
3.39
3.39167
3.39333
3.395
3.39667
3.39833
3.4
3.40167
3.40333
3.405
3.40667
3.40833
3.41
3.41167
3.41333
3.415
3.41667
3.41833
3.42
3.42167
3.42333
3.425
3.42667
3.42833
3.43
3.43167
3.43333
3.435
3.43667
3.43833
3.44
3.44167
3.44333
3.445
3.44667
3.44833
3.45
3.45167
3.45333
3.455
3.45667
3.45833
3.46
3.46167
3.46333
3.465
3.46667
3.46833
3.47
3.47167
3.47333
3.475
3.47667
3.47833
3.48
3.48167
3.48333
3.485
3.48667
3.48833
3.49
3.49167
3.49333
3.495
3.49667
3.49833
3.5
3.50167
3.50333
3.505
3.50667
3.50833
3.51
3.51167
3.51333
3.515
3.51667
3.51833
3.52
3.52167
3.52333
3.525
3.52667
3.52833
3.53
3.53167
3.53333
3.535
3.53667
3.53833
3.54
3.54167
3.54333
3.545
3.54667
3.54833
3.55
3.55167
3.55333
3.555
3.55667
3.55833
3.56
3.56167
3.56333
3.565
3.56667
3.56833
3.57
3.57167
3.57333
3.575
3.57667
3.57833
3.58
3.58167
3.58333
3.585
3.58667
3.58833
3.59
3.59167
3.59333
3.595
3.59667
3.59833
3.6
3.60167
3.60333
3.605
3.60667
3.60833
3.61
3.61167
3.61333
3.615
3.61667
3.61833
3.62
3.62167
3.62333
3.625
3.62667
3.62833
3.63
3.63167
3.63333
3.635
3.63667
3.63833
3.64
3.64167
3.64333
3.645
3.64667
3.64833
3.65
3.65167
3.65333
3.655
3.65667
3.65833
3.66
3.66167
3.66333
3.665
3.66667
3.66833
3.67
3.67167
3.67333
3.675
3.67667
3.67833
3.68
3.68167
3.68333
3.685
3.68667
3.68833
3.69
3.69167
3.69333
3.695
3.69667
3.69833
3.7
3.70167
3.70333
3.705
3.70667
3.70833
3.71
3.71167
3.71333
3.715
3.71667
3.71833
3.72
3.72167
3.72333
3.725
3.72667
3.72833
3.73
3.73167
3.73333
3.735
3.73667
3.73833
3.74
3.74167
3.74333
3.745
3.74667
3.74833
3.75
3.75167
3.75333
3.755
3.75667
3.75833
3.76
3.76167
3.76333
3.765
3.76667
3.76833
3.77
3.77167
3.77333
3.775
3.77667
3.77833
3.78
3.78167
3.78333
3.785
3.78667
3.78833
3.79
3.79167
3.79333
3.795
3.79667
3.79833
3.8
3.80167
3.80333
3.805
3.80667
3.80833
3.81
3.81167
3.81333
3.815
3.81667
3.81833
3.82
3.82167
3.82333
3.825
3.82667
3.82833
3.83
3.83167
3.83333
3.835
3.83667
3.83833
3.84
3.84167
3.84333
3.845
3.84667
3.84833
3.85
3.85167
3.85333
3.855
3.85667
3.85833
3.86
3.86167
3.86333
3.865
3.86667
3.86833
3.87
3.87167
3.87333
3.875
3.87667
3.87833
3.88
3.88167
3.88333
3.885
3.88667
3.88833
3.89
3.89167
3.89333
3.895
3.89667
3.89833
3.9
3.90167
3.90333
3.905
3.90667
3.90833
3.91
3.91167
3.91333
3.915
3.91667
3.91833
3.92
3.92167
3.92333
3.925
3.92667
3.92833
3.93
3.93167
3.93333
3.935
3.93667
3.93833
3.94
3.94167
3.94333
3.945
3.94667
3.94833
3.95
3.95167
3.95333
3.955
3.95667
3.95833
3.96
3.96167
3.96333
3.965
3.96667
3.96833
3.97
3.97167
3.97333
3.975
3.97667
3.97833
3.98
3.98167
3.98333
3.985
3.98667
3.98833
3.99
3.99167
3.99333
3.995
3.99667
3.99833
4
4.00167
4.00333
4.005
4.00667
4.00833
4.01
4.01167
4.01333
4.015
4.01667
4.01833
4.02
4.02167
4.02333
4.025
4.02667
4.02833
4.03
4.03167
4.03333
4.035
4.03667
4.03833
4.04
4.04167
4.04333
4.045
4.04667
4.04833
4.05
4.05167
4.05333
4.055
4.05667
4.05833
4.06
4.06167
4.06333
4.065
4.06667
4.06833
4.07
4.07167
4.07333
4.075
4.07667
4.07833
4.08
4.08167
4.08333
4.085
4.08667
4.08833
4.09
4.09167
4.09333
4.095
4.09667
4.09833
4.1
4.10167
4.10333
4.105
4.10667
4.10833
4.11
4.11167
4.11333
4.115
4.11667
4.11833
4.12
4.12167
4.12333
4.125
4.12667
4.12833
4.13
4.13167
4.13333
4.135
4.13667
4.13833
4.14
4.14167
4.14333
4.145
4.14667
4.14833
4.15
4.15167
4.15333
4.155
4.15667
4.15833
4.16
4.16167
4.16333
4.165
4.16667
4.16833
4.17
4.17167
4.17333
4.175
4.17667
4.17833
4.18
4.18167
4.18333
4.185
4.18667
4.18833
4.19
4.19167
4.19333
4.195
4.19667
4.19833
4.2
4.20167
4.20333
4.205
4.20667
4.20833
4.21
4.21167
4.21333
4.215
4.21667
4.21833
4.22
4.22167
4.22333
4.225
4.22667
4.22833
4.23
4.23167
4.23333
4.235
4.23667
4.23833
4.24
4.24167
4.24333
4.245
4.24667
4.24833
4.25
4.25167
4.25333
4.255
4.25667
4.25833
4.26
4.26167
4.26333
4.265
4.26667
4.26833
4.27
4.27167
4.27333
4.275
4.27667
4.27833
4.28
4.28167
4.28333
4.285
4.28667
4.28833
4.29
4.29167
4.29333
4.295
4.29667
4.29833
4.3
4.30167
4.30333
4.305
4.30667
4.30833
4.31
4.31167
4.31333
4.315
4.31667
4.31833
4.32
4.32167
4.32333
4.325
4.32667
4.32833
4.33
4.33167
4.33333
4.335
4.33667
4.33833
4.34
4.34167
4.34333
4.345
4.34667
4.34833
4.35
4.35167
4.35333
4.355
4.35667
4.35833
4.36
4.36167
4.36333
4.365
4.36667
4.36833
4.37
4.37167
4.37333
4.375
4.37667
4.37833
4.38
4.38167
4.38333
4.385
4.38667
4.38833
4.39
4.39167
4.39333
4.395
4.39667
4.39833
4.4
4.40167
4.40333
4.405
4.40667
4.40833
4.41
4.41167
4.41333
4.415
4.41667
4.41833
4.42
4.42167
4.42333
4.425
4.42667
4.42833
4.43
4.43167
4.43333
4.435
4.43667
4.43833
4.44
4.44167
4.44333
4.445
4.44667
4.44833
4.45
4.45167
4.45333
4.455
4.45667
4.45833
4.46
4.46167
4.46333
4.465
4.46667
4.46833
4.47
4.47167
4.47333
4.475
4.47667
4.47833
4.48
4.48167
4.48333
4.485
4.48667
4.48833
4.49
4.49167
4.49333
4.495
4.49667
4.49833
4.5
4.50167
4.50333
4.505
4.50667
4.50833
4.51
4.51167
4.51333
4.515
4.51667
4.51833
4.52
4.52167
4.52333
4.525
4.52667
4.52833
4.53
4.53167
4.53333
4.535
4.53667
4.53833
4.54
4.54167
4.54333
4.545
4.54667
4.54833
4.55
4.55167
4.55333
4.555
4.55667
4.55833
4.56
4.56167
4.56333
4.565
4.56667
4.56833
4.57
4.57167
4.57333
4.575
4.57667
4.57833
4.58
4.58167
4.58333
4.585
4.58667
4.58833
4.59
4.59167
4.59333
4.595
4.59667
4.59833
4.6
4.60167
4.60333
4.605
4.60667
4.60833
4.61
4.61167
4.61333
4.615
4.61667
4.61833
4.62
4.62167
4.62333
4.625
4.62667
4.62833
4.63
4.63167
4.63333
4.635
4.63667
4.63833
4.64
4.64167
4.64333
4.645
4.64667
4.64833
4.65
4.65167
4.65333
4.655
4.65667
4.65833
4.66
4.66167
4.66333
4.665
4.66667
4.66833
4.67
4.67167
4.67333
4.675
4.67667
4.67833
4.68
4.68167
4.68333
4.685
4.68667
4.68833
4.69
4.69167
4.69333
4.695
4.69667
4.69833
4.7
4.70167
4.70333
4.705
4.70667
4.70833
4.71
4.71167
4.71333
4.715
4.71667
4.71833
4.72
4.72167
4.72333
4.725
4.72667
4.72833
4.73
4.73167
4.73333
4.735
4.73667
4.73833
4.74
4.74167
4.74333
4.745
4.74667
4.74833
4.75
4.75167
4.75333
4.755
4.75667
4.75833
4.76
4.76167
4.76333
4.765
4.76667
4.76833
4.77
4.77167
4.77333
4.775
4.77667
4.77833
4.78
4.78167
4.78333
4.785
4.78667
4.78833
4.79
4.79167
4.79333
4.795
4.79667
4.79833
4.8
4.80167
4.80333
4.805
4.80667
4.80833
4.81
4.81167
4.81333
4.815
4.81667
4.81833
4.82
4.82167
4.82333
4.825
4.82667
4.82833
4.83
4.83167
4.83333
4.835
4.83667
4.83833
4.84
4.84167
4.84333
4.845
4.84667
4.84833
4.85
4.85167
4.85333
4.855
4.85667
4.85833
4.86
4.86167
4.86333
4.865
4.86667
4.86833
4.87
4.87167
4.87333
4.875
4.87667
4.87833
4.88
4.88167
4.88333
4.885
4.88667
4.88833
4.89
4.89167
4.89333
4.895
4.89667
4.89833
4.9
4.90167
4.90333
4.905
4.90667
4.90833
4.91
4.91167
4.91333
4.915
4.91667
4.91833
4.92
4.92167
4.92333
4.925
4.92667
4.92833
4.93
4.93167
4.93333
4.935
4.93667
4.93833
4.94
4.94167
4.94333
4.945
4.94667
4.94833
4.95
4.95167
4.95333
4.955
4.95667
4.95833
4.96
4.96167
4.96333
4.965
4.96667
4.96833
4.97
4.97167
4.97333
4.975
4.97667
4.97833
4.98
4.98167
4.98333
4.985
4.98667
4.98833
4.99
4.99167
4.99333
4.995
4.99667
4.99833
5
5.00167
5.00333
5.005
5.00667
5.00833
5.01
5.01167
5.01333
5.015
5.01667
5.01833
5.02
5.02167
5.02333
5.025
5.02667
5.02833
5.03
5.03167
5.03333
5.035
5.03667
5.03833
5.04
5.04167
5.04333
5.045
5.04667
5.04833
5.05
5.05167
5.05333
5.055
5.05667
5.05833
5.06
5.06167
5.06333
5.065
5.06667
5.06833
5.07
5.07167
5.07333
5.075
5.07667
5.07833
5.08
5.08167
5.08333
5.085
5.08667
5.08833
5.09
5.09167
5.09333
5.095
5.09667
5.09833
5.1
5.10167
5.10333
5.105
5.10667
5.10833
5.11
5.11167
5.11333
5.115
5.11667
5.11833
5.12
5.12167
5.12333
5.125
5.12667
5.12833
5.13
5.13167
5.13333
5.135
5.13667
5.13833
5.14
5.14167
5.14333
5.145
5.14667
5.14833
5.15
5.15167
5.15333
5.155
5.15667
5.15833
5.16
5.16167
5.16333
5.165
5.16667
5.16833
5.17
5.17167
5.17333
5.175
5.17667
5.17833
5.18
5.18167
5.18333
5.185
5.18667
5.18833
5.19
5.19167
5.19333
5.195
5.19667
5.19833
5.2
5.20167
5.20333
5.205
5.20667
5.20833
5.21
5.21167
5.21333
5.215
5.21667
5.21833
5.22
5.22167
5.22333
5.225
5.22667
5.22833
5.23
5.23167
5.23333
5.235
5.23667
5.23833
5.24
5.24167
5.24333
5.245
5.24667
5.24833
5.25
5.25167
5.25333
5.255
5.25667
5.25833
5.26
5.26167
5.26333
5.265
5.26667
5.26833
5.27
5.27167
5.27333
5.275
5.27667
5.27833
5.28
5.28167
5.28333
5.285
5.28667
5.28833
5.29
5.29167
5.29333
5.295
5.29667
5.29833
5.3
5.30167
5.30333
5.305
5.30667
5.30833
5.31
5.31167
5.31333
5.315
5.31667
5.31833
5.32
5.32167
5.32333
5.325
5.32667
5.32833
5.33
5.33167
5.33333
5.335
5.33667
5.33833
5.34
5.34167
5.34333
5.345
5.34667
5.34833
5.35
5.35167
5.35333
5.355
5.35667
5.35833
5.36
5.36167
5.36333
5.365
5.36667
5.36833
5.37
5.37167
5.37333
5.375
5.37667
5.37833
5.38
5.38167
5.38333
5.385
5.38667
5.38833
5.39
5.39167
5.39333
5.395
5.39667
5.39833
5.4
5.40167
5.40333
5.405
5.40667
5.40833
5.41
5.41167
5.41333
5.415
5.41667
5.41833
5.42
5.42167
5.42333
5.425
5.42667
5.42833
5.43
5.43167
5.43333
5.435
5.43667
5.43833
5.44
5.44167
5.44333
5.445
5.44667
5.44833
5.45
5.45167
5.45333
5.455
5.45667
5.45833
5.46
5.46167
5.46333
5.465
5.46667
5.46833
5.47
5.47167
5.47333
5.475
5.47667
5.47833
5.48
5.48167
5.48333
5.485
5.48667
5.48833
5.49
5.49167
5.49333
5.495
5.49667
5.49833
5.5
5.50167
5.50333
5.505
5.50667
5.50833
5.51
5.51167
5.51333
5.515
5.51667
5.51833
5.52
5.52167
5.52333
5.525
5.52667
5.52833
5.53
5.53167
5.53333
5.535
5.53667
5.53833
5.54
5.54167
5.54333
5.545
5.54667
5.54833
5.55
5.55167
5.55333
5.555
5.55667
5.55833
5.56
5.56167
5.56333
5.565
5.56667
5.56833
5.57
5.57167
5.57333
5.575
5.57667
5.57833
5.58
5.58167
5.58333
5.585
5.58667
5.58833
5.59
5.59167
5.59333
5.595
5.59667
5.59833
5.6
5.60167
5.60333
5.605
5.60667
5.60833
5.61
5.61167
5.61333
5.615
5.61667
5.61833
5.62
5.62167
5.62333
5.625
5.62667
5.62833
5.63
5.63167
5.63333
5.635
5.63667
5.63833
5.64
5.64167
5.64333
5.645
5.64667
5.64833
5.65
5.65167
5.65333
5.655
5.65667
5.65833
5.66
5.66167
5.66333
5.665
5.66667
5.66833
5.67
5.67167
5.67333
5.675
5.67667
5.67833
5.68
5.68167
5.68333
5.685
5.68667
5.68833
5.69
5.69167
5.69333
5.695
5.69667
5.69833
5.7
5.70167
5.70333
5.705
5.70667
5.70833
5.71
5.71167
5.71333
5.715
5.71667
5.71833
5.72
5.72167
5.72333
5.725
5.72667
5.72833
5.73
5.73167
5.73333
5.735
5.73667
5.73833
5.74
5.74167
5.74333
5.745
5.74667
5.74833
5.75
5.75167
5.75333
5.755
5.75667
5.75833
5.76
5.76167
5.76333
5.765
5.76667
5.76833
5.77
5.77167
5.77333
5.775
5.77667
5.77833
5.78
5.78167
5.78333
5.785
5.78667
5.78833
5.79
5.79167
5.79333
5.795
5.79667
5.79833
5.8
5.80167
5.80333
5.805
5.80667
5.80833
5.81
5.81167
5.81333
5.815
5.81667
5.81833
5.82
5.82167
5.82333
5.825
5.82667
5.82833
5.83
5.83167
5.83333
5.835
5.83667
5.83833
5.84
5.84167
5.84333
5.845
5.84667
5.84833
5.85
5.85167
5.85333
5.855
5.85667
5.85833
5.86
5.86167
5.86333
5.865
5.86667
5.86833
5.87
5.87167
5.87333
5.875
5.87667
5.87833
5.88
5.88167
5.88333
5.885
5.88667
5.88833
5.89
5.89167
5.89333
5.895
5.89667
5.89833
5.9
5.90167
5.90333
5.905
5.90667
5.90833
5.91
5.91167
5.91333
5.915
5.91667
5.91833
5.92
5.92167
5.92333
5.925
5.92667
5.92833
5.93
5.93167
5.93333
5.935
5.93667
5.93833
5.94
5.94167
5.94333
5.945
5.94667
5.94833
5.95
5.95167
5.95333
5.955
5.95667
5.95833
5.96
5.96167
5.96333
5.965
5.96667
5.96833
5.97
5.97167
5.97333
5.975
5.97667
5.97833
5.98
5.98167
5.98333
5.985
5.98667
5.98833
5.99
5.99167
5.99333
5.995
5.99667
5.99833
6
6.00167
6.00333
6.005
6.00667
6.00833
6.01
6.01167
6.01333
6.015
6.01667
6.01833
6.02
6.02167
6.02333
6.025
6.02667
6.02833
6.03
6.03167
6.03333
6.035
6.03667
6.03833
6.04
6.04167
6.04333
6.045
6.04667
6.04833
6.05
6.05167
6.05333
6.055
6.05667
6.05833
6.06
6.06167
6.06333
6.065
6.06667
6.06833
6.07
6.07167
6.07333
6.075
6.07667
6.07833
6.08
6.08167
6.08333
6.085
6.08667
6.08833
6.09
6.09167
6.09333
6.095
6.09667
6.09833
6.1
6.10167
6.10333
6.105
6.10667
6.10833
6.11
6.11167
6.11333
6.115
6.11667
6.11833
6.12
6.12167
6.12333
6.125
6.12667
6.12833
6.13
6.13167
6.13333
6.135
6.13667
6.13833
6.14
6.14167
6.14333
6.145
6.14667
6.14833
6.15
6.15167
6.15333
6.155
6.15667
6.15833
6.16
6.16167
6.16333
6.165
6.16667
6.16833
6.17
6.17167
6.17333
6.175
6.17667
6.17833
6.18
6.18167
6.18333
6.185
6.18667
6.18833
6.19
6.19167
6.19333
6.195
6.19667
6.19833
6.2
6.20167
6.20333
6.205
6.20667
6.20833
6.21
6.21167
6.21333
6.215
6.21667
6.21833
6.22
6.22167
6.22333
6.225
6.22667
6.22833
6.23
6.23167
6.23333
6.235
6.23667
6.23833
6.24
6.24167
6.24333
6.245
6.24667
6.24833
6.25
6.25167
6.25333
6.255
6.25667
6.25833
6.26
6.26167
6.26333
6.265
6.26667
6.26833
6.27
6.27167
6.27333
6.275
6.27667
6.27833
6.28
6.28167
6.28333
6.285
6.28667
6.28833
6.29
6.29167
6.29333
6.295
6.29667
6.29833
6.3
6.30167
6.30333
6.305
6.30667
6.30833
6.31
6.31167
6.31333
6.315
6.31667
6.31833
6.32
6.32167
6.32333
6.325
6.32667
6.32833
6.33
6.33167
6.33333
6.335
6.33667
6.33833
6.34
6.34167
6.34333
6.345
6.34667
6.34833
6.35
6.35167
6.35333
6.355
6.35667
6.35833
6.36
6.36167
6.36333
6.365
6.36667
6.36833
6.37
6.37167
6.37333
6.375
6.37667
6.37833
6.38
6.38167
6.38333
6.385
6.38667
6.38833
6.39
6.39167
6.39333
6.395
6.39667
6.39833
6.4
6.40167
6.40333
6.405
6.40667
6.40833
6.41
6.41167
6.41333
6.415
6.41667
6.41833
6.42
6.42167
6.42333
6.425
6.42667
6.42833
6.43
6.43167
6.43333
6.435
6.43667
6.43833
6.44
6.44167
6.44333
6.445
6.44667
6.44833
6.45
6.45167
6.45333
6.455
6.45667
6.45833
6.46
6.46167
6.46333
6.465
6.46667
6.46833
6.47
6.47167
6.47333
6.475
6.47667
6.47833
6.48
6.48167
6.48333
6.485
6.48667
6.48833
6.49
6.49167
6.49333
6.495
6.49667
6.49833
6.5
6.50167
6.50333
6.505
6.50667
6.50833
6.51
6.51167
6.51333
6.515
6.51667
6.51833
6.52
6.52167
6.52333
6.525
6.52667
6.52833
6.53
6.53167
6.53333
6.535
6.53667
6.53833
6.54
6.54167
6.54333
6.545
6.54667
6.54833
6.55
6.55167
6.55333
6.555
6.55667
6.55833
6.56
6.56167
6.56333
6.565
6.56667
6.56833
6.57
6.57167
6.57333
6.575
6.57667
6.57833
6.58
6.58167
6.58333
6.585
6.58667
6.58833
6.59
6.59167
6.59333
6.595
6.59667
6.59833
6.6
6.60167
6.60333
6.605
6.60667
6.60833
6.61
6.61167
6.61333
6.615
6.61667
6.61833
6.62
6.62167
6.62333
6.625
6.62667
6.62833
6.63
6.63167
6.63333
6.635
6.63667
6.63833
6.64
6.64167
6.64333
6.645
6.64667
6.64833
6.65
6.65167
6.65333
6.655
6.65667
6.65833
6.66
6.66167
6.66333
6.665
6.66667
6.66833
6.67
6.67167
6.67333
6.675
6.67667
6.67833
6.68
6.68167
6.68333
6.685
6.68667
6.68833
6.69
6.69167
6.69333
6.695
6.69667
6.69833
6.7
6.70167
6.70333
6.705
6.70667
6.70833
6.71
6.71167
6.71333
6.715
6.71667
6.71833
6.72
6.72167
6.72333
6.725
6.72667
6.72833
6.73
6.73167
6.73333
6.735
6.73667
6.73833
6.74
6.74167
6.74333
6.745
6.74667
6.74833
6.75
6.75167
6.75333
6.755
6.75667
6.75833
6.76
6.76167
6.76333
6.765
6.76667
6.76833
6.77
6.77167
6.77333
6.775
6.77667
6.77833
6.78
6.78167
6.78333
6.785
6.78667
6.78833
6.79
6.79167
6.79333
6.795
6.79667
6.79833
6.8
6.80167
6.80333
6.805
6.80667
6.80833
6.81
6.81167
6.81333
6.815
6.81667
6.81833
6.82
6.82167
6.82333
6.825
6.82667
6.82833
6.83
6.83167
6.83333
6.835
6.83667
6.83833
6.84
6.84167
6.84333
6.845
6.84667
6.84833
6.85
6.85167
6.85333
6.855
6.85667
6.85833
6.86
6.86167
6.86333
6.865
6.86667
6.86833
6.87
6.87167
6.87333
6.875
6.87667
6.87833
6.88
6.88167
6.88333
6.885
6.88667
6.88833
6.89
6.89167
6.89333
6.895
6.89667
6.89833
6.9
6.90167
6.90333
6.905
6.90667
6.90833
6.91
6.91167
6.91333
6.915
6.91667
6.91833
6.92
6.92167
6.92333
6.925
6.92667
6.92833
6.93
6.93167
6.93333
6.935
6.93667
6.93833
6.94
6.94167
6.94333
6.945
6.94667
6.94833
6.95
6.95167
6.95333
6.955
6.95667
6.95833
6.96
6.96167
6.96333
6.965
6.96667
6.96833
6.97
6.97167
6.97333
6.975
6.97667
6.97833
6.98
6.98167
6.98333
6.985
6.98667
6.98833
6.99
6.99167
6.99333
6.995
6.99667
6.99833
7
7.00167
7.00333
7.005
7.00667
7.00833
7.01
7.01167
7.01333
7.015
7.01667
7.01833
7.02
7.02167
7.02333
7.025
7.02667
7.02833
7.03
7.03167
7.03333
7.035
7.03667
7.03833
7.04
7.04167
7.04333
7.045
7.04667
7.04833
7.05
7.05167
7.05333
7.055
7.05667
7.05833
7.06
7.06167
7.06333
7.065
7.06667
7.06833
7.07
7.07167
7.07333
7.075
7.07667
7.07833
7.08
7.08167
7.08333
7.085
7.08667
7.08833
7.09
7.09167
7.09333
7.095
7.09667
7.09833
7.1
7.10167
7.10333
7.105
7.10667
7.10833
7.11
7.11167
7.11333
7.115
7.11667
7.11833
7.12
7.12167
7.12333
7.125
7.12667
7.12833
7.13
7.13167
7.13333
7.135
7.13667
7.13833
7.14
7.14167
7.14333
7.145
7.14667
7.14833
7.15
7.15167
7.15333
7.155
7.15667
7.15833
7.16
7.16167
7.16333
7.165
7.16667
7.16833
7.17
7.17167
7.17333
7.175
7.17667
7.17833
7.18
7.18167
7.18333
7.185
7.18667
7.18833
7.19
7.19167
7.19333
7.195
7.19667
7.19833
7.2
7.20167
7.20333
7.205
7.20667
7.20833
7.21
7.21167
7.21333
7.215
7.21667
7.21833
7.22
7.22167
7.22333
7.225
7.22667
7.22833
7.23
7.23167
7.23333
7.235
7.23667
7.23833
7.24
7.24167
7.24333
7.245
7.24667
7.24833
7.25
7.25167
7.25333
7.255
7.25667
7.25833
7.26
7.26167
7.26333
7.265
7.26667
7.26833
7.27
7.27167
7.27333
7.275
7.27667
7.27833
7.28
7.28167
7.28333
7.285
7.28667
7.28833
7.29
7.29167
7.29333
7.295
7.29667
7.29833
7.3
7.30167
7.30333
7.305
7.30667
7.30833
7.31
7.31167
7.31333
7.315
7.31667
7.31833
7.32
7.32167
7.32333
7.325
7.32667
7.32833
7.33
7.33167
7.33333
7.335
7.33667
7.33833
7.34
7.34167
7.34333
7.345
7.34667
7.34833
7.35
7.35167
7.35333
7.355
7.35667
7.35833
7.36
7.36167
7.36333
7.365
7.36667
7.36833
7.37
7.37167
7.37333
7.375
7.37667
7.37833
7.38
7.38167
7.38333
7.385
7.38667
7.38833
7.39
7.39167
7.39333
7.395
7.39667
7.39833
7.4
7.40167
7.40333
7.405
7.40667
7.40833
7.41
7.41167
7.41333
7.415
7.41667
7.41833
7.42
7.42167
7.42333
7.425
7.42667
7.42833
7.43
7.43167
7.43333
7.435
7.43667
7.43833
7.44
7.44167
7.44333
7.445
7.44667
7.44833
7.45
7.45167
7.45333
7.455
7.45667
7.45833
7.46
7.46167
7.46333
7.465
7.46667
7.46833
7.47
7.47167
7.47333
7.475
7.47667
7.47833
7.48
7.48167
7.48333
7.485
7.48667
7.48833
7.49
7.49167
7.49333
7.495
7.49667
7.49833
7.5
7.50167
7.50333
7.505
7.50667
7.50833
7.51
7.51167
7.51333
7.515
7.51667
7.51833
7.52
7.52167
7.52333
7.525
7.52667
7.52833
7.53
7.53167
7.53333
7.535
7.53667
7.53833
7.54
7.54167
7.54333
7.545
7.54667
7.54833
7.55
7.55167
7.55333
7.555
7.55667
7.55833
7.56
7.56167
7.56333
7.565
7.56667
7.56833
7.57
7.57167
7.57333
7.575
7.57667
7.57833
7.58
7.58167
7.58333
7.585
7.58667
7.58833
7.59
7.59167
7.59333
7.595
7.59667
7.59833
7.6
7.60167
7.60333
7.605
7.60667
7.60833
7.61
7.61167
7.61333
7.615
7.61667
7.61833
7.62
7.62167
7.62333
7.625
7.62667
7.62833
7.63
7.63167
7.63333
7.635
7.63667
7.63833
7.64
7.64167
7.64333
7.645
7.64667
7.64833
7.65
7.65167
7.65333
7.655
7.65667
7.65833
7.66
7.66167
7.66333
7.665
7.66667
7.66833
7.67
7.67167
7.67333
7.675
7.67667
7.67833
7.68
7.68167
7.68333
7.685
7.68667
7.68833
7.69
7.69167
7.69333
7.695
7.69667
7.69833
7.7
7.70167
7.70333
7.705
7.70667
7.70833
7.71
7.71167
7.71333
7.715
7.71667
7.71833
7.72
7.72167
7.72333
7.725
7.72667
7.72833
7.73
7.73167
7.73333
7.735
7.73667
7.73833
7.74
7.74167
7.74333
7.745
7.74667
7.74833
7.75
7.75167
7.75333
7.755
7.75667
7.75833
7.76
7.76167
7.76333
7.765
7.76667
7.76833
7.77
7.77167
7.77333
7.775
7.77667
7.77833
7.78
7.78167
7.78333
7.785
7.78667
7.78833
7.79
7.79167
7.79333
7.795
7.79667
7.79833
7.8
7.80167
7.80333
7.805
7.80667
7.80833
7.81
7.81167
7.81333
7.815
7.81667
7.81833
7.82
7.82167
7.82333
7.825
7.82667
7.82833
7.83
7.83167
7.83333
7.835
7.83667
7.83833
7.84
7.84167
7.84333
7.845
7.84667
7.84833
7.85
7.85167
7.85333
7.855
7.85667
7.85833
7.86
7.86167
7.86333
7.865
7.86667
7.86833
7.87
7.87167
7.87333
7.875
7.87667
7.87833
7.88
7.88167
7.88333
7.885
7.88667
7.88833
7.89
7.89167
7.89333
7.895
7.89667
7.89833
7.9
7.90167
7.90333
7.905
7.90667
7.90833
7.91
7.91167
7.91333
7.915
7.91667
7.91833
7.92
7.92167
7.92333
7.925
7.92667
7.92833
7.93
7.93167
7.93333
7.935
7.93667
7.93833
7.94
7.94167
7.94333
7.945
7.94667
7.94833
7.95
7.95167
7.95333
7.955
7.95667
7.95833
7.96
7.96167
7.96333
7.965
7.96667
7.96833
7.97
7.97167
7.97333
7.975
7.97667
7.97833
7.98
7.98167
7.98333
7.985
7.98667
7.98833
7.99
7.99167
7.99333
7.995
7.99667
7.99833
8
8.00167
8.00333
8.005
8.00667
8.00833
8.01
8.01167
8.01333
8.015
8.01667
8.01833
8.02
8.02167
8.02333
8.025
8.02667
8.02833
8.03
8.03167
8.03333
8.035
8.03667
8.03833
8.04
8.04167
8.04333
8.045
8.04667
8.04833
8.05
8.05167
8.05333
8.055
8.05667
8.05833
8.06
8.06167
8.06333
8.065
8.06667
8.06833
8.07
8.07167
8.07333
8.075
8.07667
8.07833
8.08
8.08167
8.08333
8.085
8.08667
8.08833
8.09
8.09167
8.09333
8.095
8.09667
8.09833
8.1
8.10167
8.10333
8.105
8.10667
8.10833
8.11
8.11167
8.11333
8.115
8.11667
8.11833
8.12
8.12167
8.12333
8.125
8.12667
8.12833
8.13
8.13167
8.13333
8.135
8.13667
8.13833
8.14
8.14167
8.14333
8.145
8.14667
8.14833
8.15
8.15167
8.15333
8.155
8.15667
8.15833
8.16
8.16167
8.16333
8.165
8.16667
8.16833
8.17
8.17167
8.17333
8.175
8.17667
8.17833
8.18
8.18167
8.18333
8.185
8.18667
8.18833
8.19
8.19167
8.19333
8.195
8.19667
8.19833
8.2
8.20167
8.20333
8.205
8.20667
8.20833
8.21
8.21167
8.21333
8.215
8.21667
8.21833
8.22
8.22167
8.22333
8.225
8.22667
8.22833
8.23
8.23167
8.23333
8.235
8.23667
8.23833
8.24
8.24167
8.24333
8.245
8.24667
8.24833
8.25
8.25167
8.25333
8.255
8.25667
8.25833
8.26
8.26167
8.26333
8.265
8.26667
8.26833
8.27
8.27167
8.27333
8.275
8.27667
8.27833
8.28
8.28167
8.28333
8.285
8.28667
8.28833
8.29
8.29167
8.29333
8.295
8.29667
8.29833
8.3
8.30167
8.30333
8.305
8.30667
8.30833
8.31
8.31167
8.31333
8.315
8.31667
8.31833
8.32
8.32167
8.32333
8.325
8.32667
8.32833
8.33
8.33167
8.33333
8.335
8.33667
8.33833
8.34
8.34167
8.34333
8.345
8.34667
8.34833
8.35
8.35167
8.35333
8.355
8.35667
8.35833
8.36
8.36167
8.36333
8.365
8.36667
8.36833
8.37
8.37167
8.37333
8.375
8.37667
8.37833
8.38
8.38167
8.38333
8.385
8.38667
8.38833
8.39
8.39167
8.39333
8.395
8.39667
8.39833
8.4
8.40167
8.40333
8.405
8.40667
8.40833
8.41
8.41167
8.41333
8.415
8.41667
8.41833
8.42
8.42167
8.42333
8.425
8.42667
8.42833
8.43
8.43167
8.43333
8.435
8.43667
8.43833
8.44
8.44167
8.44333
8.445
8.44667
8.44833
8.45
8.45167
8.45333
8.455
8.45667
8.45833
8.46
8.46167
8.46333
8.465
8.46667
8.46833
8.47
8.47167
8.47333
8.475
8.47667
8.47833
8.48
8.48167
8.48333
8.485
8.48667
8.48833
8.49
8.49167
8.49333
8.495
8.49667
8.49833
8.5
8.50167
8.50333
8.505
8.50667
8.50833
8.51
8.51167
8.51333
8.515
8.51667
8.51833
8.52
8.52167
8.52333
8.525
8.52667
8.52833
8.53
8.53167
8.53333
8.535
8.53667
8.53833
8.54
8.54167
8.54333
8.545
8.54667
8.54833
8.55
8.55167
8.55333
8.555
8.55667
8.55833
8.56
8.56167
8.56333
8.565
8.56667
8.56833
8.57
8.57167
8.57333
8.575
8.57667
8.57833
8.58
8.58167
8.58333
8.585
8.58667
8.58833
8.59
8.59167
8.59333
8.595
8.59667
8.59833
8.6
8.60167
8.60333
8.605
8.60667
8.60833
8.61
8.61167
8.61333
8.615
8.61667
8.61833
8.62
8.62167
8.62333
8.625
8.62667
8.62833
8.63
8.63167
8.63333
8.635
8.63667
8.63833
8.64
8.64167
8.64333
8.645
8.64667
8.64833
8.65
8.65167
8.65333
8.655
8.65667
8.65833
8.66
8.66167
8.66333
8.665
8.66667
8.66833
8.67
8.67167
8.67333
8.675
8.67667
8.67833
8.68
8.68167
8.68333
8.685
8.68667
8.68833
8.69
8.69167
8.69333
8.695
8.69667
8.69833
8.7
8.70167
8.70333
8.705
8.70667
8.70833
8.71
8.71167
8.71333
8.715
8.71667
8.71833
8.72
8.72167
8.72333
8.725
8.72667
8.72833
8.73
8.73167
8.73333
8.735
8.73667
8.73833
8.74
8.74167
8.74333
8.745
8.74667
8.74833
8.75
8.75167
8.75333
8.755
8.75667
8.75833
8.76
8.76167
8.76333
8.765
8.76667
8.76833
8.77
8.77167
8.77333
8.775
8.77667
8.77833
8.78
8.78167
8.78333
8.785
8.78667
8.78833
8.79
8.79167
8.79333
8.795
8.79667
8.79833
8.8
8.80167
8.80333
8.805
8.80667
8.80833
8.81
8.81167
8.81333
8.815
8.81667
8.81833
8.82
8.82167
8.82333
8.825
8.82667
8.82833
8.83
8.83167
8.83333
8.835
8.83667
8.83833
8.84
8.84167
8.84333
8.845
8.84667
8.84833
8.85
8.85167
8.85333
8.855
8.85667
8.85833
8.86
8.86167
8.86333
8.865
8.86667
8.86833
8.87
8.87167
8.87333
8.875
8.87667
8.87833
8.88
8.88167
8.88333
8.885
8.88667
8.88833
8.89
8.89167
8.89333
8.895
8.89667
8.89833
8.9
8.90167
8.90333
8.905
8.90667
8.90833
8.91
8.91167
8.91333
8.915
8.91667
8.91833
8.92
8.92167
8.92333
8.925
8.92667
8.92833
8.93
8.93167
8.93333
8.935
8.93667
8.93833
8.94
8.94167
8.94333
8.945
8.94667
8.94833
8.95
8.95167
8.95333
8.955
8.95667
8.95833
8.96
8.96167
8.96333
8.965
8.96667
8.96833
8.97
8.97167
8.97333
8.975
8.97667
8.97833
8.98
8.98167
8.98333
8.985
8.98667
8.98833
8.99
8.99167
8.99333
8.995
8.99667
8.99833
9
9.00167
9.00333
9.005
9.00667
9.00833
9.01
9.01167
9.01333
9.015
9.01667
9.01833
9.02
9.02167
9.02333
9.025
9.02667
9.02833
9.03
9.03167
9.03333
9.035
9.03667
9.03833
9.04
9.04167
9.04333
9.045
9.04667
9.04833
9.05
9.05167
9.05333
9.055
9.05667
9.05833
9.06
9.06167
9.06333
9.065
9.06667
9.06833
9.07
9.07167
9.07333
9.075
9.07667
9.07833
9.08
9.08167
9.08333
9.085
9.08667
9.08833
9.09
9.09167
9.09333
9.095
9.09667
9.09833
9.1
9.10167
9.10333
9.105
9.10667
9.10833
9.11
9.11167
9.11333
9.115
9.11667
9.11833
9.12
9.12167
9.12333
9.125
9.12667
9.12833
9.13
9.13167
9.13333
9.135
9.13667
9.13833
9.14
9.14167
9.14333
9.145
9.14667
9.14833
9.15
9.15167
9.15333
9.155
9.15667
9.15833
9.16
9.16167
9.16333
9.165
9.16667
9.16833
9.17
9.17167
9.17333
9.175
9.17667
9.17833
9.18
9.18167
9.18333
9.185
9.18667
9.18833
9.19
9.19167
9.19333
9.195
9.19667
9.19833
9.2
9.20167
9.20333
9.205
9.20667
9.20833
9.21
9.21167
9.21333
9.215
9.21667
9.21833
9.22
9.22167
9.22333
9.225
9.22667
9.22833
9.23
9.23167
9.23333
9.235
9.23667
9.23833
9.24
9.24167
9.24333
9.245
9.24667
9.24833
9.25
9.25167
9.25333
9.255
9.25667
9.25833
9.26
9.26167
9.26333
9.265
9.26667
9.26833
9.27
9.27167
9.27333
9.275
9.27667
9.27833
9.28
9.28167
9.28333
9.285
9.28667
9.28833
9.29
9.29167
9.29333
9.295
9.29667
9.29833
9.3
9.30167
9.30333
9.305
9.30667
9.30833
9.31
9.31167
9.31333
9.315
9.31667
9.31833
9.32
9.32167
9.32333
9.325
9.32667
9.32833
9.33
9.33167
9.33333
9.335
9.33667
9.33833
9.34
9.34167
9.34333
9.345
9.34667
9.34833
9.35
9.35167
9.35333
9.355
9.35667
9.35833
9.36
9.36167
9.36333
9.365
9.36667
9.36833
9.37
9.37167
9.37333
9.375
9.37667
9.37833
9.38
9.38167
9.38333
9.385
9.38667
9.38833
9.39
9.39167
9.39333
9.395
9.39667
9.39833
9.4
9.40167
9.40333
9.405
9.40667
9.40833
9.41
9.41167
9.41333
9.415
9.41667
9.41833
9.42
9.42167
9.42333
9.425
9.42667
9.42833
9.43
9.43167
9.43333
9.435
9.43667
9.43833
9.44
9.44167
9.44333
9.445
9.44667
9.44833
9.45
9.45167
9.45333
9.455
9.45667
9.45833
9.46
9.46167
9.46333
9.465
9.46667
9.46833
9.47
9.47167
9.47333
9.475
9.47667
9.47833
9.48
9.48167
9.48333
9.485
9.48667
9.48833
9.49
9.49167
9.49333
9.495
9.49667
9.49833
9.5
9.50167
9.50333
9.505
9.50667
9.50833
9.51
9.51167
9.51333
9.515
9.51667
9.51833
9.52
9.52167
9.52333
9.525
9.52667
9.52833
9.53
9.53167
9.53333
9.535
9.53667
9.53833
9.54
9.54167
9.54333
9.545
9.54667
9.54833
9.55
9.55167
9.55333
9.555
9.55667
9.55833
9.56
9.56167
9.56333
9.565
9.56667
9.56833
9.57
9.57167
9.57333
9.575
9.57667
9.57833
9.58
9.58167
9.58333
9.585
9.58667
9.58833
9.59
9.59167
9.59333
9.595
9.59667
9.59833
9.6
9.60167
9.60333
9.605
9.60667
9.60833
9.61
9.61167
9.61333
9.615
9.61667
9.61833
9.62
9.62167
9.62333
9.625
9.62667
9.62833
9.63
9.63167
9.63333
9.635
9.63667
9.63833
9.64
9.64167
9.64333
9.645
9.64667
9.64833
9.65
9.65167
9.65333
9.655
9.65667
9.65833
9.66
9.66167
9.66333
9.665
9.66667
9.66833
9.67
9.67167
9.67333
9.675
9.67667
9.67833
9.68
9.68167
9.68333
9.685
9.68667
9.68833
9.69
9.69167
9.69333
9.695
9.69667
9.69833
9.7
9.70167
9.70333
9.705
9.70667
9.70833
9.71
9.71167
9.71333
9.715
9.71667
9.71833
9.72
9.72167
9.72333
9.725
9.72667
9.72833
9.73
9.73167
9.73333
9.735
9.73667
9.73833
9.74
9.74167
9.74333
9.745
9.74667
9.74833
9.75
9.75167
9.75333
9.755
9.75667
9.75833
9.76
9.76167
9.76333
9.765
9.76667
9.76833
9.77
9.77167
9.77333
9.775
9.77667
9.77833
9.78
9.78167
9.78333
9.785
9.78667
9.78833
9.79
9.79167
9.79333
9.795
9.79667
9.79833
9.8
9.80167
9.80333
9.805
9.80667
9.80833
9.81
9.81167
9.81333
9.815
9.81667
9.81833
9.82
9.82167
9.82333
9.825
9.82667
9.82833
9.83
9.83167
9.83333
9.835
9.83667
9.83833
9.84
9.84167
9.84333
9.845
9.84667
9.84833
9.85
9.85167
9.85333
9.855
9.85667
9.85833
9.86
9.86167
9.86333
9.865
9.86667
9.86833
9.87
9.87167
9.87333
9.875
9.87667
9.87833
9.88
9.88167
9.88333
9.885
9.88667
9.88833
9.89
9.89167
9.89333
9.895
9.89667
9.89833
9.9
9.90167
9.90333
9.905
9.90667
9.90833
9.91
9.91167
9.91333
9.915
9.91667
9.91833
9.92
9.92167
9.92333
9.925
9.92667
9.92833
9.93
9.93167
9.93333
9.935
9.93667
9.93833
9.94
9.94167
9.94333
9.945
9.94667
9.94833
9.95
9.95167
9.95333
9.955
9.95667
9.95833
9.96
9.96167
9.96333
9.965
9.96667
9.96833
9.97
9.97167
9.97333
9.975
9.97667
9.97833
9.98
9.98167
9.98333
9.985
9.98667
9.98833
9.99
9.99167
9.99333
9.995
9.99667
9.99833
10
10.0017
10.0033
10.005
10.0067
10.0083
10.01
10.0117
10.0133
10.015
10.0167
10.0183
10.02
10.0217
10.0233
10.025
10.0267
10.0283
10.03
10.0317
10.0333
10.035
10.0367
10.0383
10.04
10.0417
10.0433
10.045
10.0467
10.0483
10.05
10.0517
10.0533
10.055
10.0567
10.0583
10.06
10.0617
10.0633
10.065
10.0667
10.0683
10.07
10.0717
10.0733
10.075
10.0767
10.0783
10.08
10.0817
10.0833
10.085
10.0867
10.0883
10.09
10.0917
10.0933
10.095
10.0967
10.0983
10.1
10.1017
10.1033
10.105
10.1067
10.1083
10.11
10.1117
10.1133
10.115
10.1167
10.1183
10.12
10.1217
10.1233
10.125
10.1267
10.1283
10.13
10.1317
10.1333
10.135
10.1367
10.1383
10.14
10.1417
10.1433
10.145
10.1467
10.1483
10.15
10.1517
10.1533
10.155
10.1567
10.1583
10.16
10.1617
10.1633
10.165
10.1667
10.1683
10.17
10.1717
10.1733
10.175
10.1767
10.1783
10.18
10.1817
10.1833
10.185
10.1867
10.1883
10.19
10.1917
10.1933
10.195
10.1967
10.1983
10.2
10.2017
10.2033
10.205
10.2067
10.2083
10.21
10.2117
10.2133
10.215
10.2167
10.2183
10.22
10.2217
10.2233
10.225
10.2267
10.2283
10.23
10.2317
10.2333
10.235
10.2367
10.2383
10.24
10.2417
10.2433
10.245
10.2467
10.2483
10.25
10.2517
10.2533
10.255
10.2567
10.2583
10.26
10.2617
10.2633
10.265
10.2667
10.2683
10.27
10.2717
10.2733
10.275
10.2767
10.2783
10.28
10.2817
10.2833
10.285
10.2867
10.2883
10.29
10.2917
10.2933
10.295
10.2967
10.2983
10.3
10.3017
10.3033
10.305
10.3067
10.3083
10.31
10.3117
10.3133
10.315
10.3167
10.3183
10.32
10.3217
10.3233
10.325
10.3267
10.3283
10.33
10.3317
10.3333
10.335
10.3367
10.3383
10.34
10.3417
10.3433
10.345
10.3467
10.3483
10.35
10.3517
10.3533
10.355
10.3567
10.3583
10.36
10.3617
10.3633
10.365
10.3667
10.3683
10.37
10.3717
10.3733
10.375
10.3767
10.3783
10.38
10.3817
10.3833
10.385
10.3867
10.3883
10.39
10.3917
10.3933
10.395
10.3967
10.3983
10.4
10.4017
10.4033
10.405
10.4067
10.4083
10.41
10.4117
10.4133
10.415
10.4167
10.4183
10.42
10.4217
10.4233
10.425
10.4267
10.4283
10.43
10.4317
10.4333
10.435
10.4367
10.4383
10.44
10.4417
10.4433
10.445
10.4467
10.4483
10.45
10.4517
10.4533
10.455
10.4567
10.4583
10.46
10.4617
10.4633
10.465
10.4667
10.4683
10.47
10.4717
10.4733
10.475
10.4767
10.4783
10.48
10.4817
10.4833
10.485
10.4867
10.4883
10.49
10.4917
10.4933
10.495
10.4967
10.4983
10.5
10.5017
10.5033
10.505
10.5067
10.5083
10.51
10.5117
10.5133
10.515
10.5167
10.5183
10.52
10.5217
10.5233
10.525
10.5267
10.5283
10.53
10.5317
10.5333
10.535
10.5367
10.5383
10.54
10.5417
10.5433
10.545
10.5467
10.5483
10.55
10.5517
10.5533
10.555
10.5567
10.5583
10.56
10.5617
10.5633
10.565
10.5667
10.5683
10.57
10.5717
10.5733
10.575
10.5767
10.5783
10.58
10.5817
10.5833
10.585
10.5867
10.5883
10.59
10.5917
10.5933
10.595
10.5967
10.5983
10.6
10.6017
10.6033
10.605
10.6067
10.6083
10.61
10.6117
10.6133
10.615
10.6167
10.6183
10.62
10.6217
10.6233
10.625
10.6267
10.6283
10.63
10.6317
10.6333
10.635
10.6367
10.6383
10.64
10.6417
10.6433
10.645
10.6467
10.6483
10.65
10.6517
10.6533
10.655
10.6567
10.6583
10.66
10.6617
10.6633
10.665
10.6667
10.6683
10.67
10.6717
10.6733
10.675
10.6767
10.6783
10.68
10.6817
10.6833
10.685
10.6867
10.6883
10.69
10.6917
10.6933
10.695
10.6967
10.6983
10.7
10.7017
10.7033
10.705
10.7067
10.7083
10.71
10.7117
10.7133
10.715
10.7167
10.7183
10.72
10.7217
10.7233
10.725
10.7267
10.7283
10.73
10.7317
10.7333
10.735
10.7367
10.7383
10.74
10.7417
10.7433
10.745
10.7467
10.7483
10.75
10.7517
10.7533
10.755
10.7567
10.7583
10.76
10.7617
10.7633
10.765
10.7667
10.7683
10.77
10.7717
10.7733
10.775
10.7767
10.7783
10.78
10.7817
10.7833
10.785
10.7867
10.7883
10.79
10.7917
10.7933
10.795
10.7967
10.7983
10.8
10.8017
10.8033
10.805
10.8067
10.8083
10.81
10.8117
10.8133
10.815
10.8167
10.8183
10.82
10.8217
10.8233
10.825
10.8267
10.8283
10.83
10.8317
10.8333
10.835
10.8367
10.8383
10.84
10.8417
10.8433
10.845
10.8467
10.8483
10.85
10.8517
10.8533
10.855
10.8567
10.8583
10.86
10.8617
10.8633
10.865
10.8667
10.8683
10.87
10.8717
10.8733
10.875
10.8767
10.8783
10.88
10.8817
10.8833
10.885
10.8867
10.8883
10.89
10.8917
10.8933
10.895
10.8967
10.8983
10.9
10.9017
10.9033
10.905
10.9067
10.9083
10.91
10.9117
10.9133
10.915
10.9167
10.9183
10.92
10.9217
10.9233
10.925
10.9267
10.9283
10.93
10.9317
10.9333
10.935
10.9367
10.9383
10.94
10.9417
10.9433
10.945
10.9467
10.9483
10.95
10.9517
10.9533
10.955
10.9567
10.9583
10.96
10.9617
10.9633
10.965
10.9667
10.9683
10.97
10.9717
10.9733
10.975
10.9767
10.9783
10.98
10.9817
10.9833
10.985
10.9867
10.9883
10.99
10.9917
10.9933
10.995
10.9967
10.9983
11
11.0017
11.0033
11.005
11.0067
11.0083
11.01
11.0117
11.0133
11.015
11.0167
11.0183
11.02
11.0217
11.0233
11.025
11.0267
11.0283
11.03
11.0317
11.0333
11.035
11.0367
11.0383
11.04
11.0417
11.0433
11.045
11.0467
11.0483
11.05
11.0517
11.0533
11.055
11.0567
11.0583
11.06
11.0617
11.0615
11.0665
11.0682
11.0699
11.0715
11.0732
11.0749
11.0765
11.0782
11.0799
11.0815
11.0832
11.0849
11.0865
11.0882
11.0899
11.0915
11.0932
11.0949
11.0965
11.0982
11.0999
11.1015
11.1032
11.1049
11.1065
11.1082
11.1099
11.1115
11.1132
11.1149
11.1165
11.1182
11.1199
11.1215
11.1232
11.1249
11.1265
11.1282
11.1299
11.1315
11.1332
11.1349
11.1365
11.1382
11.1399
11.1415
11.1432
11.1449
11.1465
11.1482
11.1499
11.1515
11.1532
11.1549
11.1565
11.1582
11.1599
11.1615
11.1632
11.1649
11.1665
11.1682
11.1699
11.1715
11.1732
11.1749
11.1765
11.1782
11.1799
11.1815
11.1832
11.1849
11.1865
11.1882
11.1899
11.1915
11.1932
11.1949
11.1965
11.1982
11.1999
11.2015
11.2032
11.2049
11.2065
11.2082
11.2099
11.2115
11.2132
11.2149
11.2165
11.2182
11.2199
11.2215
11.2232
11.2249
11.2265
11.2282
11.2299
11.2315
11.2332
11.2349
11.2365
11.2382
11.2399
11.2415
11.2432
11.2449
11.2465
11.2482
11.2499
11.2515
11.2532
11.2549
11.2565
11.2582
11.2599
11.2615
11.2632
11.2649
11.2665
11.2682
11.2699
11.2715
11.2732
11.2749
11.2765
11.2782
11.2799
11.2815
11.2832
11.2849
11.2865
11.2882
11.2899
11.2915
11.2932
11.2949
11.2965
11.2982
11.2999
11.3015
11.3032
11.3049
11.3065
11.3082
11.3099
11.3115
11.3132
11.3149
11.3165
11.3182
11.3199
11.3215
11.3232
11.3249
11.3265
11.3282
11.3299
11.3315
11.3332
11.3349
11.3365
11.3382
11.3399
11.3415
11.3432
11.3449
11.3465
11.3482
11.3499
11.3505
11.3555
11.3571
11.357
11.3587
11.3603
11.362
11.3637
11.3653
11.367
11.3687
11.3703
11.372
11.3737
11.3753
11.377
11.3787
11.3803
11.382
11.3837
11.3853
11.387
11.3887
11.3903
11.392
11.3937
11.3953
11.397
11.3987
11.4003
11.402
11.4037
11.4053
11.407
11.4087
11.4103
11.412
11.4137
11.4153
11.417
11.4187
11.4203
11.422
11.4237
11.4253
11.427
11.4287
11.4303
11.432
11.4337
11.4353
11.437
11.4387
11.4403
11.442
11.4437
11.4453
11.447
11.4487
11.4503
11.452
11.4537
11.4553
11.457
11.4587
11.4603
11.462
11.4637
11.4653
11.467
11.4687
11.4703
11.472
11.4737
11.4753
11.477
11.4787
11.4803
11.482
11.4837
11.4853
11.487
11.4887
11.4903
11.492
11.4937
11.4953
11.497
11.4987
11.5003
11.502
11.5037
11.5053
11.507
11.5087
11.5103
11.512
11.5137
11.5153
11.517
11.5187
11.5203
11.522
11.5237
11.5253
11.527
11.5287
11.5303
11.532
11.5337
11.5353
11.537
11.5387
11.5403
11.542
11.5437
11.5453
11.547
11.5487
11.5503
11.552
11.5537
11.5553
11.557
11.5587
11.5603
11.562
11.5637
11.5653
11.567
11.5687
11.5703
11.572
11.5737
11.5753
11.577
11.5787
11.5803
11.582
11.5837
11.5853
11.587
11.5887
11.5903
11.592
11.5937
11.5953
11.597
11.5987
11.6003
11.602
11.6037
11.6053
11.607
11.6087
11.6103
11.612
11.6137
11.6153
11.617
11.6187
11.6203
11.622
11.6237
11.6253
11.627
11.6287
11.6303
11.632
11.6337
11.6353
11.637
11.6387
11.6403
11.642
11.6437
11.6453
11.647
11.6487
11.6503
11.652
11.6537
11.6553
11.657
11.6587
11.6603
11.662
11.6637
11.6653
11.667
11.6687
11.6703
11.672
11.6737
11.6753
11.677
11.6787
11.6803
11.682
11.6837
11.6853
11.687
11.6887
11.6903
11.692
11.6937
11.6953
11.697
11.6987
11.7003
11.702
11.7037
11.7053
11.707
11.7087
11.7103
11.712
11.7137
11.7153
11.717
11.7187
11.7203
11.722
11.7237
11.7253
11.727
11.7287
11.7303
11.732
11.7337
11.7353
11.737
11.7387
11.7403
11.742
11.7437
11.7453
11.747
11.7487
11.7503
11.752
11.7537
11.7553
11.757
11.7587
11.7603
11.762
11.7637
11.7653
11.767
11.7687
11.7703
11.772
11.7737
11.7753
11.777
11.7787
11.7803
11.782
11.7837
11.7853
11.787
11.7887
11.7903
11.792
11.7937
11.7953
11.797
11.7987
11.8003
11.802
11.8037
11.8053
11.807
11.8087
11.8103
11.812
11.8137
11.8153
11.817
11.8187
11.8203
11.822
11.8237
11.8253
11.827
11.8287
11.8303
11.832
11.8337
11.8353
11.837
11.8387
11.8403
11.842
11.8437
11.8453
11.847
11.8487
11.8503
11.852
11.8537
11.8553
11.857
11.8587
11.8603
11.862
11.8637
11.8653
11.867
11.8687
11.8703
11.872
11.8737
11.8753
11.877
11.8787
11.8803
11.882
11.8837
11.8853
11.887
11.8887
11.8903
11.892
11.8937
11.8953
11.897
11.8987
11.9003
11.902
11.9037
11.9053
11.907
11.9087
11.9103
11.912
11.9137
11.9153
11.917
11.9187
11.9203
11.922
11.9237
11.9253
11.927
11.9287
11.9303
11.932
11.9337
11.9353
11.937
11.9387
11.9403
11.942
11.9437
11.9453
11.947
11.9487
11.9503
11.952
11.9537
11.9553
11.957
11.9587
11.9603
11.962
11.9637
11.9653
11.967
11.9687
11.9703
11.972
11.9737
11.9753
11.977
11.9787
11.9803
11.982
11.9837
11.9853
11.987
11.9887
11.9903
11.992
11.9937
11.9953
11.997
11.9987
12.0003
12.002
12.0037
12.0053
12.007
12.0087
12.0103
12.012
12.0137
12.0153
12.017
12.0187
12.0203
12.022
12.0237
12.0253
12.027
12.0287
12.0303
12.032
12.0337
12.0353
12.037
12.0387
12.0403
12.042
12.0437
12.0453
12.047
12.0487
12.0503
12.052
12.0537
12.0553
12.057
12.0587
12.0603
12.062
12.0637
12.0653
12.067
12.0687
12.0703
12.072
12.0737
12.0753
12.077
12.0787
12.0803
12.082
12.0837
12.0853
12.087
12.0887
12.0903
12.092
12.0937
12.0953
12.097
12.0987
12.1003
12.102
12.1037
12.1053
12.107
12.1087
12.1103
12.112
12.1137
12.1153
12.117
12.1187
12.1203
12.122
12.1237
12.1253
12.127
12.1287
12.1303
12.132
12.1337
12.1353
12.137
12.1387
12.1403
12.142
12.1437
12.1453
12.147
12.1487
12.1503
12.152
12.1537
12.1553
12.157
12.1587
12.1603
12.162
12.1637
12.1653
12.167
12.1687
12.1703
12.172
12.1737
12.1753
12.177
12.1787
12.1803
12.182
12.1837
12.1853
12.187
12.1887
12.1903
12.192
12.1937
12.1953
12.197
12.1987
12.2003
12.202
12.2037
12.2053
12.207
12.2087
12.2103
12.212
12.2137
12.2153
12.217
12.2187
12.2203
12.222
12.2237
12.2253
12.227
12.2287
12.2303
12.232
12.2337
12.2353
12.237
12.2387
12.2403
12.242
12.2437
12.2453
12.247
12.2487
12.2503
12.252
12.2537
12.2553
12.257
12.2587
12.2603
12.262
12.2637
12.2653
12.267
12.2687
12.2703
12.272
12.2737
12.2753
12.277
12.2787
12.2803
12.282
12.2837
12.2853
12.287
12.2887
12.2903
12.292
12.2937
12.2953
12.297
12.2987
12.3003
12.302
12.3037
12.3053
12.307
12.3087
12.3103
12.312
12.3137
12.3153
12.317
12.3187
12.3203
12.322
12.3237
12.3253
12.327
12.3287
12.3303
12.332
12.3337
12.3353
12.337
12.3387
12.3403
12.342
12.3437
12.3453
12.347
12.3487
12.3503
12.352
12.3537
12.3553
12.357
12.3587
12.3603
12.362
12.3637
12.3653
12.367
12.3687
12.3703
12.372
12.3737
12.3753
12.377
12.3787
12.3803
12.382
12.3837
12.3853
12.387
12.3887
12.3903
12.392
12.3937
12.3953
12.397
12.3987
12.4003
12.402
12.4037
12.4053
12.407
12.4087
12.4103
12.412
12.4137
12.4153
12.417
12.4187
12.4203
12.422
12.4237
12.4253
12.427
12.4287
12.4303
12.432
12.4337
12.4353
12.437
12.4387
12.4403
12.442
12.4437
12.4453
12.447
12.4487
12.4503
12.452
12.4537
12.4553
12.457
12.4587
12.4603
12.462
12.4637
12.4653
12.467
12.4687
12.4703
12.472
12.4737
12.4753
12.477
12.4787
12.4803
12.482
12.4837
12.4853
12.487
12.4887
12.4903
12.492
12.4937
12.4953
12.497
12.4987
12.5003
12.502
12.5037
12.5053
12.507
12.5087
12.5103
12.512
12.5137
12.5153
12.517
12.5187
12.5203
12.522
12.5237
12.5253
12.527
12.5287
12.5303
12.532
12.5337
12.5353
12.537
12.5387
12.5403
12.542
12.5437
12.5453
12.547
12.5487
12.5503
12.552
12.5537
12.5553
12.557
12.5587
12.5603
12.562
12.5637
12.5653
12.567
12.5687
12.5703
12.572
12.5737
12.5753
12.577
12.5787
12.5803
12.582
12.5837
12.5853
12.587
12.5887
12.5903
12.592
12.5937
12.5953
12.597
12.5987
12.6003
12.602
12.6037
12.6053
12.607
12.6087
12.6103
12.612
12.6137
12.6153
12.617
12.6187
12.6203
12.622
12.6237
12.6253
12.627
12.6287
12.6303
12.632
12.6337
12.6353
12.637
12.6387
12.6403
12.642
12.6437
12.6453
12.647
12.6487
12.6503
12.652
12.6537
12.6553
12.657
12.6587
12.6603
12.662
12.6637
12.6653
12.667
12.6687
12.6703
12.672
12.6737
12.6753
12.677
12.6787
12.6803
12.682
12.6837
12.6853
12.687
12.6887
12.6903
12.692
12.6937
12.6953
12.697
12.6987
12.7003
12.702
12.7037
12.7053
12.707
12.7087
12.7103
12.712
12.7137
12.7153
12.717
12.7187
12.7203
12.722
12.7237
12.7253
12.727
12.7287
12.7303
12.732
12.7337
12.7353
12.737
12.7387
12.7403
12.742
12.7437
12.7453
12.747
12.7487
12.7503
12.752
12.7537
12.7553
12.757
12.7587
12.7603
12.762
12.7637
12.7653
12.767
12.7687
12.7703
12.772
12.7737
12.7753
12.777
12.7787
12.7803
12.782
12.7837
12.7853
12.787
12.7887
12.7903
12.792
12.7937
12.7953
12.797
12.7987
12.8003
12.802
12.8037
12.8053
12.807
12.8087
12.8103
12.812
12.8137
12.8153
12.817
12.8187
12.8203
12.822
12.8237
12.8253
12.827
12.8287
12.8303
12.832
12.8337
12.8353
12.837
12.8387
12.8403
12.842
12.8437
12.8453
12.847
12.8487
12.8503
12.852
12.8537
12.8553
12.857
12.8587
12.8603
12.862
12.8637
12.8653
12.867
12.8687
12.8703
12.872
12.8737
12.8753
12.877
12.8787
12.8803
12.882
12.8837
12.8853
12.887
12.8887
12.8903
12.892
12.8937
12.8953
12.897
12.8987
12.9003
12.902
12.9037
12.9053
12.907
12.9087
12.9103
12.912
12.9137
12.9153
12.917
12.9187
12.9203
12.922
12.9237
12.9253
12.927
12.9287
12.9303
12.932
12.9337
12.9353
12.937
12.9387
12.9403
12.942
12.9437
12.9453
12.947
12.9487
12.9503
12.952
12.9537
12.9553
12.957
12.9587
12.9603
12.962
12.9637
12.9653
12.967
12.9687
12.9703
12.972
12.9737
12.9753
12.977
12.9787
12.9803
12.982
12.9837
12.9853
12.987
12.9887
12.9903
12.992
12.9937
12.9953
12.997
12.9987
13.0003
13.002
13.0037
13.0053
13.007
13.0087
13.0103
13.012
13.0137
13.0153
13.017
13.0187
13.0203
13.022
13.0237
13.0253
13.027
13.0287
13.0303
13.032
13.0337
13.0353
13.037
13.0387
13.0403
13.042
13.0437
13.0453
13.047
13.0487
13.0503
13.052
13.0537
13.0553
13.057
13.0587
13.0603
13.062
13.0637
13.0653
13.067
13.0687
13.0703
13.072
13.0737
13.0753
13.077
13.0787
13.0803
13.082
13.0837
13.0853
13.087
13.0887
13.0903
13.092
13.0937
13.0953
13.097
13.0987
13.1003
13.102
13.1037
13.1053
13.107
13.1087
13.1103
13.112
13.1137
13.1153
13.117
13.1187
13.1203
13.122
13.1237
13.1253
13.127
13.1287
13.1303
13.132
13.1337
13.1353
13.137
13.1387
13.1403
13.142
13.1437
13.1453
13.147
13.1487
13.1503
13.152
13.1537
13.1553
13.157
13.1587
13.1603
13.162
13.1637
13.1653
13.167
13.1687
13.1703
13.172
13.1737
13.1753
13.177
13.1787
13.1803
13.182
13.1837
13.1853
13.187
13.1887
13.1903
13.192
13.1937
13.1953
13.197
13.1987
13.2003
13.202
13.2037
13.2053
13.207
13.2087
13.2103
13.212
13.2137
13.2153
13.217
13.2187
13.2203
13.222
13.2237
13.2253
13.227
13.2287
13.2303
13.232
13.2337
13.2353
13.237
13.2387
13.2403
13.242
13.2437
13.2453
13.247
13.2487
13.2503
13.252
13.2537
13.2553
13.257
13.2587
13.2603
13.262
13.2637
13.2653
13.267
13.2687
13.2703
13.272
13.2737
13.2753
13.277
13.2787
13.2803
13.282
13.2837
13.2853
13.287
13.2887
13.2903
13.292
13.2937
13.2953
13.297
13.2987
13.3003
13.302
13.3037
13.3053
13.307
13.3087
13.3103
13.312
13.3137
13.3153
13.317
13.3187
13.3203
13.322
13.3237
13.3253
13.327
13.3287
13.3303
13.332
13.3337
13.3353
13.337
13.3387
13.3403
13.342
13.3437
13.3453
13.347
13.3487
13.3503
13.352
13.3537
13.3553
13.357
13.3587
13.3603
13.362
13.3637
13.3653
13.367
13.3687
13.3703
13.372
13.3737
13.3753
13.377
13.3787
13.3803
13.382
13.3837
13.3853
13.387
13.3887
13.3903
13.392
13.3937
13.3953
13.397
13.3987
13.4003
13.402
13.4037
13.4053
13.407
13.4087
13.4103
13.412
13.4137
13.4153
13.417
13.4187
13.4203
13.422
13.4237
13.4253
13.427
13.4287
13.4303
13.432
13.4337
13.4353
13.437
13.4387
13.4403
13.442
13.4437
13.4453
13.447
13.4487
13.4503
13.452
13.4537
13.4553
13.457
13.4587
13.4603
13.462
13.4637
13.4653
13.467
13.4687
13.4703
13.472
13.4737
13.4753
13.477
13.4787
13.4803
13.482
13.4837
13.4853
13.487
13.4887
13.4903
13.492
13.4937
13.4953
13.497
13.4987
13.5003
13.502
13.5037
13.5053
13.507
13.5087
13.5103
13.512
13.5137
13.5153
13.517
13.5187
13.5203
13.522
13.5237
13.5253
13.527
13.5287
13.5303
13.532
13.5337
13.5353
13.537
13.5387
13.5403
13.542
13.5437
13.5453
13.547
13.5487
13.5503
13.552
13.5537
13.5553
13.557
13.5587
13.5603
13.562
13.5637
13.5653
13.567
13.5687
13.5703
13.572
13.5737
13.5753
13.577
13.5787
13.5803
13.582
13.5837
13.5853
13.587
13.5887
13.5903
13.592
13.5937
13.5953
13.597
13.5987
13.6003
13.602
13.6037
13.6053
13.607
13.6087
13.6103
13.612
13.6137
13.6153
13.617
13.6187
13.6203
13.622
13.6237
13.6253
13.627
13.6287
13.6303
13.632
13.6337
13.6353
13.637
13.6387
13.6403
13.642
13.6437
13.6453
13.647
13.6487
13.6503
13.652
13.6537
13.6553
13.657
13.6587
13.6603
13.662
13.6637
13.6653
13.667
13.6687
13.6703
13.672
13.6737
13.6753
13.677
13.6787
13.6803
13.682
13.6837
13.6853
13.687
13.6887
13.6903
13.692
13.6937
13.6953
13.697
13.6987
13.7003
13.702
13.7037
13.7053
13.707
13.7087
13.7103
13.712
13.7137
13.7153
13.717
13.7187
13.7203
13.722
13.7237
13.7253
13.727
13.7287
13.7303
13.732
13.7337
13.7353
13.737
13.7387
13.7403
13.742
13.7437
13.7453
13.747
13.7487
13.7503
13.752
13.7537
13.7553
13.757
13.7587
13.7603
13.762
13.7637
13.7653
13.767
13.7687
13.7703
13.772
13.7737
13.7753
13.777
13.7787
13.7803
13.782
13.7837
13.7853
13.787
13.7887
13.7903
13.792
13.7937
13.7953
13.797
13.7987
13.8003
13.802
13.8037
13.8053
13.807
13.8087
13.8103
13.812
13.8137
13.8153
13.817
13.8187
13.8203
13.822
13.8237
13.8253
13.827
13.8287
13.8303
13.832
13.8337
13.8353
13.837
13.8387
13.8403
13.842
13.8437
13.8453
13.847
13.8487
13.8503
13.852
13.8537
13.8553
13.857
13.8587
13.8603
13.862
13.8637
13.8653
13.867
13.8687
13.8703
13.872
13.8737
13.8753
13.877
13.8787
13.8803
13.882
13.8837
13.8853
13.887
13.8887
13.8903
13.892
13.8937
13.8953
13.897
13.8987
13.9003
13.902
13.9037
13.9053
13.907
13.9087
13.9103
13.912
13.9137
13.9153
13.917
13.9187
13.9203
13.922
13.9237
13.9253
13.927
13.9287
13.9303
13.932
13.9337
13.9353
13.937
13.9387
13.9403
13.942
13.9437
13.9453
13.947
13.9487
13.9503
13.952
13.9537
13.9553
13.957
13.9587
13.9603
13.962
13.9637
13.9653
13.967
13.9687
13.9703
13.972
13.9737
13.9753
13.977
13.9787
13.9803
13.982
13.9837
13.9853
13.987
13.9887
13.9903
13.992
13.9937
13.9953
13.997
13.9987
14.0003
14.002
14.0037
14.0053
14.007
14.0087
14.0103
14.012
14.0137
14.0153
14.017
14.0187
14.0203
14.022
14.0237
14.0253
14.027
14.0287
14.0303
14.032
14.0337
14.0353
14.037
14.0387
14.0403
14.042
14.0437
14.0453
14.047
14.0487
14.0503
14.052
14.0537
14.0553
14.057
14.0587
14.0603
14.062
14.0637
14.0653
14.067
14.0687
14.0703
14.072
14.0737
14.0753
14.077
14.0787
14.0803
14.082
14.0837
14.0853
14.087
14.0887
14.0903
14.092
14.0937
14.0953
14.097
14.0987
14.1003
14.102
14.1037
14.1053
14.107
14.1087
14.1103
14.112
14.1137
14.1153
14.117
14.1187
14.1203
14.122
14.1237
14.1253
14.127
14.1287
14.1303
14.132
14.1337
14.1353
14.137
14.1387
14.1403
14.142
14.1437
14.1453
14.147
14.1487
14.1503
14.152
14.1537
14.1553
14.157
14.1587
14.1603
14.162
14.1637
14.1653
14.167
14.1687
14.1703
14.172
14.1737
14.1753
14.177
14.1787
14.1803
14.182
14.1837
14.1853
14.187
14.1887
14.1903
14.192
14.1937
14.1953
14.197
14.1987
14.2003
14.202
14.2037
14.2053
14.207
14.2087
14.2103
14.212
14.2137
14.2153
14.217
14.2187
14.2203
14.222
14.2237
14.2253
14.227
14.2287
14.2303
14.232
14.2337
14.2353
14.237
14.2387
14.2403
14.242
14.2437
14.2453
14.247
14.2487
14.2503
14.252
14.2537
14.2553
14.257
14.2587
14.2603
14.262
14.2637
14.2653
14.267
14.2687
14.2703
14.2706
14.2756
14.2773
14.2775
14.2825
14.2842
14.284
14.2857
14.2873
14.289
14.2907
14.2923
14.294
14.2957
14.2973
14.299
14.3007
14.3023
14.304
14.3057
14.3073
14.309
14.3107
14.3123
14.314
14.3157
14.3173
14.319
14.3207
14.3223
14.324
14.3257
14.3273
14.329
14.3307
14.3305
14.3303
14.332
14.3322
14.3372
14.3389
14.3406
14.3422
14.343
14.3447
14.3463
14.3464
14.3514
14.353
14.3537
14.3554
14.357
14.3572
14.3589
14.3605
14.3622
14.3639
14.3655
14.3672
14.3689
14.3705
14.3722
14.3739
14.3755
14.3772
14.3789
14.3805
14.3822
14.3839
14.3855
14.3872
14.3889
14.3905
14.3922
14.3939
14.3955
14.3972
14.3989
14.4005
14.4022
14.4039
14.4055
14.4072
14.4089
14.4105
14.4122
14.4139
14.4155
14.4172
14.4189
14.4205
14.4222
14.4239
14.4255
14.4272
14.4289
14.4305
14.4322
14.4339
14.4355
14.4372
14.4389
14.4405
14.4422
14.4439
314.444
SCALARS Branch_id int 1
LOOKUP_TABLE default
0
0
0
0
0
0
0
0
0
0
0
0
0
0
0
0
0
0
0
0
0
0
0
0
0
0
0
0
0
0
0
0
0
0
0
0
0
0
0
0
0
0
0
0
0
0
0
0
0
0
0
0
0
0
0
0
0
0
0
0
0
0
0
0
0
0
0
0
0
0
0
0
0
0
0
0
0
0
0
0
0
0
0
0
0
0
0
0
0
0
0
0
0
0
0
0
0
0
0
0
0
0
0
0
0
0
0
0
0
0
0
0
0
0
0
0
0
0
0
0
0
0
0
0
0
0
0
0
0
0
0
0
0
0
0
0
0
0
0
0
0
0
0
0
0
0
0
0
0
0
0
0
0
0
0
0
0
0
0
0
0
0
0
0
0
0
0
0
0
0
0
0
0
0
0
0
0
0
0
0
0
0
0
0
0
0
0
0
0
0
0
0
0
0
0
0
0
0
0
0
0
0
0
0
0
0
0
0
0
0
0
0
0
0
0
0
0
0
0
0
0
0
0
0
0
0
0
0
0
0
0
0
0
0
0
0
0
0
0
0
0
0
0
0
0
0
0
0
0
0
0
0
0
0
0
0
0
0
0
0
0
0
0
0
0
0
0
0
0
0
0
0
0
0
0
0
0
0
0
0
0
0
0
0
0
0
0
0
0
0
0
0
0
0
0
0
0
0
0
0
0
0
0
0
0
0
0
0
0
0
0
0
0
0
0
0
0
0
0
0
0
0
0
0
0
0
0
0
0
0
0
0
0
0
0
0
0
0
0
0
0
0
0
0
0
0
0
0
0
0
0
0
0
0
0
0
0
0
0
0
0
0
0
0
0
0
0
0
0
0
0
0
0
0
0
0
0
0
0
0
0
0
0
0
0
0
0
0
0
0
0
0
0
0
0
0
0
0
0
0
0
0
0
0
0
0
0
0
0
0
0
0
0
0
0
0
0
0
0
0
0
0
0
0
0
0
0
0
0
0
0
0
0
0
0
0
0
0
0
0
0
0
0
0
0
0
0
0
0
0
0
0
0
0
0
0
0
0
0
0
0
0
0
0
0
0
0
0
0
0
0
0
0
0
0
0
0
0
0
0
0
0
0
0
0
0
0
0
0
0
0
0
0
0
0
0
0
0
0
0
0
0
0
0
0
0
0
0
0
0
0
0
0
0
0
0
0
0
0
0
0
0
0
0
0
0
0
0
0
0
0
0
0
0
0
0
0
0
0
0
0
0
0
0
0
0
0
0
0
0
0
0
0
0
0
0
0
0
0
0
0
0
0
0
0
0
0
0
0
0
0
0
0
0
0
0
0
0
0
0
0
0
0
0
0
0
0
0
0
0
0
0
0
0
0
0
0
0
0
0
0
0
0
0
0
0
0
0
0
0
0
0
0
0
0
0
0
0
0
0
0
0
0
0
0
0
0
0
0
0
0
0
0
0
0
0
0
0
0
0
0
0
0
0
0
0
0
0
0
0
0
0
0
0
0
0
0
0
0
0
0
0
0
0
0
0
0
0
0
0
0
0
0
0
0
0
0
0
0
0
0
0
0
0
0
0
0
0
0
0
0
0
0
0
0
0
0
0
0
0
0
0
0
0
0
0
0
0
0
0
0
0
0
0
0
0
0
0
0
0
0
0
0
0
0
0
0
0
0
0
0
0
0
0
0
0
0
0
0
0
0
0
0
0
0
0
0
0
0
0
0
0
0
0
0
0
0
0
0
0
0
0
0
0
0
0
0
0
0
0
0
0
0
0
0
0
0
0
0
0
0
0
0
0
0
0
0
0
0
0
0
0
0
0
0
0
0
0
0
0
0
0
0
0
0
0
0
0
0
0
0
0
0
0
0
0
0
0
0
0
0
0
0
0
0
0
0
0
0
0
0
0
0
0
0
0
0
0
0
0
0
0
0
0
0
0
0
0
0
0
0
0
0
0
0
0
0
0
0
0
0
0
0
0
0
0
0
0
0
0
0
0
0
0
0
0
0
0
0
0
0
0
0
0
0
0
0
0
0
0
0
0
0
0
0
0
0
0
0
0
0
0
0
0
0
0
0
0
0
0
0
0
0
0
0
0
0
0
0
0
0
0
0
0
0
0
0
0
0
0
0
0
0
0
0
0
0
0
0
0
0
0
0
0
0
0
0
0
0
0
0
0
0
0
0
0
0
0
0
0
0
0
0
0
0
0
0
0
0
0
0
0
0
0
0
0
0
0
0
0
0
0
0
0
0
0
0
0
0
0
0
0
0
0
0
0
0
0
0
0
0
0
0
0
0
0
0
0
0
0
0
0
0
0
0
0
0
0
0
0
0
0
0
0
0
0
0
0
0
0
0
0
0
0
0
0
0
0
0
0
0
0
0
0
0
0
0
0
0
0
0
0
0
0
0
0
0
0
0
0
0
0
0
0
0
0
0
0
0
0
0
0
0
0
0
0
0
0
0
0
0
0
0
0
0
0
0
0
0
0
0
0
0
0
0
0
0
0
0
0
0
0
0
0
0
0
0
0
0
0
0
0
0
0
0
0
0
0
0
0
0
0
0
0
0
0
0
0
0
0
0
0
0
0
0
0
0
0
0
0
0
0
0
0
0
0
0
0
0
0
0
0
0
0
0
0
0
0
0
0
0
0
0
0
0
0
0
0
0
0
0
0
0
0
0
0
0
0
0
0
0
0
0
0
0
0
0
0
0
0
0
0
0
0
0
0
0
0
0
0
0
0
0
0
0
0
0
0
0
0
0
0
0
0
0
0
0
0
0
0
0
0
0
0
0
0
0
0
0
0
0
0
0
0
0
0
0
0
0
0
0
0
0
0
0
0
0
0
0
0
0
0
0
0
0
0
0
0
0
0
0
0
0
0
0
0
0
0
0
0
0
0
0
0
0
0
0
0
0
0
0
0
0
0
0
0
0
0
0
0
0
0
0
0
0
0
0
0
0
0
0
0
0
0
0
0
0
0
0
0
0
0
0
0
0
0
0
0
0
0
0
0
0
0
0
0
0
0
0
0
0
0
0
0
0
0
0
0
0
0
0
0
0
0
0
0
0
0
0
0
0
0
0
0
0
0
0
0
0
0
0
0
0
0
0
0
0
0
0
0
0
0
0
0
0
0
0
0
0
0
0
0
0
0
0
0
0
0
0
0
0
0
0
0
0
0
0
0
0
0
0
0
0
0
0
0
0
0
0
0
0
0
0
0
0
0
0
0
0
0
0
0
0
0
0
0
0
0
0
0
0
0
0
0
0
0
0
0
0
0
0
0
0
0
0
0
0
0
0
0
0
0
0
0
0
0
0
0
0
0
0
0
0
0
0
0
0
0
0
0
0
0
0
0
0
0
0
0
0
0
0
0
0
0
0
0
0
0
0
0
0
0
0
0
0
0
0
0
0
0
0
0
0
0
0
0
0
0
0
0
0
0
0
0
0
0
0
0
0
0
0
0
0
0
0
0
0
0
0
0
0
0
0
0
0
0
0
0
0
0
0
0
0
0
0
0
0
0
0
0
0
0
0
0
0
0
0
0
0
0
0
0
0
0
0
0
0
0
0
0
0
0
0
0
0
0
0
0
0
0
0
0
0
0
0
0
0
0
0
0
0
0
0
0
0
0
0
0
0
0
0
0
0
0
0
0
0
0
0
0
0
0
0
0
0
0
0
0
0
0
0
0
0
0
0
0
0
0
0
0
0
0
0
0
0
0
0
0
0
0
0
0
0
0
0
0
0
0
0
0
0
0
0
0
0
0
0
0
0
0
0
0
0
0
0
0
0
0
0
0
0
0
0
0
0
0
0
0
0
0
0
0
0
0
0
0
0
0
0
0
0
0
0
0
0
0
0
0
0
0
0
0
0
0
0
0
0
0
0
0
0
0
0
0
0
0
0
0
0
0
0
0
0
0
0
0
0
0
0
0
0
0
0
0
0
0
0
0
0
0
0
0
0
0
0
0
0
0
0
0
0
0
0
0
0
0
0
0
0
0
0
0
0
0
0
0
0
0
0
0
0
0
0
0
0
0
0
0
0
0
0
0
0
0
0
0
0
0
0
0
0
0
0
0
0
0
0
0
0
0
0
0
0
0
0
0
0
0
0
0
0
0
0
0
0
0
0
0
0
0
0
0
0
0
0
0
0
0
0
0
0
0
0
0
0
0
0
0
0
0
0
0
0
0
0
0
0
0
0
0
0
0
0
0
0
0
0
0
0
0
0
0
0
0
0
0
0
0
0
0
0
0
0
0
0
0
0
0
0
0
0
0
0
0
0
0
0
0
0
0
0
0
0
0
0
0
0
0
0
0
0
0
0
0
0
0
0
0
0
0
0
0
0
0
0
0
0
0
0
0
0
0
0
0
0
0
0
0
0
0
0
0
0
0
0
0
0
0
0
0
0
0
0
0
0
0
0
0
0
0
0
0
0
0
0
0
0
0
0
0
0
0
0
0
0
0
0
0
0
0
0
0
0
0
0
0
0
0
0
0
0
0
0
0
0
0
0
0
0
0
0
0
0
0
0
0
0
0
0
0
0
0
0
0
0
0
0
0
0
0
0
0
0
0
0
0
0
0
0
0
0
0
0
0
0
0
0
0
0
0
0
0
0
0
0
0
0
0
0
0
0
0
0
0
0
0
0
0
0
0
0
0
0
0
0
0
0
0
0
0
0
0
0
0
0
0
0
0
0
0
0
0
0
0
0
0
0
0
0
0
0
0
0
0
0
0
0
0
0
0
0
0
0
0
0
0
0
0
0
0
0
0
0
0
0
0
0
0
0
0
0
0
0
0
0
0
0
0
0
0
0
0
0
0
0
0
0
0
0
0
0
0
0
0
0
0
0
0
0
0
0
0
0
0
0
0
0
0
0
0
0
0
0
0
0
0
0
0
0
0
0
0
0
0
0
0
0
0
0
0
0
0
0
0
0
0
0
0
0
0
0
0
0
0
0
0
0
0
0
0
0
0
0
0
0
0
0
0
0
0
0
0
0
0
0
0
0
0
0
0
0
0
0
0
0
0
0
0
0
0
0
0
0
0
0
0
0
0
0
0
0
0
0
0
0
0
0
0
0
0
0
0
0
0
0
0
0
0
0
0
0
0
0
0
0
0
0
0
0
0
0
0
0
0
0
0
0
0
0
0
0
0
0
0
0
0
0
0
0
0
0
0
0
0
0
0
0
0
0
0
0
0
0
0
0
0
0
0
0
0
0
0
0
0
0
0
0
0
0
0
0
0
0
0
0
0
0
0
0
0
0
0
0
0
0
0
0
0
0
0
0
0
0
0
0
0
0
0
0
0
0
0
0
0
0
0
0
0
0
0
0
0
0
0
0
0
0
0
0
0
0
0
0
0
0
0
0
0
0
0
0
0
0
0
0
0
0
0
0
0
0
0
0
0
0
0
0
0
0
0
0
0
0
0
0
0
0
0
0
0
0
0
0
0
0
0
0
0
0
0
0
0
0
0
0
0
0
0
0
0
0
0
0
0
0
0
0
0
0
0
0
0
0
0
0
0
0
0
0
0
0
0
0
0
0
0
0
0
0
0
0
0
0
0
0
0
0
0
0
0
0
0
0
0
0
0
0
0
0
0
0
0
0
0
0
0
0
0
0
0
0
0
0
0
0
0
0
0
0
0
0
0
0
0
0
0
0
0
0
0
0
0
0
0
0
0
0
0
0
0
0
0
0
0
0
0
0
0
0
0
0
0
0
0
0
0
0
0
0
0
0
0
0
0
0
0
0
0
0
0
0
0
0
0
0
0
0
0
0
0
0
0
0
0
0
0
0
0
0
0
0
0
0
0
0
0
0
0
0
0
0
0
0
0
0
0
0
0
0
0
0
0
0
0
0
0
0
0
0
0
0
0
0
0
0
0
0
0
0
0
0
0
0
0
0
0
0
0
0
0
0
0
0
0
0
0
0
0
0
0
0
0
0
0
0
0
0
0
0
0
0
0
0
0
0
0
0
0
0
0
0
0
0
0
0
0
0
0
0
0
0
0
0
0
0
0
0
0
0
0
0
0
0
0
0
0
0
0
0
0
0
0
0
0
0
0
0
0
0
0
0
0
0
0
0
0
0
0
0
0
0
0
0
0
0
0
0
0
0
0
0
0
0
0
0
0
0
0
0
0
0
0
0
0
0
0
0
0
0
0
0
0
0
0
0
0
0
0
0
0
0
0
0
0
0
0
0
0
0
0
0
0
0
0
0
0
0
0
0
0
0
0
0
0
0
0
0
0
0
0
0
0
0
0
0
0
0
0
0
0
0
0
0
0
0
0
0
0
0
0
0
0
0
0
0
0
0
0
0
0
0
0
0
0
0
0
0
0
0
0
0
0
0
0
0
0
0
0
0
0
0
0
0
0
0
0
0
0
0
0
0
0
0
0
0
0
0
0
0
0
0
0
0
0
0
0
0
0
0
0
0
0
0
0
0
0
0
0
0
0
0
0
0
0
0
0
0
0
0
0
0
0
0
0
0
0
0
0
0
0
0
0
0
0
0
0
0
0
0
0
0
0
0
0
0
0
0
0
0
0
0
0
0
0
0
0
0
0
0
0
0
0
0
0
0
0
0
0
0
0
0
0
0
0
0
0
0
0
0
0
0
0
0
0
0
0
0
0
0
0
0
0
0
0
0
0
0
0
0
0
0
0
0
0
0
0
0
0
0
0
0
0
0
0
0
0
0
0
0
0
0
0
0
0
0
0
0
0
0
0
0
0
0
0
0
0
0
0
0
0
0
0
0
0
0
0
0
0
0
0
0
0
0
0
0
0
0
0
0
0
0
0
0
0
0
0
0
0
0
0
0
0
0
0
0
0
0
0
0
0
0
0
0
0
0
0
0
0
0
0
0
0
0
0
0
0
0
0
0
0
0
0
0
0
0
0
0
0
0
0
0
0
0
0
0
0
0
0
0
0
0
0
0
0
0
0
0
0
0
0
0
0
0
0
0
0
0
0
0
0
0
0
0
0
0
0
0
0
0
0
0
0
0
0
0
0
0
0
0
0
0
0
0
0
0
0
0
0
0
0
0
0
0
0
0
0
0
0
0
0
0
0
0
0
0
0
0
0
0
0
0
0
0
0
0
0
0
0
0
0
0
0
0
0
0
0
0
0
0
0
0
0
0
0
0
0
0
0
0
0
0
0
0
0
0
0
0
0
0
0
0
0
0
0
0
0
0
0
0
0
0
0
0
0
0
0
0
0
0
0
0
0
0
0
0
0
0
0
0
0
0
0
0
0
0
0
0
0
0
0
0
0
0
0
0
0
0
0
0
0
0
0
0
0
0
0
0
0
0
0
0
0
0
0
0
0
0
0
0
0
0
0
0
0
0
0
0
0
0
0
0
0
0
0
0
0
0
0
0
0
0
0
0
0
0
0
0
0
0
0
0
0
0
0
0
0
0
0
0
0
0
0
0
0
0
0
0
0
0
0
0
0
0
0
0
0
0
0
0
0
0
0
0
0
0
0
0
0
0
0
0
0
0
0
0
0
0
0
0
0
0
0
0
0
0
0
0
0
0
0
0
0
0
0
0
0
0
0
0
0
0
0
0
0
0
0
0
0
0
0
0
0
0
0
0
0
0
0
0
0
0
0
0
0
0
0
0
0
0
0
0
0
0
0
0
0
0
0
0
0
0
0
0
0
0
0
0
0
0
0
0
0
0
0
0
0
0
0
0
0
0
0
0
0
0
0
0
0
0
0
0
0
0
0
0
0
0
0
0
0
0
0
0
0
0
0
0
0
0
0
0
0
0
0
0
0
0
0
0
0
0
0
0
0
0
0
0
0
0
0
0
0
0
0
0
0
0
0
0
0
0
0
0
0
0
0
0
0
0
0
0
0
0
0
0
0
0
0
0
0
0
0
0
0
0
0
0
0
0
0
0
0
0
0
0
0
0
0
0
0
0
0
0
0
0
0
0
0
0
0
0
0
0
0
0
0
0
0
0
0
0
0
0
0
0
0
0
0
0
0
0
0
0
0
0
0
0
0
0
0
0
0
0
0
0
0
0
0
0
0
0
0
0
0
0
0
0
0
0
0
0
0
0
0
0
0
0
0
0
0
0
0
0
0
0
0
0
0
0
0
0
0
0
0
0
0
0
0
0
0
0
0
0
0
0
0
0
0
0
0
0
0
0
0
0
0
0
0
0
0
0
0
0
0
0
0
0
0
0
0
0
0
0
0
0
0
0
0
0
0
0
0
0
0
0
0
0
0
0
0
0
0
0
0
0
0
0
0
0
0
0
0
0
0
0
0
0
0
0
0
0
0
0
0
0
0
0
0
0
0
0
0
0
0
0
0
0
0
0
0
0
0
0
0
0
0
0
0
0
0
0
0
0
0
0
0
0
0
0
0
0
0
0
0
0
0
0
0
0
0
0
0
0
0
0
0
0
0
0
0
0
0
0
0
0
0
0
0
0
0
0
0
0
0
0
0
0
0
0
0
0
0
0
0
0
0
0
0
0
0
0
0
0
0
0
0
0
0
0
0
0
0
0
0
0
0
0
0
0
0
0
0
0
0
0
0
0
0
0
0
0
0
0
0
0
0
0
0
0
0
0
0
0
0
0
0
0
0
0
0
0
0
0
0
0
0
0
0
0
0
0
0
0
0
0
0
0
0
0
0
0
0
0
0
0
0
0
0
0
0
0
0
0
0
0
0
0
0
0
0
0
0
0
0
0
0
0
0
0
0
0
0
0
0
0
0
0
0
0
0
0
0
0
0
0
0
0
0
0
0
0
0
0
0
0
0
0
0
0
0
0
0
0
0
0
0
0
0
0
0
0
0
0
0
0
0
0
0
0
0
0
0
0
0
0
0
0
0
0
0
0
0
0
0
0
0
0
0
0
0
0
0
0
0
0
0
0
0
0
0
0
0
0
0
0
0
0
0
0
0
0
0
0
0
0
0
0
0
0
0
0
0
0
0
0
0
0
0
0
0
0
0
0
0
0
0
0
0
0
0
0
0
0
0
0
0
0
0
0
0
0
0
0
0
0
0
0
0
0
0
0
0
0
0
0
0
0
0
0
0
0
0
0
0
0
0
0
0
0
0
0
0
0
0
0
0
0
0
0
0
0
0
0
0
0
0
0
0
0
0
0
0
0
0
0
0
0
0
0
0
0
0
0
0
0
0
0
0
0
0
0
0
0
0
0
0
0
0
0
0
0
0
0
0
0
0
0
0
0
0
0
0
0
0
0
0
0
0
0
0
0
0
0
0
0
0
0
0
0
0
0
0
0
0
0
0
0
0
0
0
0
0
0
0
0
0
0
0
0
0
0
0
0
0
0
0
0
0
0
0
0
0
0
0
0
0
0
0
0
0
0
0
0
0
0
0
0
0
0
0
0
0
0
0
0
0
0
0
0
0
0
0
0
0
0
0
0
0
0
0
0
0
0
0
0
0
0
0
0
0
0
0
0
0
0
0
0
0
0
0
0
0
0
0
0
0
0
0
0
0
0
0
0
0
0
0
0
0
0
0
0
0
0
0
0
0
0
0
0
0
0
0
0
0
0
0
0
0
0
0
0
0
0
0
0
0
0
0
0
0
0
0
0
0
0
0
0
0
0
0
0
0
0
0
0
0
0
0
0
0
0
0
0
0
0
0
0
0
0
0
0
0
0
0
0
0
0
0
0
0
0
0
0
0
0
0
0
0
0
0
0
0
0
0
0
0
0
0
0
0
0
0
0
0
0
0
0
0
0
0
0
0
0
0
0
0
0
0
0
0
0
0
0
0
0
0
0
0
0
0
0
0
0
0
0
0
0
0
0
0
0
0
0
0
0
0
0
0
0
0
0
0
0
0
0
0
0
0
0
0
0
0
0
0
0
0
0
0
0
0
0
0
0
0
0
0
0
0
0
0
0
0
0
0
0
0
0
0
0
0
0
0
0
0
0
0
0
0
0
0
0
0
0
0
0
0
0
0
0
0
0
0
0
0
0
0
0
0
0
0
0
0
0
0
0
0
0
0
0
0
0
0
0
0
0
0
0
0
0
0
0
0
0
0
0
0
0
0
0
0
0
0
0
0
0
0
0
0
0
0
0
0
0
0
0
0
0
0
0
0
0
0
0
0
0
0
0
0
0
0
0
0
0
0
0
0
0
0
0
0
0
0
0
0
0
0
0
0
0
0
0
0
0
0
0
0
0
0
0
0
0
0
0
0
0
0
0
0
0
0
0
0
0
0
0
0
0
0
0
0
0
0
0
0
0
0
0
0
0
0
0
0
0
0
0
0
0
0
0
0
0
0
0
0
0
0
0
0
0
0
0
0
0
0
0
0
0
0
0
0
0
0
0
0
0
0
0
0
0
0
0
0
0
0
0
0
0
0
0
0
0
0
0
0
0
0
0
0
0
0
0
0
0
0
0
0
0
0
0
0
0
0
0
0
0
0
0
0
0
0
0
0
0
0
0
0
0
0
0
0
0
0
0
0
0
0
0
0
0
0
0
0
0
0
0
0
0
0
0
0
0
0
0
0
0
0
0
0
0
0
0
0
0
0
0
0
0
0
0
0
0
0
0
0
0
0
0
0
0
0
0
0
0
0
0
0
0
0
0
0
0
0
0
0
0
0
0
0
0
0
0
0
0
0
0
0
0
0
0
0
0
0
0
0
0
0
0
0
0
0
0
0
0
0
0
0
0
0
0
0
0
0
0
0
0
0
0
0
0
0
0
0
0
0
0
0
0
0
0
0
0
0
0
0
0
0
0
0
0
0
0
0
0
0
0
0
0
0
0
0
0
0
0
0
0
0
0
0
0
0
0
0
0
0
0
0
0
0
0
0
0
0
0
0
0
0
0
0
0
0
0
0
0
0
0
0
0
0
0
0
0
0
0
0
0
0
0
0
0
0
0
0
0
0
0
0
0
0
0
0
0
0
0
0
0
0
0
0
0
0
0
0
0
0
0
0
0
0
0
0
0
0
0
0
0
0
0
0
0
0
0
0
0
0
0
0
0
0
0
0
0
0
0
0
0
0
0
0
0
0
0
0
0
0
0
0
0
0
0
0
0
0
0
0
0
0
0
0
0
0
0
0
0
0
0
0
0
0
0
0
0
0
0
0
0
0
0
0
0
0
0
0
0
0
0
0
0
0
0
0
0
0
0
0
0
0
0
0
0
0
0
0
0
0
0
0
0
0
0
0
0
0
0
0
0
0
0
0
0
0
0
0
0
0
0
0
0
0
0
0
0
0
0
0
0
0
0
0
0
0
0
0
0
0
0
0
0
0
0
0
0
0
0
0
0
0
0
0
0
0
0
0
0
0
0
0
0
0
0
0
0
0
0
0
0
0
0
0
0
0
0
0
0
0
0
0
0
0
0
0
0
0
0
0
0
0
0
0
0
0
0
0
0
0
0
0
0
0
0
0
0
0
0
0
0
0
0
0
0
0
0
0
0
0
0
0
0
0
0
0
0
0
0
0
0
0
0
0
0
0
0
0
0
0
0
0
0
0
0
0
0
0
0
0
0
0
0
0
0
0
0
0
0
0
0
0
0
0
0
0
0
0
0
0
0
0
0
0
0
0
0
0
0
0
0
0
0
0
0
0
0
0
0
0
0
0
0
0
0
0
0
0
0
0
0
0
0
0
0
0
0
0
0
0
0
0
0
0
0
0
0
0
0
0
0
0
0
0
0
0
0
0
0
0
0
0
0
0
0
0
0
0
0
0
0
0
0
0
0
0
0
0
0
0
0
0
0
0
0
0
0
0
0
0
0
0
0
0
0
0
0
0
0
0
0
0
0
0
0
0
0
0
0
0
0
0
0
0
0
0
0
0
0
0
0
0
0
0
0
0
0
0
0
0
0
0
0
0
0
0
0
0
0
0
0
0
0
0
0
0
0
0
0
0
0
0
0
0
0
0
0
0
0
0
0
0
0
0
0
0
0
0
0
0
0
0
0
0
0
0
0
0
0
0
0
0
0
0
0
0
0
0
0
0
0
0
0
0
0
0
0
0
0
0
0
0
0
0
0
0
0
0
0
0
0
0
0
0
0
0
0
0
0
0
0
0
0
0
0
0
0
0
0
0
0
0
0
0
0
0
0
0
0
0
0
0
0
0
0
0
0
0
0
0
0
0
0
0
0
0
0
0
0
0
0
0
0
0
0
0
0
0
0
0
0
0
0
0
0
0
0
0
0
0
0
0
0
0
0
0
0
0
0
0
0
0
0
0
0
0
0
0
0
0
0
0
0
0
0
0
0
0
0
0
0
0
0
0
0
0
0
0
0
0
0
0
0
0
0
0
0
0
0
0
0
0
0
0
0
0
0
0
0
0
0
0
0
0
0
0
0
0
0
0
0
0
0
0
0
0
0
0
0
0
0
0
0
0
0
0
0
0
0
0
0
0
0
0
0
0
0
0
0
0
0
0
0
0
0
0
0
0
0
0
0
0
0
0
0
0
0
0
0
0
0
0
0
0
0
0
0
0
0
0
0
0
0
0
0
0
0
0
0
0
0
0
0
0
0
0
0
0
0
0
0
0
0
0
0
0
0
0
0
0
0
0
0
0
0
0
0
0
0
0
0
0
0
0
0
0
0
0
0
0
0
0
0
0
0
0
0
0
0
0
0
0
0
0
0
0
0
0
0
0
0
0
0
0
0
0
0
0
0
0
0
0
0
0
0
0
0
0
0
0
0
0
0
0
0
0
0
0
0
0
0
0
0
0
0
0
0
0
0
0
0
0
0
0
0
0
0
0
0
0
0
0
0
0
0
0
0
0
0
0
0
0
0
0
0
0
0
0
0
0
0
0
0
0
0
0
0
0
0
0
0
0
0
0
0
0
0
0
0
0
0
0
0
0
0
0
0
0
0
0
0
0
0
0
0
0
0
0
0
0
0
0
0
0
0
0
0
0
0
0
0
0
0
0
0
0
0
0
0
0
0
0
0
0
0
0
0
0
0
0
0
0
0
0
0
0
0
0
0
0
0
0
0
0
0
0
0
0
0
0
0
0
0
0
0
0
0
0
0
0
0
0
0
0
0
0
0
0
0
0
0
0
0
0
0
0
0
0
0
0
0
0
0
0
0
0
0
0
0
0
0
0
0
0
0
0
0
0
0
0
0
0
0
0
0
0
0
0
0
0
0
0
0
0
0
0
0
0
0
0
0
0
0
0
0
0
0
0
0
0
0
0
0
0
0
0
0
0
0
0
0
0
0
0
0
0
0
0
0
0
0
0
0
0
0
0
0
0
0
0
0
0
0
0
0
0
0
0
0
0
0
0
0
0
0
0
0
0
0
0
0
0
0
0
0
0
0
0
0
0
0
0
0
0
0
0
0
0
0
0
0
0
0
0
0
0
0
0
0
0
0
0
0
0
0
0
0
0
0
0
0
0
0
0
0
0
0
0
0
0
0
0
0
0
0
0
0
0
0
0
0
0
0
0
0
0
0
0
0
0
0
0
0
0
0
0
0
0
0
0
0
0
0
0
0
0
0
0
0
0
0
0
0
0
0
0
0
0
0
0
0
0
0
0
0
0
0
0
0
0
0
0
0
0
0
0
0
0
0
0
0
0
0
0
0
0
0
0
0
0
0
0
0
0
0
0
0
0
0
0
0
0
0
0
0
0
0
0
0
0
0
0
0
0
0
0
0
0
0
0
0
0
0
0
0
0
0
0
0
0
0
0
0
0
0
0
0
0
0
0
0
0
0
0
0
0
0
0
0
0
0
0
0
0
0
0
0
0
0
0
0
0
0
0
0
0
0
0
0
0
0
0
0
0
0
0
0
0
0
0
0
0
0
0
0
0
0
0
0
0
0
0
0
0
0
0
0
0
0
0
0
0
0
0
0
0
0
0
0
0
0
0
0
0
0
0
0
0
0
0
0
0
0
0
0
0
0
0
0
0
0
0
0
0
0
0
0
0
0
0
0
0
0
0
0
0
0
0
0
0
0
0
0
0
0
0
0
0
0
0
0
0
0
0
0
0
0
0
0
0
0
0
0
0
0
0
0
0
0
0
0
0
0
0
0
0
0
0
0
0
0
0
0
0
0
0
0
0
0
0
0
0
0
0
0
0
0
0
0
0
0
0
0
0
0
0
0
0
0
0
0
0
0
0
0
0
0
0
0
0
0
0
0
0
0
0
0
0
0
0
0
0
0
0
0
0
0
0
0
0
0
0
0
0
0
0
0
0
0
0
0
0
0
0
0
0
0
0
0
0
0
0
0
0
0
0
0
0
0
0
0
0
0
0
0
0
0
0
0
0
0
0
0
0
0
0
0
0
0
0
0
0
0
0
0
0
0
0
0
0
0
0
0
0
0
0
0
0
0
0
0
0
0
0
0
0
0
0
0
0
0
0
0
0
0
0
0
0
0
0
0
0
0
0
0
0
0
0
0
0
0
0
0
0
0
0
0
0
0
0
0
0
0
0
0
0
0
0
0
0
0
0
0
0
0
0
0
0
0
0
0
0
0
0
0
0
0
0
0
0
0
0
0
0
0
0
0
0
0
0
0
0
0
0
0
0
0
0
0
0
0
0
0
0
0
0
0
0
0
0
0
0
0
0
0
0
0
0
0
0
0
0
0
0
0
0
0
0
0
0
0
0
0
0
0
0
0
0
0
0
0
0
0
0
0
0
0
0
0
0
0
0
0
0
0
0
0
0
0
0
0
0
0
0
0
0
0
0
0
0
0
0
0
0
0
0
0
0
0
0
0
0
0
0
0
0
0
0
0
0
0
0
0
0
0
0
0
0
0
0
0
0
0
0
0
0
0
0
0
0
0
0
0
0
0
0
0
0
0
0
0
0
0
0
0
0
0
0
0
0
0
0
0
0
0
0
0
0
0
0
0
0
0
0
0
0
0
0
0
0
0
0
0
0
0
0
0
0
0
0
0
0
0
0
0
0
0
0
0
0
0
0
0
0
0
0
0
0
0
0
0
0
0
0
0
0
0
0
0
0
0
0
0
0
0
0
0
0
0
0
0
0
0
0
0
0
0
0
0
0
0
0
0
0
0
0
0
0
0
0
0
0
0
0
0
0
0
0
0
0
0
0
0
0
0
0
0
0
0
0
0
0
0
0
0
0
0
0
0
0
0
0
0
0
0
0
0
0
0
0
0
0
0
0
0
0
0
0
0
0
0
0
0
0
0
0
0
0
0
0
0
0
0
0
0
0
0
0
0
0
0
0
0
0
0
0
0
0
0
0
0
0
0
0
0
0
0
0
0
0
0
0
0
0
0
0
0
0
0
0
0
0
0
0
0
0
0
0
0
0
0
0
0
0
0
0
0
0
0
0
0
0
0
0
0
0
0
0
0
0
0
0
0
0
0
0
0
0
0
0
0
0
0
0
0
0
0
0
0
0
0
0
0
0
0
0
0
0
0
0
0
0
0
0
0
0
0
0
0
0
0
0
0
0
0
0
0
0
0
0
0
0
0
0
0
0
0
0
0
0
0
0
0
0
0
0
0
0
0
0
0
0
0
0
0
0
0
0
0
0
0
0
0
0
0
0
0
0
0
0
0
0
0
0
0
0
0
0
0
0
0
0
0
0
0
0
0
0
0
0
0
0
0
0
0
0
0
0
0
0
0
0
0
0
0
0
0
0
0
0
0
0
0
0
0
0
0
0
0
0
0
0
0
0
0
0
0
0
0
0
0
0
0
0
0
0
0
0
0
0
0
0
0
0
0
0
0
0
0
0
0
0
0
0
0
0
0
0
0
0
0
0
0
0
0
0
0
0
0
0
0
0
0
0
0
0
0
0
0
0
0
0
0
0
0
0
0
0
0
0
0
0
0
0
0
0
0
0
0
0
0
0
0
0
0
0
0
0
0
0
0
0
0
0
0
0
0
0
0
0
0
0
0
0
0
0
0
0
0
0
0
0
0
0
0
0
0
0
0
0
0
0
0
0
0
0
0
0
0
0
0
0
0
0
0
0
0
0
0
0
0
0
0
0
0
0
0
0
0
0
0
0
0
0
0
0
0
0
0
0
0
0
0
0
0
0
0
0
0
0
0
0
0
0
0
0
0
0
0
0
0
0
0
0
0
0
0
0
0
0
0
0
0
0
0
0
0
0
0
0
0
0
0
0
0
0
0
0
0
0
0
0
0
0
0
0
0
0
0
0
0
0
0
0
0
0
0
0
0
0
0
0
0
0
0
0
0
0
0
0
0
0
0
0
0
0
0
0
0
0
0
0
0
0
0
0
0
0
0
0
0
0
0
0
0
0
0
0
0
0
0
0
0
0
0
0
0
0
0
0
0
0
0
0
0
0
0
0
0
0
0
0
0
0
0
0
0
0
0
0
0
0
0
0
0
0
0
0
0
0
0
0
0
0
0
0
0
0
0
0
0
0
0
0
0
0
0
0
0
0
0
0
0
0
0
0
0
0
0
0
0
0
0
0
0
0
0
0
0
0
0
0
0
0
0
0
0
0
0
0
0
0
0
0
0
0
0
0
0
0
0
0
0
0
0
0
0
0
0
0
0
0
0
0
0
0
0
0
0
0
0
0
0
0
0
0
0
0
0
0
0
0
0
0
0
0
0
0
0
0
0
0
0
0
0
0
0
0
0
0
0
0
0
0
0
0
0
0
0
0
0
0
0
0
0
0
0
0
0
0
0
0
0
0
0
0
0
0
0
0
0
0
0
0
0
0
0
0
0
0
0
0
0
0
0
0
0
0
0
0
0
0
0
0
0
0
0
0
0
0
0
0
0
0
0
0
0
0
0
0
0
0
0
0
0
0
0
0
0
0
0
0
0
0
0
0
0
0
0
0
0
0
0
0
0
0
0
0
0
0
0
0
0
0
0
0
0
0
0
0
0
0
0
0
0
0
0
0
0
0
0
0
0
0
0
0
0
0
0
0
0
0
0
0
0
0
0
0
0
0
0
0
0
0
0
0
0
0
0
0
0
0
0
0
0
0
0
0
0
0
0
0
0
0
0
0
0
0
0
0
0
0
0
0
0
0
0
0
0
0
0
0
0
0
0
0
0
0
0
0
0
0
0
0
0
0
0
0
0
0
0
0
0
0
0
0
0
0
0
0
0
0
0
0
0
0
0
0
0
0
0
0
0
0
0
0
0
0
0
0
0
0
0
0
0
0
0
0
0
0
0
0
0
0
0
0
0
0
0
0
0
0
0
0
0
0
0
0
0
0
0
0
0
0
0
0
0
0
0
0
0
0
0
0
0
0
0
0
0
0
0
0
0
0
0
0
0
0
0
0
0
0
0
0
0
0
0
0
0
0
0
0
0
0
0
0
0
0
0
0
0
0
0
0
0
0
0
0
0
0
0
0
0
0
0
0
0
0
0
0
0
0
0
0
0
0
0
0
0
0
0
0
0
0
0
0
0
0
0
0
0
0
0
0
0
0
0
0
0
0
0
0
0
0
0
0
0
0
0
0
0
0
0
0
0
0
0
0
0
0
0
0
0
0
0
0
0
0
0
0
0
0
0
0
0
0
0
0
0
0
0
0
0
0
0
0
0
0
0
0
0
0
0
0
0
0
0
0
0
0
0
0
0
0
0
0
0
0
0
0
0
0
0
0
0
0
0
0
0
0
0
0
0
0
0
0
0
0
0
0
0
0
0
0
0
0
0
0
0
0
0
0
0
0
0
0
0
0
0
0
0
0
0
0
0
0
0
0
0
0
0
0
0
0
0
0
0
0
0
0
0
0
0
0
0
0
0
0
0
0
0
0
0
0
0
0
0
0
0
0
0
0
0
0
0
0
0
0
0
0
0
0
0
0
0
0
0
0
0
0
0
0
0
0
0
0
0
0
0
0
0
0
0
0
0
0
0
0
0
0
0
0
0
0
0
0
0
0
0
0
0
0
0
0
0
0
0
0
0
0
0
0
0
0
0
0
0
0
0
0
0
0
0
0
0
0
0
0
0
0
0
0
0
0
0
0
0
0
0
0
0
0
0
0
0
0
0
0
0
0
0
0
0
0
0
0
0
0
0
0
0
0
0
0
0
0
0
0
0
0
0
0
0
0
0
0
0
0
0
0
0
0
0
0
0
0
0
0
0
0
0
0
0
0
0
0
0
0
0
0
0
0
0
0
0
0
0
0
0
0
0
0
0
0
0
0
0
0
0
0
0
0
0
0
0
0
0
0
0
0
0
0
0
0
0
0
0
0
0
0
0
0
0
0
0
0
0
0
0
0
0
0
0
0
0
0
0
0
0
0
0
0
0
0
0
0
0
0
0
0
0
0
0
0
0
0
0
0
0
0
0
0
0
0
0
0
0
0
0
0
0
0
0
0
0
0
0
0
0
0
0
0
0
0
0
0
0
0
0
0
0
0
0
0
0
0
0
0
0
0
0
0
0
0
0
0
0
0
0
0
0
0
0
0
0
0
0
0
0
0
0
0
0
0
0
0
0
0
0
0
0
0
0
0
0
0
0
0
0
0
0
0
0
0
0
0
0
0
0
0
0
0
0
0
0
0
0
0
0
0
0
0
0
0
0
0
0
0
0
0
0
0
0
0
0
0
0
0
0
0
0
0
0
0
0
0
0
0
0
0
0
0
0
0
0
0
0
0
0
0
0
0
0
0
0
0
0
0
0
0
0
0
0
0
0
0
0
0
0
0
0
0
0
0
0
0
0
0
0
0
0
0
0
0
0
0
0
0
0
0
0
0
0
0
0
0
0
0
0
0
0
0
0
0
0
0
0
0
0
0
0
0
0
0
0
0
0
0
0
0
0
0
0
0
0
0
0
0
0
0
0
0
0
0
0
0
0
0
0
0
0
0
0
0
0
0
0
0
0
0
0
0
0
0
0
0
0
0
0
0
0
0
0
0
0
0
0
0
0
0
0
0
0
0
0
0
0
0
0
0
0
0
0
0
0
0
0
0
0
0
0
0
0
0
0
0
0
0
0
0
0
0
0
0
0
0
0
0
0
0
0
0
0
0
0
0
0
0
0
0
0
0
0
0
0
0
0
0
0
0
0
0
0
0
0
0
0
0
0
0
0
0
0
0
0
0
0
0
0
0
0
0
0
0
0
0
0
0
0
0
0
0
0
0
0
0
0
0
0
0
0
0
0
0
0
0
0
0
0
0
0
0
0
0
0
0
0
0
0
0
0
0
0
0
0
0
0
0
0
0
0
0
0
0
0
0
0
0
0
0
0
0
0
0
0
0
0
0
0
0
0
0
0
0
0
0
0
0
0
0
0
0
0
0
0
0
0
0
0
0
0
0
0
0
0
0
0
0
0
0
0
0
0
0
0
0
0
0
0
0
0
0
0
0
0
0
0
0
0
0
0
0
0
0
0
0
0
0
0
0
0
0
0
0
0
0
0
0
0
0
0
0
0
0
0
0
0
0
0
0
0
0
0
0
0
0
0
0
0
0
0
0
0
0
0
0
0
0
0
0
0
0
0
0
0
0
0
0
0
0
0
0
0
0
0
0
0
0
0
0
0
0
0
0
0
0
0
0
0
0
0
0
0
0
0
0
0
0
0
0
0
0
0
0
0
0
0
0
0
0
0
0
0
0
0
0
0
0
0
0
0
0
0
0
0
0
0
0
0
0
0
0
0
0
0
0
0
0
0
0
0
0
0
0
