# vtk DataFile Version 2.0
Heat path
ASCII
DATASET POLYDATA
POINTS 10638 double
0.5 0.5 0.5
0.500024 0.496562 0.509391
0.507317 0.489853 0.510731
0.507294 0.487113 0.501114
0.509348 0.495507 0.506146
0.510369 0.492837 0.515728
0.515724 0.494016 0.507366
0.522362 0.49984 0.512058
0.530455 0.505497 0.510474
0.523166 0.504719 0.517276
0.529446 0.501583 0.510154
0.536741 0.49659 0.514827
0.541407 0.488153 0.512173
0.53693 0.480122 0.516104
0.532973 0.489282 0.515447
0.533136 0.490692 0.525346
0.536572 0.499873 0.523372
0.54174 0.491526 0.521473
0.550378 0.492179 0.526469
0.557409 0.495163 0.520015
0.567148 0.49384 0.521857
0.560678 0.501173 0.523944
0.553232 0.50261 0.530462
0.559022 0.494458 0.530325
0.554574 0.498647 0.538241
0.557957 0.501095 0.529154
0.561669 0.491811 0.528982
0.566427 0.494391 0.520574
0.568129 0.503941 0.518147
0.560369 0.504106 0.511842
0.561166 0.500127 0.520982
0.566621 0.497075 0.528787
0.567117 0.494525 0.538444
0.571268 0.503245 0.535849
0.568315 0.512746 0.534846
0.570786 0.509962 0.544127
0.572897 0.509499 0.534363
0.571584 0.516623 0.541257
0.575285 0.511639 0.533417
0.580661 0.519973 0.534697
0.57369 0.515636 0.540406
0.575989 0.513815 0.549966
0.573373 0.515168 0.540409
0.572174 0.50536 0.54195
0.563484 0.510302 0.542191
0.56449 0.502338 0.536227
0.555925 0.507066 0.538297
0.546304 0.507258 0.541018
0.550451 0.499289 0.536625
0.54377 0.505277 0.532207
0.534208 0.502932 0.533961
0.53374 0.500511 0.52427
0.533276 0.491682 0.519596
0.5317 0.501554 0.519337
0.540558 0.500109 0.523745
0.534536 0.492373 0.521774
0.543395 0.496924 0.522674
0.533645 0.497843 0.520649
0.540464 0.501895 0.514559
0.547862 0.504758 0.508471
0.552089 0.500884 0.500278
0.550897 0.496597 0.509233
0.557476 0.489774 0.506046
0.565321 0.494745 0.509752
0.564668 0.486649 0.50392
0.564928 0.488246 0.513788
0.572316 0.486437 0.520279
0.56601 0.484375 0.527761
0.556377 0.481942 0.526626
0.553156 0.49136 0.527588
0.551625 0.482514 0.523183
0.546448 0.485131 0.531328
0.551696 0.47664 0.531929
0.559828 0.475432 0.526237
0.564281 0.484067 0.523867
0.573228 0.479915 0.525517
0.579544 0.473338 0.529621
0.588317 0.47562 0.533843
0.593343 0.467873 0.530005
0.599731 0.47555 0.530512
0.597789 0.480488 0.538988
0.603144 0.481221 0.547401
0.604781 0.485887 0.538709
0.596576 0.480917 0.54153
0.591679 0.47374 0.53658
0.582097 0.476292 0.537878
0.579414 0.467252 0.53455
0.5837 0.472736 0.527369
0.589108 0.471032 0.535606
0.584279 0.478629 0.531251
0.59076 0.481636 0.524255
0.581633 0.483692 0.520724
0.573501 0.488728 0.52364
0.578877 0.480434 0.522119
0.579162 0.479254 0.532045
0.582429 0.484856 0.524433
0.590076 0.484054 0.518039
0.594843 0.477813 0.511849
0.59017 0.469147 0.513601
0.584664 0.477211 0.511443
0.57489 0.475104 0.511652
0.567558 0.481334 0.514377
0.56131 0.481683 0.522177
0.554609 0.481433 0.529596
0.551516 0.480859 0.520103
0.556528 0.480846 0.528756
0.548692 0.479182 0.534742
0.53971 0.481935 0.538169
0.54266 0.485929 0.529488
0.539887 0.490124 0.520844
0.542704 0.494461 0.512285
0.540563 0.504205 0.511604
0.540246 0.512845 0.506579
0.542195 0.513217 0.51638
0.54535 0.508548 0.524641
0.553013 0.51447 0.527134
0.552438 0.5074 0.520085
0.547597 0.501454 0.526505
0.541174 0.505752 0.520159
0.531767 0.502416 0.519532
0.535467 0.508383 0.526654
0.537718 0.503642 0.518142
0.533667 0.501035 0.509379
0.530877 0.510635 0.509587
0.540832 0.511116 0.510408
0.540365 0.520219 0.506295
0.542012 0.51654 0.497143
0.545791 0.509443 0.491198
0.541358 0.512263 0.499707
0.549315 0.507873 0.495533
0.548347 0.503954 0.486385
0.542679 0.50647 0.47854
0.537967 0.499681 0.472908
0.545307 0.50644 0.472248
0.545608 0.502695 0.462981
0.53981 0.508997 0.457818
0.531716 0.514793 0.456871
0.537167 0.519889 0.450214
0.529108 0.51714 0.455459
0.534078 0.514091 0.463583
0.540696 0.520769 0.466989
0.535762 0.529333 0.465467
0.5455 0.530937 0.463858
0.548853 0.521612 0.462516
0.544639 0.514102 0.457432
0.538658 0.512175 0.449653
0.547771 0.514684 0.446388
0.556053 0.510866 0.45049
0.565784 0.511474 0.452711
0.563617 0.502343 0.449259
0.556779 0.495058 0.448848
0.564116 0.490716 0.443621
0.554694 0.487535 0.442574
0.545992 0.483729 0.439444
0.555069 0.481004 0.442637
0.562227 0.474261 0.440822
0.569392 0.477389 0.447058
0.574192 0.470506 0.441618
0.564612 0.472436 0.439496
0.573098 0.471931 0.444762
0.569071 0.480846 0.442684
0.578768 0.48035 0.445078
0.584003 0.485347 0.451979
0.58327 0.476474 0.456532
0.573747 0.479099 0.45498
0.566831 0.483199 0.449034
0.573534 0.483903 0.441647
0.570531 0.480452 0.432755
0.56648 0.48028 0.423613
0.566729 0.489744 0.426834
0.573927 0.495362 0.430911
0.573377 0.504393 0.426652
0.572628 0.494697 0.428983
0.573735 0.486829 0.435055
0.575694 0.481851 0.443504
0.578839 0.482057 0.434014
0.583546 0.490573 0.431708
0.593352 0.488626 0.431937
0.591466 0.492574 0.440929
0.597185 0.499376 0.436343
0.605857 0.503477 0.43352
0.598511 0.509123 0.429758
0.607794 0.507214 0.432948
0.612106 0.499281 0.437247
0.616824 0.493459 0.430626
0.624597 0.493578 0.436917
0.628534 0.491171 0.445789
0.618957 0.488698 0.447256
0.626891 0.489946 0.441299
0.620244 0.488847 0.448689
0.613902 0.481153 0.447924
0.613247 0.49092 0.449968
0.617942 0.488408 0.441504
0.626116 0.492433 0.437381
0.630709 0.486305 0.443812
0.628549 0.483813 0.434372
0.638289 0.484213 0.432143
0.634067 0.479279 0.439748
0.63845 0.482935 0.44796
0.647625 0.486798 0.447018
0.653033 0.48227 0.439929
0.654511 0.486605 0.448819
0.652226 0.480788 0.441012
0.652865 0.488603 0.447219
0.646148 0.493504 0.441663
0.644482 0.484819 0.436995
0.640004 0.492883 0.433132
0.63734 0.501287 0.437851
0.640112 0.491698 0.438455
0.644271 0.492369 0.429385
0.638118 0.496878 0.422919
0.641673 0.505767 0.425808
0.639152 0.503144 0.416493
0.632228 0.510129 0.418299
0.638375 0.50315 0.421975
0.645139 0.506138 0.428707
0.643625 0.49648 0.426603
0.650176 0.491612 0.420825
0.656478 0.490014 0.413227
0.654962 0.48078 0.409701
0.647921 0.486127 0.405029
0.657691 0.488145 0.405723
0.655319 0.495423 0.399288
0.655054 0.500255 0.408039
0.661246 0.495368 0.401894
0.666357 0.486806 0.402657
0.670239 0.479158 0.397515
0.6702 0.469422 0.399799
0.677215 0.469773 0.406917
0.681863 0.478294 0.404511
0.684435 0.473391 0.412838
0.68798 0.47032 0.404007
0.696499 0.473216 0.40837
0.692051 0.467669 0.401338
0.68636 0.459512 0.400299
0.690375 0.461976 0.391478
0.684841 0.468781 0.386675
0.686032 0.469361 0.376763
0.694936 0.464996 0.378059
0.690687 0.458687 0.384552
0.699676 0.454318 0.384887
0.696265 0.461935 0.390395
0.686638 0.460666 0.388003
0.695599 0.464286 0.385432
0.693806 0.463264 0.375648
0.693703 0.471649 0.381095
0.687087 0.478268 0.377573
0.682862 0.48359 0.370236
0.690421 0.488464 0.365864
0.681504 0.487519 0.370291
0.673788 0.490409 0.364623
0.679969 0.497361 0.368293
0.671467 0.495394 0.373177
0.671845 0.500297 0.36447
0.665682 0.49478 0.37009
0.670993 0.50317 0.371277
0.673047 0.494877 0.366079
0.677133 0.500427 0.358833
0.676858 0.505143 0.367647
0.670303 0.508932 0.374179
0.677901 0.513229 0.379057
0.676925 0.522802 0.38178
0.676847 0.526488 0.391076
0.668954 0.526884 0.397203
0.673677 0.53503 0.400568
0.682404 0.536681 0.405162
0.689024 0.541475 0.3994
0.694499 0.539081 0.407419
0.686964 0.537302 0.401089
0.679367 0.542558 0.40492
0.687695 0.546769 0.401327
0.693465 0.551007 0.408309
0.701656 0.55228 0.402716
0.697872 0.545395 0.396529
0.695416 0.541693 0.38757
0.693733 0.544641 0.396976
0.698619 0.538651 0.390633
0.702992 0.542574 0.38254
0.708458 0.534295 0.381283
0.713059 0.533956 0.390155
0.72229 0.533624 0.393986
0.715759 0.526125 0.395043
0.718354 0.526896 0.385417
0.726618 0.530824 0.389452
0.732453 0.525165 0.383627
0.732392 0.53513 0.384468
0.742011 0.537518 0.383135
0.741631 0.543497 0.375128
0.739515 0.533735 0.374651
0.744299 0.541982 0.371633
0.749124 0.533676 0.374415
0.74281 0.525923 0.374583
0.738948 0.519096 0.380786
0.741176 0.518875 0.390532
0.732075 0.514745 0.390897
0.732849 0.508481 0.383141
0.731891 0.518275 0.381365
0.738566 0.51726 0.373988
0.73555 0.512028 0.366017
0.728475 0.5052 0.364197
0.735969 0.511422 0.361933
0.734147 0.507499 0.352918
0.73603 0.501992 0.361049
0.737536 0.511789 0.359728
0.74024 0.513944 0.369111
0.745577 0.511394 0.377174
0.753503 0.51614 0.373345
0.743814 0.518539 0.372743
0.745376 0.508805 0.37442
0.754113 0.509781 0.369654
0.751472 0.501291 0.365079
0.759916 0.499815 0.359929
0.752244 0.504286 0.355328
0.754347 0.502686 0.345684
0.75803 0.494109 0.342096
0.758962 0.496936 0.332549
0.764322 0.496098 0.34095
0.759031 0.496011 0.349435
0.749755 0.49769 0.346099
0.746353 0.503162 0.338451
0.753768 0.50916 0.335442
0.760686 0.516243 0.33404
0.755862 0.509889 0.32801
0.760418 0.514844 0.335405
0.760248 0.514537 0.325412
0.761848 0.50495 0.327766
0.771023 0.505108 0.331741
0.780077 0.508212 0.328844
0.786971 0.504732 0.322491
0.78769 0.494861 0.321057
0.796852 0.495589 0.317115
0.797795 0.493688 0.307343
0.796337 0.501471 0.301235
0.798863 0.503941 0.31059
0.789562 0.505585 0.313872
0.791891 0.515023 0.311528
0.796454 0.512822 0.32015
0.804314 0.509788 0.325536
0.804922 0.499809 0.325334
0.802888 0.506506 0.318192
0.803974 0.499236 0.324972
0.807041 0.49428 0.316846
0.804047 0.48691 0.322906
0.805258 0.49493 0.328755
0.797702 0.500317 0.32503
0.792015 0.49957 0.333222
0.789717 0.497605 0.342754
0.795721 0.491197 0.337969
0.787545 0.493915 0.332893
0.78174 0.502013 0.33204
0.780798 0.492978 0.327858
0.774289 0.500274 0.329956
0.769658 0.50679 0.323948
0.773709 0.515674 0.321787
0.778983 0.510881 0.314772
0.779781 0.501134 0.316859
0.774232 0.498539 0.308955
0.76689 0.499108 0.31572
0.77351 0.496907 0.308556
0.780514 0.497254 0.315685
0.771141 0.493773 0.315852
0.764767 0.49426 0.308162
0.765986 0.498985 0.299433
0.773536 0.494663 0.304364
0.779741 0.486847 0.303739
0.774966 0.480239 0.30953
0.777083 0.48959 0.31237
0.781376 0.486425 0.320829
0.773473 0.492551 0.320711
0.764618 0.495165 0.316871
0.765549 0.503452 0.311351
0.756433 0.503462 0.315461
0.763471 0.497617 0.319499
0.75507 0.503042 0.31953
0.760263 0.50994 0.324575
0.767693 0.512834 0.31854
0.769753 0.518229 0.310376
0.777496 0.524548 0.310717
0.776489 0.533273 0.305937
0.76903 0.52687 0.304101
0.768068 0.529709 0.313641
0.773494 0.521743 0.310976
0.769254 0.513775 0.306673
0.777876 0.508711 0.306794
0.78269 0.50071 0.303216
0.779239 0.509026 0.298867
0.776955 0.504144 0.30729
0.780459 0.511693 0.301746
0.786042 0.505289 0.296472
0.794866 0.501287 0.293998
0.802952 0.505584 0.298016
0.805679 0.505309 0.307633
0.802711 0.511221 0.300134
0.806037 0.502348 0.296941
0.796958 0.50642 0.29793
0.78977 0.509841 0.303982
0.799269 0.508351 0.30673
0.807096 0.513647 0.309999
0.803225 0.5154 0.300947
0.812023 0.514901 0.296219
0.816617 0.508779 0.289783
0.825697 0.512962 0.289532
0.829631 0.508234 0.281647
0.830344 0.514079 0.273565
0.821178 0.515005 0.277454
0.827205 0.507108 0.276304
0.834611 0.512903 0.279704
0.841837 0.510934 0.286331
0.840459 0.517034 0.278527
0.84232 0.520045 0.28788
0.840653 0.52696 0.280852
0.831515 0.523164 0.279404
0.834722 0.516662 0.286292
0.835541 0.508845 0.280109
0.840715 0.516672 0.276649
0.849425 0.514757 0.281174
0.858316 0.519141 0.279861
0.86316 0.522035 0.288117
0.860995 0.513707 0.283023
0.86025 0.518312 0.291868
0.863056 0.527842 0.290731
0.865242 0.537598 0.290483
0.868242 0.539335 0.281104
0.877256 0.543181 0.283093
0.87246 0.54206 0.291796
0.874653 0.551767 0.290812
0.869079 0.546019 0.296803
0.864254 0.544446 0.30542
0.863131 0.541319 0.295988
0.863907 0.535568 0.287844
0.866089 0.542343 0.294868
0.864795 0.54918 0.287686
0.863987 0.551591 0.297357
0.864376 0.552417 0.287399
0.870128 0.557454 0.293844
0.862595 0.563196 0.29064
0.856829 0.571037 0.288342
0.848361 0.575572 0.291124
0.854755 0.575642 0.298813
0.860534 0.583777 0.299469
0.854767 0.578431 0.293291
0.864422 0.579992 0.291207
0.858171 0.587105 0.294421
0.851729 0.590154 0.301436
0.853611 0.583286 0.294416
0.848601 0.579884 0.286458
0.843617 0.579712 0.295125
0.852786 0.576595 0.297616
0.860968 0.575302 0.292013
0.868258 0.581955 0.29362
0.869431 0.573251 0.298402
0.871086 0.56555 0.304563
0.862233 0.569137 0.301604
0.861861 0.578778 0.298974
0.852428 0.577855 0.295788
0.844164 0.581104 0.291188
0.843698 0.571188 0.292396
0.847892 0.574871 0.284099
0.84161 0.580054 0.278297
0.848268 0.581337 0.270947
0.842809 0.587596 0.276516
0.836775 0.592076 0.269919
0.842835 0.584185 0.270921
0.843929 0.575126 0.266829
0.850334 0.578373 0.259869
0.8486 0.584963 0.267188
0.854205 0.57701 0.2695
0.863675 0.579743 0.271188
0.860193 0.585759 0.278378
0.86135 0.593436 0.272075
0.856119 0.600524 0.267342
0.856816 0.594645 0.275401
0.86465 0.59283 0.269457
0.86674 0.588038 0.260932
0.875109 0.582911 0.262846
0.88351 0.579225 0.258864
0.891777 0.580012 0.264434
0.892141 0.589035 0.268729
0.894306 0.593942 0.27717
0.893425 0.602609 0.272261
0.895347 0.594632 0.277977
0.897183 0.604431 0.278755
0.898373 0.597221 0.285581
0.889123 0.595632 0.289033
0.886118 0.60469 0.286044
0.884107 0.609332 0.277418
0.886482 0.599987 0.274768
0.885297 0.592935 0.267778
0.879521 0.584863 0.268993
0.884449 0.579963 0.276183
0.885635 0.58372 0.266992
0.876387 0.584533 0.270709
0.872173 0.593588 0.271199
0.868066 0.599798 0.277875
0.865553 0.591479 0.282822
0.87327 0.596351 0.286911
0.873404 0.586663 0.289388
0.880921 0.593143 0.288163
0.877413 0.584546 0.28445
0.879579 0.591729 0.277838
0.886204 0.592674 0.270408
0.879363 0.590071 0.277221
0.881561 0.583013 0.270486
0.88588 0.582315 0.279479
0.878548 0.58899 0.278184
0.872809 0.581715 0.274425
0.878165 0.590148 0.273996
0.880778 0.585936 0.282681
0.873871 0.583536 0.275859
0.882544 0.579492 0.278761
0.875538 0.575805 0.284871
0.877018 0.585639 0.283821
0.884514 0.59162 0.286657
0.875329 0.587809 0.287722
0.88348 0.584178 0.283207
0.875915 0.577839 0.281595
0.87702 0.576859 0.271705
0.878517 0.584569 0.277895
0.869991 0.580118 0.280633
0.869336 0.58166 0.270774
0.867289 0.580977 0.280538
0.86526 0.590755 0.28105
0.863786 0.600645 0.281198
0.860375 0.607516 0.287614
0.861229 0.612007 0.296507
0.865593 0.603329 0.294129
0.870303 0.611914 0.296157
0.880218 0.611433 0.297372
0.874907 0.616726 0.290755
0.874258 0.626655 0.289762
0.880476 0.627324 0.281959
0.874714 0.635239 0.283996
0.87182 0.625869 0.285955
0.871403 0.623744 0.276193
0.875424 0.62056 0.284778
0.885403 0.620737 0.285404
0.881072 0.629065 0.281956
0.888612 0.628176 0.275448
0.892712 0.635426 0.269915
0.885416 0.634077 0.263211
0.879723 0.641935 0.260794
0.886916 0.635881 0.257386
0.882347 0.64316 0.262497
0.873349 0.646981 0.264604
0.864199 0.651015 0.264693
0.863526 0.641047 0.265121
0.857411 0.639685 0.257327
0.850408 0.645212 0.25281
0.85969 0.641657 0.253913
0.868409 0.640679 0.258712
0.864986 0.64947 0.255395
0.861729 0.647055 0.264536
0.87081 0.648289 0.268538
0.869333 0.648827 0.258662
0.860628 0.653574 0.25736
0.863104 0.663051 0.259371
0.857115 0.665623 0.266955
0.850131 0.663214 0.273695
0.856539 0.666599 0.280586
0.858221 0.657399 0.277046
0.855067 0.65839 0.267609
0.856554 0.653606 0.258954
0.855921 0.663023 0.26226
0.86052 0.655998 0.256828
0.851923 0.660332 0.254127
0.860874 0.656265 0.255954
0.851055 0.655025 0.257385
0.84644 0.661722 0.251567
0.848973 0.65977 0.261042
0.847176 0.665613 0.268956
0.855245 0.670506 0.272268
0.850287 0.661927 0.270919
0.855189 0.668687 0.276421
0.860245 0.66006 0.276319
0.868838 0.662996 0.272132
0.869846 0.660679 0.262456
0.867003 0.664167 0.271386
0.869116 0.67116 0.278216
0.866748 0.663197 0.27265
0.873273 0.665933 0.265584
0.881119 0.659761 0.264994
0.875565 0.654197 0.271173
0.878229 0.663764 0.272342
0.874531 0.671489 0.277505
0.877497 0.663876 0.27174
0.87844 0.67105 0.278642
0.868858 0.671778 0.275878
0.859984 0.668087 0.27864
0.850715 0.666635 0.282101
0.847564 0.661375 0.29
0.854296 0.654591 0.287057
0.857935 0.646314 0.282787
0.851844 0.64448 0.275071
0.844406 0.650909 0.276899
0.839519 0.655367 0.269399
0.83449 0.649797 0.262789
0.844172 0.649833 0.260288
0.839614 0.642485 0.255266
0.836563 0.644874 0.246048
0.839966 0.642363 0.255109
0.840777 0.651427 0.259254
0.841855 0.654476 0.249791
0.848012 0.661846 0.25258
0.852964 0.669505 0.248478
0.852528 0.675423 0.240429
0.847246 0.67193 0.232689
0.840394 0.67907 0.231249
0.835231 0.676235 0.239331
0.836357 0.682487 0.231608
0.827067 0.679065 0.230199
0.823108 0.679822 0.23935
0.814386 0.684306 0.241306
0.810408 0.693456 0.240629
0.811339 0.694953 0.230785
0.816486 0.687841 0.225998
0.812782 0.678839 0.228289
0.821817 0.682296 0.230822
0.816239 0.685635 0.223224
0.817488 0.677574 0.217439
0.81556 0.687064 0.219935
0.81826 0.692232 0.211811
0.820259 0.683966 0.206549
0.822155 0.686296 0.216087
0.82301 0.686734 0.206133
0.825754 0.683512 0.215194
0.817846 0.679365 0.219696
0.82083 0.669918 0.221054
0.818403 0.670948 0.2307
0.820416 0.680406 0.22815
0.815195 0.681646 0.219712
0.818867 0.679386 0.21069
0.811486 0.672998 0.212862
0.811458 0.67527 0.203124
0.819092 0.669137 0.205147
0.827401 0.674353 0.207086
0.826717 0.667173 0.200159
0.824902 0.66214 0.191712
0.83458 0.663892 0.189908
0.829155 0.667245 0.182206
0.837726 0.662513 0.180174
0.84618 0.662868 0.174843
0.84394 0.670381 0.181051
0.835222 0.66661 0.177925
0.840315 0.674313 0.181762
0.841402 0.675318 0.191652
0.836119 0.683338 0.194437
0.83008 0.681204 0.202116
0.834363 0.68737 0.208721
0.824559 0.685528 0.208023
0.830061 0.67728 0.206713
0.838684 0.672552 0.208523
0.837735 0.679631 0.215522
0.845307 0.673831 0.212517
0.847923 0.674321 0.202878
0.852629 0.666892 0.198117
0.844423 0.664513 0.19292
0.846232 0.662118 0.183381
0.850317 0.656729 0.176014
0.843022 0.658565 0.169426
0.851781 0.655401 0.173068
0.842228 0.653178 0.175019
0.837982 0.646489 0.168918
0.834183 0.647557 0.15973
0.831036 0.656983 0.160843
0.838087 0.663165 0.164317
0.843253 0.668387 0.157532
0.835696 0.662318 0.159993
0.827389 0.657883 0.163359
0.82879 0.657368 0.173247
0.825058 0.658184 0.182489
0.828636 0.667504 0.181904
0.838091 0.670677 0.181186
0.829024 0.67185 0.177135
0.832845 0.66299 0.174505
0.83543 0.670755 0.168759
0.838844 0.665127 0.176287
0.842924 0.657801 0.170839
0.851056 0.655723 0.165404
0.850552 0.665709 0.165252
0.860294 0.667447 0.166698
0.85415 0.674156 0.17085
0.858165 0.680856 0.177095
0.855608 0.671259 0.178263
0.856627 0.679731 0.183476
0.861177 0.679399 0.174577
0.857927 0.687557 0.169793
0.848816 0.691208 0.167882
0.854448 0.690201 0.176084
0.850462 0.682108 0.171771
0.859343 0.684881 0.168105
0.858067 0.684093 0.177992
0.862561 0.675756 0.174781
0.87105 0.676359 0.180032
0.870696 0.686342 0.180498
0.864978 0.683433 0.172828
0.855125 0.685111 0.173158
0.845838 0.68144 0.172644
0.849143 0.675288 0.165487
0.858197 0.677247 0.161722
0.866691 0.677131 0.166999
0.861266 0.668846 0.165613
0.856305 0.677396 0.167123
0.857806 0.672888 0.175922
0.862614 0.672077 0.167191
0.86433 0.680703 0.162432
0.869513 0.676092 0.15523
0.878217 0.678129 0.159711
0.873516 0.677295 0.150924
0.875298 0.669191 0.145343
0.876142 0.664225 0.153982
0.876586 0.659402 0.145234
0.871415 0.667649 0.142942
0.875537 0.671275 0.1513
0.878205 0.66332 0.145859
0.874193 0.672377 0.144493
0.877121 0.67964 0.138274
0.8691 0.68561 0.138077
0.876105 0.68298 0.144711
0.870062 0.68146 0.13689
0.861003 0.685695 0.136942
0.852118 0.687386 0.141208
0.861967 0.689116 0.141098
0.86479 0.682111 0.134545
0.86296 0.676702 0.126336
0.871781 0.680462 0.129173
0.88007 0.685662 0.127111
0.881611 0.689863 0.118167
0.884017 0.688811 0.108518
0.876259 0.694095 0.105071
0.883924 0.697803 0.110314
0.893274 0.697288 0.113822
0.899877 0.692631 0.10793
0.892251 0.69172 0.101526
0.886298 0.69904 0.0982113
0.890085 0.690731 0.0941355
0.891663 0.681153 0.0965401
0.894144 0.68108 0.106227
0.88684 0.679182 0.112788
0.882892 0.687595 0.109097
0.887263 0.6844 0.117505
0.880999 0.687038 0.12484
0.88181 0.693157 0.116973
0.884223 0.684637 0.112325
0.888355 0.683224 0.121321
0.893478 0.689617 0.115587
0.9029 0.690158 0.112281
0.908409 0.698502 0.112095
0.90953 0.702654 0.103067
0.903727 0.694818 0.100846
0.898969 0.687673 0.0957164
0.899503 0.680176 0.102312
0.904258 0.679244 0.0935642
0.912764 0.682129 0.0979599
0.905093 0.685842 0.0927286
0.911074 0.693438 0.0901772
0.912267 0.696234 0.0997043
0.914379 0.68734 0.103759
0.918138 0.683491 0.112188
0.916738 0.693074 0.109697
0.923996 0.698005 0.1049
0.927212 0.707443 0.104148
0.934311 0.709603 0.0974441
0.932373 0.707553 0.0878504
0.939861 0.712442 0.0833749
0.942419 0.721683 0.0862116
0.93944 0.730765 0.0832706
0.934412 0.725349 0.0900082
0.926366 0.727461 0.0844585
0.921646 0.730875 0.0763308
0.914634 0.736999 0.0726791
0.924508 0.738553 0.0723728
0.933359 0.73779 0.0677828
0.941684 0.732271 0.0682692
0.950409 0.729604 0.0723636
0.943772 0.732237 0.0793643
0.937445 0.730689 0.086952
0.927761 0.728197 0.086819
0.926912 0.72617 0.0770634
0.917992 0.725634 0.0815519
0.922451 0.7225 0.0899366
0.931846 0.725171 0.0920796
0.932322 0.717297 0.0859331
0.933262 0.707983 0.0824156
0.940979 0.71421 0.0811183
0.935905 0.712015 0.0894517
0.9348 0.72189 0.0883248
0.93056 0.715142 0.0943651
0.923409 0.708157 0.0946358
0.914471 0.706427 0.0987728
0.915008 0.697213 0.102622
0.919029 0.697053 0.0934674
0.920643 0.694512 0.103004
0.924833 0.70359 0.103116
0.917327 0.709164 0.106664
0.919433 0.715891 0.0995707
0.917638 0.707398 0.104535
0.908986 0.704024 0.100826
0.908719 0.710477 0.108461
0.915939 0.706114 0.10309
0.906527 0.708626 0.105349
0.914744 0.703215 0.107136
0.920211 0.694868 0.107799
0.919591 0.698051 0.117259
0.925664 0.693853 0.124003
0.928036 0.692796 0.114346
0.932425 0.688257 0.106591
0.933508 0.678324 0.106173
0.930585 0.671979 0.0990183
0.936606 0.670515 0.106868
0.935625 0.676845 0.0991885
0.940351 0.684998 0.0958434
0.945216 0.680582 0.103383
0.955054 0.678909 0.102735
0.963692 0.678318 0.107739
0.960373 0.686087 0.11309
0.970171 0.687766 0.112005
0.965515 0.686304 0.103277
0.96509 0.69019 0.094073
0.96321 0.684547 0.0860338
0.959235 0.679357 0.0784662
0.960844 0.684099 0.0698097
0.95367 0.688795 0.0646637
0.953245 0.680229 0.0595215
0.945243 0.676236 0.055045
0.943101 0.68009 0.0460697
0.942167 0.687027 0.0389284
0.934646 0.680858 0.0366067
0.925763 0.68531 0.0354736
0.924056 0.686674 0.0452317
0.932147 0.691515 0.0419011
0.927045 0.699325 0.038298
0.929331 0.709027 0.0375058
0.927154 0.70134 0.0435196
0.934822 0.702367 0.0371843
0.942486 0.70879 0.0372983
0.934542 0.705804 0.0425878
0.94039 0.698138 0.0399346
0.950199 0.696647 0.0411844
0.945361 0.688111 0.0392512
0.94476 0.679201 0.0347522
0.946637 0.669588 0.0327322
0.941389 0.661273 0.0345511
0.933794 0.666265 0.03038
0.923967 0.66586 0.0321896
0.919073 0.658222 0.0363978
0.921864 0.662773 0.0448539
0.9245 0.665557 0.0540894
0.9241 0.660184 0.0625137
0.914744 0.65914 0.0658872
0.905401 0.655886 0.0644288
0.904115 0.646944 0.068717
0.901118 0.638154 0.0650087
0.902006 0.640867 0.0554248
0.898218 0.63722 0.046919
0.900704 0.642709 0.0548992
0.902496 0.647088 0.0460893
0.895528 0.652293 0.0510238
0.902182 0.656723 0.0450157
0.910148 0.661009 0.0492786
0.903171 0.66521 0.0434758
0.897367 0.666184 0.0515609
0.90247 0.664642 0.0600217
0.90096 0.661166 0.0692757
0.905559 0.660792 0.0781475
0.910065 0.666769 0.071516
0.918384 0.663009 0.0674358
0.92775 0.660206 0.0695377
0.930982 0.669669 0.0695835
0.921648 0.673254 0.0694301
0.918058 0.682135 0.0723003
0.916027 0.691911 0.071744
0.915178 0.701871 0.0714866
0.90672 0.707047 0.0701918
0.910706 0.716032 0.0720297
0.911756 0.708506 0.0785298
0.907998 0.717772 0.078435
0.901342 0.719957 0.0855714
0.891992 0.720153 0.0891121
0.887025 0.724989 0.0819053
0.881185 0.723583 0.0899003
0.880729 0.733221 0.0872716
0.884394 0.733144 0.0779677
0.886184 0.723309 0.0776905
0.892413 0.726839 0.0707092
0.896829 0.72828 0.0795647
0.903609 0.732119 0.0732962
0.908435 0.730738 0.0646472
0.90693 0.735902 0.0562164
0.900401 0.729875 0.0516286
0.898924 0.725468 0.0427745
0.905207 0.718038 0.0404698
0.907694 0.718117 0.0307843
0.89784 0.719797 0.031053
0.901343 0.726532 0.024544
0.900025 0.736041 0.0273455
0.909741 0.733785 0.0266276
0.906781 0.72862 0.0346629
0.908508 0.738351 0.0331323
0.905309 0.747597 0.0352005
0.907094 0.740448 0.0419618
0.905604 0.730779 0.0398889
0.915105 0.730513 0.0429968
0.909496 0.722756 0.0401057
0.91559 0.730684 0.0400165
0.908294 0.735691 0.0353583
0.901585 0.733816 0.0281837
0.908958 0.739875 0.025196
0.904731 0.748355 0.0219988
0.900097 0.739681 0.0201851
0.892707 0.735954 0.0145729
0.887888 0.735402 0.005828
0.892209 0.744281 0.0074016
0.890643 0.737467 0.000252644
0.890749 0.73708 0
0.895532 0.750388 0.01
0.902121 0.745449 0.00432535
0.898121 0.739395 0.0086507
0.903016 0.747732 0.0112089
0.898205 0.75058 0.0195004
0.895077 0.747207 0.0106215
0.889763 0.73937 0.0138372
0.888872 0.733833 0.00555809
0.893694 0.733436 0.0111162
0.892546 0.73992 0.0186424
0.888826 0.744279 0.0104472
0.896527 0.745696 0.00422685
0.898273 0.748022 0
0.884482 0.744891 0.01
0.887371 0.749694 0.0182818
0.884889 0.740021 0.0188149
0.8909 0.73762 0.0111933
0.88161 0.734335 0.0128961
0.889652 0.736953 0.0182318
0.897426 0.733888 0.0237246
0.90516 0.727849 0.021795
0.913731 0.732023 0.0187756
0.915126 0.726335 0.026881
0.921099 0.734276 0.025763
0.923506 0.72993 0.0170845
0.926158 0.733886 0.0258775
0.924118 0.742008 0.0204119
0.923506 0.73644 0.0286959
0.931734 0.731283 0.0263079
0.926176 0.736788 0.0325374
0.920133 0.7297 0.0361767
0.917437 0.721957 0.041901
0.915377 0.728979 0.0350863
0.907777 0.730991 0.0412665
0.903375 0.73039 0.0323074
0.901213 0.728503 0.0227279
0.908239 0.721611 0.0209551
0.916858 0.720182 0.0160908
0.912714 0.728341 0.0201229
0.908962 0.724472 0.0285463
0.907674 0.732919 0.0233525
0.903199 0.727594 0.0305373
0.911776 0.722536 0.0296094
0.904354 0.717228 0.0255185
0.914291 0.716381 0.0247771
0.911593 0.70945 0.0180923
0.90539 0.704247 0.0122228
0.895901 0.707398 0.0120379
0.888932 0.706361 0.00494144
0.885927 0.707158 -4.22006e-10
0.900068 0.707005 0.01
0.897481 0.714496 0.0160984
0.88838 0.712305 0.0196153
0.891885 0.702981 0.0187354
0.899227 0.696806 0.0215573
0.908154 0.692313 0.0219022
0.912492 0.701156 0.0201792
0.914221 0.692907 0.0255603
0.913358 0.692629 0.0156015
0.92243 0.69674 0.0147134
0.919769 0.69529 0.00518373
0.922118 0.694518 -1.01863e-10
0.914069 0.68289 0.01
0.919028 0.674218 0.00954745
0.922254 0.667467 0.0161819
0.926714 0.673315 0.0229574
0.920151 0.671191 0.0301972
0.917127 0.674713 0.0213398
0.92427 0.667716 0.0212506
0.930104 0.675776 0.0202492
0.936216 0.680029 0.0135743
0.928513 0.673703 0.0143819
0.92424 0.672801 0.0233778
0.933605 0.669507 0.0221791
0.940498 0.67402 0.0165116
0.93771 0.665281 0.0204933
0.942942 0.672769 0.016424
0.943153 0.6814 0.0214692
0.948449 0.675074 0.0158185
0.94152 0.678635 0.00954954
0.936784 0.686236 0.00509903
0.942207 0.683301 0.0101981
0.932963 0.686547 0.0122036
0.932898 0.693585 0.0193066
0.942392 0.693682 0.0224433
0.943929 0.690414 0.0317682
0.941654 0.684091 0.0243622
0.934726 0.690473 0.0210055
0.939763 0.688133 0.0293214
0.935779 0.69681 0.0263477
0.943298 0.690543 0.0283933
0.939971 0.681559 0.0255266
0.942851 0.672762 0.0217418
0.944713 0.682532 0.0227858
0.949066 0.686972 0.0149542
0.957133 0.69147 0.0187865
0.951064 0.689064 0.0263615
0.942429 0.693565 0.0240862
0.943448 0.696766 0.0146674
0.941478 0.687072 0.0132004
0.939064 0.679855 0.0196877
0.935331 0.685098 0.027341
0.940887 0.678239 0.0320401
0.930964 0.679118 0.0329164
0.921871 0.683261 0.0325105
0.918821 0.685721 0.0417107
0.923943 0.685103 0.0502774
0.92909 0.67782 0.0457542
0.920076 0.675254 0.0422678
0.921147 0.667657 0.048681
0.920609 0.666064 0.0388232
0.926984 0.670972 0.0328837
0.920056 0.67725 0.0293347
0.916582 0.674455 0.0203838
0.916421 0.664471 0.0198396
0.917939 0.665731 0.0100362
0.920986 0.66371 0.019344
0.922167 0.667937 0.0283294
0.912261 0.667104 0.029412
0.92011 0.665628 0.035429
0.925976 0.657981 0.0327611
0.920754 0.649499 0.0336508
0.916685 0.658628 0.0339865
0.913957 0.657149 0.02448
0.920848 0.653519 0.0307517
0.925772 0.659905 0.0248378
0.925241 0.650004 0.0235351
0.926802 0.640943 0.0196039
0.922293 0.634598 0.025881
0.929922 0.63885 0.0307517
0.927771 0.648107 0.0338626
0.932872 0.646939 0.0253412
0.932233 0.638777 0.0195978
0.926 0.644713 0.0145058
0.92151 0.641309 0.00624432
0.917515 0.648921 0.0113538
0.911527 0.648812 0.0193621
0.918078 0.644767 0.0257435
0.913557 0.649316 0.0334161
0.919818 0.643992 0.0391129
0.910338 0.647005 0.0380889
0.907609 0.643366 0.0291833
0.90466 0.644638 0.0197131
0.895663 0.640826 0.0218406
0.904353 0.643958 0.0180103
0.907372 0.640649 0.00906945
0.909427 0.631044 0.00719166
0.919004 0.633769 0.00812356
0.918971 0.624527 0.00430419
0.913237 0.617097 0.00775472
0.9118 0.625192 0.0134473
0.912604 0.617031 0.00772469
0.911491 0.608935 0.0134889
0.913836 0.618656 0.0136182
0.912912 0.623042 0.0225574
0.922208 0.620394 0.0251236
0.913478 0.621377 0.0203459
0.908801 0.630157 0.0193286
0.906307 0.636384 0.0267455
0.908364 0.645334 0.0307025
0.906108 0.64901 0.0216803
0.903187 0.6582 0.0190328
0.911913 0.653328 0.0186774
0.911602 0.65302 0.00868693
0.921249 0.655653 0.00876878
0.913938 0.659998 0.00350981
0.910236 0.651212 0.00652813
0.910778 0.653342 0.0130563
0.904991 0.660434 0.0170829
0.901116 0.669101 0.020223
0.898062 0.667043 0.0295204
0.899458 0.676091 0.033543
0.895866 0.68012 0.0251251
0.903569 0.686204 0.0232164
0.913078 0.683136 0.0227964
0.907132 0.677936 0.0166641
0.913258 0.670888 0.0130859
0.920358 0.664241 0.0107599
0.913648 0.665045 0.00338865
0.923631 0.664617 0.00378469
0.923469 0.673916 0.000111312
0.923546 0.673739 7.27596e-12
0.913568 0.663717 0.01
0.916581 0.667612 0.00129644
0.917302 0.667321 0.00259288
0.91699 0.668716 0.00518576
0.91629 0.667508 4.72937e-10
0.912482 0.681128 0.01
0.919757 0.67427 0.0102072
0.921865 0.683275 0.0140095
0.921121 0.678603 0.00519938
0.919802 0.677466 1.67347e-10
0.91537 0.690895 0.01
0.905601 0.691873 0.0119014
0.907016 0.685851 0.0197585
0.916512 0.688924 0.0191387
0.913318 0.698309 0.0178237
0.916267 0.705219 0.0112245
0.917977 0.697147 0.0055748
0.922271 0.704441 0.000247949
0.91723 0.703226 0.000495898
0.917334 0.703064 -7.27596e-12
0.903258 0.701699 0.01
0.91252 0.704838 0.00791211
0.906472 0.710215 0.0020384
0.905067 0.708883 0.0040768
0.909464 0.699953 0.00503583
0.919068 0.702549 0.00605164
0.919826 0.702914 -7.27596e-12
0.915853 0.716486 0.01
0.923223 0.720167 0.00433186
0.921544 0.710634 0.00684197
0.913683 0.716779 0.0061808
0.904945 0.71293 0.0032089
0.912222 0.706117 0.00400339
0.916527 0.704016 -1.81899e-10
0.922541 0.691216 0.01
0.919117 0.682719 0.00599065
0.919009 0.684836 0.0119813
0.909836 0.685008 0.0159582
0.908676 0.680511 0.00710188
0.91571 0.681613 0.0141233
0.918349 0.679475 0.023529
0.914783 0.688751 0.0224166
0.908247 0.695539 0.0257633
0.906318 0.697939 0.016249
0.898272 0.698822 0.0103773
0.888927 0.702246 0.0113554
0.893175 0.71077 0.00830685
0.89356 0.700913 0.0066663
0.898989 0.709304 0.00631001
0.903583 0.7172 0.0103774
0.895014 0.718063 0.0154581
0.893656 0.709822 0.00995785
0.889761 0.700615 0.00972448
0.893553 0.698705 0.0187783
0.893893 0.689684 0.0144754
0.891864 0.686513 0.00521129
0.894795 0.676998 0.00428533
0.904286 0.680149 0.00418805
0.8984 0.683293 5.09317e-10
0.907858 0.693807 0.01
0.906374 0.687041 0.00278819
0.909764 0.68687 2.76486e-10
0.923082 0.682112 0.01
0.922602 0.688919 0.00269008
0.919038 0.698202 0.00374646
0.928542 0.701249 0.00313495
0.926037 0.696253 2.76486e-10
0.939122 0.690887 0.01
0.934675 0.699779 0.0110735
0.928845 0.698431 0.00306102
0.930615 0.708157 0.00456393
0.930831 0.713255 0.00912787
0.931059 0.714275 0.0182557
0.937693 0.707976 0.022294
0.943935 0.706389 0.0299435
0.949 0.69886 0.0257413
0.946228 0.705043 0.0183872
0.953173 0.698631 0.0151227
0.943494 0.69952 0.0127713
0.949943 0.703616 0.00631876
0.943002 0.69998 0.000106036
0.943026 0.700014 7.27596e-12
0.939923 0.713812 0.01
0.94692 0.714104 0.0171382
0.948211 0.707372 0.0244192
0.946421 0.712108 0.0157955
0.947258 0.721966 0.0143405
0.937735 0.722432 0.0173573
0.936224 0.7319 0.0202003
0.93746 0.722336 0.0228479
0.93063 0.717787 0.0171332
0.929778 0.717396 0.0270892
0.924585 0.708907 0.026103
0.928121 0.69957 0.0255332
0.923659 0.698551 0.0344244
0.916716 0.694969 0.0281819
0.911397 0.68721 0.031575
0.919784 0.682284 0.0292518
0.912337 0.68301 0.0358859
0.913478 0.692134 0.0398173
0.923005 0.690527 0.0372385
0.928372 0.690758 0.0456732
0.933533 0.688645 0.0373722
0.938457 0.696061 0.0419273
0.936496 0.688082 0.0476265
0.930416 0.693271 0.0416171
0.921166 0.696011 0.0389843
0.926869 0.696262 0.0307733
0.935539 0.692712 0.0272762
0.932765 0.701985 0.0247609
0.937564 0.708321 0.0308303
0.92909 0.711767 0.0267898
0.920104 0.707771 0.0285983
0.922886 0.709524 0.0191545
0.92893 0.714113 0.0256666
0.938171 0.717432 0.0275617
0.929932 0.711813 0.0283019
0.920838 0.710617 0.0322867
0.918526 0.711802 0.0419432
0.917412 0.720645 0.0464774
0.912221 0.717453 0.0544061
0.904209 0.718834 0.0485835
0.912246 0.713274 0.0464632
0.903059 0.712189 0.0426643
0.905163 0.702719 0.0402385
0.905762 0.700174 0.0498908
0.906614 0.695253 0.058554
0.908953 0.701447 0.0510601
0.908544 0.698167 0.0416223
0.899464 0.700019 0.0453814
0.907455 0.694367 0.0474295
0.90814 0.691246 0.0569053
0.916451 0.687007 0.0533041
0.917443 0.677791 0.0495525
0.908139 0.680706 0.0517725
0.903704 0.687724 0.0461974
0.899603 0.679586 0.0420791
0.895593 0.674316 0.0495715
0.891926 0.667688 0.0561005
0.885581 0.674724 0.0592989
0.881875 0.67446 0.0685834
0.884431 0.674644 0.0782496
0.892551 0.675413 0.072464
0.88694 0.667182 0.0715873
0.892238 0.664067 0.063699
0.897322 0.660375 0.0714792
0.889683 0.661663 0.0778029
0.883543 0.655903 0.0832002
0.885525 0.65326 0.0926386
0.884095 0.645612 0.0989209
0.883052 0.641255 0.107861
0.876583 0.637332 0.101322
0.883978 0.64378 0.0993877
0.87939 0.64657 0.0909518
0.877941 0.648695 0.100615
0.875959 0.651674 0.109953
0.868283 0.657955 0.108674
0.869027 0.663752 0.10056
0.86299 0.662899 0.108487
0.866647 0.669298 0.115245
0.866291 0.677432 0.121051
0.87088 0.678715 0.112259
0.862476 0.673559 0.110586
0.862556 0.677885 0.119602
0.857047 0.674259 0.112085
0.853483 0.668467 0.119416
0.854453 0.662979 0.127719
0.863245 0.666333 0.124335
0.860706 0.676004 0.124489
0.864898 0.672314 0.132785
0.872253 0.675856 0.13856
0.866021 0.668968 0.142263
0.856764 0.670602 0.138851
0.851645 0.662577 0.135786
0.860531 0.661866 0.140318
0.867672 0.667639 0.136359
0.869187 0.676915 0.139774
0.873637 0.671166 0.132907
0.872491 0.668463 0.123348
0.865588 0.665126 0.129767
0.864913 0.667051 0.119978
0.873534 0.668776 0.124743
0.864947 0.670003 0.12972
0.874823 0.669754 0.131271
0.871132 0.661437 0.135419
0.865523 0.669569 0.133867
0.861715 0.671818 0.124898
0.867061 0.678345 0.130266
0.871254 0.671609 0.124179
0.875287 0.673378 0.133158
0.868271 0.666315 0.134107
0.862101 0.658494 0.133238
0.854852 0.655811 0.139584
0.845265 0.652991 0.139226
0.850724 0.651521 0.130978
0.854663 0.658275 0.124743
0.849099 0.656115 0.11672
0.855984 0.663275 0.115568
0.854293 0.672084 0.119989
0.844646 0.671619 0.117396
0.835403 0.667926 0.11836
0.828918 0.666455 0.110891
0.833732 0.673845 0.106178
0.839687 0.673572 0.0981491
0.833691 0.670003 0.0909859
0.830328 0.661517 0.0869034
0.838346 0.661919 0.08094
0.846243 0.658282 0.0858792
0.841238 0.650282 0.0825705
0.839928 0.652005 0.0923335
0.843383 0.650302 0.0831052
0.84139 0.647949 0.0926178
0.845936 0.654424 0.0987338
0.842997 0.663908 0.097542
0.850672 0.65924 0.101936
0.850262 0.667898 0.0969498
0.856394 0.660003 0.0966893
0.854368 0.650271 0.0977777
0.855303 0.658827 0.092686
0.849412 0.651495 0.0960827
0.850303 0.641538 0.0958231
0.858139 0.646816 0.099101
0.860502 0.656444 0.100415
0.855117 0.654895 0.092132
0.84972 0.662484 0.095776
0.852375 0.65466 0.10141
0.854593 0.651825 0.0920802
0.852679 0.650167 0.101754
0.851568 0.655268 0.110283
0.84537 0.66302 0.111502
0.837581 0.657864 0.115073
0.837174 0.647887 0.115608
0.84173 0.646052 0.106897
0.837005 0.64226 0.0989413
0.844355 0.648764 0.100858
0.845124 0.656664 0.106941
0.836483 0.651632 0.107053
0.838601 0.642407 0.11028
0.837015 0.638677 0.119421
0.837721 0.648591 0.118319
0.831328 0.65628 0.11821
0.82732 0.66081 0.126173
0.829035 0.657838 0.11678
0.827033 0.648495 0.113832
0.828834 0.64145 0.120697
0.830656 0.632196 0.124019
0.826578 0.623066 0.123855
0.833122 0.616623 0.127811
0.826471 0.623914 0.126195
0.82816 0.633606 0.124404
0.819803 0.628346 0.125984
0.815581 0.630743 0.117242
0.82404 0.627486 0.113018
0.822661 0.63593 0.118195
0.815104 0.640059 0.123278
0.805606 0.642321 0.125441
0.814349 0.637508 0.126071
0.805826 0.638886 0.121026
0.804033 0.648691 0.120227
0.795285 0.649694 0.124967
0.793024 0.658926 0.128077
0.793618 0.667988 0.123891
0.797731 0.673022 0.116292
0.791167 0.665569 0.115125
0.785281 0.661043 0.108426
0.780718 0.657792 0.116709
0.774238 0.650238 0.117676
0.771204 0.641709 0.121925
0.777245 0.646915 0.115891
0.77574 0.651502 0.107134
0.776344 0.657671 0.114982
0.777072 0.648192 0.118082
0.767439 0.650019 0.116112
0.773478 0.645596 0.109481
0.775914 0.636141 0.111642
0.779879 0.641146 0.103946
0.783646 0.650177 0.101883
0.780393 0.658803 0.105757
0.787498 0.662334 0.0996706
0.793944 0.664506 0.107001
0.789959 0.656271 0.111039
0.782073 0.659664 0.116167
0.774741 0.665702 0.119295
0.784451 0.666215 0.121627
0.785926 0.660522 0.11354
0.789984 0.659353 0.122604
0.796356 0.660401 0.114969
0.79253 0.668459 0.110449
0.791702 0.674344 0.118492
0.784203 0.668524 0.121639
0.78729 0.67547 0.115142
0.780419 0.67022 0.120163
0.780936 0.673452 0.129612
0.774173 0.667169 0.125767
0.773383 0.677042 0.127147
0.764919 0.673676 0.131273
0.755406 0.673633 0.134354
0.758103 0.683053 0.132359
0.750399 0.686716 0.127141
0.755621 0.689983 0.119263
0.747281 0.685974 0.123053
0.748952 0.695666 0.12486
0.741759 0.700988 0.120396
0.749564 0.705548 0.124671
0.746912 0.713092 0.130676
0.740077 0.712436 0.123406
0.745983 0.709185 0.11602
0.748617 0.699581 0.115109
0.741593 0.703079 0.121309
0.744503 0.697135 0.113812
0.74212 0.700139 0.123048
0.732205 0.698841 0.123018
0.741992 0.698444 0.125032
0.732213 0.69912 0.127012
0.729966 0.704315 0.118768
0.726082 0.703476 0.109592
0.729717 0.696004 0.104028
0.725386 0.695825 0.0950162
0.729448 0.70294 0.0892824
0.739325 0.702338 0.0907258
0.735804 0.696874 0.0983247
0.72707 0.699167 0.0940269
0.724538 0.705685 0.101175
0.731959 0.708447 0.107283
0.738697 0.715119 0.110459
0.740684 0.707679 0.104079
0.750486 0.709456 0.103211
0.749266 0.714038 0.112016
0.751559 0.719375 0.103876
0.75937 0.72527 0.101815
0.762663 0.720126 0.0938972
0.772283 0.722806 0.093376
0.766272 0.723865 0.0854548
0.772562 0.716421 0.0832118
0.771517 0.70724 0.0870349
0.76384 0.713481 0.0884916
0.768858 0.721757 0.0859758
0.776464 0.722457 0.0795209
0.768205 0.719076 0.0750092
0.773532 0.711927 0.0704802
0.783122 0.710073 0.0683362
0.779575 0.700745 0.0676997
0.789073 0.703662 0.0688328
0.78482 0.694864 0.0667101
0.791683 0.697205 0.073596
0.794951 0.688919 0.0690518
0.787894 0.68319 0.0648834
0.780533 0.676563 0.0662633
0.787126 0.671563 0.0718783
0.784515 0.674824 0.0627926
0.793137 0.677725 0.0669449
0.795596 0.668442 0.0641543
0.793421 0.678006 0.0622039
0.800125 0.678619 0.069598
0.80828 0.678595 0.0753864
0.811727 0.677321 0.0846865
0.819836 0.672555 0.0812894
0.817814 0.672508 0.071496
0.826779 0.675489 0.0747751
0.822559 0.676798 0.0837461
0.814373 0.674153 0.0888444
0.819199 0.669908 0.0811833
0.81731 0.679721 0.0815528
0.808767 0.678006 0.0864609
0.818166 0.68113 0.0878397
0.819692 0.67843 0.078333
0.820795 0.676441 0.0685949
0.825909 0.667913 0.0675385
0.81681 0.666049 0.0712442
0.815185 0.662025 0.0622348
0.813463 0.661824 0.0523862
0.817522 0.669797 0.0568542
0.825378 0.665856 0.0520852
0.81634 0.664918 0.0479114
0.8229 0.660043 0.0536726
0.817658 0.65858 0.0452836
0.816343 0.661132 0.0548627
0.810806 0.653795 0.0588019
0.811412 0.644227 0.0559579
0.80804 0.635599 0.0597245
0.81277 0.635241 0.0685276
0.816533 0.626426 0.0713814
0.826187 0.625297 0.073731
0.829486 0.615923 0.0748531
0.821217 0.610759 0.0726237
0.826683 0.604387 0.078057
0.83071 0.599271 0.0704665
0.823737 0.596441 0.0770517
0.821711 0.602803 0.0844961
0.816301 0.608301 0.0908601
0.810294 0.616295 0.0907245
0.800728 0.616387 0.0878112
0.799632 0.624099 0.0940824
0.792588 0.617228 0.095866
0.790793 0.607468 0.0946346
0.783188 0.608062 0.101102
0.786187 0.600187 0.0957174
0.795392 0.59893 0.0994154
0.7857 0.596594 0.0986417
0.788654 0.60474 0.103633
0.791669 0.598285 0.096616
0.782623 0.595539 0.099875
0.783876 0.599605 0.108925
0.790375 0.603326 0.115551
0.784461 0.5963 0.119509
0.774793 0.597275 0.121874
0.771038 0.594783 0.112947
0.76324 0.593031 0.118958
0.759155 0.595899 0.127623
0.754115 0.603009 0.132527
0.764085 0.602367 0.132097
0.758536 0.602735 0.140408
0.75991 0.602199 0.150298
0.755855 0.593092 0.151085
0.750261 0.58981 0.143474
0.74819 0.593234 0.152638
0.745496 0.600871 0.158505
0.74614 0.595012 0.166584
0.750265 0.601109 0.173352
0.759358 0.602671 0.17721
0.761274 0.601127 0.167517
0.755037 0.600466 0.175306
0.745698 0.600156 0.171744
0.736304 0.603469 0.17263
0.728313 0.609441 0.171936
0.718396 0.610489 0.171192
0.723291 0.615903 0.178028
0.714528 0.615286 0.182805
0.723728 0.618169 0.185459
0.725598 0.624394 0.193058
0.718212 0.619048 0.188951
0.710921 0.612991 0.185763
0.709121 0.622743 0.187053
0.713199 0.631441 0.189829
0.70756 0.633082 0.197923
0.702833 0.626991 0.20429
0.71027 0.633119 0.201619
0.70698 0.640393 0.195598
0.702442 0.635376 0.188234
0.706107 0.637833 0.17926
0.71128 0.64072 0.187316
0.714757 0.631664 0.189745
0.708237 0.637098 0.184456
0.710691 0.635185 0.174953
0.716441 0.627104 0.173671
0.713154 0.621387 0.181188
0.713491 0.631113 0.178891
0.721519 0.631504 0.17294
0.718541 0.622253 0.170583
0.726072 0.626436 0.175661
0.73421 0.632247 0.175752
0.726227 0.628392 0.180379
0.722042 0.635731 0.17503
0.720474 0.645509 0.173639
0.727772 0.649658 0.179072
0.721555 0.656613 0.182675
0.723361 0.647541 0.178875
0.71493 0.649213 0.183986
0.724271 0.649185 0.187555
0.728005 0.641959 0.193372
0.723189 0.633214 0.193955
0.726183 0.627282 0.201428
0.718458 0.622618 0.197119
0.714021 0.614214 0.20023
0.709087 0.614756 0.191548
0.71696 0.620435 0.193947
0.713654 0.628354 0.188812
0.723529 0.627265 0.189951
0.732645 0.623165 0.190259
0.735563 0.613804 0.192223
0.740652 0.619005 0.199083
0.730868 0.619833 0.200975
0.733438 0.627863 0.195598
0.742326 0.631382 0.192661
0.734221 0.636347 0.189554
0.728992 0.628876 0.193657
0.725238 0.636545 0.188452
0.721947 0.635363 0.179084
0.715204 0.62898 0.17537
0.72054 0.626061 0.183308
0.7219 0.631451 0.19162
0.725652 0.623244 0.18731
0.721905 0.62095 0.196293
0.719237 0.620034 0.205887
0.717647 0.628924 0.210183
0.713817 0.63815 0.210625
0.706044 0.63316 0.206795
0.699507 0.62886 0.200568
0.696464 0.636896 0.195453
0.698705 0.643564 0.202561
0.702517 0.636083 0.197129
0.696295 0.63232 0.203994
0.688172 0.637926 0.205602
0.691746 0.629379 0.201837
0.689625 0.623258 0.194219
0.682487 0.620463 0.20064
0.674243 0.625975 0.199352
0.681414 0.630125 0.193752
0.678311 0.639025 0.197093
0.681542 0.644536 0.204787
0.689366 0.650372 0.202611
0.69864 0.653546 0.204591
0.694201 0.647484 0.197991
0.689357 0.641708 0.204562
0.68758 0.632872 0.200231
0.692334 0.64157 0.201551
0.693898 0.650692 0.197764
0.693915 0.65139 0.187788
0.68501 0.651865 0.183262
0.683089 0.654485 0.173805
0.679749 0.656306 0.183053
0.682023 0.662349 0.175417
0.676455 0.666272 0.168096
0.682616 0.67067 0.17463
0.67654 0.678339 0.176699
0.671367 0.678934 0.168162
0.671666 0.677553 0.158262
0.66907 0.679161 0.14874
0.664127 0.687101 0.1452
0.668719 0.695787 0.147062
0.67686 0.701339 0.145359
0.67959 0.702114 0.154948
0.671037 0.69975 0.159559
0.668481 0.708736 0.155991
0.669858 0.710339 0.146217
0.661835 0.707516 0.140957
0.655954 0.711472 0.148012
0.646902 0.708968 0.144578
0.64001 0.704883 0.138593
0.639201 0.695044 0.136998
0.629753 0.696374 0.134005
0.63406 0.690726 0.126966
0.624809 0.689996 0.130693
0.617855 0.694439 0.125046
0.611903 0.697771 0.132358
0.603029 0.700022 0.128335
0.597818 0.698109 0.120017
0.598476 0.691008 0.113006
0.590899 0.691229 0.119528
0.588889 0.697123 0.111704
0.583393 0.697949 0.10339
0.579463 0.700432 0.0945365
0.572297 0.707264 0.0931321
0.574876 0.698589 0.088877
0.578285 0.696462 0.0797199
0.572079 0.702994 0.0840582
0.571554 0.693759 0.0878575
0.5763 0.699344 0.0810542
0.570032 0.702807 0.0880336
0.568493 0.706033 0.0973729
0.571908 0.704054 0.088185
0.5629 0.700236 0.0902515
0.561605 0.690344 0.0895598
0.554436 0.683661 0.087576
0.554008 0.673673 0.0873506
0.557083 0.665205 0.0916911
0.558117 0.655755 0.094795
0.565219 0.653732 0.0880516
0.57307 0.649114 0.0839241
0.564463 0.652146 0.088015
0.562969 0.658867 0.0807631
0.568548 0.65067 0.0820627
0.577246 0.651036 0.0771429
0.57585 0.64754 0.0864071
0.582723 0.654784 0.0869427
0.588 0.662185 0.0911119
0.594528 0.657817 0.0849228
0.595007 0.667147 0.0813551
0.597302 0.672048 0.0897643
0.593317 0.663417 0.0928666
0.601958 0.668066 0.0909364
0.594225 0.662386 0.0881165
0.597017 0.671966 0.0887738
0.603254 0.66637 0.0942305
0.612424 0.666727 0.0982038
0.61248 0.670389 0.0888988
0.610874 0.66067 0.0906212
0.616877 0.666323 0.0962793
0.612607 0.664869 0.105204
0.60541 0.657931 0.105429
0.614561 0.654144 0.104045
0.611656 0.659603 0.111904
0.615352 0.664492 0.104002
0.622974 0.662761 0.0977647
0.61618 0.655726 0.0998507
0.616077 0.656379 0.0898726
0.618796 0.649378 0.0832707
0.623041 0.657804 0.0799566
0.628223 0.666356 0.0800742
0.635564 0.663229 0.0861014
0.635577 0.65667 0.0785533
0.642066 0.66252 0.0736885
0.63994 0.652783 0.0728732
0.631104 0.648122 0.0733162
0.640745 0.646764 0.0755975
0.649353 0.651356 0.0734013
0.650447 0.645833 0.0816658
0.649984 0.643375 0.0913478
0.656029 0.63594 0.0884882
0.657431 0.643799 0.09451
0.666108 0.646917 0.0983814
0.667072 0.636968 0.0981039
0.659484 0.630648 0.0965296
0.651763 0.624982 0.099408
0.643328 0.630331 0.0989083
0.646667 0.639583 0.0971044
0.654764 0.645379 0.0961896
0.656067 0.655235 0.0951069
0.655722 0.664443 0.0912222
0.662273 0.660272 0.0975225
0.667395 0.66569 0.0908587
0.663695 0.665662 0.100149
0.656061 0.667277 0.0938951
0.664185 0.663511 0.0983461
0.670864 0.66986 0.102229
0.660895 0.670165 0.101501
0.653176 0.673403 0.0960296
0.643502 0.67488 0.0939702
0.645526 0.679432 0.0852994
0.647083 0.683502 0.0762988
0.654089 0.688016 0.0707719
0.645661 0.690212 0.0756868
0.639554 0.698108 0.0750956
0.638895 0.696269 0.0652883
0.644126 0.696589 0.0738046
0.650478 0.688932 0.0727925
0.645466 0.690225 0.081349
0.643381 0.681416 0.0770986
0.63629 0.682694 0.0701639
0.640586 0.673665 0.0700008
0.643341 0.664992 0.0658566
0.64586 0.655321 0.0654882
0.648256 0.647675 0.071472
0.652557 0.64809 0.0624538
0.643288 0.651251 0.0604277
0.645481 0.660974 0.059614
0.642202 0.664089 0.0506948
0.643202 0.673782 0.0484519
0.634518 0.677699 0.0454137
0.634868 0.670256 0.0387448
0.627402 0.667661 0.0326196
0.636434 0.663441 0.0318411
0.632202 0.655461 0.0361308
0.639118 0.650243 0.0311369
0.639 0.643415 0.0384416
0.644816 0.642575 0.0303501
0.648185 0.636451 0.0231992
0.645055 0.645915 0.0239848
0.646642 0.653197 0.0306527
0.636766 0.651924 0.0297307
0.639467 0.652342 0.0393498
0.633405 0.65392 0.0315548
0.636998 0.647822 0.0386191
0.646142 0.651378 0.0405556
0.654069 0.650292 0.0345578
0.645319 0.653914 0.0313474
0.651828 0.659552 0.026263
0.643945 0.6538 0.028448
0.635493 0.658218 0.0314551
0.626287 0.662123 0.0314861
0.628576 0.653094 0.0351253
0.625398 0.660644 0.0408613
0.633267 0.655453 0.0375248
0.628528 0.649371 0.0438926
0.623154 0.651286 0.0356794
0.627015 0.653809 0.0445525
0.61962 0.657745 0.039092
0.622293 0.666797 0.0357884
0.61771 0.675212 0.0329274
0.615451 0.675043 0.0231874
0.606995 0.669727 0.0236734
0.612868 0.672874 0.0311299
0.618808 0.679523 0.0356578
0.617011 0.671678 0.041592
0.622342 0.663335 0.0429968
0.621834 0.672988 0.0455585
0.626247 0.669366 0.0537691
0.618513 0.664417 0.0498076
0.612658 0.667136 0.0421698
0.609727 0.659861 0.0359666
0.618359 0.662221 0.0315031
0.622731 0.65999 0.0227906
0.615112 0.665474 0.026236
0.61526 0.669575 0.0171167
0.618444 0.662967 0.0239136
0.610502 0.664823 0.0181273
0.615159 0.656266 0.0203823
0.618217 0.652896 0.0114777
0.627484 0.649796 0.0136016
0.633814 0.656184 0.0179742
0.628091 0.64855 0.0149788
0.62735 0.658518 0.0152994
0.629908 0.649241 0.0125797
0.624749 0.649022 0.00401582
0.614879 0.648785 0.00560538
0.6163 0.639187 0.00802627
0.608434 0.634428 0.00408969
0.606183 0.636164 1.69166e-10
0.606078 0.650306 0.01
0.616062 0.6498 0.0102685
0.610474 0.650912 0.0184868
0.616641 0.657103 0.0136244
0.618485 0.654732 0.0231626
0.620749 0.664014 0.0261146
0.613635 0.666473 0.0326977
0.613302 0.666015 0.0227137
0.621244 0.666009 0.0166367
0.615748 0.665052 0.0249357
0.62135 0.662856 0.0329227
0.63051 0.666568 0.0344431
0.629994 0.659283 0.0276127
0.624241 0.655805 0.0350155
0.633398 0.655525 0.0390222
0.624944 0.656478 0.0337679
0.622854 0.649467 0.026951
0.622667 0.643666 0.0188073
0.615633 0.650462 0.0167244
0.607932 0.654795 0.0120436
0.601366 0.656301 0.00465332
0.605377 0.647703 0.00781103
0.601615 0.642471 0.0154578
0.599508 0.648863 0.00806086
0.590475 0.65314 0.00837788
0.59897 0.657791 0.0108651
0.606372 0.662081 0.0160441
0.601375 0.662438 0.00738927
0.595152 0.669929 0.00511853
0.591019 0.670857 0.0102371
0.59959 0.667792 0.00609735
0.604215 0.667978 0.0121947
0.600633 0.670891 0.00332457
0.599851 0.667747 0.00664914
0.593081 0.672172 0.0125295
0.588674 0.669792 0.00387454
0.59568 0.67673 0.00553966
0.605141 0.679036 0.00781155
0.608437 0.672711 0.000802275
0.612671 0.680366 8.18545e-11
0.610862 0.66634 0.01
0.611854 0.662498 0.0191791
0.605364 0.662889 0.0115814
0.61459 0.661808 0.00787974
0.615521 0.652463 0.00444462
0.616821 0.648747 8.18545e-11
0.625814 0.659661 0.01
0.619111 0.665199 0.00505978
0.623691 0.673918 0.00333194
0.628516 0.680189 -3.45608e-11
0.617931 0.689569 0.01
0.614614 0.681846 0.0154177
0.616273 0.676157 0.023473
0.619476 0.679814 0.0147342
0.628904 0.678485 0.0116782
0.627983 0.67703 0.0215288
0.620173 0.683129 0.0228768
0.619112 0.689245 0.030717
0.623164 0.681055 0.0266525
0.616701 0.684039 0.0336756
0.616874 0.683378 0.0236989
0.613835 0.690309 0.0171618
0.612962 0.699633 0.013654
0.61587 0.690332 0.0159006
0.625137 0.692982 0.0132354
0.633548 0.697465 0.010209
0.636119 0.692588 0.0185514
0.633517 0.684584 0.0239522
0.630783 0.694169 0.02475
0.640243 0.692783 0.0276795
0.63771 0.695707 0.036901
0.63687 0.70551 0.0386856
0.637168 0.705462 0.0286901
0.645433 0.704327 0.0342036
0.65488 0.70107 0.0338124
0.645116 0.698912 0.0338532
0.640457 0.697464 0.0251241
0.648758 0.699455 0.019916
0.652741 0.707034 0.0147495
0.647723 0.710666 0.0225995
0.644611 0.71968 0.0195891
0.65136 0.716285 0.0261417
0.64385 0.710975 0.0222163
0.635768 0.713474 0.0275483
0.636259 0.703549 0.0264287
0.627566 0.707669 0.029161
0.634345 0.704733 0.0224211
0.642001 0.710171 0.0189825
0.645248 0.718717 0.0230352
0.644978 0.714921 0.0137878
0.654201 0.7117 0.0116497
0.657828 0.721017 0.0118171
0.663977 0.7272 0.0167116
0.661676 0.718175 0.0130718
0.671137 0.715046 0.0139122
0.668353 0.716759 0.023363
0.663045 0.709295 0.0193475
0.658695 0.700303 0.0198054
0.662679 0.69525 0.0274605
0.655181 0.688653 0.0279635
0.647329 0.690124 0.0219478
0.655269 0.695456 0.0248697
0.64681 0.699815 0.0217946
0.656223 0.697316 0.0195261
0.650742 0.692048 0.0260231
0.64195 0.696693 0.0249614
0.645882 0.689046 0.0300666
0.636612 0.692097 0.0322468
0.628355 0.690809 0.0377391
0.636558 0.689366 0.0432732
0.641029 0.681381 0.0473042
0.634794 0.689155 0.0464818
0.644295 0.688144 0.0435303
0.649219 0.688552 0.0348365
0.650217 0.689915 0.0446927
0.64986 0.685624 0.0356671
0.640937 0.682431 0.038859
0.631849 0.686472 0.0398932
0.624697 0.683446 0.0335929
0.616362 0.681763 0.0283295
0.610598 0.683872 0.0204352
0.614972 0.681221 0.0290278
0.608425 0.678619 0.036125
0.604296 0.673583 0.0437136
0.609847 0.669675 0.0510554
0.602372 0.66921 0.044429
0.598745 0.678356 0.042645
0.595121 0.66904 0.0423702
0.594406 0.676046 0.0494704
0.584866 0.67598 0.0464728
0.592373 0.676488 0.039886
0.600874 0.679396 0.0354951
0.605414 0.688161 0.0338928
0.60404 0.691566 0.043194
0.602605 0.697907 0.0507926
0.601462 0.700133 0.0604743
0.591903 0.702924 0.0595512
0.599528 0.705623 0.0654313
0.609178 0.704411 0.0631042
0.611762 0.694842 0.0644323
0.606417 0.699635 0.0574712
0.615538 0.695568 0.0569493
0.607451 0.691617 0.0525911
0.612866 0.692421 0.0609597
0.605472 0.693795 0.0675509
0.60515 0.703784 0.0678761
0.600543 0.703382 0.0767424
0.605783 0.706103 0.0686718
0.602813 0.709921 0.077424
0.607233 0.709646 0.0863898
0.60879 0.714884 0.0780148
0.610496 0.711143 0.0871307
0.611213 0.715845 0.078334
0.618984 0.721848 0.0764443
0.617443 0.727212 0.0681466
0.614417 0.718778 0.0637075
0.619578 0.710734 0.0666519
0.621057 0.704027 0.0593844
0.61436 0.708765 0.0536655
0.605377 0.705502 0.0507212
0.596569 0.708087 0.0467552
0.592658 0.713591 0.0393785
0.595328 0.715583 0.0488071
0.603092 0.715528 0.0551096
0.609696 0.708064 0.0559341
0.610912 0.703998 0.0649888
0.603095 0.698156 0.0628052
0.607279 0.690557 0.067781
0.607974 0.690939 0.0777495
0.611668 0.699979 0.0799005
0.612235 0.690008 0.0804125
0.60837 0.698056 0.0849178
0.601105 0.693231 0.0800242
0.601238 0.685567 0.0736017
0.610496 0.685691 0.0773803
0.606423 0.678316 0.0719937
0.614028 0.679442 0.0655991
0.619703 0.68258 0.0732115
0.626949 0.689405 0.0741664
0.632375 0.693723 0.0669614
0.625512 0.700995 0.0668856
0.619803 0.707571 0.0619695
0.614965 0.711893 0.0543598
0.61871 0.719921 0.0497201
0.614076 0.725338 0.0567325
0.623687 0.722875 0.0554848
0.622272 0.716724 0.0632409
0.622818 0.706806 0.0620816
0.620692 0.707412 0.071834
0.616045 0.700609 0.077502
0.62588 0.700144 0.0792509
0.629346 0.69251 0.0738009
0.625185 0.686827 0.0667026
0.617962 0.680645 0.0698042
0.616742 0.670906 0.0717175
0.620933 0.669441 0.0806778
0.614755 0.671646 0.0882255
0.621074 0.674521 0.0810278
0.615482 0.682409 0.0835794
0.614045 0.692295 0.0840258
0.606838 0.686355 0.0804524
0.610009 0.677065 0.0823623
0.615647 0.669395 0.0854247
0.607766 0.673659 0.0809854
0.617518 0.675817 0.080477
0.618553 0.675218 0.0705489
0.619822 0.681833 0.07794
0.621348 0.675667 0.085663
0.62138 0.6778 0.0954326
0.624498 0.669769 0.10051
0.6306 0.676315 0.104973
0.627299 0.668076 0.109579
0.620672 0.661006 0.10711
0.628077 0.663538 0.100884
0.629594 0.653675 0.100232
0.63278 0.644258 0.0991519
0.635428 0.639431 0.1075
0.633278 0.646613 0.114118
0.637085 0.642084 0.106056
0.627131 0.641134 0.106129
0.63498 0.637574 0.1112
0.634293 0.636324 0.121098
0.633274 0.642967 0.113693
0.624347 0.646558 0.116416
0.621224 0.638238 0.121002
0.624646 0.646971 0.124469
0.627965 0.651226 0.132888
0.628415 0.661065 0.134617
0.628855 0.653042 0.128663
0.637998 0.657081 0.12899
0.629178 0.661409 0.130858
0.638937 0.663425 0.130022
0.637036 0.658994 0.121261
0.645042 0.664373 0.123898
0.646281 0.670333 0.115964
0.638887 0.66373 0.114651
0.632867 0.667957 0.121426
0.631947 0.659002 0.117071
0.629391 0.666126 0.110535
0.621334 0.660304 0.109454
0.630717 0.663292 0.111195
0.624635 0.664657 0.103375
0.633022 0.660716 0.107132
0.637187 0.668103 0.101832
0.633001 0.677166 0.102412
0.628398 0.686022 0.101779
0.619542 0.681414 0.102359
0.609887 0.683976 0.101903
0.611964 0.676462 0.0956393
0.618464 0.669 0.0970713
0.608982 0.665824 0.097109
0.601006 0.666984 0.103029
0.603075 0.660808 0.110617
0.603213 0.650811 0.110844
0.601951 0.64092 0.111598
0.610102 0.635778 0.108929
0.611832 0.643142 0.115469
0.620504 0.639142 0.118435
0.627344 0.646422 0.117968
0.620998 0.650062 0.124785
0.621267 0.64038 0.122301
0.623375 0.644132 0.113274
0.632821 0.642406 0.110484
0.624744 0.643648 0.104721
0.632605 0.639092 0.108897
0.630506 0.642582 0.11803
0.640345 0.644354 0.118249
0.647928 0.637948 0.117041
0.647053 0.63037 0.123506
0.642381 0.624468 0.116923
0.633254 0.625509 0.112972
0.631309 0.616477 0.109144
0.632506 0.608082 0.103844
0.63144 0.61795 0.105068
0.627282 0.619686 0.0961404
0.622136 0.614383 0.0894036
0.612859 0.612778 0.0927755
0.6171 0.620907 0.0887825
0.623968 0.627924 0.0906794
0.632226 0.632062 0.0868484
0.636805 0.63135 0.0957095
0.637582 0.631698 0.105673
0.632127 0.632709 0.113993
0.626249 0.63636 0.121212
0.635333 0.639252 0.118195
0.637731 0.646363 0.111587
0.631734 0.643567 0.10409
0.640739 0.642644 0.0998408
0.645787 0.635104 0.0956376
0.63691 0.633541 0.0999696
0.638107 0.64298 0.103046
0.635856 0.651242 0.108211
0.638561 0.646174 0.100025
0.641796 0.63734 0.0966348
0.640462 0.639678 0.087004
0.631258 0.637606 0.0903204
0.636493 0.634399 0.0982142
0.638467 0.642608 0.0928558
0.641596 0.639483 0.101825
0.645808 0.630579 0.103551
0.650799 0.638868 0.101027
0.641717 0.641957 0.103851
0.643909 0.641768 0.0940963
0.637852 0.634067 0.0920981
0.641644 0.643063 0.0942632
0.638299 0.652193 0.0965978
0.63173 0.64895 0.103404
0.632155 0.639608 0.0998604
0.629744 0.636725 0.109127
0.622733 0.643743 0.107868
0.630765 0.643498 0.113821
0.622964 0.646167 0.119481
0.629763 0.64728 0.112232
0.636088 0.649994 0.104978
0.634345 0.648828 0.114756
0.632806 0.649632 0.124604
0.628666 0.648385 0.115587
0.633262 0.640407 0.111683
0.626977 0.636631 0.118483
0.621231 0.644612 0.116674
0.618025 0.653211 0.112701
0.609894 0.65778 0.116308
0.605032 0.657761 0.125046
0.599089 0.660174 0.132718
0.600507 0.663402 0.12336
0.594263 0.666173 0.116057
0.589691 0.671241 0.123366
0.585809 0.664412 0.129554
0.582798 0.654959 0.128292
0.592088 0.653028 0.131449
0.585566 0.645494 0.132291
0.579479 0.639703 0.137714
0.584477 0.646654 0.132548
0.585273 0.636711 0.131851
0.586454 0.636461 0.141778
0.590407 0.637755 0.132684
0.593991 0.635688 0.12358
0.597001 0.626841 0.120019
0.599992 0.636301 0.121266
0.596585 0.642441 0.128386
0.588315 0.647664 0.130467
0.578789 0.649229 0.133075
0.584504 0.654435 0.139418
0.577663 0.650696 0.145681
0.574311 0.64795 0.154693
0.578978 0.63931 0.152802
0.580192 0.629908 0.155986
0.585454 0.638154 0.158066
0.582472 0.628621 0.157585
0.590526 0.623738 0.154225
0.59892 0.623477 0.148796
0.6069 0.621398 0.143139
0.609736 0.629054 0.137365
0.611213 0.61926 0.135981
0.610219 0.629158 0.134954
0.601937 0.627963 0.129479
0.596331 0.619811 0.130933
0.603534 0.621912 0.137544
0.600775 0.618036 0.128748
0.591636 0.614396 0.126949
0.582404 0.612844 0.130463
0.583256 0.622349 0.133451
0.580853 0.630426 0.138834
0.582299 0.631178 0.148701
0.577039 0.631877 0.140224
0.573672 0.636989 0.148132
0.578035 0.635625 0.157026
0.573564 0.635408 0.148084
0.572449 0.626474 0.143733
0.580237 0.630975 0.139364
0.581745 0.632423 0.129585
0.58809 0.637204 0.135659
0.586742 0.627589 0.133263
0.580482 0.634959 0.130713
0.573273 0.62861 0.133493
0.565826 0.623649 0.129029
0.56724 0.630816 0.135858
0.564793 0.627168 0.126875
0.573145 0.632448 0.12534
0.565889 0.63917 0.126808
0.558555 0.643175 0.132302
0.566337 0.647517 0.13684
0.564678 0.644779 0.127366
0.555553 0.642129 0.12425
0.556724 0.648573 0.116693
0.551357 0.656929 0.115526
0.557948 0.656464 0.123033
0.566729 0.654573 0.127427
0.557457 0.653331 0.123895
0.565427 0.65668 0.128921
0.570705 0.664462 0.132323
0.573816 0.656709 0.13782
0.565393 0.660973 0.134524
0.564248 0.669978 0.13033
0.555245 0.671661 0.134342
0.55167 0.662326 0.134633
0.551825 0.65784 0.143569
0.558409 0.657268 0.151074
0.5566 0.667 0.149657
0.547401 0.664111 0.152308
0.556986 0.666148 0.154303
0.551251 0.661019 0.147915
0.550141 0.669065 0.142082
0.557658 0.675621 0.141363
0.56689 0.671872 0.14051
0.575874 0.676222 0.139909
0.576411 0.668755 0.133278
0.579945 0.660019 0.136622
0.579944 0.668548 0.131402
0.586992 0.672505 0.125513
0.585217 0.682194 0.123791
0.58018 0.674422 0.12002
0.583975 0.683208 0.122919
0.575216 0.686976 0.125931
0.572194 0.677513 0.124784
0.571218 0.676411 0.134675
0.572037 0.678685 0.124971
0.565381 0.678952 0.117513
0.572503 0.684311 0.122046
0.5695 0.693849 0.121926
0.565832 0.693686 0.112625
0.57298 0.697508 0.106768
0.574684 0.698372 0.0969518
0.572609 0.692251 0.0893206
0.573013 0.687189 0.0979349
0.58089 0.682476 0.101903
0.583317 0.680801 0.0923478
0.576405 0.679631 0.0852164
0.576266 0.677901 0.0753682
0.579507 0.673931 0.0839549
0.582485 0.682464 0.0796752
0.579453 0.67295 0.0791488
0.575126 0.678887 0.072365
0.575007 0.685068 0.0645047
0.568604 0.692538 0.0662909
0.574171 0.695642 0.0585852
0.574191 0.701426 0.0504279
0.569017 0.699825 0.0588346
0.571358 0.69654 0.0496845
0.56424 0.689938 0.0472863
0.556617 0.683563 0.0461718
0.556559 0.682339 0.0560965
0.556362 0.683205 0.046136
0.559553 0.68826 0.0381195
0.552853 0.688153 0.0455418
0.550767 0.69177 0.0364551
0.553954 0.682456 0.038214
0.551805 0.674609 0.0323988
0.546642 0.666203 0.0340326
0.547262 0.665004 0.0241242
0.538692 0.659856 0.023887
0.531574 0.660634 0.0308677
0.540653 0.658379 0.0273322
0.53426 0.651715 0.0311695
0.534016 0.642451 0.0274109
0.53934 0.635862 0.0220964
0.531935 0.639641 0.0276536
0.539058 0.635927 0.021698
0.544495 0.633155 0.0137768
0.547209 0.638123 0.0220201
0.541267 0.637856 0.0139808
0.55047 0.634338 0.015692
0.544928 0.639566 0.0221695
0.553662 0.634728 0.0227385
0.554471 0.641282 0.0152291
0.551653 0.643805 0.00597178
0.552156 0.653625 0.00415305
0.54478 0.659415 0.00762809
0.55298 0.657195 0.0129044
0.548206 0.658854 0.00427586
0.554515 0.661203 0.00855173
0.560087 0.658052 0.0162345
0.566812 0.664409 0.0124457
0.557366 0.663889 0.015688
0.553422 0.667502 0.0241371
0.555056 0.677151 0.0261941
0.552774 0.671763 0.0180847
0.554704 0.662607 0.0216131
0.553561 0.658739 0.0307634
0.559318 0.664436 0.0248987
0.568333 0.667813 0.0221922
0.56191 0.668693 0.0145781
0.565388 0.660473 0.0100688
0.556196 0.660505 0.00613027
0.562461 0.668169 0.00470689
0.565163 0.669429 -1.87356e-10
0.551935 0.664428 0.01
0.556569 0.665757 0.0187612
0.56178 0.666235 0.0272827
0.570858 0.665023 0.0312971
0.570092 0.655401 0.0286858
0.573802 0.646842 0.0322884
0.583453 0.646628 0.0348975
0.588687 0.651996 0.0415145
0.585458 0.647471 0.0498268
0.577736 0.648225 0.0561356
0.577269 0.65024 0.0463519
0.576585 0.660095 0.0447965
0.575016 0.655941 0.0537565
0.579118 0.664332 0.0501847
0.57913 0.654919 0.046809
0.584699 0.658244 0.0544199
0.586463 0.656617 0.0641277
0.59616 0.654236 0.064675
0.588724 0.648046 0.0621469
0.589065 0.6577 0.0595613
0.584877 0.655324 0.0683253
0.5927 0.654755 0.0621228
0.591529 0.662567 0.0682546
0.599246 0.668796 0.0695344
0.604712 0.660426 0.0697935
0.604529 0.664817 0.0608112
0.612136 0.670855 0.0631949
0.605928 0.664613 0.0679369
0.604017 0.665118 0.0777397
0.594474 0.662365 0.0765844
0.592539 0.660937 0.0668778
0.586166 0.66848 0.0653012
0.579365 0.661158 0.0649354
0.571153 0.66677 0.0639017
0.579447 0.672357 0.0638105
0.576105 0.675543 0.0549401
0.570902 0.684082 0.0550373
0.562227 0.680661 0.058649
0.569916 0.685952 0.0550608
0.56276 0.689817 0.0492423
0.558987 0.686123 0.0407504
0.559354 0.679991 0.0328598
0.554796 0.680425 0.0417502
0.558142 0.671059 0.0427919
0.553254 0.679772 0.0423644
0.561384 0.674362 0.0445193
0.562898 0.665846 0.0395013
0.568183 0.657358 0.0396471
0.563242 0.650957 0.04553
0.560043 0.66013 0.0431596
0.566937 0.665265 0.0380507
0.573672 0.670008 0.0323807
0.581043 0.670287 0.0391327
0.575632 0.67523 0.0459363
0.567721 0.680993 0.0479843
0.570689 0.676996 0.0566568
0.576598 0.684272 0.0601432
0.569654 0.684145 0.0673381
0.579097 0.683233 0.0641759
0.578573 0.678078 0.0727283
0.583624 0.686695 0.0722491
0.57589 0.692986 0.0714731
0.576222 0.70249 0.0683802
0.576583 0.692795 0.0659572
0.566627 0.692311 0.0667547
0.56772 0.682868 0.0636487
0.570073 0.680923 0.0541261
0.568824 0.672588 0.0487441
0.567805 0.66293 0.0511269
0.562164 0.654987 0.0533856
0.554554 0.653115 0.059597
0.559278 0.649666 0.0514862
0.554923 0.653552 0.059606
0.562882 0.657996 0.0554951
0.571806 0.653553 0.0562827
0.573244 0.659713 0.048537
0.568195 0.661617 0.0569562
0.574865 0.666376 0.062689
0.58203 0.661491 0.0577092
0.588455 0.655585 0.0528258
0.585655 0.657556 0.0622214
0.578451 0.660937 0.0561656
0.57936 0.65138 0.0589623
0.570581 0.655884 0.060588
0.562232 0.65819 0.0655851
0.561388 0.661227 0.0750752
0.560607 0.667422 0.0672641
0.556756 0.66233 0.0749616
0.553999 0.664155 0.0843993
0.562997 0.668516 0.0845994
0.567069 0.672984 0.0925645
0.568718 0.678958 0.0847161
0.577718 0.67838 0.0803947
0.578769 0.671861 0.0728852
0.573074 0.66445 0.0764421
0.582485 0.667457 0.077993
0.581772 0.661047 0.0856351
0.585416 0.658959 0.0947103
0.581429 0.665606 0.101028
0.587691 0.670722 0.0951456
0.596981 0.672721 0.0982596
0.598748 0.666928 0.0903022
0.603608 0.663234 0.0982228
0.600905 0.653636 0.0974671
0.60585 0.661247 0.101664
0.613269 0.664397 0.0957442
0.606989 0.670801 0.0913217
0.602287 0.664991 0.0979645
0.600544 0.655148 0.0976793
0.600642 0.645677 0.100888
0.594694 0.649949 0.0940784
0.600328 0.646062 0.101369
0.594307 0.645701 0.093393
0.589848 0.647358 0.102189
0.582121 0.643275 0.0973294
0.576574 0.639136 0.104548
0.582281 0.64456 0.110714
0.587009 0.644495 0.101903
0.595869 0.643902 0.1065
0.59065 0.637367 0.101019
0.596923 0.64093 0.0940946
0.599406 0.647557 0.0870287
0.608941 0.65034 0.0858779
0.616532 0.64578 0.0812307
0.612656 0.64402 0.0902796
0.613505 0.634057 0.0901621
0.603875 0.633558 0.0875119
0.600637 0.632711 0.0969349
0.604215 0.625998 0.103426
0.596405 0.62047 0.106332
0.598173 0.616682 0.115416
0.603462 0.617465 0.123867
0.607181 0.60866 0.126807
0.608605 0.615559 0.119709
0.614184 0.608987 0.114641
0.60776 0.615678 0.110905
0.616732 0.619963 0.109839
0.613407 0.626603 0.116536
0.603675 0.624373 0.117108
0.603234 0.633011 0.122126
0.595051 0.635732 0.127189
0.601294 0.642586 0.130935
0.604648 0.648269 0.138449
0.599356 0.65272 0.145673
0.590375 0.656456 0.147992
0.585552 0.658356 0.13944
0.591896 0.660365 0.146904
0.587903 0.653525 0.15301
0.583423 0.662192 0.150816
0.575751 0.658399 0.145645
0.569755 0.656852 0.153497
0.567667 0.660494 0.144421
0.564427 0.652879 0.138806
0.559974 0.648874 0.130798
0.555826 0.640694 0.126813
0.548545 0.640348 0.133659
0.542461 0.635333 0.13981
0.536525 0.630635 0.133277
0.532731 0.638724 0.128786
0.523115 0.637728 0.126226
0.517278 0.645835 0.125778
0.515412 0.640392 0.133957
0.514128 0.631011 0.13074
0.520305 0.63367 0.12334
0.529468 0.630408 0.121015
0.52102 0.627122 0.116792
0.516607 0.622436 0.109139
0.522801 0.61831 0.115818
0.514847 0.624154 0.114213
0.510808 0.632641 0.1108
0.502138 0.635695 0.114736
0.492943 0.632993 0.117592
0.492161 0.623441 0.114737
0.488292 0.615791 0.119886
0.49036 0.623158 0.126324
0.497838 0.629796 0.126293
0.504572 0.636616 0.129147
0.497769 0.632744 0.122924
0.489464 0.629008 0.127056
0.480608 0.632288 0.130343
0.47764 0.637484 0.138356
0.479377 0.632163 0.146643
0.480367 0.640387 0.141041
0.482488 0.641976 0.131399
0.479605 0.651365 0.133275
0.485501 0.650017 0.125312
0.487231 0.658946 0.121155
0.491166 0.652737 0.114374
0.482251 0.649359 0.111356
0.475056 0.651763 0.117872
0.474258 0.643028 0.113069
0.469391 0.636293 0.118632
0.468496 0.636829 0.128578
0.471202 0.635227 0.13807
0.480243 0.638023 0.134837
0.479308 0.628085 0.13545
0.477979 0.637881 0.133937
0.476633 0.629281 0.129015
0.486209 0.631928 0.127881
0.47835 0.626253 0.130336
0.485906 0.61972 0.130815
0.49055 0.614018 0.124038
0.480673 0.612758 0.12311
0.489007 0.613018 0.117589
0.481616 0.61446 0.124169
0.475546 0.60658 0.125198
0.469556 0.612583 0.130499
0.461131 0.609647 0.135015
0.466841 0.603167 0.140055
0.460671 0.605504 0.147569
0.468632 0.599998 0.150081
0.461012 0.597912 0.14395
0.458083 0.607386 0.142666
0.449533 0.610977 0.146408
0.457272 0.617304 0.146113
0.460536 0.623239 0.138756
0.462872 0.618577 0.130223
0.471206 0.621565 0.134871
0.469768 0.623706 0.144533
0.46214 0.617957 0.141573
0.461694 0.614067 0.150775
0.470596 0.609793 0.15235
0.468169 0.607917 0.142832
0.470081 0.617285 0.145762
0.475953 0.609971 0.142295
0.476853 0.609412 0.152238
0.466884 0.610163 0.152454
0.474441 0.604479 0.155706
0.470892 0.60027 0.147358
0.477314 0.59833 0.154773
0.475563 0.59483 0.14557
0.484008 0.595892 0.150819
0.477801 0.603692 0.150022
0.48378 0.604649 0.15798
0.489398 0.602097 0.165849
0.493501 0.596005 0.159062
0.499544 0.603816 0.157492
0.506294 0.604974 0.150205
0.509765 0.606418 0.140938
0.500614 0.606427 0.144971
0.509647 0.605724 0.140739
0.502137 0.608996 0.146474
0.493284 0.604923 0.14423
0.497618 0.596198 0.141975
0.507493 0.595776 0.14046
0.514821 0.595433 0.133663
0.515948 0.605348 0.134309
0.525844 0.606095 0.133073
0.520413 0.61406 0.13573
0.525145 0.608696 0.142718
0.528087 0.599756 0.139338
0.536409 0.601087 0.14472
0.53348 0.591974 0.147613
0.52873 0.583478 0.149907
0.522937 0.586397 0.142297
0.524421 0.593748 0.148912
0.529034 0.598934 0.141714
0.52104 0.598899 0.135705
0.515216 0.595571 0.143121
0.516528 0.59524 0.133213
0.512253 0.591288 0.141344
0.514182 0.599962 0.136758
0.516464 0.601815 0.146316
0.512338 0.595086 0.152456
0.510498 0.585277 0.153091
0.517109 0.586032 0.160556
0.522335 0.592748 0.155304
0.51922 0.593064 0.145807
0.517044 0.60164 0.150467
0.525058 0.60692 0.147657
0.526741 0.612442 0.155822
0.521914 0.603904 0.157771
0.519263 0.601312 0.167058
0.521516 0.598202 0.157825
0.522607 0.605105 0.164977
0.525877 0.595881 0.167032
0.520762 0.604235 0.169042
0.526755 0.603819 0.177036
0.520737 0.607354 0.184199
0.522105 0.600961 0.176631
0.521208 0.610041 0.180724
0.515588 0.615553 0.174557
0.516306 0.618803 0.183987
0.518015 0.620668 0.193661
0.516039 0.611312 0.196585
0.507911 0.617128 0.196904
0.504962 0.610079 0.190454
0.495048 0.611374 0.190624
0.489483 0.603312 0.192632
0.483405 0.605305 0.184945
0.492249 0.606924 0.189323
0.488672 0.598828 0.184668
0.486737 0.597592 0.174935
0.490645 0.603516 0.167891
0.484186 0.601306 0.175199
0.488811 0.610166 0.174866
0.490186 0.618313 0.169232
0.494461 0.625739 0.174387
0.485179 0.627329 0.171025
0.491727 0.621997 0.176381
0.500184 0.627194 0.175168
0.505191 0.619528 0.171149
0.510375 0.627597 0.168318
0.513514 0.637047 0.167401
0.505733 0.642868 0.169762
0.512937 0.640902 0.176412
0.518708 0.64026 0.184554
0.528488 0.638372 0.18367
0.534828 0.640134 0.17614
0.535419 0.630402 0.178361
0.534189 0.638125 0.172128
0.534089 0.644729 0.179636
0.535163 0.642958 0.189419
0.542479 0.649762 0.189862
0.548795 0.642921 0.193511
0.55088 0.633717 0.196819
0.555847 0.62885 0.189633
0.560174 0.622764 0.196284
0.561498 0.627102 0.205197
0.559647 0.636565 0.202544
0.558468 0.629445 0.209466
0.56269 0.634754 0.202118
0.564543 0.625248 0.199628
0.566904 0.625886 0.209324
0.57075 0.634258 0.205435
0.57716 0.632795 0.1979
0.580339 0.633559 0.20735
0.583415 0.642671 0.21009
0.586674 0.635375 0.204077
0.591212 0.640228 0.211551
0.582677 0.636173 0.208278
0.589824 0.642896 0.206348
0.586087 0.633638 0.206912
0.588362 0.64322 0.205178
0.593504 0.642679 0.196618
0.588181 0.650394 0.193132
0.578441 0.650042 0.19537
0.570084 0.644583 0.194777
0.573802 0.640026 0.202865
0.564317 0.638946 0.205841
0.569882 0.638724 0.214146
0.567795 0.644475 0.222057
0.569193 0.638524 0.229972
0.578335 0.641586 0.227315
0.581055 0.6321 0.228937
0.57167 0.628733 0.228169
0.574832 0.620627 0.223241
0.578407 0.628329 0.228522
0.572726 0.634363 0.234117
0.582365 0.635716 0.236409
0.583835 0.642025 0.244027
0.578786 0.638925 0.252083
0.575634 0.646374 0.246203
0.585552 0.646959 0.247337
0.579956 0.648727 0.23924
0.585546 0.65656 0.241957
0.58381 0.664786 0.236542
0.586411 0.674244 0.234596
0.591432 0.678911 0.227316
0.588491 0.676505 0.236566
0.583901 0.681464 0.229194
0.582648 0.686864 0.220871
0.584659 0.695803 0.224878
0.585627 0.705615 0.223208
0.592031 0.698032 0.22443
0.58552 0.698781 0.216877
0.588304 0.696259 0.20761
0.588986 0.698692 0.217285
0.585915 0.689322 0.215621
0.579822 0.682036 0.218748
0.580871 0.681342 0.208827
0.589972 0.683572 0.205334
0.598403 0.687554 0.201721
0.598524 0.695985 0.196345
0.589783 0.70084 0.196482
0.593827 0.697345 0.18803
0.603766 0.696529 0.187296
0.608929 0.704604 0.184444
0.611298 0.714317 0.184214
0.609442 0.714298 0.174388
0.604182 0.722689 0.175775
0.60141 0.721884 0.166201
0.592148 0.722036 0.169969
0.597951 0.714969 0.165921
0.593605 0.723963 0.166394
0.583648 0.72414 0.167306
0.588098 0.723516 0.17624
0.581488 0.730479 0.179034
0.581337 0.73038 0.169036
0.586417 0.738262 0.165562
0.591416 0.729706 0.164217
0.581847 0.731571 0.166445
0.5743 0.73625 0.161846
0.573 0.741586 0.15349
0.575605 0.744028 0.144149
0.566691 0.741771 0.140217
0.559024 0.743963 0.134183
0.551625 0.737526 0.13223
0.552119 0.728116 0.128881
0.560501 0.731536 0.133128
0.559597 0.727755 0.142342
0.560554 0.725515 0.132643
0.560372 0.72464 0.122683
0.564343 0.733717 0.124037
0.559857 0.738668 0.131478
0.561653 0.73833 0.141309
0.561126 0.735372 0.150848
0.56201 0.727066 0.156345
0.564165 0.718563 0.151544
0.557088 0.723537 0.146527
0.553256 0.71712 0.153171
0.544513 0.714904 0.157488
0.546805 0.707196 0.163432
0.555339 0.702374 0.165411
0.558423 0.705807 0.15654
0.564726 0.70045 0.162159
0.564031 0.692481 0.16816
0.563762 0.690703 0.177997
0.561075 0.681646 0.181275
0.566449 0.687195 0.187625
0.573524 0.681537 0.19186
0.572745 0.682913 0.181986
0.563941 0.678186 0.181597
0.566458 0.683187 0.173311
0.562795 0.674202 0.175728
0.559926 0.683016 0.171975
0.564019 0.68068 0.163156
0.559434 0.684887 0.155328
0.553556 0.678096 0.159725
0.554321 0.683537 0.151369
0.550247 0.676166 0.15676
0.542918 0.669363 0.156848
0.54512 0.673946 0.165459
0.553083 0.67107 0.17078
0.544013 0.668998 0.167113
0.540654 0.676542 0.161475
0.531538 0.678599 0.157915
0.539461 0.676696 0.152118
0.530581 0.67498 0.156385
0.52792 0.68158 0.163411
0.533647 0.67784 0.156116
0.539941 0.67349 0.162555
0.540797 0.673651 0.152593
0.53538 0.669906 0.160118
0.530316 0.677473 0.155983
0.533498 0.675358 0.146742
0.539651 0.671813 0.153783
0.541395 0.675808 0.162783
0.537541 0.677208 0.171904
0.533604 0.670542 0.178234
0.538589 0.673193 0.16998
0.538296 0.683159 0.170745
0.544154 0.675608 0.167802
0.548314 0.669252 0.174306
0.543278 0.667763 0.165796
0.546211 0.658793 0.162489
0.549732 0.663912 0.170324
0.559182 0.665996 0.167804
0.554622 0.660211 0.16104
0.563015 0.66515 0.163311
0.570704 0.671502 0.162578
0.569889 0.662322 0.166459
0.563494 0.654692 0.165525
0.564403 0.663188 0.170719
0.555134 0.659439 0.170562
0.557806 0.668348 0.174234
0.552237 0.674294 0.180033
0.549783 0.674214 0.170339
0.539952 0.672509 0.170996
0.530947 0.668317 0.169835
0.530449 0.66524 0.179337
0.536073 0.673507 0.179203
0.545673 0.67185 0.181463
0.543469 0.664201 0.187515
0.536519 0.665403 0.180426
0.541453 0.659213 0.174316
0.531566 0.657826 0.174882
0.535438 0.666074 0.170761
0.53461 0.659455 0.163311
0.544463 0.658595 0.161839
0.554105 0.660783 0.160336
0.55331 0.668262 0.153745
0.548901 0.675972 0.158342
0.557575 0.678445 0.16266
0.55943 0.672295 0.154995
0.550869 0.667315 0.156376
0.55809 0.6651 0.149823
0.552649 0.658606 0.155135
0.554966 0.653356 0.163324
0.546166 0.64861 0.163129
0.552853 0.645654 0.156306
0.557061 0.641532 0.164387
0.560851 0.650083 0.167925
0.570163 0.649879 0.164283
0.569467 0.65172 0.154479
0.567319 0.65991 0.149159
0.577214 0.658737 0.148321
0.574622 0.650941 0.14262
0.568052 0.644414 0.138845
0.573209 0.648374 0.131247
0.58303 0.648068 0.129388
0.58952 0.652147 0.13581
0.587284 0.644211 0.130152
0.596767 0.645633 0.127316
0.599319 0.63786 0.133066
0.594451 0.646006 0.13622
0.595193 0.653054 0.129164
0.594753 0.655581 0.13883
0.602927 0.654024 0.144376
0.605829 0.661999 0.149667
0.603841 0.671335 0.152648
0.597428 0.664788 0.148647
0.590387 0.666698 0.155486
0.592594 0.661232 0.163565
0.592327 0.653344 0.169705
0.583553 0.657474 0.172145
0.592174 0.656089 0.177018
0.598226 0.657025 0.169112
0.601204 0.665582 0.173344
0.596634 0.662106 0.181531
0.601386 0.670904 0.181597
0.607664 0.676534 0.176223
0.599794 0.675167 0.170208
0.594351 0.678931 0.177705
0.601321 0.685775 0.179849
0.609278 0.690741 0.176381
0.610771 0.696937 0.168676
0.618502 0.702741 0.166114
0.625346 0.697598 0.171283
0.617718 0.697975 0.177738
0.613927 0.688828 0.176334
0.623104 0.6893 0.180278
0.623481 0.691459 0.170521
0.624369 0.700451 0.174805
0.617395 0.696084 0.180488
0.608761 0.701118 0.180147
0.602842 0.693147 0.181344
0.61102 0.695303 0.18668
0.60623 0.689643 0.17997
0.611474 0.694168 0.187183
0.6191 0.700453 0.185655
0.61142 0.695671 0.181396
0.60198 0.69237 0.181358
0.592964 0.689729 0.184783
0.5901 0.697883 0.189813
0.584841 0.706389 0.189861
0.574907 0.707083 0.188954
0.566719 0.703068 0.184851
0.575845 0.699217 0.183482
0.581799 0.702837 0.176309
0.590169 0.708275 0.176931
0.584838 0.699941 0.175472
0.575184 0.699515 0.178044
0.573072 0.6899 0.176283
0.579451 0.68518 0.182368
0.571644 0.680427 0.17831
0.57005 0.688228 0.172259
0.579461 0.688593 0.168899
0.57437 0.693755 0.162012
0.579672 0.685286 0.161615
0.586944 0.691251 0.16501
0.584808 0.697726 0.157695
0.587532 0.690654 0.15117
0.58626 0.680839 0.152595
0.585457 0.670876 0.152286
0.587302 0.661721 0.155863
0.59334 0.658895 0.163316
0.600982 0.663985 0.167278
0.601525 0.671238 0.17414
0.607718 0.663874 0.17142
0.600775 0.671024 0.170606
0.598744 0.661282 0.169627
0.591742 0.658787 0.176316
0.589471 0.666735 0.181943
0.583114 0.660425 0.177497
0.590419 0.665343 0.172757
0.582264 0.659841 0.174557
0.579867 0.65596 0.183456
0.583533 0.660103 0.175125
0.593292 0.658633 0.176743
0.595506 0.65502 0.1858
0.59455 0.652069 0.176294
0.587983 0.64856 0.18297
0.59433 0.652654 0.176415
0.59021 0.659443 0.182492
0.59161 0.668097 0.187304
0.582113 0.665374 0.188846
0.577397 0.672975 0.184375
0.587092 0.675393 0.183966
0.592295 0.668733 0.189312
0.590168 0.678093 0.192116
0.580276 0.676638 0.192278
0.589665 0.678262 0.189243
0.582028 0.67694 0.182923
0.582348 0.677874 0.172972
0.590584 0.683359 0.174417
0.585102 0.690298 0.179085
0.590914 0.692317 0.171201
0.599786 0.687781 0.172043
0.592316 0.688366 0.165421
0.588396 0.689825 0.156337
0.582395 0.697797 0.157002
0.588335 0.690368 0.16009
0.591319 0.699693 0.162121
0.592521 0.705089 0.170454
0.602317 0.703079 0.170407
0.604632 0.711713 0.17489
0.608341 0.715309 0.183452
0.608148 0.719329 0.192606
0.616358 0.724641 0.190513
0.609265 0.731354 0.188365
0.601017 0.735328 0.184342
0.597231 0.729644 0.177037
0.605621 0.72724 0.172155
0.60916 0.720338 0.165844
0.617122 0.716195 0.161433
0.614367 0.707134 0.158221
0.605999 0.711947 0.155611
0.596566 0.712351 0.158905
0.596922 0.703398 0.163347
0.598064 0.701233 0.173043
0.605583 0.7073 0.175624
0.609136 0.715932 0.179212
0.604791 0.70843 0.174228
0.604681 0.718402 0.174962
0.597378 0.724465 0.17811
0.600364 0.733596 0.175333
0.600255 0.724772 0.180036
0.597035 0.727668 0.171023
0.588881 0.731707 0.166875
0.596441 0.72526 0.165744
0.591163 0.733495 0.167822
0.588553 0.743129 0.167213
0.580481 0.747816 0.170802
0.575832 0.752814 0.163494
0.578843 0.752099 0.153985
0.58562 0.751566 0.161319
0.577022 0.756662 0.160994
0.571594 0.764901 0.162622
0.58073 0.768703 0.161181
0.57191 0.766328 0.16525
0.565964 0.760218 0.160025
0.568726 0.766035 0.167676
0.567234 0.760051 0.159804
0.569168 0.766668 0.167048
0.57834 0.764143 0.170128
0.585526 0.758938 0.17474
0.594509 0.762783 0.176865
0.586693 0.75908 0.181885
0.580595 0.75277 0.18668
0.57389 0.754931 0.179583
0.569157 0.76365 0.180842
0.575459 0.769835 0.185534
0.567813 0.768609 0.179208
0.566367 0.759581 0.175158
0.570523 0.76823 0.172344
0.56125 0.767808 0.168625
0.552922 0.771321 0.164347
0.55786 0.776696 0.171183
0.561574 0.772036 0.163153
0.558608 0.781548 0.164001
0.554561 0.785714 0.172142
0.560553 0.789966 0.165358
0.554221 0.790573 0.157643
0.547353 0.795398 0.152207
0.55731 0.794638 0.152738
0.547401 0.794059 0.153956
0.537945 0.791392 0.155821
0.546073 0.788678 0.150665
0.547093 0.781642 0.143633
0.549343 0.785815 0.152438
0.541908 0.780902 0.156975
0.543271 0.774243 0.16431
0.546326 0.771935 0.155072
0.542486 0.762721 0.154471
0.538994 0.754746 0.15939
0.544474 0.750197 0.152371
0.549823 0.744308 0.146312
0.556213 0.736635 0.146867
0.553888 0.743993 0.140506
0.560384 0.750577 0.144309
0.567601 0.743679 0.144874
0.559035 0.747987 0.147712
0.551884 0.753816 0.143854
0.553101 0.762236 0.149108
0.549111 0.756076 0.155901
0.541626 0.753578 0.162044
0.546109 0.756484 0.153591
0.541682 0.761043 0.161312
0.536026 0.761773 0.169526
0.530929 0.753293 0.170976
0.5272 0.758852 0.163546
0.534752 0.753814 0.167742
0.544662 0.752696 0.167009
0.536103 0.752965 0.161845
0.542445 0.755499 0.16915
0.544008 0.751097 0.177992
0.549767 0.743595 0.174743
0.546721 0.741908 0.184118
0.537197 0.741616 0.181085
0.542279 0.748153 0.175477
0.551119 0.748408 0.180143
0.551944 0.738544 0.181564
0.551868 0.741955 0.190964
0.543426 0.742476 0.185629
0.543645 0.752179 0.183219
0.544704 0.754414 0.17353
0.535339 0.753783 0.176979
0.53746 0.744062 0.177978
0.537008 0.746061 0.187766
0.533134 0.750451 0.179659
0.528469 0.743214 0.184745
0.526875 0.734393 0.189177
0.534488 0.739757 0.192819
0.532133 0.730101 0.193918
0.536554 0.738956 0.19535
0.540619 0.732238 0.189157
0.547569 0.725299 0.19104
0.538824 0.729786 0.19288
0.539578 0.726909 0.202428
0.546592 0.727804 0.195356
0.555532 0.723604 0.193797
0.559894 0.724708 0.184866
0.569357 0.724224 0.188062
0.575192 0.724355 0.196182
0.565428 0.72564 0.197914
0.556505 0.721373 0.199392
0.547335 0.723188 0.202944
0.556069 0.728052 0.202689
0.557575 0.720121 0.208591
0.550364 0.715678 0.213907
0.540935 0.718218 0.21175
0.537821 0.70893 0.209741
0.53767 0.712576 0.219051
0.530596 0.705972 0.221569
0.525008 0.708143 0.213565
0.530925 0.711402 0.220938
0.526404 0.712121 0.212048
0.526935 0.708098 0.202908
0.525552 0.717402 0.2063
0.523272 0.715677 0.196718
0.528417 0.719726 0.204276
0.524888 0.724797 0.212139
0.534395 0.727806 0.211387
0.542436 0.733189 0.208865
0.548915 0.727489 0.203811
0.555807 0.723291 0.209718
0.558642 0.732788 0.208386
0.566977 0.72985 0.203706
0.570013 0.72127 0.20785
0.560148 0.722896 0.207656
0.558652 0.723342 0.217533
0.551405 0.729943 0.219506
0.552722 0.739847 0.219938
0.552315 0.736098 0.210676
0.546908 0.733827 0.202577
0.541135 0.729496 0.209499
0.547842 0.736683 0.207666
0.542527 0.735562 0.19927
0.539732 0.73843 0.190107
0.545544 0.739737 0.198139
0.540553 0.734966 0.190906
0.545716 0.741125 0.196857
0.536909 0.744711 0.193762
0.540649 0.739593 0.201496
0.540997 0.735807 0.210745
0.540308 0.731596 0.201701
0.534392 0.725176 0.196824
0.543971 0.722418 0.19602
0.537972 0.728056 0.201698
0.546786 0.724283 0.198855
0.555068 0.718962 0.200613
0.551317 0.727682 0.203757
0.544654 0.722818 0.209409
0.546234 0.713355 0.21223
0.552367 0.706597 0.216318
0.551647 0.712256 0.224531
0.55886 0.719117 0.225479
0.564232 0.713067 0.219601
0.569962 0.712133 0.227743
0.566997 0.714793 0.218571
0.562312 0.714858 0.209736
0.559622 0.719077 0.218395
0.562362 0.710031 0.215129
0.567028 0.712002 0.206506
0.5705 0.704676 0.200652
0.562282 0.699168 0.202107
0.570638 0.694321 0.199523
0.574107 0.684991 0.200478
0.574974 0.693499 0.195296
0.567247 0.687487 0.19326
0.561706 0.683009 0.186243
0.555253 0.675972 0.189215
0.547852 0.679024 0.195207
0.542468 0.670968 0.197681
0.533295 0.669786 0.193878
0.524833 0.670634 0.199138
0.534308 0.667618 0.200201
0.529361 0.668784 0.208813
0.533422 0.67269 0.217075
0.524182 0.676077 0.215298
0.520063 0.66855 0.210162
0.526578 0.670401 0.202805
0.520862 0.673793 0.195334
0.522842 0.669573 0.186487
0.531186 0.665357 0.190038
0.53365 0.674724 0.187551
0.540584 0.678021 0.181144
0.542483 0.679493 0.171437
0.546681 0.671998 0.176555
0.551485 0.669797 0.185045
0.556991 0.676403 0.179943
0.550753 0.670738 0.174559
0.546514 0.667147 0.182873
0.542687 0.676358 0.18358
0.541507 0.68553 0.187386
0.542351 0.69548 0.186854
0.539522 0.697854 0.196148
0.538861 0.689752 0.190323
0.548718 0.690713 0.191704
0.542655 0.686303 0.198321
0.534601 0.690649 0.19429
0.540746 0.697261 0.198593
0.541045 0.698109 0.188634
0.534686 0.692082 0.183813
0.527655 0.685035 0.182861
0.537627 0.684766 0.183565
0.544041 0.690124 0.178074
0.55289 0.689136 0.173521
0.553927 0.698214 0.169458
0.556962 0.696402 0.178812
0.551901 0.689753 0.173319
0.546311 0.685193 0.166394
0.545551 0.686447 0.176286
0.551505 0.687348 0.168302
0.553065 0.678136 0.164738
0.561405 0.676473 0.169998
0.559274 0.667932 0.165254
0.568477 0.665812 0.168543
0.565683 0.675077 0.166023
0.56134 0.679366 0.173944
0.565792 0.686526 0.168567
0.564282 0.690079 0.177791
0.571613 0.683422 0.176399
0.575791 0.684582 0.167388
0.577769 0.675198 0.17022
0.581124 0.667941 0.164214
0.589134 0.663929 0.168658
0.597357 0.669365 0.170337
0.60713 0.670849 0.168824
0.614197 0.676608 0.172932
0.623402 0.679959 0.170922
0.625335 0.680574 0.180714
0.616239 0.679193 0.184634
0.607946 0.677154 0.189835
0.614454 0.683893 0.186339
0.623562 0.68433 0.190445
0.629329 0.689542 0.196736
0.627522 0.699354 0.197411
0.63747 0.700126 0.198082
0.643895 0.705903 0.203116
0.641622 0.712669 0.196112
0.64141 0.70286 0.194178
0.647704 0.70751 0.200404
0.65129 0.703285 0.19208
0.657976 0.710189 0.189316
0.65772 0.710313 0.17932
0.660835 0.703818 0.186256
0.65335 0.698017 0.189469
0.645132 0.696892 0.195055
0.652301 0.700701 0.200895
0.651152 0.690811 0.199957
0.656889 0.692911 0.207873
0.665988 0.69704 0.208283
0.661075 0.69747 0.199583
0.656408 0.702281 0.192163
0.657612 0.697308 0.200755
0.665517 0.691628 0.203046
0.664069 0.688098 0.212289
0.65768 0.695331 0.209673
0.656048 0.705187 0.209225
0.657087 0.700022 0.200726
0.657353 0.708465 0.206078
0.651319 0.700503 0.206515
0.6428 0.704375 0.210042
0.639634 0.713254 0.213378
0.63243 0.707278 0.216898
0.641225 0.708543 0.212311
0.644822 0.708217 0.221636
0.650418 0.70671 0.229786
0.647948 0.697444 0.226951
0.650083 0.705315 0.232738
0.657292 0.700784 0.237982
0.658975 0.701245 0.228135
0.661087 0.705289 0.219236
0.652815 0.699671 0.219354
0.648909 0.700079 0.22855
0.650515 0.691019 0.224634
0.6518 0.696117 0.216127
0.642381 0.698844 0.218085
0.644101 0.708244 0.221032
0.65154 0.713979 0.224464
0.646978 0.712206 0.215744
0.641063 0.718833 0.211151
0.635241 0.711891 0.206919
0.644502 0.714681 0.209462
0.643181 0.719643 0.218043
0.648188 0.719573 0.209387
0.65326 0.712666 0.21454
0.655484 0.718671 0.20686
0.65838 0.716037 0.197658
0.657385 0.711316 0.206417
0.656207 0.701532 0.204722
0.658874 0.694715 0.197909
0.663765 0.701044 0.20391
0.670363 0.694438 0.207492
0.67654 0.692431 0.199888
0.683804 0.699194 0.20111
0.685187 0.689796 0.197986
0.690983 0.696618 0.202442
0.685684 0.68868 0.199459
0.684637 0.681408 0.206243
0.681881 0.690783 0.204119
0.682824 0.700258 0.201065
0.683671 0.702554 0.210761
0.688551 0.709217 0.216399
0.695357 0.716542 0.216217
0.689307 0.723503 0.21235
0.68483 0.724807 0.203504
0.68335 0.716134 0.208256
0.682122 0.708754 0.214891
0.680105 0.698969 0.214477
0.674816 0.703257 0.207153
0.670357 0.696206 0.212666
0.671075 0.704375 0.206943
0.664568 0.696966 0.208601
0.660177 0.699339 0.199935
0.665946 0.69635 0.207538
0.664582 0.688052 0.212948
0.667667 0.680906 0.20667
0.672815 0.681988 0.215175
0.667505 0.684931 0.223121
0.672585 0.684442 0.214521
0.672457 0.675468 0.218932
0.666442 0.668071 0.221949
0.672765 0.665452 0.214658
0.663106 0.662983 0.215445
0.655426 0.657443 0.218657
0.657279 0.655787 0.20897
0.651676 0.657048 0.217157
0.65686 0.665566 0.216397
0.647361 0.663768 0.213841
0.646908 0.654183 0.216657
0.649646 0.649058 0.208519
0.645657 0.645688 0.19999
0.642516 0.636727 0.203126
0.636988 0.629124 0.199715
0.634762 0.620067 0.196106
0.626778 0.618512 0.201923
0.631982 0.613911 0.19473
0.639811 0.607727 0.195418
0.631286 0.612763 0.194014
0.636462 0.606565 0.188115
0.629425 0.609288 0.181552
0.638736 0.612636 0.180099
0.632652 0.61898 0.18487
0.63461 0.628575 0.182845
0.630415 0.637368 0.185099
0.630246 0.645483 0.19094
0.632368 0.653587 0.185479
0.622419 0.652657 0.185867
0.624316 0.647942 0.19448
0.623598 0.655233 0.187673
0.628286 0.65895 0.195685
0.636178 0.652874 0.194791
0.629454 0.646002 0.197544
0.623348 0.648221 0.189941
0.620307 0.64067 0.184133
0.617532 0.640677 0.19374
0.62657 0.643022 0.190161
0.634953 0.638932 0.193768
0.625146 0.637948 0.19546
0.628677 0.647224 0.194243
0.636829 0.650519 0.199007
0.627739 0.653917 0.20142
0.634859 0.648612 0.196819
0.632453 0.648928 0.187118
0.626441 0.649195 0.195104
0.634925 0.649977 0.189869
0.642407 0.644984 0.194237
0.638873 0.642763 0.203325
0.646474 0.636304 0.202606
0.643144 0.62805 0.198047
0.650376 0.624042 0.192422
0.643117 0.62839 0.187092
0.639628 0.635095 0.180545
0.630618 0.630785 0.181041
0.632559 0.636024 0.189335
0.623753 0.633723 0.185193
0.615165 0.631147 0.189624
0.621405 0.623996 0.186473
0.631063 0.626457 0.187293
0.629169 0.635921 0.184679
0.624989 0.643314 0.179399
0.630206 0.650475 0.184036
0.623514 0.65688 0.18027
0.62236 0.659539 0.170699
0.618656 0.650381 0.169146
0.623243 0.656209 0.175853
0.619816 0.654109 0.166696
0.626492 0.646806 0.165248
0.624733 0.637429 0.162251
0.628821 0.63228 0.169786
0.628118 0.628629 0.179069
0.620314 0.625974 0.173407
0.612629 0.627951 0.167322
0.613928 0.637498 0.169999
0.621241 0.641592 0.175453
0.630533 0.644783 0.173584
0.621407 0.646451 0.169851
0.615268 0.638794 0.171768
0.621438 0.636447 0.164258
0.611842 0.633636 0.164129
0.603723 0.634641 0.158378
0.598101 0.63014 0.15144
0.59713 0.638912 0.156143
0.591467 0.647137 0.156674
0.600227 0.650894 0.159697
0.603644 0.659158 0.164173
0.599376 0.663926 0.156489
0.604479 0.663868 0.147889
0.605306 0.658147 0.156049
0.607577 0.649381 0.151806
0.604935 0.64682 0.161105
0.604656 0.639306 0.167697
0.595198 0.642388 0.166675
0.58789 0.648178 0.170291
0.588609 0.646396 0.160477
0.57905 0.648025 0.158032
0.588182 0.644155 0.156755
0.585765 0.635845 0.161765
0.577365 0.638053 0.16672
0.568294 0.635614 0.170152
0.564649 0.642984 0.175843
0.571353 0.650287 0.174528
0.580248 0.64588 0.175732
0.573447 0.638584 0.175022
0.583416 0.63904 0.175656
0.575082 0.644332 0.174065
0.572549 0.638505 0.166343
0.565032 0.640214 0.172713
0.573384 0.64551 0.174191
0.573168 0.645045 0.164204
0.580979 0.644802 0.170443
0.572497 0.639505 0.170482
0.56555 0.646234 0.167941
0.565734 0.640727 0.176286
0.572321 0.635856 0.182021
0.57837 0.638759 0.174605
0.572519 0.646045 0.171045
0.574329 0.641787 0.17991
0.566941 0.638052 0.18552
0.563185 0.634031 0.19387
0.554978 0.62898 0.191201
0.556086 0.627728 0.181341
0.55187 0.636393 0.184013
0.543847 0.632304 0.179664
0.553591 0.633999 0.181142
0.551749 0.643681 0.179447
0.54204 0.641704 0.178093
0.547557 0.643632 0.186208
0.551903 0.644661 0.177261
0.544007 0.648546 0.172512
0.539473 0.657451 0.172143
0.53796 0.666923 0.169315
0.535202 0.676426 0.170762
0.525859 0.678646 0.173552
0.519804 0.670935 0.175523
0.526378 0.678365 0.174265
0.524339 0.675305 0.164966
0.526453 0.672525 0.174336
0.522006 0.681078 0.171676
0.525652 0.686263 0.179411
0.517679 0.691014 0.175689
0.525104 0.686978 0.170343
0.528754 0.691012 0.161952
0.521802 0.683832 0.161593
0.530735 0.684513 0.166035
0.53791 0.68117 0.159923
0.537936 0.679817 0.150015
0.545568 0.682169 0.156034
0.547311 0.69194 0.154813
0.557309 0.691939 0.154612
0.566665 0.692086 0.158139
0.565251 0.699492 0.151571
0.567724 0.695929 0.160582
0.565299 0.68727 0.164959
0.572422 0.686319 0.158005
0.569314 0.678617 0.163573
0.568985 0.677389 0.153654
0.560809 0.674745 0.15877
0.564884 0.674848 0.167902
0.5696 0.666218 0.166084
0.576956 0.661747 0.160996
0.583175 0.663752 0.153426
0.580589 0.654165 0.152243
0.578633 0.645466 0.156771
0.580544 0.635963 0.154315
0.578095 0.631223 0.162773
0.574632 0.630167 0.153451
0.57271 0.635782 0.1615
0.57128 0.637292 0.171281
0.571465 0.627789 0.174389
0.572507 0.632064 0.18337
0.563357 0.635888 0.184659
0.562315 0.6456 0.182513
0.562802 0.644316 0.192418
0.559765 0.634788 0.192445
0.553077 0.628925 0.197014
0.552498 0.624252 0.188192
0.555291 0.62885 0.179763
0.548411 0.625554 0.186229
0.548491 0.617298 0.180587
0.557008 0.62094 0.184353
0.556249 0.614384 0.191866
0.554056 0.61952 0.183571
0.553368 0.610588 0.179127
0.560526 0.609009 0.172325
0.552583 0.615063 0.17283
0.547814 0.623849 0.173088
0.538331 0.625121 0.175996
0.543893 0.633281 0.174422
0.545601 0.630284 0.183808
0.549526 0.632433 0.174865
0.557213 0.638638 0.173312
0.565676 0.639816 0.168116
0.565096 0.64496 0.176672
0.560373 0.651775 0.182263
0.553901 0.647227 0.176145
0.551393 0.638899 0.18108
0.546087 0.642782 0.173546
0.541586 0.638249 0.165852
0.54437 0.63257 0.158106
0.540954 0.624064 0.162105
0.54614 0.63121 0.157409
0.549605 0.640258 0.159885
0.559085 0.641358 0.156898
0.562294 0.634565 0.163498
0.556307 0.639056 0.156867
0.565948 0.641674 0.157303
0.573335 0.640105 0.163858
0.56774 0.647623 0.167348
0.569072 0.64003 0.173718
0.577708 0.639102 0.168762
0.578819 0.64904 0.168716
0.569571 0.652564 0.170148
0.569467 0.64259 0.169441
0.56356 0.644703 0.177228
0.567902 0.642915 0.186058
0.56906 0.633179 0.184089
0.560523 0.628605 0.1816
0.560398 0.627356 0.171679
0.567636 0.620474 0.171172
0.573684 0.628398 0.171971
0.565209 0.632289 0.16836
0.55937 0.640269 0.16985
0.552651 0.632866 0.169623
0.555829 0.623422 0.170458
0.55345 0.621942 0.180058
0.561397 0.621323 0.174019
0.567284 0.617082 0.180901
0.567201 0.612111 0.189577
0.574768 0.617917 0.192582
0.57433 0.61597 0.182783
0.575048 0.621935 0.174789
0.56989 0.629845 0.171498
0.576643 0.624193 0.166759
0.569139 0.626972 0.172755
0.573457 0.622216 0.165092
0.567876 0.623148 0.156846
0.566063 0.622656 0.147025
0.569468 0.63201 0.146069
0.570359 0.629861 0.155795
0.580051 0.628563 0.157892
0.588947 0.632298 0.155265
0.580436 0.637131 0.153215
0.58094 0.639689 0.16287
0.575508 0.647409 0.16617
0.573113 0.639218 0.160958
0.563129 0.638949 0.160457
0.564154 0.639601 0.150531
0.554961 0.639782 0.154461
0.545794 0.639395 0.158438
0.544392 0.636777 0.167987
0.540164 0.645587 0.170107
0.542677 0.654848 0.172924
0.539433 0.647767 0.166652
0.538236 0.646864 0.176539
0.536882 0.642591 0.1676
0.53485 0.644636 0.177175
0.536159 0.641273 0.167849
0.531326 0.647771 0.173717
0.537711 0.641285 0.169573
0.538774 0.634977 0.161887
0.530936 0.631859 0.156516
0.536062 0.623508 0.158513
0.544448 0.618574 0.156205
0.550747 0.625994 0.158497
0.552289 0.619319 0.165782
0.55181 0.62181 0.156109
0.550863 0.631668 0.154723
0.548046 0.638162 0.161786
0.553431 0.644446 0.1674
0.552194 0.635007 0.164338
0.553282 0.641364 0.156695
0.551909 0.645039 0.165894
0.544925 0.649095 0.171791
0.54907 0.648659 0.162701
0.546565 0.643027 0.170575
0.554089 0.646249 0.176319
0.559546 0.651215 0.183069
0.564428 0.658804 0.187379
0.558003 0.666419 0.186528
0.548703 0.669339 0.184297
0.555061 0.674546 0.189994
0.546626 0.669863 0.192625
0.554234 0.668963 0.199052
0.550052 0.660317 0.201836
0.555232 0.659402 0.210341
0.563862 0.655392 0.207268
0.554591 0.652423 0.20498
0.553655 0.661265 0.209557
0.560362 0.6667 0.214604
0.568709 0.661269 0.215519
0.562129 0.665403 0.221813
0.556632 0.657597 0.224786
0.565364 0.65303 0.226487
0.572009 0.658839 0.231188
0.573033 0.667196 0.236584
0.568978 0.676015 0.234183
0.575029 0.682269 0.229256
0.565508 0.679357 0.228323
0.56296 0.672915 0.235534
0.557932 0.673943 0.226951
0.556342 0.676126 0.236579
0.556031 0.674049 0.226802
0.550903 0.682633 0.226929
0.559988 0.681694 0.222857
0.557248 0.684873 0.231934
0.55473 0.690566 0.23976
0.558328 0.682573 0.234946
0.553552 0.691059 0.232671
0.562205 0.686157 0.233709
0.563195 0.695675 0.236612
0.570531 0.700512 0.231838
0.574884 0.704669 0.239824
0.581553 0.707068 0.232769
0.586132 0.708013 0.22393
0.58442 0.701186 0.231033
0.577105 0.707329 0.228074
0.577875 0.697469 0.226594
0.569316 0.693878 0.222872
0.561986 0.699162 0.227157
0.559078 0.693383 0.234782
0.551512 0.687667 0.237957
0.553102 0.678313 0.241115
0.543199 0.678965 0.239892
0.550497 0.672171 0.23914
0.552631 0.664239 0.233435
0.547962 0.65705 0.228285
0.543529 0.665504 0.231266
0.548047 0.656663 0.232458
0.554344 0.664308 0.231078
0.557798 0.667512 0.239899
0.567055 0.670513 0.237597
0.557267 0.671662 0.235905
0.560023 0.665535 0.228498
0.554274 0.657473 0.229895
0.551223 0.648876 0.233992
0.558814 0.654218 0.237713
0.549297 0.652633 0.240342
0.545114 0.649857 0.231694
0.548295 0.656603 0.225032
0.549638 0.664985 0.219748
0.544199 0.673213 0.218097
0.545493 0.68222 0.222244
0.549106 0.683658 0.231458
0.558911 0.682349 0.232918
0.56287 0.679744 0.241724
0.569592 0.675697 0.247923
0.563565 0.673544 0.255607
0.562515 0.680752 0.262458
0.559917 0.686933 0.269877
0.564849 0.691003 0.262189
0.556444 0.694979 0.258509
0.547972 0.691514 0.254482
0.539236 0.695748 0.25208
0.533559 0.688022 0.249237
0.527319 0.691655 0.242318
0.536341 0.692613 0.238113
0.530892 0.684238 0.237686
0.528114 0.675817 0.233063
0.534923 0.682891 0.231169
0.532851 0.689584 0.224034
0.5237 0.691142 0.220314
0.522721 0.681645 0.21734
0.513383 0.679511 0.220214
0.515111 0.677982 0.229944
0.517541 0.687676 0.229572
0.526982 0.688875 0.232644
0.524024 0.692084 0.223647
0.519844 0.691949 0.23273
0.512629 0.685028 0.232546
0.509116 0.685078 0.241908
0.512885 0.676265 0.239059
0.506817 0.668578 0.237039
0.50533 0.665375 0.227683
0.495736 0.667758 0.226174
0.505231 0.669263 0.223422
0.50582 0.677246 0.217429
0.505651 0.667484 0.219589
0.508855 0.663455 0.228162
0.518449 0.665026 0.230504
0.510518 0.671086 0.231116
0.519586 0.669172 0.234871
0.520409 0.677139 0.228883
0.526957 0.670487 0.232471
0.52576 0.660688 0.230872
0.530006 0.669739 0.230643
0.538046 0.663794 0.230727
0.534738 0.671913 0.235537
0.537099 0.665311 0.228407
0.54489 0.669044 0.233443
0.549618 0.675202 0.239746
0.548602 0.681732 0.232241
0.557766 0.685719 0.231866
0.555163 0.691339 0.239717
0.5625 0.684592 0.238914
0.565882 0.694 0.238701
0.558002 0.694764 0.232592
0.558584 0.684783 0.232782
0.551863 0.677735 0.230513
0.561032 0.680365 0.233514
0.564596 0.678569 0.224345
0.570355 0.681442 0.231999
0.577522 0.680136 0.238849
0.58078 0.672417 0.23339
0.574798 0.676405 0.240341
0.577484 0.66687 0.241709
0.578528 0.676709 0.240256
0.573643 0.674923 0.248797
0.568307 0.671822 0.256665
0.568294 0.670403 0.266564
0.563784 0.673808 0.258313
0.563489 0.681267 0.251659
0.568865 0.687406 0.25744
0.568742 0.692283 0.24871
0.56934 0.686709 0.256991
0.578943 0.684358 0.258488
0.580313 0.680438 0.249391
0.575235 0.683492 0.241335
0.585199 0.682758 0.241764
0.586202 0.690587 0.235623
0.579981 0.688381 0.243135
0.579589 0.681886 0.250728
0.583212 0.678718 0.241962
0.587862 0.685971 0.236886
0.592019 0.693925 0.232476
0.594647 0.686818 0.239001
0.5978 0.686877 0.248491
0.588537 0.690517 0.249464
0.597104 0.6861 0.252129
0.591838 0.694129 0.254922
0.594338 0.695309 0.264532
0.584605 0.697432 0.263662
0.581562 0.699742 0.25442
0.576336 0.701082 0.246
0.573353 0.706638 0.253761
0.564314 0.710304 0.255966
0.558529 0.717266 0.260216
0.553616 0.708623 0.259137
0.55877 0.715972 0.254728
0.55065 0.710477 0.256698
0.545877 0.701695 0.256998
0.540762 0.709726 0.260055
0.540615 0.710911 0.250126
0.539376 0.715631 0.258855
0.531326 0.717018 0.264624
0.533429 0.710043 0.257773
0.536953 0.70129 0.254462
0.546645 0.700033 0.256582
0.542724 0.692883 0.250793
0.550892 0.69826 0.252883
0.557346 0.705203 0.249698
0.562448 0.702119 0.24167
0.570984 0.702887 0.246822
0.56641 0.709326 0.240689
0.571694 0.707389 0.232423
0.571694 0.716649 0.228648
0.568444 0.716628 0.21919
0.56358 0.723079 0.213298
0.564304 0.732871 0.211404
0.555429 0.728584 0.213091
0.558763 0.720411 0.20839
0.559738 0.721916 0.198552
0.56814 0.717121 0.196022
0.573256 0.719083 0.204387
0.579174 0.723504 0.197647
0.585186 0.727757 0.190881
0.584522 0.730041 0.181168
0.593688 0.726047 0.180985
0.603275 0.727731 0.183277
0.593976 0.72639 0.179852
0.584635 0.727302 0.183305
0.579153 0.735169 0.186142
0.578375 0.727167 0.180195
0.584332 0.735175 0.17959
0.589383 0.737755 0.187826
0.599191 0.739485 0.186928
0.592793 0.747098 0.187984
0.59832 0.752283 0.18146
0.608003 0.750882 0.183528
0.603645 0.754082 0.191941
0.594148 0.754091 0.195071
0.594922 0.749901 0.186024
0.585866 0.745854 0.184755
0.583222 0.753955 0.179522
0.585452 0.748809 0.171242
0.582812 0.741186 0.177151
0.588372 0.736155 0.170535
0.59042 0.72648 0.169051
0.588765 0.722859 0.159878
0.593649 0.71583 0.154707
0.590028 0.716234 0.145395
0.588232 0.708112 0.150944
0.593519 0.702682 0.14442
0.601956 0.706514 0.140661
0.60782 0.712685 0.135412
0.606569 0.706655 0.127533
0.614572 0.707576 0.121608
0.623718 0.710166 0.118504
0.61937 0.710921 0.127477
0.620272 0.706941 0.136606
0.625087 0.715568 0.138153
0.631829 0.722518 0.140651
0.630081 0.728723 0.133007
0.624704 0.736932 0.13493
0.618433 0.729979 0.131417
0.617903 0.736252 0.139187
0.625015 0.729414 0.137558
0.624563 0.729914 0.147535
0.634128 0.731254 0.144941
0.641038 0.726713 0.139317
0.647521 0.731512 0.145228
0.652233 0.729211 0.153743
0.64342 0.728252 0.149116
0.641182 0.718617 0.150587
0.6423 0.723651 0.142019
0.645261 0.714171 0.140852
0.65497 0.715923 0.142485
0.653087 0.724808 0.1383
0.662113 0.723717 0.134135
0.669389 0.73044 0.132772
0.664853 0.739149 0.134664
0.661086 0.739961 0.125437
0.663445 0.732474 0.119241
0.661599 0.740132 0.113082
0.667057 0.741066 0.104755
0.663016 0.749173 0.100518
0.67288 0.748919 0.0988972
0.671936 0.758745 0.0972984
0.668818 0.749783 0.0941431
0.672707 0.740884 0.0917591
0.675689 0.735288 0.0840263
0.673782 0.728288 0.0909079
0.675705 0.735177 0.0839192
0.671852 0.744393 0.0844034
0.665063 0.750535 0.0803809
0.668559 0.745924 0.0885368
0.672771 0.740647 0.0959133
0.6821 0.738015 0.0934545
0.682116 0.73045 0.0869145
0.692012 0.730204 0.0854987
0.699803 0.724451 0.0879889
0.696593 0.720994 0.0791714
0.688469 0.724075 0.0742196
0.688304 0.725597 0.0643375
0.692708 0.733779 0.0606404
0.682963 0.731934 0.0593625
0.685536 0.737484 0.0672727
0.693764 0.731824 0.0677908
0.69375 0.725146 0.0752347
0.687148 0.72268 0.0681401
0.682972 0.719663 0.0595697
0.685162 0.726431 0.0525414
0.680927 0.724015 0.0438101
0.672794 0.718439 0.0454693
0.677769 0.724786 0.0513819
0.6862 0.719446 0.0520234
0.687188 0.709686 0.0500826
0.697107 0.709849 0.0488222
0.700117 0.700526 0.0468208
0.698613 0.709953 0.0438443
0.688892 0.711395 0.045693
0.681982 0.718619 0.0454206
0.672327 0.721083 0.0462643
0.671667 0.725715 0.0551018
0.675458 0.734223 0.0587407
0.680872 0.742619 0.059197
0.69057 0.741055 0.061065
0.684815 0.734784 0.0663135
0.675125 0.736556 0.0645884
0.673474 0.727276 0.0612491
0.673777 0.717825 0.064502
0.673195 0.710759 0.0574497
0.674842 0.704251 0.0500373
0.674282 0.710602 0.0577416
0.675574 0.715183 0.0665363
0.673725 0.720594 0.0583324
0.670132 0.715513 0.0505043
0.669399 0.706426 0.0546129
0.671299 0.715723 0.0577685
0.662936 0.721151 0.0569973
0.666849 0.725586 0.0489338
0.657049 0.727286 0.0499688
0.651789 0.734252 0.0548477
0.646572 0.727401 0.0599309
0.644149 0.733414 0.0675454
0.641859 0.737367 0.0764405
0.635922 0.737474 0.0844867
0.637548 0.737286 0.0943518
0.628256 0.740649 0.092816
0.630126 0.747562 0.0997956
0.631692 0.746774 0.109641
0.637715 0.75469 0.110669
0.630228 0.752601 0.11696
0.622559 0.759005 0.117381
0.618443 0.751303 0.112509
0.623839 0.756703 0.118967
0.626462 0.747777 0.115301
0.622691 0.741233 0.121856
0.628129 0.749435 0.12008
0.62508 0.745553 0.128777
0.633937 0.747792 0.132842
0.636449 0.743273 0.141403
0.635845 0.749259 0.133414
0.641655 0.754149 0.126908
0.65028 0.753649 0.131943
0.653024 0.744165 0.133533
0.64447 0.739037 0.132807
0.636218 0.739042 0.127157
0.643389 0.740579 0.120358
0.645594 0.733422 0.113731
0.645249 0.723753 0.11626
0.638027 0.730483 0.114661
0.628504 0.727694 0.115902
0.621008 0.726427 0.109405
0.62572 0.725861 0.118207
0.633575 0.723272 0.112586
0.643512 0.724313 0.113003
0.650659 0.722811 0.106172
0.647478 0.717765 0.114198
0.646909 0.727714 0.113364
0.639862 0.726899 0.120412
0.636371 0.730537 0.111776
0.631403 0.722518 0.108458
0.639417 0.726943 0.112481
0.649126 0.725641 0.11047
0.639204 0.725326 0.111681
0.640621 0.7304 0.12018
0.642803 0.736031 0.11221
0.638097 0.734022 0.103618
0.637699 0.742626 0.108699
0.644737 0.746367 0.10266
0.644621 0.740702 0.09442
0.649541 0.73583 0.101635
0.653787 0.732867 0.11019
0.644602 0.730499 0.113357
0.635465 0.728591 0.116944
0.632522 0.723367 0.124947
0.640072 0.71751 0.121999
0.646269 0.717721 0.129844
0.648379 0.722687 0.121424
0.656139 0.726424 0.126505
0.654656 0.718205 0.121005
0.645932 0.713738 0.122989
0.652472 0.708921 0.117156
0.65441 0.707464 0.126858
0.648704 0.705028 0.119015
0.642218 0.701172 0.112453
0.649766 0.695483 0.115719
0.640019 0.694242 0.113857
0.637528 0.686361 0.108228
0.628903 0.685346 0.113186
0.626623 0.67893 0.105862
0.633743 0.673181 0.10183
0.636388 0.664579 0.0974706
0.640375 0.662243 0.106339
0.638734 0.653824 0.101198
0.648583 0.652377 0.102147
0.647212 0.643928 0.0969761
0.649781 0.649966 0.104522
0.643094 0.653008 0.111306
0.639652 0.662395 0.111111
0.631235 0.667787 0.110838
0.632344 0.672605 0.102146
0.640423 0.668525 0.1064
0.647998 0.668979 0.112912
0.651646 0.666022 0.104083
0.652864 0.675904 0.103158
0.658911 0.682853 0.10705
0.653055 0.684981 0.114872
0.652613 0.691996 0.107759
0.656665 0.699458 0.11304
0.665584 0.703325 0.115386
0.667741 0.701793 0.105742
0.666975 0.701136 0.115691
0.664957 0.710326 0.119076
0.66136 0.710045 0.10975
0.656024 0.702708 0.113956
0.655776 0.693228 0.110782
0.646069 0.695278 0.109531
0.649243 0.688185 0.103236
0.644526 0.679832 0.106062
0.651411 0.685258 0.10125
0.657105 0.679367 0.0955159
0.655494 0.686049 0.0882529
0.658717 0.693426 0.0823208
0.655801 0.702902 0.083625
0.652806 0.705514 0.0928016
0.644985 0.710869 0.0896143
0.646179 0.704564 0.0972837
0.640885 0.700018 0.104447
0.638867 0.691178 0.100231
0.644329 0.688495 0.108167
0.646985 0.682584 0.10055
0.647084 0.682807 0.0905532
0.652789 0.674604 0.0909586
0.644111 0.679572 0.0909015
0.648169 0.687726 0.0950313
0.654525 0.694533 0.0986733
0.648571 0.700938 0.103524
0.642171 0.70655 0.108772
0.650051 0.701716 0.112585
0.654099 0.710353 0.109581
0.657076 0.709692 0.119105
0.661421 0.715724 0.112417
0.655431 0.709142 0.116977
0.645945 0.706212 0.118173
0.646058 0.713038 0.125479
0.638405 0.718406 0.12903
0.635591 0.727712 0.126686
0.625776 0.72826 0.12852
0.632637 0.735521 0.128971
0.638026 0.731538 0.136393
0.647748 0.7294 0.135434
0.650307 0.721337 0.140767
0.653112 0.730387 0.137567
0.651833 0.727223 0.128167
0.659716 0.721271 0.126605
0.662641 0.711711 0.126393
0.664194 0.720389 0.131114
0.658557 0.726814 0.136305
0.655544 0.718525 0.131592
0.646474 0.721067 0.134948
0.640644 0.725546 0.128169
0.64235 0.727529 0.118517
0.651586 0.730045 0.115625
0.657194 0.737587 0.11904
0.664079 0.739723 0.125971
0.670411 0.74742 0.126794
0.668715 0.756793 0.129837
0.664594 0.747888 0.127907
0.669099 0.740082 0.132238
0.677822 0.744949 0.132702
0.676757 0.74785 0.123192
0.680847 0.742925 0.130874
0.677709 0.746611 0.122124
0.676549 0.75185 0.130562
0.683661 0.748044 0.136472
0.683978 0.753709 0.128238
0.682018 0.758085 0.119463
0.680107 0.760378 0.129007
0.674754 0.761142 0.137418
0.673318 0.75134 0.136051
0.669149 0.742665 0.138765
0.662212 0.735766 0.136699
0.652653 0.733708 0.138794
0.6601 0.727625 0.14154
0.652771 0.720919 0.140394
0.645106 0.723908 0.13471
0.647133 0.733034 0.138259
0.655283 0.730893 0.143643
0.650736 0.722071 0.142422
0.655151 0.73099 0.141449
0.660131 0.723007 0.144837
0.655035 0.717843 0.137955
0.656242 0.708585 0.141537
0.659662 0.701764 0.135074
0.660984 0.710242 0.14021
0.657897 0.703172 0.133847
0.667523 0.705879 0.133834
0.675926 0.710656 0.131269
0.681965 0.702988 0.129095
0.682993 0.70206 0.119191
0.674883 0.698688 0.123971
0.674121 0.705482 0.131269
0.665267 0.710128 0.131127
0.667562 0.708193 0.121588
0.664343 0.705036 0.112662
0.660281 0.708554 0.121096
0.667594 0.713002 0.126265
0.663899 0.716936 0.117847
0.662413 0.70731 0.120111
0.663334 0.716436 0.116129
0.657203 0.719741 0.123305
0.663009 0.727883 0.123321
0.66832 0.736287 0.124406
0.667636 0.746255 0.124801
0.666752 0.737233 0.120581
0.670301 0.746079 0.123606
0.665785 0.740605 0.116561
0.674766 0.742071 0.112414
0.669499 0.735287 0.117536
0.66345 0.738054 0.11007
0.668183 0.731865 0.116339
0.669298 0.736021 0.107312
0.677861 0.732739 0.103325
0.686136 0.73611 0.0988347
0.679954 0.731374 0.105109
0.670193 0.729361 0.105919
0.678089 0.732917 0.110919
0.680642 0.734089 0.101321
0.687851 0.728606 0.0970819
0.691777 0.719693 0.0993496
0.696401 0.723435 0.107388
0.696448 0.720161 0.116837
0.694491 0.729436 0.113651
0.690712 0.732761 0.122292
0.68285 0.728762 0.117581
0.683964 0.724854 0.126718
0.676807 0.723309 0.133529
0.684875 0.728815 0.131389
0.679205 0.736928 0.129964
0.681222 0.738243 0.13967
0.677714 0.747516 0.140974
0.677888 0.757016 0.137857
0.674311 0.760559 0.146497
0.681749 0.754395 0.143913
0.684275 0.750945 0.152952
0.683153 0.754091 0.143527
0.675093 0.758714 0.147224
0.682199 0.758946 0.140192
0.675056 0.759166 0.147187
0.684766 0.759148 0.144796
0.683375 0.756796 0.135177
0.681962 0.750787 0.127309
0.68352 0.748167 0.117785
0.681777 0.75427 0.125513
0.677841 0.759555 0.133035
0.673987 0.766391 0.126837
0.680497 0.764157 0.119582
0.674678 0.770729 0.124373
0.672858 0.78041 0.12265
0.668779 0.776285 0.114504
0.671706 0.779416 0.123539
0.669177 0.78187 0.132898
0.671866 0.789868 0.138265
0.662537 0.793209 0.136918
0.672091 0.794758 0.134403
0.674136 0.790691 0.1255
0.674792 0.785534 0.116957
0.670423 0.781172 0.124824
0.672916 0.790378 0.121819
0.675934 0.783707 0.115008
0.683154 0.777434 0.112088
0.691578 0.782687 0.113291
0.700892 0.779776 0.115476
0.691998 0.776852 0.111961
0.688425 0.77298 0.103462
0.695358 0.767883 0.108557
0.690626 0.766754 0.0998199
0.693984 0.774714 0.104855
0.690139 0.768765 0.111914
0.68178 0.766164 0.107081
0.684578 0.759731 0.114208
0.686465 0.763353 0.10508
0.678608 0.757481 0.103132
0.683435 0.766214 0.102465
0.673988 0.768783 0.104503
0.672919 0.772817 0.113591
0.68261 0.771916 0.115886
0.677456 0.770198 0.10749
0.679666 0.775157 0.115888
0.686263 0.772419 0.108889
0.690079 0.768345 0.100592
0.699856 0.767958 0.102656
0.701402 0.767072 0.092816
0.705236 0.776287 0.0934288
0.712837 0.781889 0.0967215
0.711425 0.778376 0.087466
0.707065 0.78687 0.0844904
0.714217 0.79144 0.0792015
0.723818 0.788701 0.0786419
0.726627 0.790388 0.0880899
0.72581 0.787667 0.0976778
0.728318 0.791145 0.0886439
0.736229 0.790689 0.0825443
0.741371 0.796958 0.0883971
0.747427 0.804088 0.0848617
0.743331 0.796376 0.079988
0.74097 0.80548 0.0833865
0.746008 0.797679 0.0796752
0.751098 0.803174 0.0730497
0.75183 0.798954 0.0820861
0.761127 0.798219 0.0784757
0.755076 0.79684 0.0706345
0.764049 0.79429 0.0670324
0.773433 0.794991 0.0636482
0.764204 0.796599 0.0601496
0.755172 0.800725 0.0589693
0.763644 0.795419 0.0592145
0.768536 0.788018 0.0545986
0.761241 0.787711 0.0614311
0.75272 0.791882 0.0582696
0.749249 0.80068 0.0550198
0.748601 0.808427 0.0487298
0.752759 0.800656 0.0440042
0.75438 0.806503 0.0360559
0.748266 0.801408 0.0300011
0.747155 0.794872 0.0225145
0.738335 0.791377 0.0256747
0.738792 0.782426 0.0212395
0.734978 0.773268 0.0224993
0.733302 0.77236 0.0126827
0.733126 0.781487 0.00860117
0.732158 0.790572 0.00453465
0.723135 0.786267 0.00474096
0.717788 0.794716 0.00483052
0.716108 0.794067 0.00966104
0.717242 0.798958 0.00101288
0.71741 0.79892 4.00178e-11
0.711831 0.785925 0.01
0.711593 0.795184 0.00623076
0.712847 0.794023 0.0124615
0.719286 0.788248 0.007442
0.719001 0.790193 0.014884
0.71639 0.797164 0.00820607
0.715826 0.791803 5.05679e-10
0.727252 0.783469 0.01
0.729165 0.781388 0.00040774
0.729427 0.781412 -1.81899e-11
0.738464 0.79229 0.01
0.748012 0.790146 0.012058
0.740861 0.785769 0.0175079
0.742841 0.791084 0.0257438
0.735361 0.78567 0.0219043
0.741024 0.790804 0.015456
0.744228 0.796273 0.00772172
0.739513 0.788481 0.0118505
0.739563 0.779081 0.00843887
0.742658 0.777471 0.0168777
0.751479 0.778186 0.0122222
0.745501 0.779649 0.00434017
0.744723 0.769706 0.0036119
0.743733 0.769142 9.82254e-11
0.751187 0.757124 0.01
0.747409 0.752512 0.00197162
0.751214 0.750695 9.82254e-11
0.741469 0.740446 0.01
0.740042 0.731551 0.00566016
0.742049 0.741184 0.00387811
0.740136 0.737369 0.00775622
0.74394 0.732672 0.0155124
0.751405 0.72606 0.0162539
0.755144 0.717196 0.0189848
0.764719 0.714394 0.0196656
0.771248 0.721947 0.0202427
0.761371 0.723479 0.0199377
0.761249 0.733422 0.0209992
0.755935 0.736722 0.0288009
0.765691 0.73779 0.0307177
0.763012 0.728753 0.0340597
0.76124 0.731004 0.0244789
0.751981 0.727469 0.0258145
0.74986 0.737223 0.0264215
0.749979 0.728073 0.0223883
0.746714 0.735111 0.0160794
0.743487 0.733047 0.00684217
0.750076 0.740493 0.00791135
0.742328 0.735471 0.0117524
0.738914 0.726753 0.00824138
0.732147 0.723557 0.00160839
0.732018 0.723217 0.00321677
0.727418 0.718188 -1.05501e-10
0.739745 0.711256 0.01
0.749411 0.710669 0.00750541
0.755304 0.702697 0.00620151
0.76414 0.703449 0.00157942
0.754153 0.703921 0.00140001
0.7504 0.698335 2.54659e-11
0.737118 0.703193 0.01
0.7272 0.703746 0.0111548
0.736248 0.704334 0.0153724
0.734632 0.694634 0.0171883
0.739216 0.686757 0.0213041
0.73461 0.69421 0.0261244
0.744461 0.693038 0.024868
0.74492 0.697061 0.0157244
0.75463 0.695946 0.0136087
0.746354 0.691002 0.016267
0.744134 0.694436 0.00714126
0.739604 0.70161 0.00184827
0.748164 0.702897 0.00369654
0.752425 0.694122 0.00149602
0.750954 0.695445 0.00299204
0.755871 0.68678 0.00212422
0.755826 0.684062 8.36735e-11
0.741685 0.684188 0.01
0.732692 0.683032 0.0142191
0.734277 0.674174 0.00985531
0.725358 0.672419 0.00568618
0.7251 0.66601 8.36735e-11
0.739142 0.664335 0.01
0.736367 0.670912 0.00299697
0.726649 0.668654 0.00232477
0.729081 0.668058 0.00464955
0.731709 0.672359 2.54659e-11
0.718013 0.668835 0.01
0.724337 0.67114 0.00260414
0.720441 0.666822 0.00520829
0.72064 0.667119 4.91127e-10
0.717371 0.65336 0.01
0.710049 0.660113 0.00911542
0.708948 0.666408 0.016807
0.705265 0.67282 0.0235398
0.697758 0.675578 0.0295431
0.691707 0.675839 0.0374999
0.687374 0.682609 0.0315504
0.682409 0.691065 0.033509
0.685722 0.682757 0.0379803
0.684084 0.672972 0.0392363
0.68652 0.678152 0.0310366
0.685797 0.688126 0.0309395
0.679852 0.694971 0.0351591
0.6773 0.688736 0.0425487
0.670343 0.681818 0.0406116
0.67411 0.679479 0.0495745
0.679226 0.675476 0.041972
0.674924 0.682906 0.0470987
0.669847 0.68685 0.0547584
0.665569 0.688603 0.0458913
0.671325 0.696755 0.046543
0.672624 0.687088 0.0443337
0.663141 0.689833 0.0427363
0.659694 0.686034 0.05132
0.655541 0.679488 0.045002
0.645772 0.680793 0.0433147
0.637237 0.686005 0.0433521
0.645614 0.684637 0.0486389
0.640231 0.681994 0.0406368
0.642809 0.688805 0.0337839
0.646006 0.689525 0.0432318
0.653669 0.685318 0.048088
0.653402 0.680027 0.0396068
0.661073 0.674719 0.0360038
0.655759 0.669858 0.0290661
0.657301 0.665461 0.0379143
0.66081 0.663661 0.0287248
0.660989 0.671607 0.034794
0.656047 0.677072 0.0415554
0.647875 0.681027 0.0457469
0.649577 0.69063 0.0479559
0.645747 0.681497 0.0493412
0.641169 0.686189 0.056893
0.634369 0.683484 0.0637083
0.641848 0.67688 0.0630422
0.641097 0.670162 0.0704112
0.646077 0.661932 0.0676774
0.648995 0.659766 0.0583609
0.654327 0.651488 0.0566196
0.65367 0.661409 0.0555497
0.64804 0.658704 0.04774
0.651055 0.662255 0.038891
0.658624 0.667337 0.0430004
0.651184 0.66175 0.0393349
0.648374 0.655474 0.0465961
0.650028 0.650709 0.0552308
0.642814 0.64388 0.0563876
0.651619 0.645413 0.0608731
0.643382 0.65098 0.0598032
0.642288 0.654673 0.0505746
0.648233 0.662591 0.0491744
0.646502 0.671623 0.0531024
0.65294 0.663972 0.0532451
0.649169 0.664432 0.0624951
0.639205 0.663756 0.061984
0.634988 0.654991 0.059661
0.641509 0.660199 0.0651702
0.632715 0.655442 0.0649954
0.628096 0.647365 0.0686608
0.633137 0.643446 0.0763575
0.640747 0.636991 0.0769971
0.640595 0.62873 0.08263
0.649801 0.628953 0.086529
0.646812 0.62058 0.0819512
0.652739 0.612607 0.0808097
0.659294 0.619506 0.0777382
0.653254 0.624342 0.0714039
0.662063 0.624401 0.0666722
0.655128 0.619629 0.072069
0.648756 0.626121 0.0679152
0.641967 0.619132 0.0656645
0.649362 0.612402 0.065522
0.654 0.606523 0.058894
0.650456 0.613706 0.0529068
0.651922 0.615695 0.0625969
0.644947 0.622752 0.0613521
0.641313 0.6205 0.052312
0.639023 0.630198 0.0531462
0.636928 0.62272 0.0594459
0.62993 0.620096 0.0528014
0.637809 0.614899 0.0561065
0.635605 0.622457 0.0622722
0.637172 0.632297 0.0614291
0.638972 0.640643 0.0562227
0.63572 0.631713 0.0531114
0.632878 0.641286 0.0525822
0.628293 0.647126 0.0592813
0.630373 0.652276 0.0509651
0.623748 0.657489 0.045587
0.62342 0.663992 0.0379975
0.623524 0.673259 0.0342398
0.621406 0.673086 0.0440114
0.626005 0.681215 0.0475852
0.635413 0.678147 0.0461493
0.638489 0.677527 0.0556446
0.639112 0.671597 0.0636724
0.634427 0.662965 0.065554
0.629811 0.669573 0.0714722
0.627057 0.678081 0.0669977
0.620002 0.675064 0.0734111
0.62272 0.680348 0.0653678
0.616054 0.681006 0.0579429
0.606598 0.677783 0.0583814
0.598914 0.679624 0.0645108
0.602992 0.679983 0.0736346
0.596083 0.675201 0.0790581
0.603153 0.673585 0.0859429
0.612933 0.671645 0.0851741
0.617349 0.67508 0.0934628
0.610112 0.679988 0.0983151
0.616567 0.680392 0.105942
0.624814 0.67497 0.104332
0.634349 0.672912 0.106532
0.638828 0.672729 0.0975933
0.642084 0.673333 0.0881577
0.646648 0.677825 0.0958383
0.653008 0.670901 0.0924322
0.654164 0.680026 0.0885088
0.658766 0.685427 0.0955556
0.659185 0.690199 0.104333
0.656046 0.683687 0.111243
0.650312 0.691871 0.110863
0.656819 0.697579 0.105855
0.653773 0.692155 0.0980252
0.648444 0.683892 0.096203
0.657896 0.685739 0.093508
0.652204 0.68008 0.0875432
0.659384 0.685301 0.0829409
0.661297 0.68527 0.0731256
0.657932 0.683917 0.0824449
0.662911 0.690038 0.088589
0.653695 0.690326 0.0924605
0.654073 0.685328 0.083807
0.655578 0.677811 0.0773859
0.657543 0.680021 0.067833
0.662737 0.685878 0.0616104
0.667148 0.692234 0.0679467
0.660067 0.691484 0.0609253
0.664833 0.696594 0.0537716
0.669927 0.704996 0.0519144
0.662855 0.711536 0.0546014
0.661279 0.716591 0.0630843
0.666996 0.71554 0.0549476
0.670674 0.712794 0.0460631
0.672405 0.707099 0.0380272
0.664515 0.704201 0.0326103
0.668295 0.71303 0.0353951
0.662016 0.710726 0.0279611
0.65357 0.707623 0.032323
0.661199 0.70228 0.0286821
0.664665 0.707812 0.0362573
0.665934 0.703629 0.0452512
0.664004 0.700737 0.035875
0.671936 0.699472 0.0418323
0.67269 0.702673 0.0323885
0.671495 0.696092 0.0398226
0.679592 0.690289 0.0389428
0.67686 0.682174 0.0441083
0.684483 0.684068 0.0502967
0.6818 0.67697 0.0437837
0.672482 0.679856 0.0459864
0.668559 0.684778 0.0382157
0.669144 0.692819 0.0441321
0.671409 0.702551 0.043742
0.680963 0.705504 0.0437425
0.679537 0.710631 0.0522092
0.68736 0.706581 0.0474748
0.689848 0.702807 0.038555
0.686628 0.694188 0.0346391
0.680302 0.688306 0.029601
0.675551 0.692727 0.0372091
0.680222 0.688033 0.0447024
0.687502 0.692355 0.0393805
0.68009 0.686299 0.042277
0.681634 0.686944 0.052136
0.686988 0.692033 0.0588771
0.677667 0.689608 0.0615656
0.674608 0.682212 0.0555702
0.677241 0.674587 0.06148
0.668341 0.676455 0.0573207
0.674681 0.669542 0.060787
0.675519 0.679507 0.0608047
0.673204 0.680353 0.0704961
0.67053 0.676421 0.0792931
0.663253 0.68038 0.0848941
0.664666 0.675517 0.093517
0.663712 0.671542 0.0843907
0.665918 0.67258 0.0746924
0.672076 0.67622 0.0677047
0.681146 0.680431 0.0676025
0.671405 0.678283 0.0668914
0.669924 0.671323 0.0739169
0.676835 0.671807 0.0811279
0.686547 0.673421 0.0828828
0.680099 0.669286 0.0764544
0.675184 0.677615 0.0789982
0.683316 0.680217 0.0737935
0.684937 0.680495 0.0639296
0.682027 0.688307 0.0584056
0.676785 0.679822 0.0576879
0.668227 0.675062 0.0556616
0.671792 0.665759 0.0547977
0.680447 0.665953 0.049792
0.677989 0.675261 0.0524987
0.669479 0.678276 0.0567983
0.660024 0.68088 0.0587516
0.658493 0.6901 0.0623089
0.657814 0.689223 0.0523706
0.662109 0.680226 0.051598
0.659749 0.671233 0.0552793
0.66159 0.666342 0.0638053
0.663006 0.675734 0.0606781
0.670569 0.679599 0.0554004
0.666432 0.677664 0.0465043
0.666458 0.683824 0.0386262
0.663036 0.674577 0.0369547
0.664915 0.68275 0.042402
0.673773 0.687383 0.0426511
0.676065 0.692161 0.0341708
0.681837 0.700007 0.0319073
0.67561 0.707815 0.0313951
0.682044 0.714556 0.0277667
0.681311 0.722429 0.0338878
0.686503 0.716712 0.04024
0.67801 0.716718 0.0455189
0.68448 0.711808 0.0396845
0.68788 0.704083 0.0450478
0.678928 0.705565 0.0492508
0.679399 0.705562 0.039262
0.671392 0.699715 0.0405664
0.663999 0.698149 0.0340173
0.656857 0.701108 0.0276738
0.648386 0.697837 0.0234846
0.653525 0.706227 0.0216998
0.644693 0.70209 0.0194954
0.645639 0.703845 0.00969633
0.642119 0.71305 0.00799928
0.644917 0.719475 0.0151327
0.654789 0.718156 0.0160302
0.65457 0.708196 0.0168945
0.651219 0.704125 0.0083975
0.651976 0.694336 0.0102923
0.656777 0.70043 0.0166018
0.664166 0.704242 0.0110466
0.663896 0.709136 0.0197631
0.663255 0.714707 0.0280427
0.66681 0.72102 0.0211496
0.669767 0.71503 0.0137074
0.678511 0.719733 0.0148994
0.677834 0.712118 0.00845325
0.66843 0.709709 0.0108541
0.672807 0.717488 0.0153631
0.667143 0.709947 0.0186874
0.663116 0.717739 0.0138845
0.665929 0.711695 0.00643088
0.664253 0.702551 0.00274588
0.664177 0.708221 0.00549176
0.660288 0.705432 0.0109835
0.652554 0.709674 0.0156935
0.660512 0.705125 0.0196902
0.664211 0.714415 0.0196546
0.664502 0.704905 0.0227312
0.662108 0.700077 0.0311553
0.653591 0.704888 0.0290778
0.658461 0.698962 0.0354946
0.65956 0.694909 0.026419
0.65431 0.697768 0.0184027
0.650617 0.688495 0.0177982
0.645764 0.691376 0.00954296
0.64622 0.697226 0.0176402
0.641054 0.705414 0.0201431
0.638913 0.697996 0.0137888
0.637772 0.706559 0.0188253
0.629845 0.704666 0.02462
0.621409 0.708591 0.020954
0.614954 0.71111 0.0281642
0.614579 0.701206 0.0294969
0.623324 0.697415 0.0325236
0.629386 0.69642 0.0246329
0.630591 0.703841 0.0312265
0.635306 0.700872 0.03953
0.629833 0.696876 0.0468837
0.633228 0.703609 0.0534517
0.630617 0.704845 0.0438781
0.635059 0.70828 0.0356034
0.632585 0.704335 0.044453
0.636391 0.69772 0.0509148
0.635616 0.707349 0.0483325
0.645056 0.710257 0.0498947
0.640004 0.714834 0.0572114
0.630381 0.713484 0.0548481
0.620786 0.715582 0.0529692
0.619503 0.722452 0.0601218
0.61855 0.715442 0.0530543
0.615955 0.708963 0.0602153
0.616376 0.701739 0.053313
0.60894 0.696856 0.0578802
0.599204 0.694887 0.0567207
0.602466 0.686725 0.0519529
0.611636 0.68807 0.0557085
0.61708 0.69479 0.0506873
0.613962 0.688992 0.0431599
0.621482 0.682411 0.0427823
0.626141 0.680152 0.034227
0.62985 0.671269 0.0369351
0.621024 0.672365 0.0323635
0.627293 0.665281 0.0356054
0.62855 0.663735 0.0258058
0.627572 0.667633 0.0166487
0.621447 0.66649 0.0244701
0.622998 0.657896 0.0293417
0.613731 0.661649 0.0291544
0.61871 0.654457 0.0243081
0.621188 0.648197 0.031702
0.61419 0.65487 0.0291517
0.619214 0.662146 0.0338225
0.611443 0.661403 0.0275716
0.603911 0.660083 0.0211276
0.595119 0.663679 0.0180031
0.588608 0.658297 0.0126506
0.596151 0.664248 0.00987554
0.594731 0.669342 0.00138853
0.594674 0.670014 -4.33715e-11
0.580637 0.668293 0.01
0.584038 0.660663 0.00450361
0.580875 0.665627 -4.33715e-11
0.585702 0.652334 0.01
0.585921 0.6425 0.0081988
0.576947 0.645799 0.00527045
0.573016 0.6517 0.0105409
0.578589 0.654834 0.0182299
0.572044 0.661955 0.0207703
0.566324 0.670147 0.0203493
0.557148 0.673832 0.0218364
0.564546 0.673218 0.0285363
0.558652 0.67006 0.0211007
0.550821 0.665291 0.0171113
0.542538 0.660212 0.0147432
0.534061 0.661157 0.00952312
0.52449 0.663583 0.0111063
0.516482 0.668341 0.0147445
0.519578 0.673524 0.0227169
0.513934 0.679246 0.028667
0.521076 0.681771 0.0351945
0.514389 0.678163 0.0286935
0.52151 0.674753 0.0348312
0.529185 0.67518 0.0284355
0.519816 0.678632 0.0278799
0.510927 0.674969 0.0251292
0.504122 0.677251 0.0320926
0.503829 0.673642 0.022771
0.502237 0.682481 0.0183743
0.494628 0.679879 0.0124304
0.488139 0.680604 0.00485702
0.480792 0.673938 0.00359556
0.477723 0.676241 0.00719112
0.485584 0.680913 0.0112392
0.477153 0.682401 0.00607101
0.47883 0.682733 -1.42677e-11
0.464717 0.681817 0.01
0.464793 0.683616 0.000163341
0.464479 0.683531 2.84217e-13
0.469147 0.670182 0.01
0.472715 0.661335 0.0130021
0.467103 0.653167 0.0116676
0.462061 0.661227 0.0085685
0.456937 0.667375 0.0145646
0.464542 0.668562 0.0209483
0.457785 0.672584 0.0271251
0.465355 0.671382 0.0335474
0.467077 0.68104 0.0316135
0.459422 0.681039 0.0251794
0.468198 0.68493 0.0223796
0.468213 0.688103 0.0128963
0.464797 0.697493 0.0132848
0.455864 0.695307 0.017213
0.449556 0.691147 0.0237623
0.452353 0.696734 0.0159546
0.445284 0.701543 0.0211407
0.445737 0.704138 0.0114939
0.450608 0.696369 0.00750506
0.444088 0.702963 0.00376328
0.443416 0.704749 0.00752655
0.451507 0.706555 0.0131189
0.459434 0.711292 0.0092824
0.467735 0.711274 0.0148583
0.471908 0.711371 0.0239458
0.467452 0.714976 0.0321406
0.472151 0.720889 0.0255863
0.464521 0.72735 0.0254158
0.468968 0.719522 0.0297698
0.462335 0.717244 0.036898
0.470595 0.712841 0.0404181
0.462306 0.715557 0.0453085
0.452738 0.716861 0.0479093
0.448206 0.718642 0.0391751
0.440884 0.712272 0.0415871
0.43366 0.719159 0.0409703
0.43466 0.709261 0.0399536
0.440837 0.714211 0.0338426
0.438631 0.718231 0.0249558
0.436632 0.727993 0.0257924
0.429819 0.73441 0.0222689
0.426621 0.730443 0.0308736
0.42004 0.723026 0.0321687
0.42376 0.725828 0.0233195
0.415469 0.724309 0.0287
0.411225 0.719835 0.036572
0.420239 0.720393 0.032279
0.426607 0.72089 0.0399736
0.435505 0.724403 0.0428841
0.43601 0.72263 0.0527128
0.436154 0.729037 0.0450359
0.446076 0.730235 0.0453809
0.448027 0.739834 0.0433683
0.455223 0.740596 0.0364666
0.457094 0.731384 0.033055
0.449005 0.730334 0.0388402
0.446119 0.730621 0.02927
0.442633 0.737777 0.0353232
0.437286 0.729947 0.0385018
0.435582 0.720123 0.0377308
0.442389 0.725695 0.0424882
0.441193 0.735623 0.0425538
0.433709 0.740274 0.0472824
0.438865 0.732012 0.0495509
0.433537 0.72948 0.041476
0.425746 0.723352 0.0427924
0.420355 0.71869 0.0498069
0.414897 0.712741 0.0557074
0.418002 0.713632 0.0462437
0.424437 0.706703 0.0494964
0.426893 0.712995 0.0421219
0.417096 0.711033 0.0417079
0.413043 0.702152 0.0438776
0.41503 0.707037 0.0353806
0.420509 0.7154 0.0355577
0.419704 0.713455 0.0257818
0.416973 0.721348 0.0202838
0.420396 0.719156 0.0111475
0.41784 0.721382 0.0205555
0.415826 0.71541 0.0127921
0.420259 0.717875 0.00417403
0.429947 0.719113 0.00631942
0.439567 0.720552 0.00399798
0.4387 0.721019 0.00799597
0.43376 0.724933 0.0157599
0.425481 0.723976 0.0102329
0.415778 0.722753 0.0123197
0.425174 0.719356 0.0118998
0.418613 0.724772 0.0171554
0.428155 0.726474 0.0196195
0.420435 0.72278 0.0144459
0.419834 0.725212 0.00476469
0.41479 0.716673 0.00348321
0.415149 0.716664 0.00696642
0.424172 0.718445 0.010892
0.416971 0.711527 0.0103614
0.408782 0.71465 0.00554525
0.411558 0.705154 0.00408856
0.40493 0.711574 0.00794292
0.402628 0.705868 6.00867e-05
0.402604 0.705899 2.84217e-13
0.38932 0.710752 0.01
0.379382 0.710127 0.0109138
0.381517 0.702757 0.00450152
0.378535 0.702753 -1.16131e-10
0.392639 0.701715 0.01
0.388051 0.702503 0.00114957
0.381829 0.701897 2.84217e-13
0.367801 0.700107 0.01
0.357999 0.701926 0.00922075
0.358044 0.691957 0.00844392
0.367826 0.691807 0.0105134
0.376606 0.689303 0.0145929
0.379387 0.680309 0.0112194
0.370107 0.677395 0.00889972
0.375955 0.670669 0.0134331
0.385177 0.674507 0.0138964
0.383428 0.681121 0.00660304
0.388305 0.672584 0.00477808
0.380227 0.678477 0.0049109
0.380125 0.676826 -4.33715e-11
0.368086 0.684246 0.01
0.364562 0.68883 0.00184115
0.365646 0.683731 -4.33715e-11
0.357623 0.672084 0.01
0.350426 0.678547 0.00746426
0.349316 0.687787 0.0111222
0.35503 0.689986 0.0190292
0.350263 0.692974 0.0272958
0.346927 0.687939 0.0193258
0.354847 0.692316 0.0150701
0.345416 0.689717 0.0129957
0.351058 0.690499 0.0212152
0.347328 0.696234 0.0285093
0.341206 0.696426 0.0206045
0.332044 0.696554 0.0246097
0.336958 0.702434 0.0181848
0.338245 0.69876 0.0273962
0.328363 0.699935 0.0264049
0.337239 0.695664 0.024676
0.33567 0.685947 0.026441
0.344534 0.690398 0.0251721
0.335575 0.6864 0.023234
0.337727 0.676784 0.0249346
0.346967 0.672962 0.0250487
0.339951 0.679931 0.026528
0.336174 0.679273 0.035764
0.344627 0.679007 0.0304274
0.349711 0.680957 0.0388146
0.343395 0.677155 0.0320581
0.347896 0.68359 0.0382494
0.354719 0.689674 0.0423023
0.352823 0.687845 0.051949
0.359901 0.680971 0.0535808
0.360425 0.677029 0.0444054
0.353531 0.679073 0.0374559
0.347153 0.686755 0.0380163
0.33875 0.690207 0.0421972
0.344626 0.697693 0.0391241
0.353063 0.701077 0.0349556
0.343629 0.699962 0.0380815
0.345038 0.69965 0.0281861
0.353196 0.704085 0.0244746
0.357909 0.695278 0.0240099
0.354711 0.699221 0.0326251
0.357754 0.692744 0.0396101
0.355734 0.68872 0.048539
0.354188 0.690845 0.0388906
0.350127 0.696249 0.0462597
0.343447 0.703679 0.0466754
0.34829 0.696803 0.0412655
0.341321 0.703876 0.0400777
0.331902 0.705478 0.0430302
0.322975 0.705555 0.047536
0.323236 0.713911 0.0420491
0.31569 0.711715 0.035866
0.316312 0.705982 0.0276962
0.307719 0.710677 0.0256679
0.31423 0.704192 0.0217252
0.308616 0.710294 0.0273146
0.308667 0.719243 0.0317771
0.317543 0.71693 0.0277948
0.311536 0.718523 0.035629
0.31868 0.716285 0.0422596
0.315071 0.710802 0.0498041
0.311512 0.702265 0.053604
0.319089 0.707116 0.057969
0.321818 0.713512 0.0507833
0.325318 0.722815 0.0518812
0.322447 0.732291 0.0504776
0.313874 0.730812 0.0554094
0.319793 0.73881 0.0564109
0.31 0.740822 0.0561886
0.313255 0.731391 0.056866
0.306691 0.728043 0.0636267
0.30365 0.733421 0.0557638
0.30075 0.724298 0.0528728
0.307713 0.729393 0.0478181
0.311784 0.738527 0.0478055
0.302353 0.741593 0.0465192
0.310369 0.746685 0.0433846
0.317638 0.740202 0.0411189
0.316079 0.748818 0.0362887
0.324272 0.747434 0.0418515
0.320794 0.739111 0.0375349
0.322964 0.748847 0.0368264
0.326288 0.741471 0.0309492
0.332455 0.742545 0.0387481
0.337264 0.744153 0.0301289
0.334682 0.739755 0.0215268
0.343131 0.744395 0.0241866
0.352627 0.742047 0.026263
0.3493 0.733982 0.0311505
0.348281 0.73496 0.0212507
0.351832 0.737051 0.0303617
0.344266 0.742685 0.0270434
0.337724 0.749561 0.0301918
0.334486 0.754743 0.0381077
0.328027 0.755281 0.0457231
0.328924 0.746752 0.0405804
0.323282 0.745526 0.0487451
0.315238 0.740933 0.0449769
0.323721 0.737746 0.0492055
0.330407 0.731821 0.0536991
0.334986 0.733077 0.0624999
0.325767 0.731157 0.0658652
0.330579 0.723974 0.0708909
0.321288 0.723921 0.0745887
0.327336 0.731827 0.0755421
0.331363 0.735165 0.0840652
0.334375 0.73687 0.0934472
0.326414 0.737785 0.0874649
0.324566 0.728234 0.0897807
0.320281 0.721225 0.0840779
0.325056 0.728509 0.0889923
0.332259 0.725722 0.0826409
0.329273 0.724544 0.0921117
0.33673 0.717961 0.0910816
0.331201 0.720338 0.0830951
0.328075 0.722109 0.0737629
0.324105 0.729453 0.0792678
0.327128 0.731396 0.0885998
0.333853 0.72564 0.0932526
0.328219 0.726975 0.0850994
0.327883 0.719653 0.0919023
0.336292 0.722657 0.0964046
0.338466 0.721758 0.0866852
0.331289 0.719414 0.0932421
0.324745 0.712358 0.0959619
0.32355 0.722279 0.0963461
0.32091 0.718339 0.10515
0.322449 0.724269 0.0972465
0.314511 0.725842 0.0913725
0.318569 0.728344 0.0825823
0.319607 0.718652 0.0848138
0.329059 0.721728 0.0859052
0.329424 0.71461 0.0788902
0.338349 0.719117 0.0790665
0.340093 0.713842 0.0873812
0.33964 0.718477 0.0785317
0.33102 0.721133 0.0828485
0.32497 0.726615 0.0886234
0.322645 0.727181 0.0983328
0.325018 0.723274 0.107227
0.320578 0.714453 0.108802
0.317012 0.722628 0.10428
0.307562 0.721879 0.107465
0.302444 0.73021 0.105369
0.299632 0.722902 0.0991498
0.291996 0.729352 0.0988407
0.297931 0.727848 0.0909342
0.289729 0.723036 0.0940276
0.283764 0.718261 0.0875763
0.291557 0.714936 0.0928871
0.295558 0.705833 0.0918281
0.294462 0.695894 0.091717
0.303321 0.698393 0.0956249
0.312072 0.697106 0.100291
0.304515 0.690757 0.0986857
0.299032 0.684062 0.103698
0.293956 0.689598 0.1103
0.295707 0.685484 0.119245
0.291799 0.676663 0.116615
0.291565 0.676859 0.12661
0.289957 0.668227 0.121824
0.284036 0.67093 0.114232
0.279788 0.662724 0.110408
0.269826 0.662838 0.109543
0.266379 0.653462 0.109078
0.259799 0.647645 0.113858
0.25793 0.655424 0.107859
0.252526 0.663721 0.106462
0.254412 0.659807 0.0974552
0.256378 0.668224 0.102483
0.257864 0.66001 0.096977
0.261161 0.651144 0.10022
0.253705 0.655321 0.095028
0.246489 0.651609 0.100873
0.238547 0.647272 0.0966181
0.240025 0.641931 0.104942
0.245267 0.649873 0.101868
0.246542 0.645644 0.0928967
0.247984 0.654323 0.0881432
0.241115 0.64724 0.0865198
0.247977 0.640537 0.0836966
0.25167 0.63238 0.0792441
0.254569 0.623148 0.0767186
0.253423 0.622116 0.086599
0.251799 0.612594 0.0840136
0.251007 0.62256 0.0838177
0.243764 0.617844 0.088847
0.243516 0.607917 0.0900227
0.250569 0.613807 0.0860778
0.256476 0.611276 0.078416
0.261201 0.610259 0.0696616
0.264193 0.619547 0.0718499
0.271054 0.612626 0.0740915
0.267352 0.621913 0.0743323
0.271608 0.612864 0.0742844
0.280433 0.614587 0.0786597
0.286522 0.618988 0.0852592
0.295316 0.623747 0.0851169
0.300979 0.621415 0.0772115
0.306473 0.614717 0.0722163
0.312468 0.622716 0.071953
0.306279 0.627761 0.0659324
0.300239 0.619795 0.0661555
0.292151 0.620158 0.0602851
0.299683 0.613708 0.0589924
0.302863 0.605011 0.0552169
0.309952 0.6021 0.0616408
0.314768 0.596844 0.0686541
0.306815 0.600362 0.0735915
0.299638 0.595976 0.0681836
0.294994 0.587789 0.0715619
0.289195 0.594915 0.0676131
0.293465 0.586452 0.0644288
0.290742 0.576835 0.064719
0.296394 0.571586 0.0583547
0.294445 0.581025 0.0610198
0.302111 0.575362 0.0640463
0.292233 0.576708 0.0648207
0.29259 0.576811 0.0748138
0.301981 0.579687 0.0766934
0.305978 0.588847 0.0763447
0.313929 0.584379 0.072244
0.30819 0.579854 0.0654187
0.318147 0.579102 0.06596
0.315878 0.570281 0.0618318
0.318725 0.567566 0.0526381
0.32823 0.570607 0.0532797
0.337972 0.568421 0.0527237
0.344048 0.575036 0.0571181
0.336949 0.569561 0.0615482
0.327184 0.567498 0.0609354
0.335435 0.567885 0.0552997
0.340775 0.573972 0.0611681
0.341263 0.583833 0.059579
0.33312 0.588924 0.0623675
0.333512 0.580654 0.0679755
0.326788 0.578644 0.0608513
0.328514 0.576127 0.0703744
0.319959 0.571023 0.0694995
0.326045 0.573271 0.0618897
0.320782 0.576944 0.0695576
0.325051 0.579629 0.0609225
0.33036 0.583911 0.0682352
0.334706 0.575479 0.0713972
0.326887 0.575283 0.0651664
0.325507 0.581244 0.0572567
0.324468 0.576476 0.0659852
0.314784 0.574392 0.0673491
0.320919 0.581822 0.0700213
0.32662 0.587001 0.0636431
0.329519 0.578429 0.0679014
0.324841 0.584836 0.0739907
0.322487 0.585011 0.0837081
0.329782 0.588174 0.0897733
0.333274 0.596254 0.0850292
0.331787 0.58913 0.0781707
0.340933 0.592865 0.0766158
0.338501 0.602343 0.0745557
0.329163 0.599848 0.0771206
0.337249 0.595966 0.0815425
0.345216 0.602008 0.0814196
0.345964 0.611597 0.0841577
0.338116 0.609716 0.0782522
0.329375 0.607667 0.0738485
0.320837 0.606061 0.0788008
0.319303 0.597043 0.0828401
0.323695 0.594834 0.0915484
0.332371 0.594649 0.0865784
0.341256 0.599163 0.0857573
0.334626 0.593553 0.0907157
0.344137 0.591606 0.0931154
0.346122 0.596124 0.101813
0.350682 0.604739 0.104045
0.346893 0.605619 0.094833
0.352188 0.604491 0.103241
0.353667 0.594622 0.102596
0.346394 0.58793 0.104119
0.355654 0.590471 0.101327
0.357526 0.596248 0.109272
0.361273 0.586981 0.109558
0.354 0.589007 0.116116
0.352475 0.586422 0.125655
0.36148 0.586776 0.129988
0.358536 0.577288 0.12885
0.351432 0.57026 0.128461
0.358048 0.577723 0.12772
0.356102 0.580247 0.137198
0.365008 0.576234 0.135056
0.362606 0.566566 0.134184
0.369638 0.56281 0.128147
0.364127 0.570999 0.129754
0.36616 0.566225 0.121205
0.371475 0.566145 0.129675
0.373192 0.571044 0.138222
0.36559 0.573243 0.144336
0.361348 0.564281 0.143035
0.354025 0.559352 0.147734
0.361814 0.564142 0.151782
0.357876 0.572682 0.155183
0.366832 0.568234 0.155181
0.368744 0.578045 0.155474
0.370928 0.587647 0.153735
0.380863 0.587246 0.152673
0.377364 0.578882 0.156893
0.367881 0.581555 0.158601
0.359767 0.579889 0.164203
0.360394 0.577058 0.154633
0.359157 0.574565 0.164238
0.35753 0.564868 0.166064
0.3569 0.573923 0.170261
0.362424 0.581065 0.165962
0.369913 0.581447 0.159347
0.36324 0.587868 0.163119
0.357297 0.595763 0.161587
0.355968 0.591688 0.152553
0.363189 0.586639 0.157283
0.362644 0.57888 0.150998
0.362385 0.580482 0.14113
0.352731 0.577962 0.14046
0.349111 0.568832 0.13858
0.351439 0.565317 0.147648
0.356988 0.569928 0.154573
0.360536 0.575478 0.162096
0.356763 0.569238 0.155254
0.355879 0.577461 0.149632
0.352482 0.575317 0.15879
0.360759 0.576492 0.164278
0.356266 0.574994 0.173085
0.34776 0.577553 0.168492
0.341952 0.57809 0.176615
0.333372 0.578845 0.171533
0.332368 0.572235 0.164096
0.325242 0.565368 0.162659
0.327175 0.569271 0.153657
0.333206 0.561587 0.151521
0.323727 0.560667 0.154569
0.325492 0.564416 0.16367
0.335108 0.562461 0.165594
0.338423 0.571858 0.166438
0.348303 0.573016 0.167453
0.342336 0.568221 0.161019
0.338377 0.572172 0.15273
0.335625 0.579385 0.146374
0.328603 0.577977 0.139395
0.327068 0.580488 0.129838
0.33422 0.573732 0.131626
0.328659 0.578475 0.138451
0.325812 0.57394 0.130006
0.331162 0.569108 0.123075
0.32329 0.57149 0.117387
0.328802 0.574849 0.10975
0.332718 0.572815 0.118724
0.336365 0.58065 0.113692
0.335829 0.586874 0.105883
0.340716 0.584815 0.0974047
0.350162 0.582052 0.0956363
0.344647 0.586807 0.10249
0.353515 0.590179 0.10565
0.351257 0.599915 0.105991
0.350107 0.602006 0.0962797
0.354972 0.608092 0.102548
0.352915 0.616692 0.107218
0.349253 0.616116 0.116506
0.354634 0.619738 0.124117
0.355642 0.610655 0.120057
0.361013 0.61519 0.12717
0.355881 0.612743 0.118943
0.349165 0.619081 0.122779
0.355923 0.624174 0.128107
0.348818 0.623567 0.121097
0.341182 0.62727 0.126387
0.332013 0.624531 0.123483
0.337941 0.619701 0.117039
0.344289 0.615723 0.123663
0.343455 0.619374 0.114391
0.344142 0.611578 0.108167
0.350819 0.60948 0.115309
0.359329 0.614602 0.116469
0.360368 0.619177 0.107637
0.354354 0.623001 0.114651
0.36138 0.627022 0.10878
0.367199 0.620925 0.114163
0.366369 0.612763 0.119881
0.375877 0.613391 0.122916
0.376238 0.61993 0.130473
0.384612 0.616129 0.1344
0.377076 0.618546 0.128287
0.367475 0.620759 0.126581
0.360737 0.624601 0.132893
0.35622 0.624811 0.141813
0.358564 0.621045 0.150775
0.352494 0.617749 0.158007
0.35888 0.625107 0.16026
0.349504 0.625038 0.156785
0.348053 0.634721 0.154751
0.355768 0.640026 0.151238
0.354389 0.630504 0.153963
0.355511 0.63636 0.145935
0.362844 0.642828 0.143838
0.36245 0.642717 0.153829
0.365047 0.6414 0.144263
0.369198 0.643844 0.153026
0.364731 0.639313 0.160741
0.357194 0.636343 0.154878
0.366897 0.633926 0.154937
0.372062 0.641675 0.151294
0.381474 0.641373 0.147928
0.382484 0.631524 0.146525
0.383786 0.6252 0.138888
0.393683 0.626308 0.139797
0.4 0.626957 0.147522
0.403072 0.62338 0.138704
0.40824 0.614837 0.139266
0.417588 0.618376 0.139548
0.419361 0.623434 0.131105
0.422166 0.624399 0.121556
0.421138 0.634271 0.120336
0.429853 0.632882 0.115633
0.438712 0.628324 0.11477
0.438312 0.620002 0.109238
0.431692 0.618304 0.101939
0.437749 0.614036 0.108654
0.429818 0.61237 0.102795
0.425515 0.619174 0.0968628
0.428526 0.625448 0.0896813
0.425435 0.633586 0.0946026
0.430907 0.640114 0.0998412
0.438042 0.64305 0.0934791
0.43972 0.636833 0.0858285
0.448089 0.63235 0.0889694
0.451911 0.641155 0.0917746
0.44797 0.648139 0.0858007
0.452387 0.640282 0.0901315
0.4546 0.649741 0.0877591
0.451791 0.655151 0.0956863
0.447455 0.646144 0.0959465
0.446007 0.637469 0.100705
0.440093 0.633435 0.107688
0.442818 0.630779 0.09844
0.433787 0.629457 0.0943543
0.431748 0.624473 0.0859286
0.440716 0.620776 0.0883578
0.439896 0.630499 0.0861692
0.433737 0.63801 0.0837925
0.427706 0.637335 0.0917409
0.420765 0.643385 0.0956415
0.421155 0.648782 0.104051
0.427896 0.651741 0.0972827
0.436856 0.655517 0.0996171
0.444464 0.65011 0.103208
0.440142 0.653894 0.111394
0.441103 0.661977 0.105586
0.438036 0.654032 0.100345
0.4338 0.645049 0.101517
0.427174 0.643099 0.0942857
0.432701 0.651022 0.0968688
0.435282 0.660239 0.0939725
0.437998 0.650635 0.0933449
0.430626 0.64667 0.0878746
0.437176 0.650841 0.094175
0.433713 0.64596 0.0861637
0.4259 0.65212 0.0851527
0.418976 0.645187 0.0871496
0.422664 0.636817 0.0911911
0.423283 0.641959 0.082637
0.425867 0.646176 0.0913284
0.423243 0.636669 0.0896786
0.424129 0.626986 0.0873433
0.42691 0.63361 0.0803877
0.420348 0.636316 0.0874317
0.423706 0.636228 0.0968505
0.423062 0.643646 0.0901756
0.417243 0.635966 0.0875017
0.410207 0.633669 0.0807768
0.403606 0.626384 0.0826092
0.397049 0.62763 0.0900558
0.403956 0.625 0.0833195
0.406144 0.615352 0.0818611
0.413434 0.614105 0.0885923
0.408382 0.6077 0.0828084
0.404064 0.603743 0.0747032
0.405458 0.606688 0.0841575
0.414084 0.605224 0.0890001
0.410888 0.60403 0.0984001
0.420812 0.603287 0.0974193
0.427341 0.610856 0.0977114
0.430337 0.607533 0.088768
0.426415 0.616723 0.0883641
0.429153 0.621704 0.0801364
0.426199 0.612366 0.0781213
0.430923 0.61376 0.0694189
0.425427 0.613203 0.0610831
0.420872 0.620651 0.0562063
0.424413 0.611299 0.056084
0.427068 0.620651 0.0537415
0.418777 0.619319 0.0591717
0.420327 0.626989 0.0653982
0.430092 0.627144 0.0632467
0.432432 0.620425 0.0562198
0.436977 0.612486 0.0602584
0.436591 0.622456 0.0609259
0.432714 0.631204 0.0580189
0.434513 0.636223 0.0664788
0.430834 0.641404 0.0587574
0.422852 0.63538 0.058778
0.416134 0.635599 0.0513741
0.422172 0.637177 0.043561
0.421974 0.629835 0.0367745
0.426369 0.628475 0.0456535
0.416923 0.62521 0.0453269
0.40883 0.625085 0.0394533
0.412417 0.617794 0.0336243
0.41807 0.624331 0.0386568
0.420337 0.629244 0.047066
0.423813 0.626003 0.0382675
0.415179 0.628752 0.0424978
0.410874 0.620415 0.0459568
0.413153 0.610972 0.0483311
0.415366 0.619351 0.053321
0.406079 0.621592 0.0562752
0.408209 0.611871 0.0552916
0.411548 0.60769 0.0468439
0.402499 0.603541 0.0458921
0.405902 0.612781 0.0476388
0.406452 0.621887 0.0517342
0.39887 0.625306 0.057285
0.401021 0.617066 0.0520449
0.398876 0.607497 0.0500843
0.400743 0.611763 0.058934
0.403298 0.616627 0.0672894
0.394623 0.611859 0.0687114
0.399834 0.619934 0.0714778
0.39436 0.623249 0.063794
0.393446 0.632365 0.0597852
0.386138 0.63728 0.0645211
0.38214 0.638917 0.0735397
0.381945 0.646103 0.0804916
0.382546 0.648395 0.0707764
0.388892 0.656008 0.0694481
0.395242 0.654923 0.0770963
0.397506 0.663833 0.0731593
0.403388 0.655747 0.0733244
0.398044 0.649881 0.0794098
0.400179 0.643707 0.0718392
0.399323 0.638652 0.0804251
0.405578 0.631861 0.0765838
0.397039 0.63627 0.0738191
0.387728 0.639906 0.0741033
0.393592 0.633054 0.0697835
0.390082 0.625665 0.0755352
0.386268 0.634868 0.074671
0.379595 0.63477 0.0672242
0.380323 0.629641 0.0586707
0.380114 0.638968 0.0622699
0.377693 0.630212 0.0580911
0.373074 0.638325 0.0545083
0.3646 0.634782 0.0505524
0.371951 0.635422 0.057302
0.373255 0.625581 0.0585105
0.380157 0.623051 0.0517312
0.380508 0.613219 0.053519
0.38724 0.620223 0.0558902
0.382401 0.620866 0.0471627
0.376005 0.626987 0.0518142
0.371501 0.63433 0.0568922
0.380828 0.635588 0.0602698
0.383044 0.644976 0.0576311
0.387462 0.64885 0.0657228
0.384422 0.639379 0.0667523
0.38851 0.642369 0.0753749
0.381651 0.635098 0.0756934
0.374932 0.634668 0.0682998
0.380611 0.642878 0.0676959
0.38764 0.639353 0.0738736
0.388204 0.648978 0.0712234
0.383845 0.65646 0.0762263
0.382295 0.663278 0.0690771
0.391222 0.661042 0.0729892
0.39457 0.651637 0.0724001
0.388116 0.644743 0.0691131
0.385624 0.638285 0.061896
0.381407 0.630721 0.066896
0.374566 0.634466 0.0731545
0.384248 0.636736 0.0742047
0.388581 0.633228 0.0825064
0.387663 0.623359 0.0838364
0.381417 0.627806 0.0774163
0.386039 0.628309 0.08627
0.383428 0.636846 0.0907749
0.378539 0.64185 0.0836293
0.379408 0.632105 0.0856951
0.379177 0.640844 0.090551
0.38069 0.650467 0.0928108
0.375075 0.65384 0.100367
0.37304 0.662775 0.0963645
0.369787 0.654671 0.0914917
0.371989 0.655042 0.101239
0.377296 0.651033 0.108706
0.378354 0.659948 0.113109
0.377212 0.650058 0.112175
0.379582 0.65959 0.110297
0.37696 0.651853 0.116065
0.382859 0.651977 0.107991
0.38806 0.645621 0.113697
0.394363 0.637898 0.114492
0.396841 0.629862 0.119904
0.397787 0.622933 0.127052
0.401695 0.631642 0.124071
0.404154 0.638773 0.117505
0.408875 0.636334 0.125977
0.403568 0.641865 0.132399
0.403228 0.639981 0.142214
0.412617 0.639112 0.138881
0.413568 0.633361 0.147007
0.404834 0.628772 0.145378
0.39495 0.630075 0.146163
0.404109 0.633791 0.144644
0.412964 0.630003 0.141952
0.41596 0.624396 0.149672
0.423308 0.623777 0.156426
0.41647 0.626486 0.163202
0.413921 0.616894 0.161975
0.416795 0.620407 0.170885
0.418593 0.612029 0.16573
0.417397 0.610272 0.155959
0.407623 0.608305 0.156733
0.415222 0.604336 0.16188
0.420272 0.598407 0.155607
0.416177 0.607095 0.152822
0.42258 0.609454 0.160133
0.426307 0.60018 0.159807
0.417222 0.600502 0.155641
0.423713 0.605058 0.161732
0.414313 0.606721 0.158753
0.413588 0.616693 0.158922
0.412335 0.611934 0.150217
0.411211 0.602031 0.15104
0.410968 0.606882 0.142299
0.4198 0.605912 0.137709
0.428797 0.602923 0.134529
0.429952 0.611652 0.129789
0.426479 0.6159 0.121428
0.426413 0.618674 0.111821
0.436333 0.619864 0.111405
0.436694 0.614066 0.119544
0.441651 0.614982 0.110908
0.432167 0.611837 0.111306
0.439266 0.618708 0.109761
0.444877 0.615371 0.102186
0.451454 0.618534 0.0953486
0.454963 0.62566 0.0892734
0.448833 0.617778 0.0887259
0.441276 0.622817 0.0929093
0.445535 0.629394 0.0991231
0.452685 0.622992 0.101931
0.445346 0.628225 0.0976008
0.436333 0.624763 0.100204
0.434387 0.616164 0.104923
0.442475 0.610585 0.106782
0.450881 0.613629 0.102301
0.445989 0.609403 0.109931
0.444674 0.619138 0.10806
0.448818 0.626669 0.10295
0.441404 0.621824 0.107592
0.445479 0.622904 0.11666
0.439828 0.619372 0.109204
0.441168 0.624111 0.117907
0.435815 0.615852 0.119678
0.428255 0.611651 0.124698
0.428465 0.621638 0.12516
0.42855 0.612492 0.129204
0.431256 0.621882 0.127082
0.425513 0.618102 0.134344
0.423709 0.619476 0.124604
0.427032 0.611237 0.129197
0.427558 0.605476 0.137353
0.429878 0.604899 0.147063
0.422388 0.6036 0.15356
0.425865 0.604007 0.162928
0.421112 0.600015 0.155087
0.43057 0.602459 0.157224
0.433806 0.608386 0.149849
0.428669 0.608478 0.158427
0.422089 0.601273 0.156236
0.422981 0.591387 0.157449
0.42414 0.601215 0.156009
0.431301 0.594747 0.153387
0.435948 0.603574 0.152692
0.44499 0.60399 0.148443
0.453197 0.598319 0.147741
0.452928 0.58838 0.146678
0.457946 0.597017 0.147153
0.461306 0.604032 0.153437
0.465065 0.597114 0.147272
0.461659 0.58774 0.146538
0.459677 0.579738 0.140878
0.451563 0.578365 0.135196
0.44952 0.574543 0.126184
0.450572 0.584438 0.125188
0.452898 0.592 0.119072
0.458902 0.587264 0.112629
0.46456 0.589611 0.104725
0.473594 0.59262 0.107779
0.480581 0.590329 0.101001
0.472109 0.592939 0.105629
0.48163 0.595196 0.107692
0.48987 0.593033 0.112929
0.485905 0.597316 0.104809
0.483351 0.606981 0.105069
0.482779 0.597973 0.100764
0.478597 0.591493 0.10713
0.478305 0.581621 0.108698
0.475151 0.585397 0.117404
0.474466 0.595181 0.119355
0.483864 0.592054 0.120731
0.478938 0.583482 0.119228
0.480101 0.577671 0.111173
0.488011 0.581605 0.106487
0.478238 0.580237 0.108106
0.471422 0.582519 0.101154
0.477237 0.574635 0.103158
0.483896 0.572764 0.0959358
0.491685 0.569638 0.101373
0.484063 0.563641 0.0989343
0.489135 0.557311 0.104783
0.481779 0.556398 0.111496
0.48469 0.562824 0.118583
0.480975 0.553541 0.11874
0.48764 0.558374 0.113063
0.49259 0.561619 0.121123
0.488604 0.560074 0.112083
0.48334 0.559348 0.103611
0.49265 0.55701 0.100807
0.483264 0.559233 0.103445
0.479924 0.56857 0.102154
0.48392 0.565583 0.0934874
0.474167 0.565337 0.0956806
0.475469 0.561198 0.10469
0.469199 0.561862 0.112452
0.461565 0.555404 0.112537
0.464266 0.551893 0.121503
0.461274 0.55095 0.130997
0.463933 0.558624 0.136832
0.467196 0.567141 0.132731
0.461777 0.567572 0.124338
0.461717 0.568243 0.114361
0.462411 0.575624 0.121072
0.46509 0.579092 0.112083
0.467478 0.588173 0.11552
0.458234 0.584662 0.114028
0.465537 0.581668 0.120169
0.46795 0.586236 0.128731
0.463348 0.590928 0.136268
0.466135 0.58182 0.133225
0.467879 0.591646 0.133857
0.461897 0.589172 0.126235
0.455711 0.591845 0.118847
0.46341 0.59535 0.124179
0.460083 0.595361 0.13361
0.455946 0.593699 0.142561
0.452885 0.602827 0.139858
0.460329 0.60238 0.133195
0.468867 0.59899 0.137148
0.466697 0.592681 0.144596
0.470021 0.588987 0.153274
0.480001 0.589 0.153906
0.48815 0.585868 0.149029
0.494068 0.578937 0.144914
0.50121 0.575734 0.151138
0.507875 0.577182 0.143825
0.51073 0.586299 0.14678
0.514696 0.583259 0.155442
0.520337 0.578178 0.148933
0.528552 0.583489 0.146859
0.537313 0.580765 0.142881
0.542113 0.579587 0.151575
0.533174 0.576651 0.148186
0.535551 0.570133 0.155387
0.527007 0.575326 0.155566
0.524853 0.581823 0.148276
0.53482 0.581666 0.149068
0.542266 0.588303 0.149776
0.535075 0.594664 0.152574
0.525814 0.592968 0.149204
0.527338 0.600165 0.14243
0.533336 0.59977 0.150422
0.541041 0.596171 0.145162
0.535934 0.593518 0.15334
0.532493 0.584666 0.150212
0.538295 0.591165 0.15512
0.544895 0.596618 0.160287
0.541431 0.604927 0.16464
0.538294 0.604357 0.155162
0.538441 0.600352 0.146
0.537902 0.591321 0.150259
0.543837 0.599345 0.150874
0.553389 0.597497 0.153185
0.55614 0.58918 0.148362
0.563893 0.593351 0.14362
0.557486 0.585682 0.143261
0.553543 0.585918 0.134074
0.544766 0.581633 0.136218
0.554638 0.582228 0.134738
0.546132 0.586096 0.131176
0.537865 0.589285 0.135811
0.547178 0.587583 0.139034
0.550765 0.596739 0.140853
0.558097 0.593599 0.146885
0.556586 0.603097 0.149626
0.565565 0.599953 0.152707
0.559993 0.599571 0.161001
0.555937 0.590441 0.160569
0.548369 0.583914 0.160215
0.548571 0.592025 0.154369
0.549261 0.597666 0.162597
0.5479 0.592379 0.170976
0.557244 0.590872 0.167748
0.562232 0.59014 0.159112
0.553609 0.591554 0.163974
0.544787 0.588199 0.160668
0.545462 0.59019 0.170445
0.540329 0.598078 0.173824
0.550012 0.597894 0.171332
0.557362 0.592795 0.166863
0.562642 0.59358 0.175319
0.564143 0.600912 0.181951
0.558417 0.608098 0.178004
0.5485 0.609364 0.178226
0.538631 0.609327 0.176611
0.540535 0.600566 0.172183
0.53542 0.605321 0.17934
0.529344 0.613203 0.180316
0.536763 0.617241 0.185669
0.536766 0.611781 0.194047
0.530489 0.609949 0.186481
0.524917 0.607821 0.194508
0.525395 0.610686 0.184939
0.518345 0.605737 0.190018
0.514929 0.597113 0.193753
0.523949 0.601415 0.194112
0.533871 0.600415 0.194856
0.52784 0.608076 0.197076
0.53118 0.602785 0.189276
0.539247 0.607665 0.19261
0.544573 0.599383 0.194358
0.535305 0.595627 0.194392
0.540613 0.598878 0.202219
0.539096 0.605019 0.209964
0.529967 0.601483 0.207926
0.530192 0.600332 0.197995
0.524866 0.598557 0.206271
0.515172 0.600587 0.20489
0.507489 0.594739 0.202287
0.507791 0.60386 0.198198
0.506879 0.597785 0.206089
0.499594 0.596054 0.212716
0.492313 0.595623 0.205874
0.500652 0.592651 0.210526
0.492934 0.592647 0.204167
0.488383 0.588843 0.212218
0.497941 0.588242 0.215093
0.501502 0.578951 0.216092
0.505312 0.570387 0.212606
0.502241 0.577812 0.206654
0.503994 0.568945 0.202376
0.499902 0.560548 0.205947
0.492541 0.563745 0.211913
0.496194 0.563732 0.221222
0.500148 0.56248 0.230321
0.491836 0.566977 0.233589
0.482809 0.564258 0.230253
0.488607 0.561859 0.238039
0.491253 0.558036 0.246892
0.498032 0.561227 0.253515
0.491524 0.554708 0.257408
0.486765 0.561492 0.263006
0.484981 0.571178 0.264737
0.48829 0.562807 0.269094
0.493762 0.554715 0.271232
0.502523 0.549893 0.271302
0.50933 0.549919 0.263976
0.512412 0.540467 0.265059
0.514255 0.531054 0.262231
0.506345 0.526994 0.266807
0.499419 0.533596 0.263901
0.495338 0.537324 0.272234
0.498313 0.539357 0.281562
0.499681 0.529557 0.283003
0.495477 0.537908 0.279456
0.488358 0.544155 0.276245
0.497269 0.542286 0.280381
0.4949 0.533613 0.284759
0.501207 0.540797 0.287695
0.495843 0.548975 0.285611
0.488126 0.548675 0.291964
0.48335 0.550428 0.300573
0.481234 0.549177 0.290879
0.474469 0.553319 0.28479
0.466532 0.559209 0.286308
0.476346 0.560186 0.284657
0.484086 0.554644 0.281595
0.480656 0.562836 0.28619
0.473114 0.557295 0.289713
0.467842 0.553357 0.282183
0.473578 0.558202 0.275578
0.47599 0.54872 0.277648
0.477844 0.55853 0.278226
0.485498 0.556222 0.272219
0.492359 0.559208 0.278854
0.492785 0.565216 0.286836
0.485185 0.562242 0.292614
0.482433 0.564862 0.301864
0.473754 0.568285 0.305466
0.480038 0.571585 0.298421
0.488602 0.570615 0.303491
0.498232 0.569998 0.306115
0.502581 0.571774 0.314943
0.501079 0.574192 0.324529
0.51049 0.577097 0.322795
0.513498 0.571958 0.314761
0.504326 0.571981 0.310777
0.497072 0.570167 0.304136
0.496209 0.579296 0.300146
0.491824 0.587411 0.296285
0.487883 0.578736 0.29325
0.496273 0.583372 0.290403
0.49166 0.575847 0.285703
0.491445 0.582524 0.278261
0.490161 0.578806 0.287455
0.482515 0.580666 0.281285
0.479493 0.571961 0.2774
0.472787 0.565001 0.279967
0.464313 0.57019 0.281095
0.455946 0.574541 0.277771
0.463856 0.56963 0.281418
0.464613 0.575112 0.289747
0.464615 0.565171 0.288663
0.460577 0.562712 0.297475
0.452905 0.557897 0.293238
0.45176 0.563352 0.284936
0.451594 0.553354 0.285076
0.444535 0.558011 0.290413
0.454286 0.557736 0.28821
0.464058 0.557824 0.286088
0.472658 0.556439 0.291
0.465619 0.549955 0.288101
0.460371 0.548658 0.279688
0.455856 0.553674 0.272308
0.460587 0.545792 0.276243
0.466325 0.541757 0.269116
0.467372 0.550532 0.264435
0.47087 0.541169 0.264761
0.47641 0.539489 0.272915
0.481999 0.546208 0.268055
0.490046 0.548309 0.262503
0.49288 0.553001 0.254139
0.488515 0.550564 0.262799
0.490795 0.543496 0.256102
0.500707 0.542397 0.25537
0.491868 0.546363 0.252894
0.487929 0.546678 0.243707
0.490415 0.539321 0.237406
0.495131 0.545805 0.231431
0.49919 0.538525 0.236956
0.501018 0.532051 0.244355
0.49851 0.530472 0.253906
0.501121 0.520916 0.255268
0.495197 0.516482 0.261995
0.488178 0.509365 0.262293
0.49576 0.506702 0.256342
0.486944 0.50964 0.252648
0.479473 0.507125 0.258801
0.477439 0.497394 0.257713
0.470492 0.504458 0.259072
0.474434 0.505791 0.249979
0.466548 0.509875 0.254576
0.469673 0.506501 0.245696
0.465817 0.509935 0.237133
0.472195 0.506674 0.230155
0.473044 0.499441 0.223302
0.472888 0.508395 0.218851
0.46842 0.503308 0.226211
0.462913 0.503998 0.217892
0.471468 0.508983 0.219296
0.461607 0.510328 0.218318
0.453844 0.504025 0.218396
0.462544 0.49959 0.220549
0.465721 0.50851 0.223763
0.474329 0.503705 0.222081
0.474392 0.495067 0.227118
0.467129 0.494984 0.220244
0.469977 0.495624 0.229808
0.459984 0.495382 0.229524
0.465196 0.502374 0.234417
0.456549 0.497491 0.23559
0.458053 0.506827 0.232336
0.462065 0.513792 0.226386
0.453572 0.512266 0.231441
0.451725 0.51898 0.238618
0.460223 0.516462 0.233988
0.456688 0.524904 0.229959
0.451999 0.522813 0.221377
0.445888 0.520054 0.228796
0.45294 0.513071 0.230019
0.462299 0.510168 0.228021
0.454925 0.50765 0.234289
0.464518 0.505314 0.235878
0.458761 0.497241 0.237172
0.460339 0.506304 0.241092
0.453735 0.512769 0.244911
0.447065 0.513037 0.252357
0.45103 0.522177 0.253212
0.442611 0.52613 0.249538
0.442827 0.530798 0.258379
0.442858 0.540772 0.257657
0.437829 0.546434 0.264186
0.441553 0.538134 0.268337
0.441885 0.538651 0.258356
0.434262 0.535574 0.26405
0.428142 0.540741 0.270037
0.437069 0.542926 0.273979
0.437749 0.546245 0.26457
0.436451 0.539624 0.271952
0.433081 0.546757 0.265806
0.429618 0.542306 0.257548
0.420068 0.545267 0.25772
0.428249 0.547829 0.252572
0.430016 0.538583 0.249198
0.43436 0.540566 0.240412
0.444116 0.541881 0.238655
0.435793 0.546626 0.241519
0.443123 0.543345 0.235561
0.444374 0.539761 0.244813
0.438266 0.537925 0.237111
0.434179 0.534778 0.228544
0.439681 0.526941 0.225663
0.448386 0.524697 0.230043
0.456538 0.522783 0.224575
0.458181 0.523688 0.234398
0.455514 0.532588 0.238094
0.449126 0.537504 0.244013
0.441896 0.533922 0.24992
0.445692 0.543031 0.248303
0.439309 0.542308 0.24064
0.430711 0.542767 0.245725
0.437276 0.535466 0.24383
0.436594 0.545056 0.241078
0.440672 0.536076 0.239428
0.437023 0.533929 0.230369
0.443459 0.528817 0.236064
0.447475 0.522689 0.242871
0.444437 0.51512 0.237085
0.452693 0.51924 0.233229
0.450588 0.509927 0.236202
0.452812 0.518356 0.231302
0.458239 0.524395 0.225465
0.456993 0.522787 0.215674
0.466164 0.524699 0.212176
0.471863 0.52759 0.204484
0.480639 0.532144 0.20299
0.489168 0.537365 0.202952
0.486408 0.529319 0.197693
0.476724 0.53024 0.200011
0.476568 0.540238 0.199857
0.480712 0.54787 0.204815
0.476495 0.541089 0.198795
0.475312 0.535412 0.206942
0.470152 0.535148 0.19838
0.465686 0.527198 0.202484
0.464287 0.520596 0.209863
0.473415 0.516557 0.209259
0.471543 0.510891 0.201234
0.462965 0.506081 0.199424
0.471329 0.511554 0.199112
0.463953 0.51011 0.192515
0.460174 0.501136 0.19479
0.462761 0.49808 0.203954
0.461473 0.507924 0.205158
0.454933 0.505098 0.198141
0.446734 0.500916 0.202053
0.456196 0.49771 0.201605
0.451279 0.50204 0.20916
0.460525 0.503554 0.212656
0.463657 0.497119 0.205672
0.458802 0.505423 0.202936
0.453484 0.510461 0.209743
0.455273 0.50249 0.203975
0.458362 0.5095 0.197547
0.449116 0.506443 0.195276
0.439442 0.506633 0.192749
0.436838 0.499349 0.186411
0.428354 0.497577 0.191401
0.435958 0.493579 0.196519
0.445906 0.493466 0.19551
0.448652 0.498197 0.203882
0.44137 0.498696 0.210717
0.436253 0.507287 0.210725
0.440587 0.499478 0.206227
0.430618 0.50016 0.206604
0.428885 0.506303 0.214303
0.426485 0.497688 0.218777
0.416788 0.497289 0.221187
0.407172 0.499112 0.219136
0.405987 0.48997 0.223011
0.407898 0.499685 0.221606
0.417015 0.495691 0.220634
0.419442 0.503708 0.215171
0.42474 0.50579 0.20695
0.4207 0.512747 0.20101
0.417603 0.51322 0.191513
0.412221 0.515715 0.183463
0.40494 0.509723 0.180134
0.402252 0.508708 0.170556
0.408192 0.50115 0.17331
0.40406 0.495962 0.180795
0.3963 0.500938 0.184671
0.40111 0.492227 0.183684
0.391446 0.490721 0.185764
0.385866 0.487872 0.193559
0.387281 0.477984 0.193099
0.384158 0.487083 0.19037
0.381713 0.495787 0.194643
0.374993 0.50213 0.190821
0.372959 0.494858 0.197378
0.363963 0.49068 0.196106
0.358628 0.482941 0.199518
0.355825 0.476945 0.192022
0.364627 0.479379 0.196095
0.373743 0.478181 0.192162
0.369084 0.477027 0.200934
0.360004 0.479838 0.204041
0.362455 0.470379 0.20617
0.356673 0.474882 0.212975
0.361914 0.470454 0.22025
0.36894 0.470323 0.227364
0.359298 0.468948 0.22963
0.36654 0.462127 0.228619
0.3709 0.470858 0.226438
0.371979 0.472223 0.236285
0.369987 0.478807 0.243544
0.360423 0.476445 0.245266
0.367569 0.47537 0.238353
0.362813 0.468951 0.232337
0.353693 0.467259 0.228602
0.362112 0.462721 0.22568
0.370206 0.456924 0.226614
0.377667 0.462189 0.230689
0.372632 0.468697 0.236372
0.382498 0.467136 0.235904
0.374469 0.473092 0.236136
0.376375 0.479478 0.22868
0.374502 0.478715 0.238474
0.367933 0.485321 0.23484
0.371313 0.476092 0.236685
0.378379 0.469048 0.236016
0.382454 0.460589 0.232576
0.378482 0.46974 0.23189
0.379141 0.474461 0.240681
0.387921 0.474759 0.245458
0.392681 0.48355 0.245209
0.39821 0.48383 0.253536
0.399281 0.481115 0.243972
0.396133 0.472308 0.240433
0.391063 0.469707 0.232215
0.394295 0.47673 0.225873
0.385158 0.474673 0.229378
0.392228 0.478503 0.235322
0.393506 0.483497 0.243891
0.387579 0.486592 0.251327
0.392287 0.47794 0.253053
0.397153 0.477025 0.261741
0.393119 0.476379 0.270869
0.392387 0.485332 0.266474
0.386312 0.4885 0.25919
0.380968 0.480357 0.261457
0.372242 0.484035 0.264669
0.364757 0.481475 0.258551
0.374724 0.481879 0.25926
0.376362 0.472514 0.25616
0.386129 0.473735 0.254397
0.38232 0.476045 0.26335
0.381825 0.469815 0.271157
0.385718 0.474955 0.2788
0.376073 0.472385 0.279406
0.369031 0.471488 0.286449
0.368162 0.47335 0.276663
0.36837 0.466531 0.269351
0.375001 0.469311 0.262402
0.384667 0.470736 0.260271
0.393699 0.474912 0.261263
0.395978 0.484045 0.264638
0.393186 0.493549 0.263263
0.398487 0.500263 0.268442
0.407677 0.496676 0.266802
0.410871 0.497502 0.257362
0.409284 0.49163 0.249425
0.399582 0.489214 0.249234
0.407992 0.494588 0.248611
0.417761 0.495554 0.250519
0.424275 0.502236 0.254115
0.427042 0.492631 0.254408
0.428311 0.488206 0.24553
0.427589 0.489248 0.25545
0.436164 0.486875 0.260014
0.441254 0.479683 0.264744
0.446894 0.47162 0.266526
0.441626 0.464294 0.270836
0.437223 0.473201 0.271966
0.447053 0.47287 0.273771
0.440713 0.479668 0.270084
0.446154 0.476366 0.26237
0.449098 0.485296 0.265774
0.444078 0.492571 0.261096
0.441682 0.495309 0.270411
0.43891 0.502586 0.276684
0.4432 0.507568 0.269149
0.450329 0.514318 0.271052
0.445473 0.515995 0.279632
0.441698 0.508353 0.284861
0.441482 0.517637 0.281154
0.446369 0.523068 0.287983
0.44174 0.531783 0.286366
0.445708 0.523131 0.28943
0.442664 0.516692 0.29645
0.452179 0.517623 0.293516
0.445188 0.515625 0.300382
0.443919 0.507725 0.294384
0.446465 0.499591 0.299614
0.441733 0.503332 0.30759
0.441121 0.511349 0.313537
0.444872 0.507247 0.32185
0.451115 0.512668 0.327475
0.442991 0.516267 0.332064
0.450005 0.515778 0.339176
0.454953 0.507089 0.339309
0.449907 0.514433 0.343847
0.441356 0.509785 0.341549
0.449586 0.510566 0.335922
0.449908 0.515168 0.32705
0.456081 0.507309 0.326704
0.453098 0.498687 0.322611
0.460166 0.49305 0.318338
0.458783 0.496173 0.30894
0.463207 0.492296 0.317027
0.471468 0.497274 0.319667
0.471442 0.495618 0.329529
0.464305 0.493664 0.322803
0.46742 0.50249 0.326325
0.467128 0.512388 0.327716
0.45876 0.507557 0.330291
0.462273 0.516564 0.327736
0.455171 0.523529 0.326712
0.463959 0.519657 0.3295
0.469788 0.511535 0.329266
0.46061 0.507674 0.328336
0.453456 0.512506 0.32329
0.45442 0.514688 0.333001
0.454256 0.519655 0.341679
0.463223 0.516228 0.344478
0.470924 0.513467 0.338727
0.462238 0.51784 0.341054
0.470411 0.517358 0.335313
0.461806 0.516825 0.340379
0.453886 0.516882 0.334274
0.457745 0.521769 0.342098
0.453426 0.524631 0.350651
0.459612 0.516828 0.349737
0.456455 0.511701 0.341754
0.459542 0.50539 0.334637
0.457664 0.510364 0.326168
0.452162 0.503417 0.321535
0.456694 0.511364 0.325573
0.459613 0.507821 0.334457
0.46674 0.501305 0.33186
0.45954 0.500123 0.325022
0.463411 0.492075 0.320522
0.468991 0.500317 0.319555
0.459816 0.496595 0.318148
0.459409 0.490293 0.325902
0.451922 0.490469 0.319276
0.453426 0.481196 0.322704
0.457711 0.481326 0.313669
0.460028 0.490956 0.315048
0.459867 0.500308 0.31151
0.463379 0.504891 0.319675
0.463006 0.498545 0.327394
0.462906 0.50547 0.334607
0.457175 0.502349 0.342184
0.454204 0.493505 0.345783
0.458538 0.491162 0.337081
0.451069 0.488173 0.331141
0.451956 0.496299 0.336902
0.449038 0.49393 0.327636
0.45731 0.494634 0.322061
0.467097 0.495917 0.320462
0.464469 0.501118 0.328589
0.46317 0.491767 0.325291
0.462815 0.498829 0.332362
0.464204 0.507317 0.327261
0.461164 0.498045 0.325073
0.465301 0.506926 0.327075
0.464197 0.502782 0.318042
0.454798 0.501545 0.314859
0.445834 0.501374 0.310431
0.455326 0.498261 0.310898
0.447062 0.503892 0.310973
0.44744 0.512454 0.316125
0.447651 0.503817 0.311089
0.455435 0.500995 0.316697
0.448317 0.502023 0.309749
0.448003 0.510773 0.304919
0.447341 0.520664 0.306238
0.446792 0.520451 0.296255
0.446975 0.526398 0.288217
0.449611 0.530099 0.297125
0.448555 0.520283 0.295538
0.451034 0.512595 0.289642
0.441595 0.51165 0.292806
0.443249 0.52151 0.292611
0.441948 0.515182 0.300244
0.445069 0.518762 0.309044
0.440378 0.52643 0.304663
0.445393 0.534855 0.30663
0.450903 0.543125 0.307742
0.458348 0.54751 0.312777
0.458528 0.554781 0.319639
0.450322 0.549596 0.317237
0.448571 0.54556 0.326218
0.443243 0.552322 0.331305
0.451377 0.553238 0.337049
0.44585 0.545199 0.339245
0.440557 0.553227 0.341992
0.448764 0.553288 0.347706
0.446101 0.546727 0.340645
0.454273 0.54394 0.335601
0.447516 0.538196 0.340221
0.438632 0.542594 0.3389
0.429596 0.538566 0.33744
0.433343 0.54736 0.334502
0.431466 0.537641 0.333082
0.441444 0.537548 0.332426
0.433542 0.537222 0.326306
0.43704 0.529493 0.3316
0.434133 0.523055 0.338678
0.430599 0.51615 0.344989
0.436999 0.52092 0.338965
0.430225 0.516758 0.3329
0.42699 0.507363 0.331773
0.421141 0.513998 0.327108
0.422124 0.514145 0.337058
0.412145 0.514783 0.337046
0.4069 0.510351 0.344316
0.413362 0.505382 0.338524
0.421257 0.506684 0.332526
0.425519 0.515452 0.334751
0.418597 0.519953 0.329108
0.421478 0.510936 0.325885
0.416005 0.510613 0.334247
0.425879 0.509661 0.332984
0.417424 0.509454 0.338321
0.426296 0.512489 0.341798
0.416703 0.509794 0.342646
0.409823 0.508038 0.349687
0.413424 0.512892 0.357654
0.408199 0.519097 0.351807
0.413027 0.526625 0.347333
0.408122 0.527497 0.338662
0.413344 0.520908 0.333249
0.417468 0.513199 0.328394
0.40793 0.512114 0.325593
0.411593 0.510173 0.334693
0.406019 0.516424 0.329229
0.4015 0.523815 0.324233
0.395142 0.528872 0.318402
0.393875 0.53869 0.316982
0.38506 0.533971 0.316784
0.382729 0.525086 0.320736
0.374853 0.526832 0.314827
0.380672 0.5187 0.314766
0.388865 0.513202 0.313144
0.385521 0.503853 0.311957
0.381402 0.497461 0.318452
0.37318 0.501854 0.314832
0.367128 0.495755 0.309717
0.373579 0.496265 0.317341
0.372588 0.486579 0.315058
0.37986 0.484668 0.321651
0.370156 0.486723 0.322917
0.375343 0.478196 0.322299
0.383248 0.48137 0.31706
0.389055 0.484857 0.309703
0.396103 0.490733 0.305728
0.403036 0.495823 0.300627
0.411327 0.499545 0.296455
0.404782 0.492228 0.298358
0.399654 0.484664 0.302419
0.406794 0.477727 0.303361
0.405309 0.485758 0.309132
0.414298 0.481414 0.309702
0.408312 0.481116 0.317707
0.404036 0.486054 0.325279
0.399989 0.476918 0.324906
0.393029 0.473924 0.331433
0.384882 0.472059 0.325942
0.38099 0.476692 0.317981
0.381747 0.476178 0.327939
0.37404 0.473886 0.333885
0.381633 0.472602 0.340265
0.388842 0.466295 0.337394
0.396446 0.460139 0.335323
0.392695 0.463311 0.344033
0.391669 0.453591 0.34192
0.396548 0.46194 0.339374
0.386717 0.463238 0.33808
0.390847 0.454139 0.337698
0.393585 0.448852 0.345733
0.402001 0.443972 0.348044
0.406207 0.445793 0.356931
0.398562 0.448005 0.350877
0.408465 0.449385 0.350773
0.405573 0.440346 0.353924
0.395952 0.442261 0.351984
0.393588 0.44783 0.359946
0.401183 0.446702 0.35354
0.40885 0.452992 0.352251
0.408775 0.443174 0.354147
0.399898 0.44624 0.350712
0.394452 0.450415 0.343439
0.391131 0.459598 0.345594
0.39852 0.464758 0.349926
0.402735 0.468883 0.34185
0.399919 0.459738 0.338945
0.396065 0.454823 0.331135
0.400926 0.456923 0.322652
0.391474 0.455179 0.325415
0.385303 0.460333 0.33136
0.393638 0.465276 0.333828
0.389448 0.46941 0.341912
0.389229 0.478213 0.337174
0.380916 0.476144 0.342333
0.389074 0.475856 0.348109
0.383955 0.47876 0.356194
0.391455 0.481694 0.362121
0.393075 0.48089 0.352286
0.388135 0.486713 0.358743
0.392199 0.494767 0.35443
0.38781 0.486781 0.358547
0.381198 0.485442 0.365929
0.390676 0.48681 0.368808
0.387058 0.49215 0.361167
0.39317 0.487559 0.354719
0.390745 0.479517 0.349293
0.394481 0.488057 0.352913
0.399568 0.480233 0.349319
0.404184 0.481051 0.358153
0.397509 0.474052 0.355609
0.395918 0.47748 0.364868
0.387521 0.480486 0.360346
0.3892 0.485351 0.351771
0.380361 0.48999 0.351185
0.37218 0.489755 0.345439
0.370396 0.487753 0.355073
0.372375 0.490113 0.345559
0.37645 0.497682 0.340449
0.384486 0.496141 0.346199
0.394261 0.496929 0.344243
0.394655 0.506917 0.34451
0.394189 0.513456 0.352061
0.392785 0.505745 0.345852
0.386794 0.504612 0.337925
0.391312 0.513378 0.339582
0.401181 0.511983 0.340399
0.392244 0.512548 0.34485
0.389948 0.509144 0.335732
0.397284 0.502884 0.333087
0.393028 0.510711 0.328546
0.399616 0.510308 0.321033
0.399454 0.501886 0.315644
0.402405 0.50484 0.306558
0.394495 0.501188 0.301647
0.384848 0.498556 0.301679
0.384679 0.489112 0.304962
0.377793 0.48225 0.302619
0.370612 0.475528 0.304423
0.380034 0.474614 0.30765
0.385778 0.466503 0.308754
0.379616 0.462792 0.3157
0.384476 0.471246 0.313484
0.381938 0.467083 0.322215
0.377082 0.47022 0.314055
0.386335 0.474006 0.314261
0.39615 0.47585 0.31478
0.395172 0.485802 0.314837
0.385199 0.485847 0.315574
0.383898 0.482858 0.306121
0.379166 0.486395 0.314189
0.376304 0.492843 0.307101
0.372069 0.490872 0.315943
0.373209 0.500802 0.315653
0.370141 0.502466 0.325024
0.363839 0.507705 0.319293
0.357925 0.50126 0.314447
0.364859 0.506798 0.309836
0.371181 0.513644 0.313463
0.371851 0.518886 0.321953
0.366976 0.527551 0.320875
0.368902 0.518159 0.323718
0.369698 0.512367 0.331831
0.375485 0.5196 0.328063
0.36883 0.512173 0.32732
0.374947 0.50433 0.326284
0.36999 0.496801 0.321956
0.378574 0.496374 0.327067
0.373495 0.48873 0.331038
0.368331 0.489026 0.32248
0.375411 0.482927 0.326041
0.371845 0.484569 0.335238
0.37859 0.482412 0.342299
0.380187 0.484528 0.332657
0.374163 0.487164 0.325123
0.380824 0.480484 0.321806
0.380158 0.489798 0.325384
0.375207 0.48132 0.323482
0.381838 0.486471 0.318051
0.38775 0.494533 0.318285
0.382487 0.501826 0.313914
0.388344 0.495497 0.308851
0.388099 0.487113 0.314297
0.383676 0.478146 0.314459
0.381065 0.478113 0.324112
0.387446 0.47422 0.330755
0.394441 0.471006 0.324372
0.395831 0.474581 0.315137
0.396933 0.474436 0.325075
0.396964 0.473369 0.335018
0.398513 0.470983 0.32543
0.399836 0.472805 0.315687
0.400566 0.468134 0.324499
0.394551 0.476062 0.325484
0.40064 0.46816 0.32478
0.409459 0.464209 0.32735
0.401746 0.462931 0.333585
0.408232 0.461967 0.341135
0.412857 0.470055 0.344766
0.413594 0.475176 0.336209
0.414504 0.478528 0.345586
0.411965 0.487028 0.350202
0.418036 0.489604 0.342685
0.422476 0.484832 0.335101
0.424186 0.480484 0.343943
0.432559 0.48397 0.348156
0.429693 0.474785 0.345431
0.436436 0.474638 0.352814
0.435999 0.482869 0.358477
0.438802 0.489741 0.351775
0.43295 0.497845 0.352051
0.429658 0.488602 0.350122
0.435078 0.496856 0.351701
0.441372 0.489868 0.348301
0.449035 0.484248 0.351415
0.456458 0.487324 0.345461
0.457483 0.480089 0.338634
0.466183 0.482341 0.34302
0.467429 0.491931 0.340476
0.468784 0.498765 0.34765
0.464737 0.506296 0.352837
0.472852 0.500683 0.354459
0.48044 0.494184 0.35404
0.489179 0.498974 0.354867
0.48732 0.504085 0.346475
0.479268 0.508905 0.343019
0.484059 0.51615 0.347974
0.481408 0.514973 0.357544
0.474755 0.521274 0.361549
0.474133 0.518368 0.352001
0.465926 0.512661 0.351738
0.465088 0.517387 0.36051
0.455099 0.516995 0.360763
0.45497 0.507018 0.36143
0.460259 0.499783 0.365865
0.463007 0.507786 0.360537
0.464507 0.516805 0.356485
0.458325 0.512074 0.362763
0.466283 0.506611 0.365376
0.472958 0.499205 0.364606
0.469132 0.50567 0.371206
0.466279 0.511858 0.378526
0.459318 0.518926 0.37727
0.45829 0.509339 0.379923
0.451975 0.512014 0.372646
0.443305 0.513714 0.377329
0.442066 0.503804 0.376824
0.437496 0.50888 0.384127
0.434508 0.501909 0.390644
0.424717 0.503207 0.389079
0.426873 0.497711 0.381008
0.429635 0.490193 0.386996
0.426594 0.49459 0.395447
0.421519 0.495336 0.386863
0.425867 0.488357 0.392553
0.424147 0.497351 0.396572
0.414403 0.496639 0.394439
0.418382 0.50581 0.394689
0.415165 0.497197 0.390755
0.423368 0.49387 0.395406
0.414799 0.496833 0.399623
0.413353 0.491392 0.407888
0.419031 0.489989 0.415999
0.410118 0.491949 0.411911
0.404484 0.490914 0.403714
0.414264 0.492883 0.4044
0.405834 0.496368 0.408497
0.395954 0.497882 0.408181
0.401641 0.500987 0.415798
0.392509 0.50389 0.418657
0.400275 0.500737 0.424111
0.397153 0.502961 0.433347
0.407067 0.504029 0.434102
0.40002 0.508047 0.428254
0.405751 0.510491 0.420433
0.398585 0.507827 0.413987
0.404539 0.499913 0.41537
0.401397 0.495892 0.40677
0.395591 0.494558 0.414802
0.395492 0.498689 0.423908
0.389456 0.49073 0.423437
0.394963 0.482479 0.422173
0.397235 0.489049 0.429361
0.397146 0.479483 0.426449
0.402034 0.486457 0.421208
0.411339 0.484602 0.418051
0.409078 0.491517 0.424911
0.404501 0.49236 0.41606
0.402007 0.501549 0.419115
0.404506 0.49297 0.423603
0.411456 0.489019 0.417596
0.415102 0.495098 0.424649
0.420569 0.498995 0.417238
0.427561 0.506122 0.416678
0.429362 0.502178 0.425689
0.421633 0.497041 0.421964
0.414686 0.500521 0.42826
0.420545 0.494595 0.433787
0.419865 0.494063 0.423824
0.410671 0.493456 0.427712
0.407751 0.48395 0.428763
0.401036 0.487066 0.422041
0.404834 0.481612 0.429513
0.395966 0.485429 0.426905
0.399187 0.476198 0.42901
0.401268 0.471617 0.437652
0.403208 0.479823 0.432276
0.409676 0.474942 0.426416
0.410721 0.483015 0.420607
0.417595 0.47597 0.418843
0.423537 0.483984 0.419539
0.424592 0.492222 0.425109
0.434403 0.491206 0.426761
0.430522 0.499224 0.431306
0.422164 0.495911 0.435683
0.432051 0.494511 0.436202
0.4242 0.49924 0.440199
0.420074 0.505949 0.434037
0.427597 0.500627 0.437921
0.437185 0.502044 0.440384
0.433798 0.49916 0.44934
0.427041 0.506488 0.448539
0.430134 0.497533 0.445337
0.424655 0.505138 0.448823
0.425649 0.497434 0.442526
0.42553 0.487455 0.443157
0.431052 0.495791 0.443142
0.438105 0.488702 0.443157
0.439925 0.48055 0.437659
0.448088 0.481228 0.443396
0.456107 0.48407 0.448651
0.465795 0.486113 0.447246
0.459492 0.493872 0.447492
0.4534 0.488414 0.441739
0.450076 0.479819 0.44562
0.45485 0.478436 0.454298
0.452064 0.471379 0.447783
0.455035 0.480295 0.451199
0.453887 0.47129 0.455394
0.449071 0.462531 0.455697
0.448266 0.453837 0.46057
0.451957 0.461619 0.465651
0.456003 0.460482 0.474725
0.453135 0.469953 0.473283
0.451623 0.478024 0.47899
0.449353 0.483923 0.486739
0.445646 0.490586 0.480268
0.442282 0.499762 0.482383
0.443461 0.490208 0.485089
0.452209 0.493204 0.48128
0.446824 0.491088 0.489437
0.445214 0.492025 0.479612
0.446425 0.486767 0.488031
0.442801 0.496032 0.489044
0.444892 0.486748 0.48597
0.440958 0.4877 0.495115
0.444521 0.495951 0.490729
0.451987 0.493673 0.49698
0.450748 0.497016 0.506323
0.450565 0.499745 0.496704
0.444596 0.50478 0.502952
0.449673 0.512154 0.498497
0.446941 0.521438 0.501014
0.444971 0.512789 0.50563
0.453926 0.51505 0.501798
0.456688 0.506929 0.506939
0.44715 0.504057 0.50782
0.453907 0.510449 0.511491
0.451054 0.500867 0.511288
0.459935 0.504856 0.509004
0.466192 0.506147 0.501311
0.47601 0.50441 0.502073
0.469411 0.510251 0.497347
0.474434 0.512301 0.505747
0.476155 0.50511 0.499015
0.47499 0.503601 0.508831
0.480257 0.497579 0.514831
0.477417 0.490054 0.508889
0.473591 0.488746 0.518035
0.474411 0.479476 0.521694
0.473534 0.478782 0.511757
0.467695 0.479764 0.503698
0.469879 0.474981 0.512204
0.464858 0.470173 0.519393
0.460031 0.465171 0.512204
0.460486 0.460526 0.521048
0.465942 0.468362 0.524021
0.459694 0.471749 0.531057
0.457197 0.475763 0.522244
0.449239 0.478742 0.516972
0.455297 0.486572 0.518385
0.462479 0.483693 0.512051
0.465491 0.488994 0.519978
0.459578 0.49638 0.516741
0.460641 0.493282 0.52619
0.452916 0.49067 0.520402
0.453027 0.496497 0.512276
0.448544 0.498441 0.521001
0.455031 0.495689 0.513906
0.459252 0.494483 0.504921
0.464986 0.50262 0.503967
0.467465 0.499646 0.494747
0.467845 0.499671 0.484755
0.473082 0.501939 0.492966
0.468278 0.493547 0.495515
0.471272 0.503075 0.495013
0.468392 0.506747 0.503857
0.475368 0.502528 0.509648
0.476274 0.510666 0.515388
0.486068 0.509107 0.516674
0.477439 0.514149 0.51632
0.48145 0.518611 0.52432
0.480925 0.510006 0.529387
0.471096 0.511779 0.529889
0.465875 0.519189 0.525667
0.457964 0.525284 0.526181
0.46692 0.52402 0.521915
0.461799 0.5317 0.518068
0.468195 0.530838 0.525706
0.468571 0.520879 0.524883
0.459518 0.519843 0.520763
0.45248 0.518182 0.513856
0.451476 0.527577 0.51058
0.460587 0.525577 0.514184
0.462136 0.533538 0.508334
0.471359 0.536246 0.505576
0.477051 0.54266 0.510719
0.485808 0.538795 0.507826
0.490924 0.53699 0.516226
0.491969 0.545978 0.520483
0.494557 0.555633 0.520785
0.495038 0.553627 0.511
0.488065 0.548534 0.505957
0.494717 0.541068 0.505899
0.501469 0.533725 0.506604
0.505727 0.542442 0.509032
0.502898 0.551801 0.506935
0.495796 0.554421 0.51347
0.490996 0.554077 0.504704
0.497819 0.554888 0.497439
0.498822 0.562618 0.491175
0.492781 0.560051 0.48363
0.491998 0.551903 0.489374
0.484116 0.550044 0.495241
0.489879 0.554146 0.502309
0.491257 0.544376 0.503937
0.498181 0.543622 0.496761
0.490748 0.541651 0.503154
0.481674 0.545848 0.50335
0.482546 0.540575 0.511802
0.490528 0.546523 0.51084
0.49976 0.543414 0.513097
0.491319 0.546528 0.508733
0.497491 0.554347 0.509612
0.500697 0.544907 0.510395
0.494515 0.548049 0.5176
0.494124 0.550441 0.507898
0.49294 0.544789 0.499735
0.502934 0.544589 0.499433
0.506164 0.551048 0.506351
0.5129 0.55673 0.501626
0.511666 0.566607 0.502591
0.516607 0.567324 0.493926
0.520636 0.558228 0.494942
0.523486 0.560253 0.504311
0.519512 0.567933 0.499288
0.52864 0.570909 0.502087
0.525994 0.575591 0.493656
0.530788 0.568989 0.499437
0.526735 0.576429 0.494125
0.527333 0.567184 0.490359
0.528297 0.576143 0.486021
0.527595 0.57419 0.495804
0.525676 0.565723 0.490842
0.531313 0.563656 0.482845
0.531387 0.565323 0.472985
0.527883 0.572407 0.479112
0.533107 0.576159 0.486769
0.524637 0.570875 0.486192
0.531065 0.566949 0.479614
0.521356 0.569113 0.478589
0.523772 0.563617 0.486585
0.515874 0.562671 0.480525
0.521546 0.555648 0.476223
0.520294 0.560568 0.467607
0.52691 0.55608 0.473615
0.522551 0.547653 0.476775
0.523842 0.546866 0.46689
0.518735 0.540276 0.472412
0.509371 0.54271 0.474942
0.502358 0.546936 0.469202
0.49902 0.537509 0.469128
0.506436 0.536412 0.46251
0.508811 0.526808 0.463971
0.511358 0.519084 0.469789
0.515616 0.51934 0.460745
0.512821 0.528465 0.457757
0.510052 0.537545 0.460899
0.519948 0.536747 0.462097
0.524921 0.531077 0.455531
0.518941 0.539059 0.454812
0.520984 0.548848 0.454757
0.519123 0.540336 0.459664
0.518336 0.530396 0.460415
0.52832 0.529911 0.460687
0.523133 0.531065 0.469159
0.531645 0.530545 0.474381
0.530572 0.521072 0.477402
0.527119 0.514296 0.483895
0.523234 0.506697 0.489105
0.532683 0.509319 0.487145
0.526141 0.507832 0.479728
0.519509 0.50759 0.487209
0.518811 0.51086 0.496633
0.520172 0.517565 0.48934
0.524457 0.526593 0.488983
0.533504 0.528363 0.492857
0.532845 0.52968 0.502748
0.535892 0.523597 0.510077
0.540945 0.531948 0.507901
0.542828 0.522379 0.505688
0.540191 0.513481 0.501965
0.531847 0.50807 0.503016
0.538209 0.501267 0.506654
0.541069 0.498267 0.515755
0.5477 0.505093 0.512683
0.544399 0.496565 0.508634
0.540245 0.487655 0.510463
0.546957 0.480341 0.509251
0.538786 0.485715 0.507159
0.538522 0.488741 0.497632
0.535153 0.479573 0.495488
0.530512 0.488403 0.496188
0.528277 0.480196 0.490929
0.530234 0.476355 0.499953
0.540234 0.476383 0.499963
0.53439 0.48102 0.493304
0.534079 0.471778 0.489496
0.542821 0.47001 0.484974
0.546253 0.463047 0.478669
0.537845 0.468164 0.476901
0.541282 0.458869 0.475561
0.532218 0.45625 0.472245
0.531783 0.465723 0.46907
0.535826 0.472016 0.475707
0.537999 0.469175 0.485046
0.535164 0.460453 0.489032
0.526064 0.461143 0.49312
0.528566 0.45495 0.500562
0.52412 0.460911 0.507249
0.514988 0.461901 0.503296
0.513106 0.468408 0.510653
0.522684 0.467467 0.507937
0.528378 0.474147 0.512729
0.52939 0.464281 0.511448
0.522614 0.469622 0.516504
0.516905 0.469522 0.524713
0.515775 0.466789 0.51516
0.518167 0.476438 0.516247
0.524523 0.469146 0.518783
0.530338 0.462273 0.514429
0.524334 0.466401 0.521278
0.527478 0.459805 0.514452
0.527966 0.469366 0.51734
0.529885 0.47527 0.5095
0.529048 0.465653 0.506892
0.533368 0.458363 0.501582
0.53797 0.451975 0.507747
0.547771 0.453382 0.509143
0.538313 0.455757 0.506931
0.541984 0.464801 0.509107
0.551345 0.461351 0.50979
0.555842 0.45816 0.501448
0.549091 0.457924 0.494074
0.549261 0.462403 0.485134
0.55303 0.471613 0.486128
0.545329 0.477049 0.489465
0.553445 0.482888 0.489641
0.561849 0.485794 0.485066
0.555434 0.478137 0.485537
0.560692 0.484324 0.491375
0.563339 0.486323 0.500809
0.564223 0.476646 0.503173
0.55887 0.480857 0.495851
0.561805 0.47755 0.486881
0.565674 0.471979 0.479533
0.562415 0.475659 0.470825
0.559888 0.480003 0.47947
0.557517 0.476658 0.488591
0.552043 0.482448 0.482548
0.547499 0.478373 0.490469
0.547061 0.473899 0.499402
0.538314 0.475439 0.494807
0.528724 0.472637 0.494387
0.535308 0.474987 0.487237
0.537443 0.472381 0.496652
0.531236 0.466031 0.501251
0.52632 0.466143 0.509959
0.522635 0.469261 0.501201
0.523244 0.459801 0.504385
0.531854 0.455297 0.502021
0.527588 0.451404 0.510185
0.535985 0.451242 0.515612
0.53646 0.441685 0.512708
0.536285 0.43205 0.510035
0.532297 0.441217 0.510273
0.523318 0.44465 0.51303
0.524677 0.451399 0.505777
0.527469 0.456897 0.513649
0.526858 0.451742 0.505102
0.53474 0.457585 0.507034
0.532075 0.464535 0.500357
0.533314 0.468126 0.491106
0.542899 0.46859 0.488294
0.551651 0.472527 0.491108
0.546054 0.477528 0.497716
0.539721 0.47459 0.490557
0.542342 0.477687 0.481417
0.540607 0.468958 0.485976
0.543898 0.477521 0.481996
0.55206 0.48323 0.481103
0.546835 0.489074 0.474894
0.540943 0.496816 0.477205
0.53423 0.489423 0.476686
0.532383 0.481107 0.471448
0.523918 0.481781 0.476729
0.51578 0.476338 0.478764
0.510758 0.468026 0.481149
0.517408 0.475493 0.481016
0.515434 0.467361 0.475541
0.51589 0.466537 0.465585
0.507227 0.461807 0.467192
0.511415 0.469581 0.471885
0.513023 0.459713 0.472075
0.50796 0.467664 0.475414
0.517934 0.46716 0.475923
0.520984 0.457972 0.478431
0.525827 0.460744 0.470133
0.534298 0.462018 0.464972
0.541819 0.45921 0.470934
0.542052 0.46909 0.469408
0.548939 0.476151 0.467759
0.555048 0.481127 0.461602
0.559662 0.484882 0.46964
0.562437 0.485113 0.479244
0.552476 0.48587 0.478799
0.556708 0.484324 0.469871
0.548547 0.490005 0.470939
0.544335 0.485391 0.46313
0.534389 0.484701 0.463894
0.527224 0.478595 0.460519
0.528506 0.488248 0.458244
0.519959 0.492929 0.455998
0.528279 0.490817 0.450867
0.524804 0.499942 0.453028
0.533498 0.502471 0.448782
0.526524 0.504286 0.455715
0.516671 0.50457 0.454035
0.509027 0.507297 0.448192
0.500374 0.511944 0.450069
0.502791 0.506909 0.458364
0.507344 0.514691 0.462689
0.499183 0.520416 0.461901
0.508994 0.522233 0.461241
0.49954 0.519331 0.459757
0.494398 0.513789 0.453212
0.499291 0.521377 0.457511
0.490794 0.526563 0.458458
0.48204 0.529139 0.462548
0.475772 0.536797 0.461113
0.478368 0.540016 0.470217
0.474409 0.547834 0.475034
0.476516 0.540807 0.468239
0.483802 0.538832 0.46168
0.480132 0.529671 0.463296
0.480295 0.539647 0.462623
0.47369 0.540931 0.455225
0.468926 0.545689 0.462619
0.459454 0.542877 0.461078
0.468144 0.541054 0.456479
0.470994 0.531486 0.457054
0.474349 0.522683 0.460409
0.464711 0.520043 0.460776
0.469945 0.52251 0.452621
0.462041 0.527386 0.456329
0.464248 0.517905 0.45404
0.457726 0.516704 0.461524
0.454739 0.509918 0.468234
0.460474 0.51795 0.469842
0.454854 0.510567 0.466114
0.451324 0.516463 0.473379
0.459978 0.521088 0.475307
0.466637 0.528108 0.477834
0.47589 0.531118 0.475529
0.477924 0.539059 0.4698
0.485009 0.536361 0.476321
0.492246 0.534602 0.469647
0.500738 0.539821 0.468844
0.503496 0.530771 0.465605
0.497676 0.531366 0.457495
0.497259 0.539361 0.451504
0.500567 0.547341 0.456542
0.50823 0.546426 0.450183
0.503666 0.5534 0.455709
0.496734 0.55739 0.449706
0.492736 0.565674 0.445783
0.494735 0.561206 0.454503
0.501554 0.554365 0.457093
0.499758 0.544551 0.457767
0.504089 0.553564 0.457718
0.507161 0.558294 0.465975
0.504712 0.556203 0.475443
0.500131 0.547339 0.476106
0.498321 0.555061 0.470016
0.500944 0.563709 0.465733
0.497017 0.572897 0.465342
0.505254 0.575553 0.460332
0.497489 0.57625 0.466595
0.493759 0.585434 0.46791
0.48662 0.579245 0.471186
0.489667 0.587879 0.475208
0.488116 0.58667 0.485012
0.489525 0.582042 0.493764
0.497831 0.585364 0.498233
0.503108 0.584171 0.506644
0.497976 0.587915 0.514366
0.50353 0.582919 0.507719
0.512176 0.580791 0.503166
0.521195 0.58482 0.50472
0.53103 0.583392 0.505835
0.525172 0.579161 0.498922
0.51587 0.581761 0.496333
0.515761 0.591485 0.498665
0.516449 0.592577 0.488749
0.515351 0.597495 0.480111
0.524531 0.600289 0.477298
0.527648 0.594327 0.484697
0.528398 0.591094 0.49413
0.534677 0.59075 0.486354
0.524849 0.590045 0.48806
0.531699 0.595867 0.483681
0.531097 0.590708 0.492227
0.528768 0.599019 0.497277
0.529991 0.603675 0.506042
0.537696 0.599303 0.51068
0.530325 0.60059 0.504046
0.520736 0.598181 0.505541
0.519792 0.60813 0.505905
0.510023 0.610069 0.506794
0.519999 0.610536 0.507299
0.520071 0.620497 0.508173
0.529131 0.624275 0.510084
0.527488 0.62169 0.500564
0.528373 0.612498 0.504402
0.525806 0.606334 0.511846
0.531261 0.605415 0.520176
0.526875 0.604341 0.511253
0.523432 0.600702 0.519908
0.532779 0.602538 0.522954
0.531591 0.595813 0.515649
0.536259 0.595724 0.506806
0.530873 0.594459 0.515136
0.534654 0.600011 0.522543
0.528489 0.593545 0.527036
0.536965 0.592712 0.532275
0.54426 0.593309 0.525462
0.541827 0.602811 0.527407
0.537925 0.601226 0.536477
0.544227 0.606876 0.541803
0.547648 0.614269 0.536003
0.549779 0.604784 0.533662
0.539853 0.605772 0.534376
0.531055 0.60936 0.531258
0.532199 0.616049 0.523914
0.531961 0.61384 0.533664
0.528231 0.606469 0.528029
0.5203 0.600521 0.529339
0.519847 0.59101 0.532395
0.517335 0.585533 0.524414
0.523018 0.59317 0.527476
0.524094 0.602555 0.530757
0.531338 0.602015 0.537629
0.522251 0.606113 0.538419
0.523564 0.611004 0.529796
0.52584 0.601285 0.529205
0.527805 0.59174 0.531448
0.5274 0.596985 0.539952
0.518631 0.593347 0.543094
0.518209 0.585182 0.537335
0.517183 0.584899 0.527392
0.526599 0.587063 0.524813
0.532855 0.592189 0.530694
0.531974 0.601393 0.526885
0.536378 0.594492 0.521143
0.530682 0.588727 0.527002
0.531787 0.581342 0.533652
0.532941 0.571486 0.532416
0.528874 0.577209 0.525295
0.520802 0.583103 0.524973
0.524296 0.591921 0.521805
0.533757 0.594435 0.523846
0.540251 0.590933 0.530596
0.533169 0.594165 0.536873
0.530932 0.601822 0.542903
0.532713 0.606075 0.534029
0.529238 0.604308 0.52482
0.537842 0.599833 0.522379
0.532887 0.597974 0.530864
0.534857 0.600601 0.521418
0.536039 0.60451 0.51229
0.532754 0.595821 0.508588
0.540654 0.593921 0.50276
0.532538 0.593433 0.496939
0.534426 0.60283 0.494088
0.529378 0.596415 0.499864
0.5204 0.600017 0.502399
0.523968 0.590698 0.503055
0.520958 0.586507 0.511621
0.511457 0.589174 0.510004
0.504137 0.582365 0.509775
0.503819 0.592345 0.51031
0.504223 0.582903 0.513578
0.495507 0.578179 0.512269
0.490701 0.578918 0.503531
0.49137 0.588613 0.501171
0.483263 0.58758 0.506933
0.48214 0.595882 0.501474
0.480654 0.591894 0.510523
0.472097 0.589732 0.515225
0.47424 0.585053 0.506651
0.478088 0.575912 0.505376
0.474124 0.584665 0.502608
0.464486 0.585544 0.505126
0.467632 0.584508 0.514562
0.458436 0.580971 0.516272
0.464203 0.573391 0.513224
0.456042 0.578521 0.510561
0.465306 0.581971 0.50905
0.46912 0.591202 0.508577
0.477637 0.595603 0.505731
0.47486 0.586609 0.509109
0.479051 0.584486 0.517937
0.488166 0.584153 0.522036
0.494124 0.586124 0.51425
0.487248 0.578864 0.51412
0.481605 0.574766 0.506953
0.48735 0.56671 0.505504
0.488138 0.556778 0.506367
0.495131 0.550226 0.503509
0.501958 0.545477 0.509063
0.509702 0.551334 0.511455
0.513024 0.560706 0.510395
0.522001 0.565002 0.511372
0.521145 0.555207 0.513196
0.52213 0.560631 0.52154
0.529728 0.554317 0.523093
0.53799 0.559829 0.524254
0.534258 0.567027 0.5184
0.539656 0.558816 0.516541
0.531384 0.563599 0.51949
0.538024 0.560529 0.526308
0.534384 0.551354 0.527912
0.527597 0.555676 0.521974
0.536526 0.560051 0.523037
0.536423 0.551913 0.528847
0.530018 0.54494 0.525632
0.531558 0.539058 0.517692
0.540171 0.540872 0.512948
0.544152 0.549527 0.515988
0.544024 0.553676 0.525086
0.543035 0.562723 0.520941
0.537896 0.567481 0.513803
0.534517 0.568309 0.523178
0.529771 0.570449 0.531716
0.521439 0.569487 0.537163
0.518537 0.576158 0.544024
0.519718 0.566436 0.542
0.514642 0.558982 0.546321
0.513976 0.568255 0.550005
0.511312 0.561433 0.556815
0.51891 0.555497 0.559465
0.51496 0.564178 0.556462
0.519681 0.570296 0.550115
0.515011 0.561461 0.550498
0.522736 0.560682 0.5568
0.531837 0.559392 0.552862
0.529118 0.561794 0.543543
0.521708 0.559032 0.537423
0.519247 0.566091 0.530781
0.521498 0.559314 0.537781
0.530934 0.556145 0.538732
0.532181 0.549826 0.546381
0.537422 0.544175 0.54001
0.542284 0.547519 0.531936
0.549135 0.554506 0.533999
0.539662 0.55168 0.532487
0.542879 0.561068 0.533715
0.535749 0.555958 0.528913
0.537177 0.556645 0.538787
0.544788 0.550171 0.538387
0.541137 0.541632 0.534677
0.537637 0.536157 0.527076
0.544578 0.538253 0.533963
0.537742 0.530958 0.533783
0.535109 0.539787 0.537671
0.542235 0.54678 0.537106
0.546681 0.546834 0.528149
0.554387 0.552097 0.531744
0.560255 0.549243 0.524166
0.562627 0.543962 0.53232
0.572413 0.544525 0.5343
0.581706 0.546854 0.537165
0.580088 0.537161 0.535315
0.590047 0.537459 0.53446
0.586441 0.535173 0.543503
0.578965 0.53215 0.537591
0.574559 0.524882 0.532321
0.573823 0.525591 0.542269
0.566617 0.51869 0.54159
0.573829 0.525585 0.540916
0.565422 0.520301 0.539733
0.559897 0.512087 0.541151
0.559317 0.510675 0.551034
0.564299 0.513077 0.559365
0.572966 0.516719 0.555958
0.58056 0.513954 0.550067
0.582798 0.518256 0.558813
0.576074 0.514246 0.565034
0.575562 0.50507 0.568975
0.565765 0.50538 0.570957
0.568782 0.513801 0.575429
0.568488 0.506953 0.568147
0.574045 0.513394 0.573404
0.569776 0.508098 0.566074
0.563158 0.514434 0.562069
0.568514 0.507235 0.566483
0.562765 0.500493 0.561846
0.5649 0.497513 0.552542
0.572724 0.503654 0.551499
0.57544 0.510368 0.558394
0.565852 0.512605 0.560142
0.565178 0.504367 0.554515
0.555503 0.504157 0.551993
0.555988 0.508275 0.542893
0.558349 0.516621 0.537916
0.561609 0.521694 0.529939
0.559852 0.517715 0.520935
0.558748 0.527262 0.51817
0.558693 0.53609 0.513473
0.553422 0.543995 0.510356
0.545723 0.53764 0.510937
0.544166 0.528526 0.514747
0.553541 0.526755 0.511748
0.560766 0.520699 0.515082
0.565522 0.52949 0.514798
0.574835 0.533119 0.515106
0.572629 0.527544 0.507103
0.57176 0.526105 0.516961
0.57695 0.532602 0.522516
0.580651 0.54166 0.520454
0.58594 0.546139 0.527663
0.580944 0.54924 0.519574
0.588821 0.555383 0.519108
0.591561 0.550593 0.527447
0.583591 0.55593 0.530276
0.587867 0.559303 0.521889
0.592536 0.55046 0.521831
0.591603 0.549507 0.51192
0.601419 0.547597 0.511942
0.604789 0.544687 0.520896
0.596858 0.544446 0.526982
0.587428 0.541856 0.52907
0.579624 0.543489 0.523033
0.588183 0.541415 0.518294
0.586416 0.531662 0.519625
0.594155 0.537254 0.522599
0.589512 0.539339 0.513991
0.580429 0.542554 0.516668
0.573452 0.549577 0.518078
0.565282 0.551887 0.523362
0.568253 0.556424 0.51496
0.563808 0.563513 0.520437
0.561325 0.572808 0.517712
0.562563 0.569112 0.526921
0.566587 0.578077 0.525067
0.566207 0.588023 0.524099
0.573179 0.581599 0.520916
0.573381 0.574949 0.51345
0.570603 0.584301 0.515648
0.571567 0.590265 0.50768
0.574006 0.585777 0.516277
0.567622 0.579667 0.520958
0.564028 0.572423 0.526841
0.573049 0.568108 0.526789
0.564366 0.572678 0.524864
0.561184 0.568651 0.516282
0.551637 0.569169 0.513349
0.554198 0.578196 0.516806
0.546119 0.575095 0.511794
0.553199 0.570179 0.506722
0.547139 0.564363 0.51215
0.541324 0.559852 0.50538
0.550647 0.560819 0.501896
0.542553 0.565675 0.498595
0.533577 0.567531 0.502593
0.528762 0.560855 0.508272
0.525314 0.564147 0.499482
0.535216 0.562959 0.500208
0.54081 0.570288 0.50408
0.532739 0.572783 0.498728
0.523221 0.572986 0.495666
0.532748 0.574925 0.498009
0.528836 0.567667 0.492351
0.524704 0.558737 0.490569
0.519091 0.555165 0.498035
0.525013 0.555552 0.506083
0.530164 0.550869 0.498904
0.536881 0.544471 0.495168
0.533784 0.546312 0.48584
0.528995 0.554251 0.482093
0.52538 0.558 0.490629
0.524906 0.567919 0.491802
0.534311 0.568526 0.495148
0.533049 0.561964 0.487707
0.531249 0.571508 0.49009
0.52392 0.564851 0.491493
0.528685 0.573122 0.49447
0.531883 0.568803 0.486037
0.526999 0.568015 0.477346
0.532305 0.562878 0.484088
0.528956 0.571496 0.487898
0.521352 0.567071 0.492652
0.522073 0.562212 0.501363
0.514851 0.556342 0.497704
0.518481 0.563831 0.49216
0.519402 0.561442 0.501826
0.526189 0.5555 0.497511
0.527383 0.565415 0.498021
0.520389 0.561743 0.49189
0.511874 0.556519 0.491434
0.520221 0.559588 0.496006
0.526991 0.55376 0.491513
0.534724 0.556149 0.48564
0.54396 0.559877 0.486534
0.536197 0.565906 0.484697
0.533699 0.556227 0.484434
0.532908 0.546261 0.484208
0.534474 0.549578 0.493511
0.5324 0.55936 0.493377
0.529669 0.567956 0.489058
0.537325 0.561538 0.48861
0.545825 0.561964 0.49386
0.554133 0.567529 0.493804
0.554324 0.56527 0.503544
0.559352 0.556842 0.501627
0.556651 0.547993 0.505423
0.555229 0.541045 0.498374
0.555595 0.549031 0.504381
0.557429 0.55648 0.510795
0.550663 0.562441 0.506473
0.547999 0.552808 0.506804
0.555826 0.547425 0.509926
0.559293 0.556204 0.506622
0.55677 0.565867 0.507124
0.565075 0.560853 0.504698
0.565009 0.556154 0.495871
0.567881 0.565429 0.493474
0.576551 0.563349 0.498003
0.569711 0.556273 0.499779
0.566294 0.556268 0.509177
0.571495 0.562961 0.514482
0.571509 0.56117 0.52432
0.565144 0.568862 0.52488
0.556685 0.565135 0.528694
0.565469 0.562815 0.532872
0.569192 0.571251 0.529003
0.569211 0.567438 0.538247
0.571696 0.559188 0.53317
0.571755 0.568244 0.528928
0.576331 0.560789 0.533773
0.580687 0.566797 0.527071
0.578619 0.575775 0.523183
0.581158 0.574807 0.513559
0.57966 0.583832 0.509521
0.577967 0.580785 0.518893
0.569097 0.578172 0.5227
0.571814 0.587793 0.522429
0.576748 0.591649 0.514632
0.57762 0.590673 0.524546
0.579145 0.589 0.534287
0.569302 0.59071 0.534705
0.566592 0.588812 0.525268
0.574042 0.584425 0.520242
0.577207 0.578222 0.513066
0.57568 0.577032 0.503256
0.576865 0.572805 0.494271
0.572439 0.575972 0.485882
0.567527 0.584609 0.487012
0.575204 0.57848 0.488881
0.581733 0.574406 0.495266
0.590511 0.569682 0.496062
0.595378 0.573627 0.488268
0.595978 0.572383 0.478364
0.603371 0.579 0.477118
0.611482 0.574892 0.472953
0.606401 0.574753 0.464341
0.613473 0.568196 0.461697
0.605873 0.574689 0.461996
0.606537 0.565791 0.457481
0.60905 0.564933 0.467123
0.608876 0.561875 0.457603
0.602579 0.56652 0.46383
0.597952 0.557662 0.464202
0.591946 0.553546 0.471057
0.594868 0.562797 0.468631
0.600404 0.568162 0.462261
0.593323 0.56196 0.465637
0.597789 0.564611 0.457092
0.604347 0.569436 0.451286
0.606084 0.579122 0.453063
0.603096 0.587668 0.45731
0.597696 0.57928 0.456616
0.607131 0.582587 0.456801
0.61149 0.591573 0.457308
0.605048 0.58862 0.464364
0.608936 0.586031 0.473206
0.618924 0.586379 0.472876
0.611782 0.579382 0.472671
0.618828 0.583783 0.467104
0.611672 0.581738 0.473784
0.606514 0.587967 0.479665
0.614228 0.582256 0.482472
0.616494 0.572517 0.482541
0.608874 0.578987 0.48281
0.599414 0.579461 0.486016
0.600047 0.580847 0.476133
0.605824 0.58659 0.481935
0.607366 0.576841 0.480327
0.612326 0.585091 0.483037
0.61492 0.590802 0.475249
0.619487 0.594304 0.483426
0.610813 0.595841 0.478693
0.613891 0.605355 0.478667
0.610116 0.61004 0.486655
0.603329 0.602696 0.486546
0.601377 0.598344 0.495335
0.610351 0.598731 0.499732
0.612271 0.589886 0.495478
0.620428 0.584243 0.496749
0.613451 0.581394 0.503321
0.608996 0.574914 0.5095
0.60933 0.57127 0.500193
0.616849 0.570741 0.493621
0.625577 0.574281 0.490261
0.626862 0.578738 0.481402
0.626049 0.58711 0.475993
0.623974 0.593242 0.483615
0.628031 0.591594 0.492605
0.628068 0.601551 0.493527
0.61907 0.598081 0.496171
0.618928 0.607485 0.492775
0.624921 0.614855 0.495902
0.621004 0.62289 0.500384
0.616986 0.615211 0.495396
0.608731 0.609933 0.497397
0.6138 0.618551 0.497591
0.60912 0.620542 0.488981
0.603399 0.612729 0.486482
0.600128 0.612994 0.477036
0.596429 0.607584 0.48459
0.595146 0.604221 0.49392
0.586231 0.608294 0.491934
0.593479 0.60199 0.489153
0.58922 0.596822 0.481727
0.579562 0.594386 0.480833
0.588573 0.590099 0.480183
0.595811 0.589497 0.487056
0.590605 0.589539 0.478519
0.599476 0.592517 0.474993
0.590891 0.593101 0.469898
0.59212 0.6028 0.472002
0.591946 0.595417 0.478745
0.592723 0.601851 0.48636
0.586775 0.593868 0.487305
0.584303 0.592418 0.477724
0.576418 0.595209 0.472244
0.58614 0.593414 0.470741
0.579008 0.600189 0.472539
0.57671 0.60454 0.463833
0.580477 0.59581 0.466929
0.578173 0.603116 0.460502
0.583005 0.595438 0.456295
0.583793 0.59577 0.446331
0.589564 0.588144 0.449251
0.585336 0.594147 0.456039
0.588146 0.595378 0.446521
0.592108 0.589535 0.439439
0.593262 0.585827 0.430224
0.598157 0.584207 0.438792
0.592018 0.581748 0.446293
0.58276 0.585527 0.446298
0.584201 0.579217 0.453921
0.586952 0.580565 0.444401
0.586087 0.585533 0.453036
0.579017 0.590113 0.458425
0.585599 0.597165 0.455788
0.587859 0.606313 0.459135
0.585645 0.598083 0.464366
0.580794 0.590081 0.460841
0.577502 0.58125 0.457497
0.585157 0.58361 0.451511
0.584756 0.589889 0.443739
0.592598 0.586928 0.438286
0.599809 0.586775 0.445213
0.604952 0.594892 0.442442
0.603824 0.588311 0.434998
0.60916 0.595791 0.431053
0.603288 0.589332 0.435931
0.596229 0.586324 0.429517
0.588028 0.585345 0.435155
0.595725 0.590585 0.438801
0.592237 0.581335 0.437299
0.593205 0.571605 0.439396
0.594555 0.561814 0.437875
0.585299 0.563502 0.434485
0.578665 0.556082 0.435449
0.573163 0.564215 0.437343
0.566557 0.569253 0.442907
0.556623 0.569607 0.441816
0.555892 0.566855 0.451403
0.549651 0.560822 0.446436
0.556239 0.558994 0.453734
0.5465 0.56065 0.455287
0.554204 0.557258 0.460685
0.551763 0.56631 0.464163
0.550982 0.559242 0.457132
0.548883 0.555308 0.466083
0.548022 0.546027 0.462461
0.539651 0.543157 0.467119
0.530313 0.5466 0.46615
0.530538 0.537916 0.461196
0.520959 0.535246 0.462248
0.527306 0.541299 0.467052
0.525079 0.531903 0.464455
0.532014 0.538778 0.462301
0.531135 0.529383 0.45899
0.53549 0.532032 0.450387
0.541335 0.535573 0.457687
0.541508 0.545525 0.456718
0.539519 0.540362 0.465048
0.538121 0.532307 0.45929
0.546553 0.535101 0.463883
0.549953 0.535391 0.454483
0.545867 0.527966 0.449175
0.5458 0.519675 0.454766
0.55529 0.522458 0.453286
0.564459 0.523635 0.449473
0.571748 0.519718 0.443859
0.577434 0.511783 0.446028
0.583147 0.505627 0.440599
0.582104 0.51554 0.441408
0.588281 0.519329 0.434516
0.595903 0.516397 0.428745
0.588258 0.510667 0.431696
0.578325 0.511643 0.432327
0.58708 0.516064 0.434279
0.594657 0.509896 0.43215
0.585242 0.506606 0.431429
0.57929 0.504099 0.423794
0.572534 0.497226 0.421126
0.577958 0.502642 0.427548
0.586819 0.506214 0.424595
0.589041 0.502837 0.415449
0.59418 0.510822 0.412315
0.584543 0.512845 0.414059
0.57901 0.512276 0.405748
0.580573 0.522139 0.406266
0.576999 0.529917 0.411437
0.567818 0.531066 0.407642
0.565177 0.53883 0.40192
0.562397 0.548349 0.400633
0.560426 0.542459 0.392795
0.570124 0.540954 0.390875
0.57415 0.53799 0.382214
0.56592 0.543605 0.381352
0.573843 0.542522 0.387356
0.573837 0.542999 0.377368
0.568324 0.536336 0.372346
0.571671 0.544026 0.377793
0.565885 0.548198 0.370785
0.560051 0.548361 0.362664
0.567833 0.553979 0.365472
0.568839 0.545013 0.361159
0.567153 0.539622 0.352906
0.564684 0.543303 0.343942
0.571935 0.546021 0.337614
0.5633 0.55006 0.334593
0.555989 0.555466 0.330431
0.551052 0.56288 0.334977
0.547794 0.555962 0.328532
0.543267 0.549959 0.321939
0.549493 0.55205 0.314399
0.543574 0.551525 0.322442
0.546203 0.552692 0.332019
0.551639 0.557084 0.339172
0.543668 0.55903 0.333456
0.552274 0.553958 0.333005
0.545074 0.55119 0.326641
0.539548 0.546765 0.319579
0.546447 0.54895 0.312679
0.550431 0.548382 0.321833
0.557607 0.54876 0.314879
0.553809 0.55346 0.322847
0.552206 0.563026 0.325278
0.549232 0.568624 0.317543
0.5403 0.568399 0.322034
0.531512 0.572413 0.324614
0.527688 0.566595 0.331792
0.532822 0.570596 0.3242
0.53898 0.574761 0.330888
0.536464 0.56675 0.336318
0.528008 0.571288 0.33913
0.526976 0.562336 0.343464
0.525037 0.569599 0.350059
0.529351 0.578339 0.352293
0.526455 0.57682 0.361744
0.520904 0.570333 0.356538
0.519529 0.560428 0.356612
0.513253 0.565955 0.362096
0.507186 0.570108 0.355318
0.510028 0.560816 0.352955
0.513496 0.567861 0.346763
0.519523 0.56155 0.341881
0.51714 0.562569 0.332222
0.514419 0.572163 0.331482
0.509499 0.565983 0.337614
0.50146 0.565855 0.331668
0.49163 0.56741 0.332643
0.491452 0.564672 0.323027
0.500305 0.562268 0.319046
0.506984 0.567384 0.31364
0.509707 0.575339 0.319053
0.509728 0.566724 0.313976
0.517802 0.56904 0.308549
0.51038 0.57467 0.304914
0.516516 0.567715 0.301175
0.523649 0.569602 0.294425
0.52119 0.563126 0.301637
0.519176 0.565535 0.311131
0.528849 0.567378 0.31287
0.524471 0.558388 0.312841
0.525166 0.553113 0.321308
0.517017 0.554928 0.315803
0.526393 0.55509 0.312329
0.51934 0.548991 0.315942
0.526063 0.551779 0.3228
0.523674 0.561344 0.321127
0.529424 0.559478 0.329093
0.521871 0.558568 0.322603
0.522745 0.561867 0.332002
0.522042 0.5675 0.32377
0.524599 0.576966 0.325737
0.521784 0.568435 0.321344
0.527684 0.576321 0.323072
0.533943 0.579481 0.315942
0.542128 0.584822 0.31806
0.534308 0.583292 0.312018
0.530029 0.592258 0.313162
0.521067 0.588695 0.315805
0.528252 0.582959 0.31187
0.527518 0.573522 0.308646
0.532614 0.574084 0.30006
0.541723 0.574908 0.296016
0.541324 0.570015 0.304728
0.544632 0.563814 0.311842
0.543436 0.556522 0.318579
0.540973 0.549151 0.324873
0.538324 0.551612 0.315549
0.538145 0.5442 0.308839
0.544537 0.541364 0.315988
0.550586 0.54931 0.316514
0.552068 0.557242 0.310608
0.54315 0.56117 0.308363
0.538778 0.567323 0.314922
0.52923 0.569211 0.317219
0.534814 0.560916 0.317143
0.525015 0.559559 0.31861
0.522762 0.551008 0.313941
0.520576 0.544944 0.321586
0.51787 0.548912 0.312815
0.516325 0.541102 0.318866
0.507039 0.541967 0.322474
0.51068 0.53266 0.322813
0.509047 0.53493 0.313212
0.509571 0.544421 0.316315
0.518689 0.541543 0.313385
0.511921 0.54859 0.311253
0.511481 0.538901 0.313689
0.502735 0.534665 0.316048
0.511344 0.531931 0.311758
0.51659 0.540388 0.31077
0.51925 0.531055 0.313183
0.514546 0.527178 0.32111
0.511933 0.534834 0.315232
0.509178 0.540779 0.307677
0.501451 0.536774 0.312602
0.495889 0.530287 0.317797
0.505458 0.533003 0.316767
0.502357 0.542064 0.313889
0.500261 0.550679 0.309264
0.492876 0.556255 0.305474
0.498915 0.550843 0.299623
0.50252 0.542349 0.295767
0.495009 0.537277 0.299994
0.494271 0.541647 0.291029
0.485061 0.537757 0.291247
0.481916 0.530594 0.285018
0.485802 0.535513 0.277227
0.488036 0.533981 0.286853
0.495136 0.541009 0.286413
0.504689 0.542071 0.289169
0.499796 0.545218 0.297302
0.491764 0.547764 0.291916
0.496614 0.555144 0.296607
0.486788 0.555724 0.294846
0.491047 0.548951 0.288846
0.484839 0.543533 0.283181
0.47663 0.549184 0.282356
0.470024 0.541691 0.281882
0.477673 0.544871 0.287485
0.486683 0.541256 0.285088
0.496597 0.542441 0.28565
0.495903 0.541798 0.275695
0.492211 0.534729 0.281729
0.487163 0.538212 0.27383
0.484326 0.547801 0.273745
0.476789 0.548851 0.280233
0.481814 0.543462 0.286994
0.472614 0.540172 0.289124
0.468517 0.548085 0.293662
0.468945 0.549923 0.283842
0.474627 0.547434 0.275998
0.469906 0.549105 0.267342
0.471202 0.545956 0.25794
0.476441 0.537529 0.259182
0.467173 0.533947 0.258047
0.458547 0.528918 0.258585
0.460853 0.532216 0.26774
0.459669 0.541409 0.263986
0.461991 0.550025 0.2685
0.455337 0.542669 0.267224
0.459722 0.535263 0.272316
0.462388 0.531739 0.281286
0.465865 0.536802 0.289178
0.463718 0.527699 0.292717
0.463814 0.532523 0.283958
0.459508 0.528859 0.27571
0.451275 0.527768 0.270139
0.450107 0.536513 0.265431
0.45324 0.531049 0.273199
0.458218 0.52575 0.280064
0.456634 0.527546 0.289773
0.462189 0.52144 0.284129
0.4625 0.518205 0.274671
0.455364 0.516878 0.267792
0.456928 0.521746 0.276386
0.457483 0.52824 0.268801
0.454476 0.533935 0.261151
0.448997 0.530433 0.253554
0.456853 0.527872 0.259187
0.456805 0.531507 0.249871
0.453369 0.526456 0.257788
0.445571 0.523784 0.263449
0.444423 0.523403 0.273376
0.445631 0.532686 0.269861
0.452252 0.539956 0.268043
0.446408 0.538014 0.275921
0.449648 0.543118 0.267956
0.458568 0.539895 0.271123
0.463321 0.532434 0.275787
0.459071 0.537589 0.283228
0.453017 0.542255 0.276781
0.451028 0.551018 0.281167
0.44901 0.545053 0.288935
0.440354 0.541115 0.285842
0.447118 0.547775 0.288988
0.446713 0.538217 0.286077
0.454783 0.536818 0.291814
0.459333 0.530514 0.298104
0.462224 0.527598 0.288986
0.468332 0.533473 0.283679
0.463817 0.524729 0.285455
0.46585 0.531796 0.278678
0.474223 0.528885 0.27405
0.47103 0.519559 0.272366
0.465427 0.516283 0.264759
0.456896 0.512367 0.261314
0.457918 0.508452 0.270459
0.45405 0.501862 0.276909
0.456686 0.506277 0.285485
0.446765 0.506232 0.286742
0.454323 0.512577 0.288361
0.448528 0.506449 0.293734
0.442191 0.504263 0.286313
0.446551 0.505604 0.295212
0.442713 0.503202 0.286296
0.433841 0.507728 0.28719
0.435215 0.508904 0.277355
0.436648 0.505682 0.286712
0.443014 0.507159 0.279143
0.451216 0.501922 0.281447
0.446705 0.503002 0.272587
0.441894 0.506735 0.280518
0.439759 0.499455 0.274004
0.447577 0.495868 0.268902
0.441132 0.502338 0.264829
0.434015 0.506533 0.270464
0.437029 0.497594 0.273783
0.444217 0.492057 0.277987
0.445763 0.496385 0.286868
0.450075 0.497186 0.277881
0.447345 0.494066 0.286981
0.448002 0.493432 0.277023
0.456492 0.495596 0.272201
0.464773 0.498751 0.267568
0.461487 0.50192 0.276465
0.46044 0.510777 0.280988
0.451418 0.513621 0.284229
0.450229 0.503844 0.282497
0.457863 0.508414 0.287062
0.465029 0.510838 0.280521
0.469122 0.506452 0.272521
0.478961 0.507605 0.271152
0.488671 0.505277 0.271698
0.485879 0.504442 0.262132
0.484447 0.503195 0.252314
0.474926 0.501238 0.249966
0.479804 0.497352 0.242149
0.481331 0.487517 0.243125
0.488603 0.487132 0.249978
0.487785 0.495803 0.25489
0.480807 0.48963 0.258522
0.49032 0.491225 0.261162
0.488122 0.489504 0.251559
0.484499 0.498517 0.249187
0.478081 0.506145 0.249972
0.474724 0.511364 0.242129
0.477886 0.520793 0.243175
0.479848 0.510988 0.243098
0.477224 0.507434 0.25207
0.472448 0.515968 0.249982
0.480252 0.518941 0.255483
0.471585 0.523468 0.253389
0.479644 0.523971 0.247491
0.48707 0.524118 0.254186
0.478638 0.520952 0.24984
0.482409 0.521874 0.240625
0.486223 0.514176 0.235507
0.483277 0.518087 0.244226
0.483781 0.525838 0.250525
0.47619 0.521016 0.24615
0.474288 0.51614 0.254671
0.477334 0.5128 0.245751
0.480957 0.519893 0.251798
0.478833 0.521299 0.242128
0.485316 0.520565 0.249706
0.49414 0.524119 0.246622
0.493572 0.514151 0.247188
0.496181 0.515609 0.256731
0.491721 0.511347 0.264602
0.483444 0.516006 0.267731
0.480093 0.525368 0.266672
0.490091 0.525353 0.266433
0.499374 0.522883 0.263655
0.496667 0.51436 0.259178
0.492163 0.517189 0.267647
0.493619 0.507348 0.268665
0.501957 0.502163 0.270557
0.50774 0.510312 0.270178
0.499746 0.513583 0.265138
0.492166 0.513785 0.258619
0.483943 0.50915 0.261923
0.485852 0.503485 0.26994
0.491581 0.495397 0.268611
0.500588 0.499679 0.269344
0.502206 0.49218 0.262929
0.512127 0.490974 0.262588
0.521608 0.488283 0.264281
0.527251 0.496538 0.264392
0.528799 0.495785 0.254541
0.527137 0.505568 0.255778
0.523466 0.507515 0.264874
0.519953 0.500158 0.270665
0.51322 0.502715 0.277603
0.514818 0.504479 0.26789
0.511882 0.507516 0.258826
0.506592 0.502788 0.265873
0.512012 0.494501 0.267275
0.509999 0.503482 0.263363
0.501902 0.498188 0.260831
0.504642 0.502923 0.269202
0.502925 0.512525 0.266999
0.498918 0.512378 0.27616
0.498522 0.502386 0.276242
0.499601 0.512194 0.27462
0.503028 0.51159 0.265245
0.506774 0.506772 0.273167
0.505782 0.496822 0.27325
0.510019 0.504565 0.277949
0.502991 0.497477 0.277345
0.505486 0.493427 0.286142
0.501191 0.496768 0.294532
0.509021 0.498902 0.300375
0.505771 0.497381 0.309709
0.504027 0.493213 0.300788
0.512361 0.498729 0.301125
0.519349 0.500753 0.294264
0.523817 0.493917 0.300036
0.519363 0.491948 0.30877
0.509677 0.490688 0.310914
0.51759 0.496663 0.312214
0.524856 0.497007 0.319076
0.534376 0.496854 0.316016
0.537602 0.489722 0.309793
0.537569 0.493388 0.319097
0.528558 0.496598 0.322013
0.528251 0.495006 0.33188
0.528188 0.49755 0.32221
0.532663 0.504719 0.327556
0.524837 0.499899 0.323616
0.526242 0.490591 0.326991
0.532165 0.498333 0.329223
0.523976 0.504062 0.329548
0.528983 0.509623 0.322914
0.532979 0.518669 0.324394
0.54263 0.521241 0.324897
0.536811 0.522669 0.316891
0.534529 0.523344 0.326604
0.54385 0.522194 0.330039
0.549726 0.529463 0.333596
0.554222 0.520591 0.332564
0.564014 0.51941 0.334214
0.565473 0.525596 0.341935
0.57 0.533445 0.337704
0.56246 0.539493 0.335141
0.555032 0.534891 0.330277
0.564174 0.538512 0.328459
0.556392 0.543712 0.33198
0.555797 0.548158 0.340918
0.552168 0.547316 0.350198
0.552982 0.5378 0.347236
0.545569 0.544291 0.348943
0.540301 0.542679 0.357289
0.547415 0.535655 0.357052
0.556903 0.532503 0.357263
0.5657 0.529727 0.361123
0.55853 0.534896 0.365801
0.551858 0.538723 0.372191
0.551525 0.528785 0.373257
0.555635 0.519689 0.372655
0.553762 0.517125 0.382137
0.546662 0.519624 0.388721
0.550533 0.528198 0.392113
0.549618 0.534638 0.384518
0.559042 0.531862 0.382652
0.55569 0.540708 0.385894
0.5652 0.538667 0.38822
0.563722 0.531055 0.394535
0.570487 0.525555 0.399432
0.576154 0.528513 0.407122
0.570366 0.520673 0.404879
0.566705 0.528483 0.409938
0.557475 0.531336 0.407355
0.560337 0.521783 0.408094
0.562097 0.51205 0.406618
0.56939 0.505807 0.40382
0.576035 0.502146 0.397305
0.582368 0.509739 0.395809
0.590622 0.508604 0.390279
0.589688 0.49881 0.388492
0.592573 0.50182 0.397581
0.584932 0.506709 0.393372
0.586724 0.511063 0.402195
0.584212 0.516341 0.394081
0.590125 0.524159 0.392103
0.586777 0.531892 0.397488
0.596445 0.531537 0.400017
0.595288 0.529011 0.39041
0.60128 0.521015 0.390802
0.600998 0.5137 0.383989
0.598732 0.511432 0.393461
0.602188 0.51761 0.386398
0.593966 0.52295 0.384428
0.599126 0.528055 0.391306
0.593848 0.534466 0.385734
0.591824 0.534671 0.395525
0.590789 0.543648 0.399807
0.588577 0.537486 0.392248
0.589929 0.5442 0.399535
0.59075 0.534635 0.396733
0.598666 0.53609 0.390799
0.607346 0.53704 0.385925
0.607763 0.546813 0.388003
0.616664 0.542595 0.389727
0.607115 0.543938 0.387079
0.60457 0.551136 0.380621
0.613885 0.547629 0.381584
0.620542 0.550877 0.388301
0.616167 0.549701 0.397216
0.612447 0.545322 0.405401
0.604002 0.544804 0.400069
0.601892 0.546853 0.409627
0.606228 0.538299 0.412463
0.599671 0.537264 0.419943
0.598236 0.537881 0.42982
0.600537 0.542604 0.438328
0.609366 0.539669 0.434664
0.613503 0.533411 0.441276
0.618729 0.537529 0.43381
0.622644 0.546391 0.431335
0.613595 0.550647 0.43147
0.605527 0.555945 0.434083
0.610292 0.547153 0.433992
0.615491 0.554381 0.438544
0.612127 0.548827 0.430939
0.607686 0.555317 0.437117
0.60184 0.554824 0.42902
0.598505 0.564027 0.426974
0.60588 0.557887 0.424163
0.604048 0.558523 0.433973
0.606697 0.567345 0.430081
0.608977 0.576358 0.433764
0.618265 0.580008 0.434394
0.616072 0.570311 0.43547
0.61643 0.579873 0.438375
0.618857 0.571568 0.433362
0.624534 0.577719 0.438834
0.63141 0.577504 0.446091
0.633632 0.571064 0.453412
0.631397 0.580811 0.453423
0.636175 0.573242 0.457882
0.642856 0.56884 0.463881
0.641116 0.572173 0.473147
0.64169 0.577627 0.481509
0.637549 0.582205 0.473642
0.647474 0.582978 0.472688
0.650393 0.583635 0.463146
0.645618 0.58798 0.455509
0.643637 0.593707 0.463464
0.640158 0.591174 0.472491
0.64032 0.601164 0.472893
0.637136 0.610146 0.475925
0.641265 0.601495 0.478773
0.633213 0.607234 0.480265
0.628114 0.6028 0.487636
0.634938 0.610097 0.488053
0.625016 0.609149 0.488864
0.622878 0.604265 0.497324
0.613325 0.607095 0.498185
0.617024 0.607236 0.507475
0.612648 0.612592 0.514698
0.618616 0.620386 0.516603
0.61211 0.626038 0.521676
0.609215 0.620575 0.529535
0.604143 0.629018 0.527809
0.595585 0.62509 0.524441
0.600545 0.630542 0.517683
0.595108 0.622876 0.521098
0.586609 0.628134 0.520758
0.589418 0.636889 0.52469
0.580175 0.633472 0.522993
0.579345 0.632565 0.513069
0.582998 0.640998 0.517012
0.582015 0.631055 0.516605
0.586989 0.624786 0.522602
0.582046 0.626912 0.514173
0.572237 0.627696 0.515953
0.572991 0.629522 0.525756
0.566114 0.623237 0.522122
0.56726 0.633169 0.522336
0.560786 0.6259 0.520044
0.556111 0.634132 0.516824
0.556209 0.624783 0.520373
0.553664 0.634154 0.517984
0.546827 0.638997 0.523444
0.540315 0.643683 0.529414
0.536886 0.652889 0.531282
0.542307 0.652298 0.522899
0.548645 0.659196 0.526401
0.546149 0.668636 0.528556
0.536293 0.669559 0.529973
0.544921 0.6648 0.531678
0.550584 0.657924 0.527133
0.545884 0.666751 0.527119
0.544366 0.659517 0.520383
0.548349 0.650561 0.522365
0.553515 0.659095 0.523065
0.555119 0.651943 0.529868
0.555282 0.65087 0.539808
0.560435 0.644127 0.545099
0.566062 0.650827 0.549942
0.570193 0.648193 0.541224
0.573131 0.639025 0.543927
0.567668 0.644226 0.537362
0.56307 0.653049 0.536354
0.571074 0.651133 0.530674
0.565638 0.653767 0.538643
0.557444 0.648667 0.541261
0.552576 0.654901 0.535142
0.549648 0.646471 0.539653
0.540492 0.64921 0.53671
0.547658 0.643991 0.541337
0.547384 0.640711 0.550779
0.544479 0.635214 0.558611
0.549016 0.63415 0.567459
0.548397 0.631966 0.55772
0.544496 0.636731 0.549841
0.550484 0.639385 0.557397
0.541269 0.637171 0.560588
0.549397 0.637471 0.566406
0.542525 0.644714 0.566971
0.537334 0.653151 0.568341
0.53089 0.656152 0.575374
0.522943 0.650256 0.576814
0.515794 0.647928 0.583408
0.515343 0.652731 0.574648
0.51637 0.64445 0.569137
0.524168 0.646443 0.57507
0.532563 0.642981 0.579258
0.529901 0.650658 0.573428
0.536424 0.657764 0.570791
0.531087 0.652183 0.577145
0.531059 0.65268 0.587132
0.530883 0.662632 0.588097
0.525429 0.669432 0.592997
0.520038 0.667822 0.58473
0.516266 0.660561 0.590479
0.514101 0.670152 0.588654
0.507824 0.677924 0.58911
0.505057 0.670046 0.594613
0.513923 0.674438 0.593164
0.505324 0.672319 0.588519
0.50356 0.682135 0.589247
0.509642 0.675153 0.585469
0.512516 0.665623 0.584512
0.503971 0.666086 0.579339
0.497833 0.658194 0.579096
0.49226 0.649941 0.578191
0.488336 0.657571 0.573055
0.490653 0.66614 0.577658
0.483 0.66222 0.582763
0.479036 0.654377 0.577991
0.472773 0.651104 0.585067
0.47912 0.656233 0.579286
0.474903 0.655239 0.588298
0.467665 0.660819 0.592356
0.467268 0.66397 0.582874
0.468298 0.655239 0.578109
0.459881 0.657182 0.583147
0.462797 0.648266 0.586612
0.471153 0.643527 0.583835
0.466676 0.637277 0.57744
0.45763 0.633364 0.579131
0.450764 0.630019 0.572677
0.45482 0.621262 0.575295
0.455554 0.619674 0.565449
0.454458 0.609799 0.564318
0.456269 0.600404 0.567228
0.448054 0.604644 0.571041
0.457743 0.604132 0.568617
0.452566 0.609207 0.56173
0.459685 0.603316 0.557907
0.46731 0.600013 0.563469
0.465194 0.594057 0.55572
0.47511 0.593083 0.556561
0.479528 0.602021 0.555783
0.488069 0.596824 0.556
0.480161 0.60056 0.551153
0.479109 0.598141 0.541507
0.472704 0.60478 0.537649
0.480993 0.599364 0.53905
0.481422 0.589683 0.536581
0.490793 0.586566 0.538152
0.48807 0.591239 0.529741
0.493078 0.582987 0.532353
0.501151 0.578126 0.535699
0.491838 0.580793 0.53322
0.501295 0.581798 0.53013
0.496627 0.573711 0.526551
0.504568 0.571431 0.520916
0.513161 0.572457 0.515906
0.505857 0.571324 0.522642
0.513595 0.568664 0.52839
0.516109 0.55934 0.525794
0.521616 0.556893 0.517814
0.517735 0.554596 0.508889
0.52138 0.552414 0.499836
0.511715 0.549851 0.499915
0.516104 0.55394 0.491914
0.51957 0.546247 0.486546
0.514593 0.554761 0.488203
0.511539 0.563103 0.483611
0.506611 0.562219 0.474955
0.500748 0.563456 0.48296
0.503685 0.553968 0.484121
0.498851 0.561193 0.479178
0.491327 0.567338 0.476807
0.493824 0.576206 0.480697
0.501672 0.578011 0.474769
0.498428 0.570763 0.480846
0.497821 0.560807 0.480135
0.489402 0.56618 0.48064
0.482948 0.573735 0.481761
0.483192 0.563887 0.480045
0.474555 0.568529 0.482004
0.475964 0.565028 0.491264
0.480635 0.573736 0.489731
0.486557 0.56949 0.496579
0.487894 0.579245 0.494828
0.483549 0.57839 0.485862
0.488879 0.575046 0.47809
0.484825 0.579735 0.485937
0.494566 0.580563 0.483834
0.486758 0.586724 0.482799
0.477619 0.584482 0.479414
0.468877 0.58895 0.481319
0.462971 0.58297 0.475901
0.46647 0.590941 0.47098
0.466299 0.591243 0.480974
0.475272 0.592964 0.485039
0.465614 0.5951 0.486506
0.463038 0.59253 0.495821
0.457708 0.595726 0.487986
0.460597 0.587017 0.491962
0.453861 0.591581 0.486149
0.46131 0.58821 0.491907
0.461296 0.578531 0.489393
0.454711 0.584141 0.484376
0.456979 0.5808 0.493525
0.448662 0.57568 0.491376
0.440253 0.573377 0.496273
0.430438 0.572289 0.494695
0.421509 0.569079 0.491538
0.423235 0.559427 0.493503
0.428242 0.560498 0.502093
0.435823 0.562485 0.495883
0.429444 0.562895 0.503572
0.421624 0.563677 0.509756
0.41356 0.557937 0.511178
0.412355 0.567418 0.514121
0.417564 0.559745 0.517861
0.409315 0.56537 0.517296
0.406072 0.564401 0.507887
0.399507 0.562563 0.500571
0.391233 0.557049 0.499502
0.388511 0.566664 0.499138
0.391906 0.565758 0.5085
0.393654 0.55956 0.51615
0.3858 0.559535 0.522339
0.377417 0.560518 0.516975
0.368808 0.556916 0.520567
0.368267 0.556396 0.530539
0.372723 0.54745 0.530869
0.367327 0.543473 0.538289
0.372297 0.552142 0.538659
0.367998 0.561012 0.540339
0.369058 0.555752 0.531901
0.367183 0.548223 0.53821
0.359514 0.542493 0.541101
0.368494 0.546428 0.539132
0.36194 0.54881 0.531966
0.370975 0.544659 0.533024
0.374988 0.553419 0.530347
0.377156 0.55437 0.540062
0.369544 0.547887 0.539911
0.376707 0.545895 0.546598
0.370477 0.541078 0.552762
0.374419 0.550103 0.551026
0.37476 0.549111 0.541081
0.368802 0.556828 0.538857
0.372504 0.548564 0.534616
0.377744 0.551096 0.526484
0.381401 0.549056 0.535565
0.382857 0.554059 0.52703
0.392057 0.553684 0.523127
0.387045 0.547865 0.529532
0.380642 0.542683 0.523863
0.378618 0.546505 0.532879
0.385239 0.552638 0.528573
0.375976 0.549392 0.530486
0.382936 0.555971 0.533365
0.373268 0.558488 0.533808
0.37004 0.549391 0.531196
0.374242 0.543004 0.524751
0.364636 0.540281 0.524199
0.368248 0.540125 0.533523
0.373039 0.548892 0.533078
0.373457 0.540505 0.538508
0.366995 0.537021 0.531719
0.362084 0.528787 0.534562
0.37195 0.529624 0.533162
0.374933 0.534281 0.52483
0.373331 0.535378 0.53464
0.38088 0.533951 0.528239
0.371256 0.534641 0.530866
0.381117 0.535853 0.532005
0.387832 0.543263 0.532007
0.389911 0.552989 0.533048
0.386326 0.553418 0.542373
0.385681 0.545109 0.536845
0.392158 0.551698 0.533018
0.382697 0.549636 0.530519
0.379326 0.54545 0.538952
0.380439 0.547321 0.529192
0.377982 0.555989 0.524854
0.381226 0.565184 0.522631
0.388834 0.564232 0.529051
0.398085 0.566788 0.526245
0.390292 0.561691 0.5226
0.383708 0.554471 0.524724
0.377701 0.549864 0.51819
0.369391 0.55384 0.52208
0.35979 0.552706 0.519522
0.36269 0.553948 0.529011
0.364559 0.550478 0.51982
0.359335 0.5508 0.511299
0.349432 0.552155 0.511002
0.35781 0.557486 0.509825
0.365657 0.551649 0.507736
0.372162 0.55325 0.51516
0.372662 0.546675 0.507642
0.373209 0.538307 0.502195
0.372444 0.5371 0.512092
0.365054 0.543829 0.512428
0.372903 0.547937 0.507789
0.370094 0.557218 0.505344
0.373554 0.555783 0.496072
0.374667 0.547182 0.50105
0.379789 0.554744 0.505123
0.370544 0.558332 0.503836
0.372358 0.552322 0.496052
0.368982 0.548791 0.504778
0.36972 0.556267 0.511379
0.368489 0.548453 0.517496
0.360682 0.551093 0.52316
0.361141 0.551123 0.533149
0.356872 0.559448 0.529618
0.352531 0.560359 0.53858
0.350482 0.556789 0.529467
0.351241 0.554798 0.519697
0.341832 0.555102 0.523069
0.333779 0.552341 0.517821
0.34369 0.553258 0.518784
0.343221 0.55314 0.528772
0.345225 0.546339 0.521721
0.346916 0.538036 0.527031
0.338263 0.534747 0.52325
0.347816 0.536139 0.525859
0.342915 0.533706 0.534229
0.335637 0.539628 0.537685
0.335192 0.54288 0.547132
0.340348 0.55006 0.542456
0.348342 0.544964 0.545638
0.340675 0.551299 0.546686
0.33501 0.555565 0.553737
0.339511 0.563676 0.550001
0.344672 0.569761 0.543973
0.354284 0.57248 0.544433
0.350494 0.567917 0.552484
0.359428 0.567738 0.556973
0.352325 0.566356 0.563874
0.344423 0.562988 0.568995
0.344903 0.554538 0.574321
0.335503 0.552902 0.571327
0.338838 0.544964 0.56624
0.344595 0.551846 0.570655
0.353103 0.549134 0.575157
0.355128 0.555827 0.568009
0.364288 0.552436 0.565861
0.370675 0.546912 0.560505
0.373196 0.553584 0.567515
0.380127 0.559079 0.562851
0.371621 0.556008 0.567119
0.381208 0.557094 0.569748
0.383044 0.551752 0.561496
0.390989 0.551757 0.567569
0.388788 0.549812 0.577128
0.392921 0.554984 0.569633
0.400165 0.550188 0.564681
0.401544 0.544781 0.572979
0.397453 0.548918 0.564846
0.389929 0.555457 0.564054
0.395204 0.548325 0.559437
0.392172 0.540029 0.554748
0.391611 0.540361 0.564727
0.396521 0.548485 0.567874
0.403207 0.555172 0.564621
0.399256 0.563272 0.568954
0.404766 0.558731 0.561953
0.413056 0.562853 0.565733
0.409209 0.570422 0.560451
0.409752 0.564853 0.568739
0.414021 0.556793 0.57284
0.420044 0.549149 0.575138
0.419807 0.557849 0.580063
0.429677 0.5577 0.581664
0.421513 0.562715 0.5788
0.421047 0.565396 0.588423
0.425549 0.556904 0.591183
0.427399 0.547077 0.591305
0.437109 0.544737 0.591788
0.443732 0.539979 0.585999
0.445165 0.535091 0.577393
0.448339 0.53986 0.569197
0.449124 0.546898 0.576257
0.447222 0.548466 0.566566
0.439621 0.544968 0.572042
0.448291 0.546835 0.567423
0.456733 0.548541 0.562341
0.462778 0.551981 0.569526
0.461705 0.55624 0.57851
0.454164 0.562793 0.578069
0.449204 0.568437 0.57147
0.458972 0.568804 0.573581
0.458991 0.558825 0.572933
0.468923 0.558326 0.571887
0.476163 0.55533 0.565673
0.486161 0.555354 0.565862
0.488247 0.554042 0.556171
0.480451 0.550801 0.561529
0.476423 0.543053 0.556656
0.47934 0.535836 0.562933
0.487106 0.539578 0.557865
0.495509 0.535569 0.554216
0.491979 0.544574 0.556755
0.490391 0.549771 0.56515
0.496116 0.557244 0.561779
0.497441 0.552708 0.570592
0.493027 0.54542 0.565359
0.492031 0.546692 0.55549
0.500039 0.548401 0.56123
0.509054 0.545581 0.557946
0.505423 0.545131 0.548639
0.49971 0.551566 0.553733
0.497587 0.56131 0.552995
0.499332 0.554296 0.559905
0.492084 0.549743 0.554735
0.499093 0.547541 0.547951
0.503225 0.556559 0.546683
0.503188 0.555238 0.556595
0.501992 0.56497 0.558563
0.510248 0.562858 0.553331
0.503287 0.566502 0.547145
0.499109 0.557661 0.545049
0.500171 0.559529 0.554815
0.495468 0.565369 0.548199
0.502193 0.558713 0.551434
0.507547 0.551022 0.554926
0.5061 0.541318 0.552991
0.504293 0.542259 0.543201
0.50303 0.552093 0.544505
0.495779 0.558607 0.546739
0.498826 0.549613 0.549874
0.502178 0.540192 0.549865
0.498277 0.539064 0.559003
0.501563 0.536055 0.567955
0.494057 0.536147 0.574563
0.487075 0.543284 0.575111
0.483252 0.552187 0.577587
0.486155 0.549539 0.586782
0.495798 0.552139 0.586286
0.494991 0.54757 0.595145
0.501862 0.552746 0.600242
0.505416 0.54406 0.603694
0.496967 0.541107 0.599234
0.489846 0.547918 0.597531
0.485785 0.546989 0.606622
0.488218 0.537684 0.603882
0.488423 0.536477 0.593957
0.48785 0.526697 0.591955
0.494722 0.521489 0.586889
0.49367 0.513518 0.592836
0.484297 0.510489 0.594557
0.489249 0.503961 0.600291
0.489789 0.505067 0.610215
0.497255 0.498441 0.609633
0.505849 0.495461 0.613789
0.513618 0.496887 0.619922
0.506688 0.499085 0.613056
0.500228 0.498264 0.605466
0.49317 0.502039 0.599472
0.497457 0.493909 0.603412
0.494613 0.48625 0.609179
0.488141 0.479111 0.606509
0.49754 0.47847 0.609861
0.507037 0.475805 0.608214
0.506997 0.483043 0.601314
0.513821 0.489756 0.604206
0.518598 0.482793 0.598848
0.510941 0.48848 0.595844
0.516596 0.491062 0.588011
0.522998 0.483759 0.590395
0.529272 0.4763 0.588159
0.534706 0.483069 0.583194
0.53609 0.478645 0.592055
0.535848 0.469398 0.588255
0.528844 0.469957 0.595371
0.518974 0.46916 0.593977
0.519966 0.478328 0.590109
0.51993 0.487088 0.594931
0.51523 0.487139 0.603757
0.524119 0.491653 0.602983
0.521486 0.484248 0.596799
0.521394 0.481865 0.587087
0.514146 0.481115 0.580239
0.512282 0.490287 0.583758
0.521455 0.48692 0.581635
0.530351 0.489104 0.585649
0.523623 0.483238 0.581139
0.532144 0.487065 0.58471
0.522606 0.484196 0.585604
0.528148 0.487926 0.593046
0.537535 0.484516 0.593544
0.542895 0.478591 0.599557
0.539711 0.487415 0.603021
0.535876 0.478846 0.599575
0.542701 0.483881 0.604873
0.542221 0.490382 0.59729
0.543434 0.480918 0.600283
0.534157 0.482878 0.597105
0.54344 0.479586 0.598832
0.54653 0.482058 0.608015
0.551064 0.489101 0.613479
0.55512 0.498238 0.613717
0.558086 0.48912 0.610879
0.562883 0.480351 0.611191
0.560226 0.489506 0.608172
0.55904 0.480176 0.604775
0.557009 0.489944 0.604093
0.551 0.481955 0.604338
0.542309 0.481891 0.609285
0.551039 0.47874 0.613007
0.5483 0.479192 0.622614
0.54374 0.476363 0.614176
0.551511 0.476302 0.607882
0.547321 0.470393 0.600989
0.54247 0.466442 0.60879
0.545852 0.472193 0.616239
0.553772 0.477739 0.613688
0.554676 0.480854 0.604229
0.548587 0.474415 0.599596
0.554257 0.466723 0.602544
0.561948 0.472237 0.599315
0.557963 0.473309 0.608424
0.548661 0.476426 0.610367
0.539058 0.47643 0.60758
0.548434 0.479492 0.609227
0.540728 0.485525 0.607172
0.538087 0.494016 0.602598
0.5403 0.489869 0.611424
0.534219 0.493895 0.618266
0.533471 0.492846 0.628183
0.528419 0.485482 0.623683
0.521865 0.491843 0.619611
0.516348 0.49547 0.6121
0.523238 0.489732 0.607672
0.527615 0.48365 0.60105
0.534326 0.479195 0.595125
0.528005 0.481977 0.587892
0.53081 0.474826 0.594295
0.534664 0.483974 0.595503
0.539667 0.487042 0.587406
0.53235 0.480986 0.590536
0.535784 0.48824 0.584571
0.529873 0.483022 0.578421
0.526538 0.484874 0.569177
0.533466 0.486503 0.576202
0.532969 0.492431 0.568164
0.525512 0.48936 0.562251
0.524298 0.482791 0.55481
0.521123 0.474259 0.550671
0.530138 0.472458 0.546738
0.527823 0.48213 0.545699
0.531232 0.485226 0.554575
0.523118 0.491047 0.555101
0.517233 0.497463 0.550182
0.51583 0.505857 0.54493
0.518377 0.496286 0.543548
0.515456 0.486823 0.542163
0.50835 0.479922 0.540787
0.509527 0.480546 0.550698
0.517001 0.484503 0.545361
0.526581 0.482936 0.547767
0.533975 0.484083 0.5544
0.527426 0.47801 0.558898
0.529347 0.476707 0.568625
0.535649 0.484028 0.57121
0.53389 0.474328 0.569531
0.526329 0.468646 0.566283
0.528214 0.460239 0.561207
0.527783 0.465733 0.569551
0.52348 0.461634 0.577594
0.513688 0.460502 0.57928
0.518726 0.466095 0.585864
0.51404 0.459658 0.591915
0.523997 0.458732 0.591816
0.530106 0.463498 0.585494
0.537269 0.463478 0.578515
0.545922 0.462895 0.583493
0.544985 0.467785 0.57482
0.54745 0.473466 0.582671
0.555283 0.47903 0.579899
0.550387 0.484128 0.586973
0.547392 0.488342 0.595533
0.555543 0.493553 0.593001
0.550344 0.497292 0.600682
0.541584 0.497919 0.605465
0.54179 0.503065 0.596893
0.534958 0.50815 0.602134
0.535851 0.502843 0.593706
0.544259 0.499274 0.589634
0.542204 0.497541 0.599266
0.535199 0.496348 0.592231
0.534141 0.504598 0.597782
0.531046 0.513862 0.599927
0.521236 0.515113 0.598443
0.519188 0.511372 0.607488
0.512011 0.513546 0.614103
0.512381 0.51785 0.623122
0.512455 0.526018 0.62889
0.507542 0.530831 0.621631
0.499109 0.53078 0.627005
0.49413 0.539285 0.6287
0.49635 0.544086 0.620214
0.502664 0.541158 0.627394
0.507802 0.532613 0.626635
0.500724 0.531259 0.633568
0.50285 0.521704 0.635617
0.504821 0.528526 0.628576
0.509983 0.525154 0.636449
0.514013 0.527416 0.645317
0.51809 0.518816 0.648386
0.52651 0.513594 0.647036
0.526838 0.510729 0.656611
0.533251 0.517359 0.652751
0.535537 0.521611 0.643993
0.545327 0.520858 0.642098
0.542618 0.530337 0.643773
0.551773 0.534219 0.642719
0.561069 0.535729 0.639356
0.557206 0.542993 0.64504
0.555182 0.543473 0.654821
0.558553 0.534903 0.658719
0.55406 0.540114 0.665976
0.547738 0.532385 0.665437
0.550239 0.533162 0.655787
0.55367 0.530722 0.664857
0.548471 0.532679 0.673172
0.543961 0.534605 0.681887
0.534633 0.534401 0.685487
0.527035 0.535303 0.679048
0.533372 0.539052 0.672281
0.54063 0.532255 0.67334
0.539456 0.528323 0.664221
0.5338 0.523527 0.67093
0.531495 0.532516 0.674658
0.529973 0.542152 0.672461
0.53731 0.540539 0.679061
0.531466 0.545166 0.685727
0.533486 0.55474 0.687792
0.533984 0.545791 0.692227
0.528863 0.549497 0.684479
0.520198 0.553196 0.681126
0.514124 0.552877 0.689064
0.518628 0.550759 0.697738
0.522662 0.541613 0.697487
0.521451 0.54606 0.688612
0.528644 0.551441 0.684219
0.521092 0.544907 0.684748
0.523455 0.547532 0.694103
0.518577 0.555654 0.697303
0.515419 0.54617 0.697023
0.513791 0.548645 0.706574
0.504877 0.54414 0.707065
0.497019 0.538012 0.706223
0.506455 0.538395 0.702935
0.508906 0.548054 0.702106
0.503857 0.546652 0.693588
0.499709 0.551294 0.685763
0.505568 0.556006 0.67917
0.504045 0.559297 0.669851
0.507468 0.553054 0.662829
0.497893 0.551273 0.660561
0.504306 0.551367 0.652889
0.50632 0.542957 0.647867
0.498596 0.537625 0.651319
0.491893 0.53885 0.658637
0.49579 0.533233 0.651339
0.489095 0.527767 0.656369
0.494202 0.52022 0.652251
0.486154 0.521003 0.658135
0.483189 0.511453 0.658077
0.481247 0.517351 0.665915
0.472867 0.522152 0.668509
0.471466 0.519437 0.658987
0.468827 0.510657 0.654994
0.47596 0.506099 0.660318
0.477966 0.496343 0.659427
0.477324 0.486376 0.659919
0.474694 0.478178 0.654832
0.468482 0.483452 0.660628
0.460336 0.481402 0.655201
0.46454 0.474824 0.661451
0.471348 0.469237 0.666188
0.474993 0.478468 0.667416
0.471678 0.469158 0.665887
0.463052 0.473018 0.662618
0.468386 0.468227 0.669588
0.473001 0.470808 0.6611
0.470497 0.478866 0.655734
0.47711 0.472245 0.659261
0.467768 0.469634 0.661688
0.469454 0.47551 0.669602
0.47332 0.483034 0.674936
0.465218 0.488692 0.673404
0.469225 0.491167 0.664582
0.46149 0.494106 0.658967
0.470711 0.496304 0.655784
0.468496 0.506047 0.656207
0.459847 0.507244 0.661082
0.468069 0.505797 0.655577
0.47711 0.506141 0.651318
0.46833 0.502831 0.647859
0.463385 0.498694 0.655503
0.471074 0.504811 0.653645
0.470787 0.497755 0.660725
0.480272 0.499718 0.658238
0.478158 0.490331 0.655516
0.47026 0.487383 0.660895
0.464594 0.482087 0.654583
0.457332 0.481872 0.647711
0.453231 0.490963 0.648441
0.447402 0.497372 0.643447
0.438223 0.493557 0.642348
0.441455 0.487584 0.649688
0.442667 0.477758 0.648282
0.436161 0.472602 0.642708
0.439051 0.466103 0.635678
0.445327 0.47201 0.64075
0.439973 0.479798 0.637483
0.442888 0.481904 0.628151
0.448528 0.473661 0.628643
0.447671 0.475613 0.638414
0.457213 0.472624 0.638278
0.453726 0.467534 0.646148
0.457945 0.473855 0.639648
0.456933 0.469471 0.630717
0.451543 0.468656 0.622333
0.45558 0.475866 0.627967
0.464947 0.473721 0.625202
0.471316 0.477842 0.631718
0.469213 0.479493 0.622082
0.476033 0.485035 0.617309
0.466613 0.488365 0.61689
0.474393 0.491996 0.622016
0.471276 0.501209 0.62434
0.462073 0.504653 0.622483
0.457907 0.501766 0.613863
0.459325 0.507057 0.605496
0.456737 0.516628 0.604195
0.450963 0.508931 0.601472
0.460009 0.504969 0.603045
0.453469 0.505487 0.610592
0.453562 0.495546 0.609512
0.458207 0.502574 0.614899
0.454361 0.510614 0.610364
0.462604 0.515832 0.612559
0.47205 0.512661 0.6134
0.463199 0.516794 0.61554
0.466415 0.519479 0.62462
0.464931 0.525892 0.617092
0.45882 0.52397 0.62477
0.464925 0.531637 0.622786
0.459312 0.52648 0.616313
0.456081 0.519883 0.623098
0.453586 0.51102 0.627
0.445718 0.514752 0.631915
0.436054 0.51384 0.63432
0.440386 0.512598 0.625392
0.445188 0.517434 0.63271
0.444166 0.508017 0.629506
0.437188 0.515153 0.628885
0.446734 0.517553 0.630653
0.453147 0.522909 0.62516
0.460207 0.517691 0.620371
0.464033 0.52561 0.625131
0.455551 0.52352 0.629999
0.461913 0.522151 0.637591
0.456617 0.519086 0.6455
0.464693 0.516683 0.650887
0.46821 0.52598 0.649794
0.458236 0.52669 0.649725
0.453376 0.524602 0.641239
0.462333 0.520555 0.639402
0.453365 0.523165 0.642973
0.446897 0.515728 0.644662
0.443965 0.506452 0.642345
0.439737 0.503776 0.633688
0.448391 0.507986 0.636403
0.440016 0.503205 0.639049
0.438469 0.503281 0.62917
0.439213 0.508717 0.620809
0.447969 0.513545 0.620952
0.448938 0.511669 0.611177
0.457765 0.507838 0.608457
0.448186 0.504971 0.608343
0.447324 0.495054 0.609301
0.442864 0.488878 0.615779
0.436234 0.483215 0.620675
0.429899 0.481608 0.613106
0.434489 0.478465 0.604797
0.435332 0.485317 0.597562
0.435881 0.490888 0.605849
0.442187 0.496365 0.60035
0.436402 0.499041 0.608055
0.440537 0.508145 0.608196
0.439221 0.504966 0.617586
0.429385 0.504976 0.619388
0.424625 0.513712 0.620395
0.426497 0.514065 0.610578
0.423412 0.504699 0.608918
0.428659 0.502383 0.600726
0.422458 0.509716 0.603514
0.432063 0.507765 0.601526
0.425541 0.502852 0.595752
0.43481 0.499639 0.597693
0.437448 0.505472 0.59001
0.428866 0.508721 0.586037
0.433576 0.511623 0.577707
0.42734 0.518543 0.574072
0.429962 0.50935 0.577004
0.428257 0.513 0.567852
0.42596 0.503365 0.569229
0.430097 0.505427 0.560362
0.440003 0.504766 0.561562
0.44367 0.49803 0.567979
0.445142 0.507912 0.567543
0.450686 0.506728 0.559305
0.460615 0.50566 0.558776
0.460498 0.50094 0.56759
0.462231 0.506049 0.57601
0.46263 0.499722 0.568277
0.454209 0.498431 0.573513
0.448739 0.500641 0.565439
0.441013 0.502165 0.571601
0.446175 0.510672 0.570606
0.439389 0.503379 0.571476
0.446672 0.496535 0.571136
0.44755 0.505719 0.567278
0.451921 0.512459 0.573234
0.45908 0.514537 0.566568
0.462854 0.523578 0.568574
0.456077 0.517521 0.572743
0.462177 0.509606 0.57312
0.464537 0.501459 0.578417
0.473019 0.505819 0.581428
0.476925 0.496708 0.582749
0.468347 0.500123 0.586591
0.467265 0.496736 0.595938
0.474226 0.491009 0.59161
0.478952 0.484955 0.585206
0.474873 0.479371 0.577982
0.4714 0.476401 0.586876
0.47788 0.477302 0.579313
0.484905 0.484418 0.579349
0.478605 0.489406 0.5853
0.487616 0.489189 0.58963
0.4782 0.491585 0.591995
0.484452 0.485037 0.587747
0.491565 0.482813 0.581079
0.501108 0.484711 0.583386
0.497141 0.475895 0.585944
0.488347 0.474164 0.59038
0.485341 0.465069 0.593253
0.488526 0.474036 0.596328
0.486403 0.477444 0.58717
0.495051 0.472993 0.584848
0.502374 0.474111 0.57813
0.504889 0.483783 0.577793
0.509093 0.490633 0.571843
0.50592 0.499874 0.573977
0.509523 0.494324 0.581475
0.516678 0.487363 0.582052
0.520684 0.481962 0.574649
0.522894 0.477885 0.56579
0.528819 0.481297 0.573087
0.519168 0.480768 0.575652
0.51199 0.481731 0.582548
0.517427 0.489939 0.580797
0.514459 0.48223 0.586432
0.52359 0.486305 0.586243
0.531696 0.487122 0.580445
0.531829 0.481822 0.588924
0.533504 0.483148 0.598693
0.524453 0.486297 0.595837
0.527098 0.486826 0.605466
0.525306 0.494397 0.611748
0.529093 0.491818 0.620637
0.530957 0.500792 0.624635
0.528214 0.510343 0.625755
0.522729 0.518662 0.624904
0.516889 0.523261 0.631593
0.520799 0.514348 0.633887
0.519241 0.517987 0.624704
0.526326 0.524844 0.623034
0.529024 0.527596 0.613807
0.520455 0.523822 0.617318
0.526436 0.526989 0.624679
0.532665 0.520843 0.629519
0.526768 0.52393 0.636982
0.5191 0.527162 0.642528
0.515736 0.518925 0.647092
0.509163 0.516641 0.654274
0.510544 0.51283 0.663416
0.514664 0.506198 0.669665
0.510998 0.502981 0.678395
0.502371 0.498571 0.675923
0.493198 0.494893 0.674392
0.487308 0.493136 0.666504
0.478715 0.497334 0.669425
0.488127 0.495047 0.671912
0.488736 0.504335 0.668257
0.496371 0.504357 0.6618
0.490074 0.496599 0.662194
0.486512 0.497928 0.652945
0.481596 0.505378 0.657453
0.486011 0.497335 0.653475
0.493172 0.495706 0.646688
0.500981 0.489521 0.64581
0.506135 0.493405 0.653449
0.515888 0.49193 0.651808
0.521501 0.484388 0.655216
0.515431 0.479798 0.661703
0.514574 0.485989 0.653897
0.509533 0.489521 0.661778
0.50635 0.480441 0.659055
0.513819 0.474482 0.656102
0.507818 0.467369 0.659762
0.499927 0.470526 0.654492
0.507444 0.471386 0.661031
0.514078 0.464485 0.663925
0.521796 0.459246 0.660322
0.51257 0.456325 0.662844
0.511414 0.447509 0.658268
0.519436 0.449256 0.652559
0.524943 0.444372 0.659329
0.524577 0.450342 0.651315
0.520852 0.441076 0.650801
0.529388 0.437339 0.654429
0.525977 0.438528 0.645104
0.521022 0.446934 0.642918
0.517154 0.455843 0.640537
0.51202 0.456671 0.631996
0.509338 0.456458 0.622364
0.511962 0.465304 0.618509
0.510592 0.474392 0.614568
0.506816 0.47023 0.62284
0.513824 0.468347 0.629721
0.510327 0.460532 0.624555
0.501255 0.45785 0.621314
0.495466 0.462871 0.614889
0.49906 0.469707 0.608537
0.493606 0.477908 0.606806
0.495036 0.485778 0.612808
0.490766 0.480715 0.620301
0.499091 0.485101 0.616918
0.50562 0.490589 0.611696
0.496877 0.490996 0.616532
0.491911 0.482425 0.617903
0.496244 0.474703 0.613257
0.502139 0.470921 0.620394
0.497496 0.467474 0.612236
0.491579 0.473393 0.606764
0.484126 0.478557 0.610982
0.487419 0.469898 0.607218
0.477899 0.466988 0.608169
0.481587 0.464365 0.599251
0.474342 0.471163 0.598115
0.482964 0.474292 0.602097
0.487625 0.465456 0.602537
0.478292 0.468872 0.603645
0.476958 0.466299 0.594074
0.468119 0.463482 0.590342
0.458553 0.464722 0.592979
0.462794 0.456755 0.597284
0.458405 0.454346 0.605941
0.456609 0.448552 0.613891
0.461501 0.439871 0.614732
0.453381 0.437174 0.609555
0.455382 0.427548 0.607726
0.458887 0.43637 0.60458
0.456596 0.438515 0.614075
0.454683 0.429545 0.61806
0.453433 0.424865 0.609312
0.461001 0.422042 0.603417
0.452593 0.425274 0.607759
0.450364 0.428045 0.617106
0.45707 0.420987 0.614823
0.455371 0.422132 0.605035
0.450077 0.414006 0.607473
0.450041 0.404085 0.606217
0.446679 0.410965 0.599786
0.452648 0.416765 0.60533
0.453652 0.425376 0.600345
0.444917 0.426887 0.604973
0.443177 0.427197 0.59513
0.443187 0.417199 0.595318
0.444899 0.424893 0.601473
0.442666 0.428346 0.592357
0.444365 0.42857 0.602209
0.447424 0.419664 0.598844
0.454077 0.412288 0.600001
0.452134 0.405716 0.607283
0.458018 0.400672 0.613603
0.45987 0.391697 0.617606
0.458932 0.384065 0.623999
0.468352 0.387035 0.625562
0.466511 0.396853 0.625108
0.470315 0.405049 0.620823
0.467923 0.398531 0.613626
0.462795 0.391256 0.618184
0.47147 0.386769 0.620329
0.468407 0.379191 0.626091
0.461685 0.371874 0.624961
0.452659 0.369143 0.628288
0.449192 0.369196 0.637668
0.451727 0.361822 0.64393
0.454614 0.367093 0.651922
0.447369 0.362909 0.6574
0.453386 0.368134 0.651359
0.454987 0.362727 0.6431
0.463684 0.35962 0.639264
0.462188 0.36573 0.647038
0.46441 0.374105 0.642045
0.466504 0.368826 0.633813
0.473226 0.366247 0.640752
0.479006 0.358128 0.641572
0.486854 0.361654 0.636474
0.486129 0.35228 0.633068
0.482777 0.360264 0.638069
0.482107 0.355287 0.646716
0.483806 0.352773 0.637188
0.490359 0.349667 0.630302
0.483911 0.346897 0.623178
0.483536 0.356108 0.619305
0.483192 0.354562 0.629178
0.484418 0.363408 0.633677
0.482035 0.367728 0.624979
0.476522 0.375661 0.627562
0.478177 0.366 0.625579
0.480174 0.362498 0.63473
0.482759 0.353052 0.636752
0.486816 0.345077 0.641218
0.48485 0.337309 0.635235
0.476655 0.332034 0.637476
0.480152 0.334921 0.628564
0.482943 0.325375 0.627517
0.480944 0.323678 0.617867
0.479605 0.325421 0.608112
0.470644 0.322196 0.605064
0.469785 0.321269 0.614984
0.470761 0.326838 0.606735
0.47143 0.3252 0.616578
0.476909 0.320671 0.609544
0.482705 0.325528 0.603001
0.490123 0.332081 0.601576
0.490453 0.323249 0.606255
0.495914 0.319494 0.598768
0.505575 0.321999 0.5994
0.506566 0.331807 0.597723
0.498494 0.32813 0.60234
0.494607 0.320362 0.597386
0.490916 0.313095 0.60318
0.496838 0.307578 0.597308
0.489263 0.301068 0.597794
0.479487 0.302737 0.596515
0.487594 0.29736 0.594199
0.490112 0.291617 0.58641
0.484849 0.29081 0.577945
0.477424 0.297454 0.57709
0.48027 0.306559 0.57409
0.479074 0.296716 0.572794
0.483274 0.298772 0.581633
0.47345 0.300517 0.580953
0.47174 0.309593 0.57712
0.464897 0.313636 0.571052
0.461439 0.317447 0.579626
0.470898 0.314756 0.577813
0.467831 0.309969 0.569586
0.477322 0.308447 0.572345
0.469769 0.305648 0.578272
0.469487 0.300336 0.58674
0.467418 0.291687 0.582167
0.460033 0.285015 0.581197
0.457997 0.280011 0.572782
0.460796 0.270598 0.574674
0.452581 0.270499 0.580375
0.460553 0.275926 0.577731
0.468857 0.281283 0.576201
0.478677 0.282808 0.577311
0.482765 0.278184 0.585179
0.4859 0.280154 0.57589
0.479913 0.288127 0.576647
0.48984 0.287063 0.576093
0.49052 0.281106 0.584096
0.499527 0.285445 0.584321
0.505689 0.284186 0.576546
0.500256 0.28333 0.584897
0.495161 0.278227 0.591825
0.504604 0.280136 0.589145
0.510984 0.287684 0.590666
0.515029 0.296567 0.59284
0.519863 0.288103 0.590607
0.518434 0.284197 0.599701
0.511896 0.284603 0.592145
0.506166 0.286676 0.600074
0.506315 0.289544 0.609653
0.507824 0.284734 0.601016
0.509701 0.28088 0.591981
0.502611 0.273885 0.592869
0.493079 0.275802 0.590528
0.484768 0.272863 0.585808
0.479565 0.264343 0.586381
0.475455 0.262503 0.577453
0.466783 0.267484 0.577416
0.45849 0.272596 0.575162
0.451165 0.265802 0.574728
0.444759 0.261465 0.568392
0.44194 0.252298 0.571225
0.433972 0.254298 0.565523
0.440811 0.25078 0.571915
0.441758 0.255915 0.580444
0.434271 0.253655 0.586676
0.4255 0.255845 0.59095
0.423104 0.264056 0.59613
0.42176 0.264849 0.606007
0.412147 0.266121 0.608449
0.421068 0.261882 0.610013
0.424869 0.256488 0.602499
0.432159 0.250629 0.59896
0.422388 0.248506 0.598829
0.413869 0.250595 0.603632
0.40623 0.254532 0.608744
0.415355 0.256499 0.612332
0.414483 0.258352 0.62212
0.415235 0.268023 0.624552
0.422702 0.274577 0.625686
0.430209 0.277463 0.619743
0.434041 0.280358 0.628514
0.42604 0.28017 0.63451
0.427671 0.289146 0.630415
0.417962 0.287348 0.631999
0.427929 0.287897 0.632593
0.431035 0.29709 0.630177
0.42479 0.29434 0.637487
0.425697 0.30309 0.632731
0.433346 0.299002 0.637709
0.433856 0.295386 0.647018
0.438046 0.300163 0.65474
0.444576 0.293088 0.652037
0.442741 0.301875 0.656443
0.444574 0.298288 0.665596
0.438241 0.298815 0.657875
0.435113 0.290933 0.663175
0.427793 0.287693 0.669169
0.431996 0.280377 0.663803
0.433326 0.273228 0.656938
0.437121 0.279626 0.663621
0.433832 0.277963 0.654325
0.430156 0.286644 0.657659
0.427051 0.27837 0.65298
0.432032 0.270469 0.656553
0.429192 0.26348 0.663117
0.436312 0.26052 0.656749
0.439756 0.269867 0.655873
0.440627 0.260279 0.653171
0.443807 0.251865 0.648801
0.45296 0.254617 0.651741
0.44674 0.257887 0.644626
0.451651 0.251069 0.650048
0.454884 0.245241 0.642593
0.458637 0.241396 0.651028
0.452105 0.242184 0.658559
0.457851 0.234202 0.660369
0.4592 0.236651 0.650767
0.464063 0.242373 0.657371
0.454076 0.24202 0.657744
0.447102 0.240409 0.65076
0.447619 0.230709 0.648384
0.446623 0.222156 0.653468
0.451941 0.21543 0.648322
0.456885 0.218951 0.65627
0.458287 0.227288 0.650927
0.463933 0.224216 0.643266
0.454206 0.221983 0.64391
0.455842 0.228811 0.636789
0.453247 0.232343 0.645778
0.454799 0.241717 0.648897
0.445738 0.238521 0.65167
0.454154 0.236566 0.656705
0.453711 0.237649 0.646774
0.448957 0.229618 0.650364
0.453629 0.224494 0.657569
0.460049 0.224813 0.665229
0.461343 0.23424 0.668305
0.469997 0.239213 0.667684
0.470693 0.229461 0.665583
0.468147 0.221303 0.670776
0.461132 0.226954 0.675119
0.454476 0.220815 0.679365
0.451561 0.211338 0.678064
0.454843 0.218152 0.684606
0.459267 0.222947 0.677027
0.466249 0.220246 0.683656
0.457769 0.224327 0.687037
0.454361 0.227478 0.695895
0.460263 0.228356 0.68787
0.452425 0.230417 0.682011
0.45595 0.222128 0.686355
0.452735 0.230504 0.690772
0.460799 0.22692 0.686067
0.456581 0.2299 0.677504
0.459689 0.223369 0.684409
0.465023 0.228463 0.677656
0.46524 0.221128 0.670863
0.463789 0.223943 0.680348
0.4736 0.222306 0.681374
0.47584 0.21555 0.67435
0.484522 0.212175 0.677986
0.478434 0.205277 0.674069
0.480561 0.199283 0.666352
0.474818 0.202273 0.658731
0.476644 0.208494 0.651117
0.484427 0.208743 0.657392
0.480528 0.214609 0.664491
0.48504 0.206713 0.660332
0.484786 0.216638 0.659141
0.489491 0.225365 0.657832
0.483314 0.228639 0.664982
0.474409 0.229393 0.660495
0.471833 0.237793 0.66527
0.468951 0.247363 0.665606
0.472499 0.248229 0.674915
0.473533 0.245423 0.684457
0.468696 0.251281 0.69096
0.461089 0.257565 0.689335
0.4667 0.258418 0.697568
0.475709 0.255794 0.701026
0.466159 0.252902 0.701676
0.465096 0.243607 0.70521
0.471948 0.247842 0.699284
0.467698 0.25678 0.697856
0.474076 0.264257 0.696009
0.480141 0.270742 0.691408
0.486621 0.265822 0.685594
0.495604 0.267689 0.689572
0.493303 0.258287 0.687061
0.502026 0.25992 0.682452
0.506149 0.268784 0.684555
0.505428 0.276729 0.678525
0.502796 0.285135 0.683258
0.505702 0.275971 0.680509
0.504158 0.277867 0.690205
0.507941 0.28348 0.697566
0.504214 0.29226 0.694565
0.497055 0.285286 0.694214
0.499999 0.275855 0.692673
0.490198 0.274547 0.69118
0.491561 0.268717 0.68317
0.499504 0.274409 0.681047
0.493047 0.280961 0.684968
0.491396 0.276343 0.693683
0.486362 0.27959 0.70169
0.48182 0.286744 0.706999
0.477231 0.293256 0.713043
0.478704 0.289201 0.722064
0.48603 0.290659 0.715416
0.494709 0.289186 0.710672
0.48606 0.29082 0.705925
0.492713 0.297266 0.709691
0.494448 0.30388 0.702394
0.484691 0.305144 0.704183
0.482674 0.312939 0.698252
0.485063 0.319995 0.704924
0.481366 0.325802 0.697671
0.485096 0.31809 0.692512
0.481453 0.326774 0.689149
0.485003 0.336122 0.689004
0.488068 0.327109 0.685941
0.47823 0.32816 0.684489
0.474385 0.323222 0.692288
0.469596 0.329976 0.686681
0.459604 0.330345 0.686549
0.464847 0.323003 0.682234
0.467793 0.321875 0.691723
0.474625 0.32907 0.690476
0.475462 0.329043 0.700441
0.466723 0.333651 0.701986
0.463641 0.339748 0.709289
0.46645 0.349145 0.711241
0.464718 0.342649 0.718645
0.460126 0.335915 0.724437
0.450693 0.33432 0.721527
0.454636 0.342495 0.725725
0.452552 0.343805 0.716032
0.446299 0.347952 0.709422
0.442562 0.343819 0.701119
0.45055 0.340536 0.706159
0.459686 0.337333 0.708664
0.466166 0.337881 0.701067
0.461193 0.332277 0.70769
0.456036 0.327812 0.700378
0.464808 0.330367 0.704443
0.47051 0.324168 0.699052
0.474268 0.329633 0.706535
0.465373 0.327567 0.710611
0.465863 0.320846 0.718
0.462305 0.312235 0.714369
0.455916 0.314138 0.721823
0.464743 0.315262 0.71726
0.463771 0.30668 0.7223
0.471362 0.311578 0.726588
0.477383 0.304446 0.723
0.484377 0.306904 0.716288
0.478036 0.314195 0.718862
0.482474 0.30556 0.716466
0.483834 0.300771 0.725139
0.487651 0.293695 0.731086
0.493451 0.295593 0.723164
0.498448 0.288929 0.728698
0.50747 0.285554 0.726012
0.498369 0.289298 0.724237
0.497441 0.293168 0.733411
0.501817 0.284604 0.736152
0.511389 0.282868 0.73847
0.512503 0.279794 0.74792
0.521565 0.283274 0.750323
0.515088 0.281185 0.75765
0.51121 0.290288 0.759099
0.50878 0.29689 0.766206
0.51004 0.29156 0.75784
0.516443 0.297488 0.752955
0.511188 0.298107 0.76144
0.505486 0.290195 0.759228
0.511486 0.283499 0.754851
0.519141 0.2894 0.757416
0.524525 0.285039 0.764627
0.528409 0.276513 0.768124
0.535297 0.271417 0.762968
0.536585 0.281215 0.761442
0.542343 0.287621 0.766522
0.542597 0.296442 0.771226
0.548954 0.303433 0.774498
0.541514 0.297058 0.776497
0.544341 0.305162 0.771365
0.549918 0.312807 0.774598
0.555099 0.308272 0.78185
0.557481 0.302705 0.789808
0.55301 0.301528 0.798675
0.543661 0.298192 0.799886
0.538053 0.290704 0.803418
0.5353 0.297991 0.797147
0.531815 0.30081 0.788208
0.525837 0.303609 0.79572
0.517549 0.307258 0.791476
0.510991 0.310269 0.798399
0.51279 0.319047 0.79396
0.50513 0.3127 0.792944
0.513883 0.307942 0.792075
0.523162 0.309579 0.788727
0.531538 0.30769 0.783602
0.534287 0.317278 0.78432
0.537755 0.322808 0.776745
0.535685 0.32351 0.786503
0.535489 0.324783 0.796419
0.544992 0.325372 0.799478
0.541916 0.334839 0.800433
0.534629 0.330332 0.805588
0.544028 0.327947 0.803147
0.534509 0.32885 0.800221
0.526945 0.329912 0.806675
0.529544 0.339547 0.806041
0.529584 0.347303 0.812353
0.527173 0.339981 0.818723
0.525168 0.335885 0.809823
0.528961 0.34478 0.807276
0.532918 0.34187 0.798566
0.54064 0.3467 0.802694
0.531624 0.351026 0.802624
0.538595 0.350604 0.795467
0.540506 0.354993 0.786687
0.539905 0.348732 0.794461
0.548652 0.353148 0.792465
0.543137 0.345253 0.789772
0.535418 0.339501 0.787065
0.539196 0.345527 0.794094
0.547867 0.341024 0.796225
0.555342 0.334517 0.797562
0.556813 0.339332 0.806203
0.547023 0.340789 0.804776
0.550053 0.348364 0.798993
0.555265 0.35504 0.793676
0.550552 0.363738 0.795136
0.542373 0.36627 0.800302
0.541494 0.372714 0.792705
0.540773 0.365907 0.799996
0.546243 0.363075 0.792119
0.539615 0.367571 0.798105
0.546933 0.361897 0.80188
0.541897 0.355157 0.807284
0.549848 0.360219 0.803943
0.550378 0.369172 0.808366
0.551559 0.372249 0.817807
0.560432 0.367927 0.819411
0.565182 0.359633 0.81647
0.559824 0.353247 0.821993
0.551271 0.358364 0.82281
0.551807 0.354986 0.813413
0.559169 0.348287 0.814381
0.56727 0.342428 0.814186
0.560517 0.349284 0.811467
0.569847 0.351849 0.813992
0.566308 0.35926 0.819698
0.562936 0.350008 0.817955
0.560304 0.346216 0.826825
0.560407 0.352601 0.83452
0.564526 0.348318 0.842564
0.564426 0.358154 0.840758
0.572488 0.352256 0.840281
0.567912 0.356664 0.848003
0.56356 0.353443 0.839595
0.568767 0.346128 0.835193
0.564804 0.355307 0.835403
0.574465 0.35735 0.833825
0.58029 0.357831 0.841939
0.583568 0.355099 0.850983
0.585947 0.354395 0.841296
0.585858 0.36358 0.837341
0.595001 0.367369 0.835911
0.600117 0.358975 0.837745
0.591627 0.358095 0.842955
0.595151 0.352046 0.835814
0.598308 0.361535 0.835784
0.600985 0.352127 0.8337
0.60835 0.347075 0.829202
0.610682 0.349901 0.819898
0.60196 0.351613 0.82448
0.601423 0.36024 0.819451
0.607563 0.352347 0.819405
0.60184 0.358935 0.814522
0.60768 0.353997 0.820965
0.608155 0.36275 0.825777
0.613871 0.355744 0.830046
0.612337 0.364924 0.833701
0.615922 0.374222 0.832869
0.622134 0.36864 0.838368
0.631487 0.36892 0.841898
0.640012 0.366352 0.84645
0.633914 0.370357 0.853289
0.639123 0.36406 0.847526
0.640291 0.36738 0.856886
0.63677 0.376365 0.854265
0.640049 0.379505 0.863175
0.639493 0.38889 0.859769
0.638831 0.390083 0.869676
0.63867 0.395421 0.87813
0.637332 0.397754 0.887762
0.641515 0.388931 0.889921
0.641447 0.381589 0.883133
0.641904 0.374085 0.876539
0.648307 0.380432 0.880866
0.656681 0.385832 0.880021
0.650632 0.381165 0.886473
0.659464 0.384657 0.889603
0.660091 0.377023 0.883175
0.665965 0.372426 0.889836
0.660133 0.365738 0.894447
0.653802 0.373479 0.894309
0.651712 0.383251 0.893949
0.652962 0.378591 0.902708
0.652245 0.388392 0.90086
0.653791 0.398256 0.900292
0.659683 0.398348 0.892212
0.662614 0.402504 0.900822
0.658932 0.404668 0.909865
0.668397 0.406022 0.912792
0.66994 0.415866 0.913634
0.672798 0.421256 0.921558
0.682663 0.422565 0.920568
0.685769 0.431819 0.922741
0.694995 0.43527 0.921017
0.697274 0.434385 0.930714
0.70656 0.43739 0.928534
0.704247 0.433131 0.937281
0.699398 0.432024 0.928606
0.703967 0.424619 0.923677
0.711517 0.420365 0.928667
0.705838 0.415677 0.921902
0.715745 0.415511 0.923254
0.722244 0.413817 0.930663
0.73223 0.413782 0.931196
0.72736 0.405048 0.931193
0.725923 0.40305 0.940886
0.719689 0.395467 0.94279
0.715379 0.387644 0.947287
0.711253 0.378538 0.947028
0.707316 0.378378 0.937837
0.712708 0.370095 0.936311
0.710569 0.371726 0.926679
0.712917 0.364338 0.932996
0.72247 0.367022 0.931759
0.713627 0.367112 0.927091
0.720212 0.360361 0.923764
0.717356 0.351229 0.926671
0.715789 0.356709 0.918455
0.706423 0.358163 0.921643
0.704767 0.35429 0.930713
0.712574 0.358579 0.926168
0.703785 0.359497 0.921487
0.710345 0.352331 0.923857
0.719526 0.349302 0.921299
0.719738 0.357064 0.927601
0.723825 0.353648 0.936064
0.715054 0.357423 0.939035
0.719446 0.358345 0.947972
0.714167 0.366151 0.944625
0.71051 0.37045 0.93637
0.702767 0.376729 0.937153
0.702876 0.366975 0.934953
0.710743 0.368057 0.94103
0.718036 0.370664 0.934704
0.72438 0.371416 0.927011
0.727662 0.376705 0.919184
0.727321 0.385791 0.91502
0.726285 0.377761 0.92089
0.729336 0.381684 0.929568
0.728603 0.374445 0.922708
0.725676 0.37923 0.91443
0.727918 0.377096 0.923939
0.730494 0.370985 0.916455
0.728264 0.362234 0.92075
0.728546 0.37223 0.920676
0.723417 0.376126 0.913027
0.718643 0.383409 0.90811
0.720111 0.393297 0.908372
0.726237 0.391999 0.916168
0.734864 0.387927 0.91917
0.727692 0.381007 0.918344
0.722527 0.385873 0.911298
0.726375 0.376744 0.909936
0.735798 0.373466 0.910622
0.736182 0.363887 0.913465
0.746099 0.365001 0.914114
0.737762 0.359788 0.915938
0.735671 0.369304 0.913685
0.737882 0.378003 0.918095
0.746803 0.376077 0.914006
0.755562 0.371647 0.915917
0.753449 0.366053 0.907901
0.753424 0.375157 0.903765
0.761003 0.378221 0.909524
0.763314 0.368906 0.912332
0.765462 0.359731 0.908986
0.774174 0.363954 0.911486
0.781509 0.370175 0.908749
0.790371 0.368466 0.913055
0.800302 0.36729 0.913024
0.79488 0.369917 0.905042
0.793288 0.377129 0.8983
0.790331 0.37786 0.907825
0.793343 0.375268 0.917002
0.800792 0.380034 0.92167
0.797902 0.389596 0.921197
0.790183 0.385964 0.926415
0.783149 0.379117 0.924508
0.787967 0.381774 0.932858
0.794357 0.383332 0.940391
0.800131 0.38697 0.9477
0.793932 0.379202 0.946591
0.791099 0.371175 0.941343
0.784336 0.37811 0.938859
0.780319 0.371515 0.932506
0.77126 0.369925 0.92858
0.769148 0.362195 0.934562
0.773272 0.370659 0.93793
0.774205 0.379648 0.94221
0.770524 0.380712 0.932973
0.767359 0.375906 0.924795
0.759869 0.369762 0.927275
0.763104 0.364524 0.919396
0.765059 0.374307 0.918719
0.760708 0.369712 0.910976
0.768555 0.37102 0.917035
0.763465 0.363943 0.921935
0.770947 0.357922 0.924723
0.772147 0.355242 0.934282
0.778006 0.36308 0.932224
0.771015 0.356214 0.934218
0.77345 0.348419 0.928447
0.764562 0.34404 0.927093
0.759062 0.343558 0.918755
0.759919 0.333746 0.920484
0.769605 0.332947 0.922838
0.764277 0.34064 0.926363
0.765334 0.349214 0.931399
0.759513 0.348612 0.939508
0.755605 0.350754 0.930556
0.757521 0.349271 0.940258
0.765772 0.345875 0.935742
0.756907 0.34702 0.931259
0.75311 0.346979 0.94051
0.745212 0.343826 0.935248
0.738377 0.350118 0.938949
0.741221 0.341835 0.934121
0.742484 0.347207 0.925782
0.738729 0.342727 0.917669
0.748703 0.343452 0.917658
0.74688 0.337334 0.925355
0.750095 0.332966 0.933756
0.74951 0.323859 0.937846
0.753991 0.330812 0.932226
0.761456 0.333739 0.938202
0.771428 0.334223 0.938774
0.773181 0.334336 0.948619
0.764383 0.330157 0.946354
0.75806 0.322416 0.946037
0.7525 0.330714 0.945556
0.744655 0.334049 0.940328
0.753425 0.335529 0.935756
0.759457 0.341484 0.93045
0.756887 0.337295 0.939159
0.757279 0.327616 0.936676
0.749766 0.321497 0.93915
0.75565 0.322557 0.947166
0.750676 0.322942 0.938499
0.742977 0.325229 0.932542
0.740199 0.323597 0.923075
0.736466 0.316191 0.928662
0.72843 0.310333 0.929721
0.729433 0.319312 0.934008
0.733714 0.315145 0.925988
0.73163 0.324443 0.922955
0.737228 0.322847 0.931086
0.729635 0.326988 0.926065
0.734535 0.32095 0.932352
0.733909 0.32396 0.922837
0.724296 0.32477 0.925472
0.722789 0.315326 0.922552
0.728283 0.314209 0.930833
0.735628 0.313508 0.924083
0.727853 0.30745 0.922393
0.733714 0.313963 0.927213
0.735433 0.30828 0.919166
0.741951 0.304494 0.925738
0.732378 0.305926 0.923225
0.739811 0.30055 0.927205
0.736966 0.309268 0.931192
0.727537 0.311041 0.928369
0.73127 0.304096 0.934521
0.733601 0.296353 0.940404
0.728639 0.295768 0.931742
0.72622 0.289637 0.939263
0.728887 0.289913 0.929629
0.722145 0.294485 0.923829
0.724473 0.286461 0.929324
0.724596 0.29108 0.920455
0.733558 0.29162 0.916051
0.724063 0.292914 0.918909
0.714075 0.292825 0.919402
0.711211 0.298066 0.911381
0.710158 0.288712 0.908005
0.718953 0.286388 0.912158
0.715831 0.286165 0.921656
0.721141 0.288034 0.913391
0.723507 0.288364 0.903681
0.715523 0.293948 0.901426
0.711235 0.30249 0.898488
0.713636 0.308129 0.90639
0.705674 0.305935 0.912028
0.709171 0.309205 0.920807
0.703705 0.315718 0.92607
0.696631 0.319822 0.920315
0.699308 0.315606 0.928979
0.695379 0.316866 0.91987
0.693795 0.320328 0.910623
0.695271 0.320483 0.920512
0.704509 0.319653 0.916772
0.71309 0.318974 0.921862
0.707731 0.310699 0.923543
0.711721 0.313735 0.91489
0.705284 0.313385 0.907245
0.704633 0.315731 0.897546
0.710211 0.323094 0.901375
0.712582 0.325808 0.892047
0.719719 0.318971 0.890521
0.728082 0.324377 0.891439
0.736275 0.323895 0.885725
0.736289 0.327635 0.876451
0.731569 0.336263 0.878259
0.726315 0.327951 0.876442
0.727115 0.337448 0.879471
0.734148 0.334453 0.873023
0.727388 0.332291 0.865979
0.730267 0.327694 0.857578
0.737646 0.32995 0.851217
0.738291 0.334952 0.842582
0.744849 0.337144 0.849807
0.735225 0.337914 0.847202
0.725607 0.337236 0.844548
0.733757 0.342603 0.846736
0.742838 0.343846 0.842738
0.734391 0.346772 0.838257
0.728594 0.35283 0.832808
0.727768 0.343872 0.837175
0.734506 0.350023 0.841268
0.743981 0.351825 0.838626
0.745866 0.342797 0.842491
0.747874 0.344118 0.832784
0.739548 0.340596 0.82851
0.731929 0.337319 0.822922
0.726842 0.332699 0.830187
0.72141 0.341094 0.830246
0.718886 0.336274 0.838636
0.713497 0.331655 0.831591
0.707757 0.335621 0.838756
0.703362 0.327399 0.835138
0.7069 0.33592 0.838995
0.711533 0.33677 0.830174
0.71041 0.33961 0.839696
0.717604 0.332817 0.83825
0.719787 0.329021 0.847241
0.716787 0.32353 0.855041
0.713311 0.317313 0.848022
0.708494 0.309314 0.844445
0.703912 0.304076 0.851627
0.70456 0.302119 0.841842
0.707078 0.301031 0.851458
0.716102 0.297041 0.85308
0.725512 0.296335 0.849769
0.721746 0.29117 0.857459
0.728803 0.293059 0.864288
0.725249 0.29354 0.873622
0.734445 0.294472 0.877439
0.743127 0.292053 0.881772
0.7427 0.297419 0.8902
0.742762 0.306661 0.886383
0.73607 0.312997 0.890264
0.74444 0.310218 0.894977
0.737697 0.308114 0.902056
0.733578 0.31718 0.902971
0.735362 0.310956 0.89535
0.726643 0.315329 0.897554
0.723671 0.311919 0.888635
0.71729 0.31758 0.893854
0.707457 0.318677 0.895306
0.711467 0.31229 0.901873
0.719274 0.31725 0.898071
0.713692 0.309472 0.895183
0.720896 0.303114 0.892411
0.723981 0.30943 0.899524
0.722468 0.314345 0.890948
0.729886 0.315553 0.884351
0.735815 0.321447 0.889838
0.739347 0.330612 0.887963
0.744895 0.324699 0.88211
0.750791 0.32183 0.889661
0.752203 0.331601 0.888067
0.744388 0.33598 0.89251
0.747357 0.335909 0.882961
0.744909 0.326304 0.881636
0.736153 0.330807 0.883388
0.726515 0.328437 0.882171
0.731403 0.327778 0.873472
0.739553 0.324596 0.878313
0.749107 0.32229 0.880161
0.739433 0.320767 0.878136
0.744644 0.329292 0.877739
0.753779 0.327206 0.881234
0.759042 0.334917 0.884816
0.754647 0.331176 0.87665
0.756981 0.329668 0.886256
0.761192 0.320696 0.887581
0.753691 0.327075 0.889322
0.750729 0.331962 0.881115
0.754426 0.32966 0.872113
0.754332 0.326505 0.881602
0.756969 0.335958 0.879679
0.757752 0.345713 0.881734
0.748993 0.34091 0.882187
0.753552 0.335512 0.889264
0.752658 0.345471 0.889407
0.758707 0.341769 0.896457
0.749402 0.340757 0.899978
0.739531 0.342 0.900985
0.7353 0.334447 0.895979
0.726406 0.33901 0.896249
0.722832 0.343203 0.887904
0.716509 0.350239 0.891147
0.709816 0.346315 0.897456
0.704094 0.339782 0.892499
0.701798 0.330631 0.895814
0.702674 0.340228 0.898485
0.712008 0.33667 0.898949
0.718228 0.334061 0.891566
0.721785 0.340688 0.898156
0.714656 0.347134 0.895395
0.70715 0.34932 0.90163
0.710529 0.355608 0.894627
0.702823 0.361601 0.896796
0.704176 0.362912 0.886975
0.702855 0.367524 0.878201
0.705135 0.357874 0.876904
0.713041 0.357711 0.883024
0.712374 0.347749 0.882462
0.712686 0.343631 0.873355
0.710057 0.345072 0.882895
0.711327 0.335548 0.885667
0.719428 0.340564 0.88263
0.721271 0.349559 0.886591
0.725112 0.357865 0.882559
0.718581 0.355941 0.875235
0.721604 0.346604 0.873312
0.718913 0.337505 0.870155
0.722447 0.34494 0.864478
0.730889 0.347746 0.859911
0.73965 0.342927 0.860068
0.746745 0.339131 0.866005
0.737105 0.341445 0.867313
0.73889 0.350719 0.870602
0.733209 0.353489 0.878351
0.7386 0.345415 0.880746
0.747327 0.35025 0.881435
0.751745 0.344016 0.874984
0.753804 0.334633 0.872206
0.753195 0.344159 0.875186
0.758333 0.350567 0.869481
0.754855 0.355021 0.861231
0.757305 0.361386 0.853917
0.761915 0.367759 0.860093
0.756818 0.372049 0.852635
0.75438 0.362353 0.852421
0.751375 0.357197 0.844397
0.741471 0.356174 0.845318
0.737251 0.349948 0.838728
0.738335 0.340934 0.834536
0.746735 0.336093 0.832084
0.745597 0.326163 0.83176
0.736342 0.326206 0.835547
0.745947 0.325155 0.838122
0.748682 0.334616 0.839852
0.756879 0.332845 0.845299
0.762776 0.331095 0.837414
0.754998 0.334302 0.83201
0.758676 0.325013 0.832426
0.763032 0.325397 0.823433
0.772958 0.325339 0.822212
0.765683 0.324622 0.815389
0.758077 0.318362 0.81711
0.749973 0.32061 0.82252
0.758861 0.316113 0.823398
0.750335 0.320848 0.82119
0.757489 0.317122 0.81528
0.765284 0.312564 0.819576
0.756178 0.310674 0.823251
0.76418 0.314596 0.827788
0.770426 0.318841 0.821233
0.766442 0.313223 0.813983
0.769916 0.310982 0.823088
0.764245 0.313527 0.830922
0.772021 0.315818 0.825067
0.780943 0.312259 0.822285
0.782167 0.32214 0.821346
0.783733 0.320125 0.811677
0.779581 0.31134 0.814039
0.778093 0.313213 0.804329
0.782651 0.305235 0.800382
0.784049 0.304347 0.810243
0.783508 0.308124 0.801
0.790624 0.310741 0.807521
0.785698 0.313789 0.799369
0.787697 0.315116 0.789661
0.786444 0.306034 0.793655
0.782576 0.296843 0.792913
0.774441 0.297946 0.787202
0.784268 0.299672 0.786532
0.787044 0.300916 0.777006
0.786316 0.301195 0.786976
0.776525 0.303225 0.787099
0.784631 0.299065 0.79122
0.789841 0.295237 0.798848
0.790245 0.28711 0.793036
0.785227 0.279344 0.789226
0.788578 0.284083 0.797369
0.794312 0.275911 0.796791
0.789401 0.280454 0.804224
0.789505 0.270852 0.807015
0.796896 0.276213 0.811095
0.79042 0.269705 0.80713
0.788764 0.278265 0.802232
0.784276 0.269527 0.80036
0.775069 0.267785 0.796867
0.767385 0.263066 0.80119
0.758898 0.267912 0.799075
0.765922 0.273311 0.803713
0.761329 0.281324 0.807545
0.768565 0.275652 0.803613
0.758981 0.278267 0.80247
0.762779 0.285902 0.807693
0.76202 0.283809 0.797944
0.762666 0.279987 0.807162
0.770089 0.286424 0.8053
0.773702 0.293157 0.798849
0.772196 0.285272 0.792886
0.777392 0.278906 0.787186
0.779076 0.288273 0.784115
0.785988 0.286492 0.791119
0.782012 0.278174 0.787246
0.788525 0.280552 0.78004
0.795167 0.280858 0.78751
0.797549 0.285598 0.795986
0.795662 0.294422 0.800297
0.804829 0.294951 0.796335
0.809525 0.289655 0.803399
0.805511 0.287586 0.794477
0.800513 0.292423 0.801662
0.796165 0.298366 0.794897
0.804152 0.293341 0.798207
0.80553 0.300956 0.791873
0.796297 0.297456 0.793454
0.801138 0.303935 0.799335
0.805694 0.303527 0.808228
0.814138 0.303039 0.802893
0.818478 0.295827 0.797494
0.824873 0.300869 0.79169
0.824872 0.305044 0.800777
0.821167 0.298799 0.793901
0.814167 0.303073 0.78818
0.812294 0.29358 0.790704
0.810452 0.295735 0.781114
0.811382 0.3026 0.773902
0.816904 0.295268 0.777872
0.823972 0.295339 0.770798
0.832213 0.290282 0.768246
0.839097 0.293098 0.761562
0.837121 0.299 0.769389
0.829298 0.299461 0.763176
0.838332 0.303255 0.761175
0.846693 0.297778 0.7615
0.836866 0.296183 0.762446
0.830032 0.291221 0.757092
0.827047 0.296131 0.765276
0.827133 0.305772 0.767932
0.832487 0.313568 0.764684
0.832645 0.3094 0.755595
0.831743 0.317249 0.749466
0.835969 0.312615 0.741677
0.830228 0.310688 0.749635
0.83121 0.309315 0.759491
0.84105 0.309769 0.757769
0.838283 0.314462 0.766154
0.847771 0.314703 0.763004
0.844854 0.321511 0.769723
0.835107 0.319752 0.768346
0.841268 0.319988 0.760473
0.832379 0.315563 0.759284
0.842212 0.316341 0.757642
0.836566 0.316376 0.765895
0.831424 0.307816 0.766436
0.835569 0.316525 0.769076
0.832084 0.324536 0.773942
0.827003 0.317264 0.778556
0.828595 0.3114 0.770614
0.823112 0.311391 0.778977
0.815879 0.311515 0.785881
0.809685 0.30794 0.778891
0.815037 0.302663 0.785488
0.812 0.302247 0.775969
0.815134 0.299119 0.767003
0.807835 0.305589 0.769207
0.804673 0.296234 0.770782
0.8037 0.292747 0.780104
0.801664 0.302465 0.778914
0.805499 0.293633 0.776215
0.795736 0.293019 0.774138
0.795219 0.302389 0.777594
0.786815 0.307752 0.776805
0.790065 0.301438 0.769765
0.796792 0.295788 0.764987
0.803177 0.290851 0.770892
0.808262 0.291505 0.762306
0.799579 0.286699 0.763536
0.791463 0.280974 0.762373
0.798046 0.273449 0.762159
0.793045 0.281449 0.758844
0.797712 0.272929 0.761217
0.803178 0.273521 0.76957
0.803473 0.2672 0.777313
0.795583 0.262672 0.77316
0.795626 0.253657 0.768833
0.797051 0.254866 0.778657
0.795931 0.259751 0.770003
0.790919 0.253868 0.776349
0.78141 0.255607 0.77379
0.775672 0.263587 0.775632
0.775206 0.270312 0.783018
0.772992 0.263055 0.789532
0.765539 0.256684 0.787566
0.771108 0.257847 0.79579
0.780374 0.25886 0.799411
0.782426 0.24912 0.800372
0.778075 0.242783 0.806769
0.770329 0.244845 0.812748
0.769235 0.235287 0.810018
0.777214 0.235455 0.816043
0.77239 0.244185 0.815321
0.767717 0.24976 0.822182
0.771309 0.256315 0.828825
0.776673 0.253708 0.836851
0.773334 0.260027 0.843846
0.781293 0.258596 0.849728
0.787385 0.264819 0.844813
0.79478 0.26973 0.849417
0.785772 0.270785 0.845205
0.782581 0.268139 0.836105
0.778976 0.259211 0.838807
0.772775 0.254188 0.83278
0.776639 0.26297 0.82996
0.772349 0.254784 0.833778
0.781489 0.258407 0.83195
0.774277 0.253054 0.836348
0.78233 0.25082 0.841839
0.773457 0.251438 0.837268
0.769482 0.250544 0.828136
0.765004 0.243233 0.822988
0.764513 0.253196 0.823703
0.77142 0.246558 0.820833
0.777033 0.243586 0.813109
0.76877 0.2419 0.818483
0.766219 0.240766 0.828085
0.766662 0.240753 0.818095
0.77199 0.248379 0.814424
0.763937 0.245606 0.819665
0.758168 0.249577 0.812528
0.759824 0.239751 0.813372
0.75406 0.241928 0.805496
0.760584 0.242149 0.813071
0.768816 0.247152 0.815754
0.762242 0.24017 0.812918
0.754918 0.239898 0.819722
0.755347 0.245609 0.811524
0.763579 0.240743 0.808598
0.753749 0.242102 0.807366
0.758001 0.248409 0.813858
0.761571 0.256587 0.818372
0.752719 0.260328 0.821139
0.744584 0.254657 0.822428
0.751514 0.248743 0.818304
0.758443 0.249963 0.82541
0.756945 0.247053 0.815961
0.761262 0.249657 0.824597
0.770801 0.247492 0.826675
0.773818 0.24957 0.83598
0.774533 0.241517 0.830095
0.771125 0.24684 0.837844
0.772786 0.239722 0.844669
0.782191 0.238865 0.847957
0.788329 0.231471 0.84519
0.795855 0.230367 0.851682
0.791114 0.239148 0.851034
0.798094 0.244086 0.856221
0.790128 0.24441 0.862257
0.794633 0.236156 0.858855
0.791591 0.236848 0.849353
0.78642 0.240895 0.841811
0.793969 0.24586 0.837526
0.802566 0.241657 0.84043
0.808691 0.240848 0.848293
0.800489 0.245885 0.851005
0.80946 0.245671 0.846593
0.816359 0.238776 0.844387
0.808211 0.239695 0.838662
0.804449 0.246211 0.832075
0.803295 0.251781 0.8403
0.809746 0.259185 0.842186
0.805867 0.250787 0.838388
0.811513 0.255687 0.831745
0.817829 0.263133 0.833904
0.813117 0.258908 0.826161
0.815826 0.253478 0.834111
0.81051 0.251157 0.825964
0.803417 0.244787 0.822946
0.805765 0.246551 0.813387
0.80931 0.255849 0.812398
0.80467 0.263562 0.808044
0.800012 0.263168 0.799203
0.7928 0.262199 0.792344
0.796899 0.261583 0.783243
0.793122 0.270362 0.780303
0.786517 0.263072 0.778509
0.781788 0.268698 0.78529
0.780003 0.264869 0.776227
0.776865 0.266675 0.766905
0.784386 0.272267 0.770394
0.781154 0.281681 0.76943
0.78198 0.272408 0.765777
0.779811 0.27945 0.759017
0.773198 0.272602 0.76208
0.772466 0.273924 0.752194
0.764284 0.272052 0.757631
0.767208 0.262815 0.755157
0.764319 0.272303 0.756435
0.770775 0.273932 0.748974
0.763694 0.276156 0.742273
0.762814 0.266611 0.745125
0.769948 0.273307 0.747192
0.765588 0.281626 0.750625
0.764265 0.284634 0.74118
0.767913 0.292191 0.746619
0.765244 0.291897 0.756252
0.761205 0.28275 0.756126
0.751988 0.279415 0.758106
0.743905 0.274536 0.75481
0.738139 0.266925 0.751841
0.728146 0.26689 0.751471
0.72376 0.271978 0.744063
0.723202 0.281453 0.740916
0.725755 0.271785 0.740805
0.719291 0.27875 0.737689
0.711895 0.282769 0.743088
0.715412 0.280686 0.752215
0.724966 0.279936 0.749358
0.721486 0.284676 0.74127
0.719737 0.276946 0.735171
0.709954 0.274889 0.73492
0.710535 0.266208 0.739849
0.715159 0.270467 0.747626
0.721629 0.27138 0.755196
0.715344 0.268998 0.747792
0.712702 0.2701 0.738211
0.703578 0.274061 0.737177
0.712043 0.269294 0.739549
0.702411 0.271432 0.73792
0.711623 0.270215 0.741616
0.716163 0.273791 0.733455
0.709865 0.266585 0.736355
0.704353 0.270685 0.729088
0.711127 0.263422 0.73026
0.717383 0.255621 0.730264
0.715084 0.264785 0.726986
0.710941 0.256162 0.724074
0.701562 0.255395 0.720689
0.700679 0.260457 0.712111
0.702161 0.260331 0.721999
0.70487 0.269917 0.722882
0.713251 0.26553 0.726124
0.703961 0.265461 0.729824
0.708217 0.262099 0.721422
0.71417 0.258402 0.714289
0.714009 0.268376 0.713598
0.72073 0.275073 0.710438
0.717701 0.272235 0.701341
0.724423 0.273898 0.694126
0.721188 0.266095 0.699477
0.718162 0.274818 0.695636
0.725171 0.279693 0.700842
0.726199 0.274544 0.709353
0.726917 0.275057 0.719314
0.721908 0.278528 0.727242
0.723305 0.279162 0.737124
0.72246 0.284054 0.745804
0.722375 0.284861 0.735837
0.724313 0.275605 0.732586
0.7259 0.285244 0.734726
0.726794 0.292402 0.741651
0.720577 0.286902 0.736074
0.714705 0.294472 0.738941
0.724518 0.29531 0.740677
0.72325 0.285528 0.739037
0.721606 0.287997 0.729487
0.725941 0.284146 0.737634
0.731598 0.280498 0.730238
0.73561 0.282767 0.739113
0.735468 0.282377 0.729121
0.726527 0.282743 0.724659
0.724717 0.275173 0.730937
0.717389 0.281893 0.731995
0.708674 0.27766 0.72952
0.709372 0.281357 0.720254
0.713793 0.273067 0.716829
0.721946 0.274722 0.722378
0.714331 0.277673 0.716607
0.721862 0.271105 0.716988
0.720034 0.280934 0.716772
0.727663 0.284324 0.722276
0.726096 0.293309 0.718176
0.733745 0.289316 0.713122
0.730399 0.280979 0.717515
0.734473 0.28948 0.714179
0.742473 0.291614 0.70857
0.7436 0.295799 0.699558
0.738857 0.301359 0.706384
0.741321 0.306169 0.69797
0.747143 0.313639 0.694761
0.756904 0.315127 0.693176
0.747267 0.317329 0.694685
0.746856 0.31532 0.704472
0.741312 0.318944 0.696981
0.745792 0.314319 0.68933
0.751421 0.320415 0.694911
0.761287 0.31951 0.693553
0.76494 0.328259 0.696731
0.768755 0.329314 0.705914
0.759805 0.325148 0.707503
0.763111 0.327374 0.716674
0.766902 0.330394 0.707927
0.775838 0.326088 0.70919
0.778148 0.33558 0.711328
0.775698 0.34311 0.717435
0.776786 0.333321 0.715707
0.785913 0.337354 0.716364
0.780776 0.343782 0.710681
0.777724 0.353041 0.712908
0.776726 0.34763 0.704558
0.784532 0.341739 0.702468
0.788058 0.350061 0.698189
0.792551 0.341171 0.697302
0.800592 0.347092 0.697838
0.809281 0.343609 0.701356
0.80766 0.345737 0.69172
0.807155 0.355497 0.693842
0.808069 0.345539 0.693914
0.817309 0.348736 0.696008
0.813138 0.353782 0.703568
0.803804 0.356943 0.705263
0.798238 0.363641 0.700348
0.793002 0.364017 0.708859
0.784436 0.360459 0.705121
0.780454 0.368722 0.709106
0.783689 0.363226 0.701402
0.782018 0.370494 0.69474
0.777371 0.363227 0.699799
0.786785 0.359973 0.700697
0.795403 0.364706 0.698877
0.793211 0.36701 0.689397
0.795874 0.37643 0.691438
0.802669 0.382914 0.688005
0.800183 0.381132 0.697525
0.790989 0.380311 0.701372
0.791461 0.39008 0.699289
0.797216 0.395433 0.705472
0.79158 0.389635 0.699588
0.792024 0.389143 0.709566
0.797098 0.392882 0.701803
0.787697 0.392237 0.698455
0.77817 0.390237 0.700742
0.778873 0.383935 0.708475
0.772407 0.377919 0.713166
0.764605 0.375139 0.718769
0.771263 0.370143 0.713228
0.779661 0.375519 0.713985
0.77984 0.380826 0.722459
0.77509 0.389027 0.719268
0.768901 0.391367 0.711771
0.771792 0.39903 0.706033
0.779229 0.405079 0.703187
0.782074 0.406528 0.712663
0.788603 0.404673 0.705319
0.78435 0.411655 0.711079
0.787969 0.404185 0.705502
0.786456 0.398845 0.697183
0.781122 0.406026 0.692714
0.776017 0.39744 0.693162
0.774852 0.387591 0.691878
0.772595 0.379977 0.685802
0.764003 0.37817 0.681014
0.763938 0.377392 0.671044
0.769661 0.372245 0.66466
0.769224 0.378774 0.672222
0.777858 0.38189 0.676189
0.782439 0.38648 0.668576
0.785787 0.388283 0.677824
0.784281 0.397998 0.679655
0.792591 0.393464 0.682876
0.784892 0.387673 0.680196
0.791536 0.383088 0.674294
0.792347 0.389753 0.681705
0.784973 0.389032 0.674988
0.787527 0.389584 0.665335
0.782425 0.397934 0.663276
0.779763 0.388417 0.661743
0.78288 0.397173 0.658052
0.778513 0.392414 0.650418
0.775737 0.382807 0.650403
0.769011 0.388145 0.655528
0.777527 0.382934 0.656088
0.779961 0.388094 0.664301
0.777017 0.391708 0.655453
0.772729 0.384624 0.649846
0.779843 0.378271 0.65285
0.788311 0.383344 0.65125
0.788292 0.388554 0.659785
0.783394 0.389938 0.668393
0.790217 0.383478 0.66497
0.78403 0.391317 0.664445
0.775924 0.394111 0.669591
0.784285 0.395749 0.674827
0.788314 0.38661 0.675325
0.787082 0.395051 0.680543
0.796576 0.391935 0.680926
0.805099 0.387629 0.683896
0.798604 0.395067 0.685472
0.797035 0.386756 0.690807
0.795265 0.389808 0.68145
0.794944 0.390734 0.691402
0.794165 0.382708 0.697316
0.802365 0.379402 0.692644
0.811917 0.382316 0.693167
0.81747 0.382874 0.684869
0.826309 0.3856 0.681068
0.828713 0.376001 0.682512
0.83359 0.367714 0.679768
0.829717 0.373083 0.672274
0.824847 0.36511 0.67584
0.824363 0.364057 0.685772
0.826788 0.371683 0.679775
0.825525 0.367934 0.670591
0.827718 0.370672 0.679956
0.820937 0.364098 0.676668
0.813698 0.370379 0.673813
0.809918 0.364566 0.666607
0.808634 0.362615 0.67633
0.81504 0.369965 0.674108
0.823411 0.374249 0.670705
0.820756 0.376415 0.6801
0.828235 0.372148 0.685184
0.83307 0.378984 0.690651
0.83093 0.388082 0.694208
0.826553 0.384004 0.702221
0.830741 0.38702 0.693655
0.834282 0.377668 0.693647
0.830414 0.369314 0.697552
0.825576 0.361321 0.693988
0.823493 0.358255 0.6847
0.828533 0.366181 0.688132
0.827901 0.375925 0.685974
0.826772 0.385436 0.688847
0.821966 0.38782 0.697287
0.813072 0.391394 0.694439
0.819763 0.398291 0.691671
0.819952 0.406611 0.686126
0.812266 0.400223 0.68646
0.811257 0.400848 0.67653
0.819178 0.395818 0.673073
0.812158 0.402575 0.670826
0.815724 0.411787 0.672379
0.808783 0.417229 0.677091
0.81052 0.418762 0.667363
0.814147 0.420085 0.658139
0.805104 0.421827 0.662035
0.814671 0.421118 0.659212
0.813523 0.430098 0.654965
0.812228 0.420208 0.654257
0.822212 0.419952 0.653747
0.831186 0.415791 0.652281
0.822412 0.416658 0.647563
0.830434 0.411489 0.650551
0.826712 0.405171 0.657351
0.822463 0.402916 0.666117
0.813509 0.400952 0.670114
0.814245 0.398689 0.679827
0.806859 0.394706 0.674387
0.799006 0.396442 0.668445
0.796711 0.404048 0.674518
0.80048 0.40775 0.666026
0.804034 0.416687 0.663291
0.798355 0.424624 0.665471
0.804044 0.418137 0.660416
0.79461 0.414864 0.659882
0.78793 0.420694 0.655256
0.792766 0.42718 0.649379
0.792263 0.437168 0.649363
0.790701 0.443535 0.641812
0.783272 0.448296 0.646517
0.775386 0.451627 0.651685
0.769699 0.443904 0.648854
0.773712 0.434995 0.646729
0.769761 0.442673 0.641686
0.768855 0.442152 0.651631
0.76304 0.447152 0.645213
0.753843 0.443445 0.646505
0.748415 0.440341 0.654309
0.754877 0.435672 0.648273
0.75321 0.426248 0.645373
0.746239 0.429032 0.638766
0.744274 0.431749 0.629345
0.742314 0.434465 0.619923
0.738866 0.425345 0.622146
0.737814 0.418936 0.62975
0.735835 0.409281 0.628056
0.729154 0.410267 0.635431
0.734143 0.40618 0.643074
0.724566 0.404278 0.645235
0.724403 0.405669 0.635333
0.731812 0.405178 0.642032
0.734051 0.413149 0.636425
0.725216 0.416663 0.633327
0.732341 0.423231 0.635795
0.736258 0.414385 0.633265
0.741097 0.407131 0.638161
0.749293 0.403057 0.634134
0.750222 0.412298 0.637839
0.759246 0.414825 0.634348
0.766278 0.412678 0.641126
0.774756 0.407587 0.642611
0.780845 0.400438 0.646049
0.790289 0.40371 0.645716
0.780693 0.402319 0.643269
0.789782 0.406486 0.643073
0.782197 0.412992 0.642713
0.785214 0.422498 0.641981
0.790012 0.431226 0.642883
0.784232 0.43895 0.645516
0.793105 0.443495 0.646301
0.784708 0.443665 0.651728
0.794274 0.443077 0.648875
0.799546 0.436469 0.643532
0.792006 0.43466 0.637218
0.799405 0.433597 0.630576
0.790707 0.429095 0.628556
0.789491 0.421192 0.62255
0.795313 0.413079 0.623074
0.797801 0.406265 0.629958
0.792198 0.412173 0.624151
0.792914 0.418157 0.616171
0.795077 0.427919 0.616356
0.800641 0.41998 0.613904
0.808329 0.413617 0.614535
0.803407 0.419323 0.607961
0.810107 0.423183 0.614303
0.814998 0.428894 0.620895
0.820522 0.43637 0.624584
0.823925 0.426971 0.624858
0.824428 0.436323 0.621352
0.831367 0.43546 0.614203
0.830933 0.443806 0.619695
0.830935 0.439162 0.610839
0.837104 0.440529 0.61859
0.830583 0.440894 0.611018
0.828394 0.439245 0.601401
0.83475 0.44577 0.605527
0.82615 0.450672 0.606948
0.827589 0.441318 0.610179
0.835854 0.442505 0.604676
0.827943 0.437119 0.601776
0.826344 0.434553 0.611308
0.817051 0.432159 0.614118
0.812641 0.440132 0.618239
0.815281 0.444056 0.609429
0.811534 0.43736 0.615841
0.821317 0.438466 0.617592
0.814333 0.431337 0.618218
0.81235 0.42722 0.627113
0.821904 0.427524 0.63005
0.828587 0.420102 0.630542
0.831488 0.411721 0.635162
0.838258 0.412399 0.627833
0.83196 0.407361 0.633745
0.830505 0.416305 0.629517
0.840026 0.414952 0.63226
0.834423 0.42293 0.63449
0.83124 0.423018 0.643969
0.835421 0.415448 0.648992
0.839765 0.412629 0.657546
0.830031 0.414199 0.65588
0.830601 0.40665 0.649347
0.823963 0.41026 0.642797
0.820083 0.404534 0.650018
0.824438 0.413499 0.649209
0.834421 0.41309 0.649621
0.832219 0.421502 0.654561
0.825318 0.414331 0.653583
0.8319 0.41905 0.659449
0.833333 0.425028 0.667336
0.828298 0.432759 0.671195
0.819727 0.437739 0.672512
0.82762 0.432311 0.669642
0.834534 0.437904 0.674217
0.829889 0.438748 0.665402
0.835876 0.43121 0.662697
0.834526 0.43622 0.671245
0.828301 0.435727 0.663435
0.822943 0.432055 0.671038
0.825085 0.434355 0.680531
0.832561 0.427934 0.682229
0.825102 0.424916 0.688167
0.828849 0.434185 0.688342
0.83118 0.431665 0.67895
0.821943 0.427988 0.677871
0.815146 0.435084 0.676018
0.821118 0.431192 0.669006
0.828378 0.425398 0.665301
0.834689 0.432938 0.663479
0.839398 0.427727 0.656361
0.846998 0.427437 0.662854
0.839868 0.431215 0.656948
0.844892 0.434464 0.66496
0.846053 0.431602 0.655449
0.849467 0.428835 0.664432
0.850925 0.421762 0.671349
0.844894 0.420674 0.679251
0.85262 0.427001 0.678733
0.860493 0.421337 0.681169
0.863227 0.423653 0.671832
0.85735 0.431173 0.668849
0.851011 0.423692 0.666885
0.845317 0.430331 0.671734
0.840402 0.438657 0.674287
0.836472 0.447132 0.67072
0.829199 0.445818 0.663984
0.83191 0.452504 0.65706
0.832659 0.444044 0.651781
0.831198 0.434427 0.654099
0.825912 0.442911 0.653804
0.83276 0.436847 0.657845
0.828546 0.442532 0.66491
0.821454 0.446617 0.670656
0.817826 0.441582 0.678498
0.820704 0.448954 0.672384
0.827525 0.445944 0.679047
0.823576 0.436757 0.678949
0.828927 0.436906 0.670503
0.828164 0.432683 0.66147
0.823445 0.423971 0.662824
0.82084 0.428744 0.671216
0.828481 0.4226 0.669248
0.834746 0.427819 0.66346
0.838214 0.424741 0.67232
0.834218 0.428128 0.680838
0.839663 0.42023 0.678014
0.844447 0.42614 0.671519
0.851288 0.429187 0.664893
0.848055 0.421217 0.659792
0.852526 0.422053 0.650886
0.843338 0.424258 0.647611
0.846465 0.431444 0.653822
0.848426 0.439672 0.659156
0.855609 0.434694 0.664016
0.854721 0.440302 0.655784
0.855753 0.44115 0.645874
0.862209 0.436682 0.652068
0.858066 0.429206 0.657258
0.861439 0.420299 0.654212
0.865989 0.425534 0.647009
0.874417 0.430552 0.645063
0.868931 0.426006 0.65208
0.873527 0.433604 0.656677
0.868066 0.431387 0.664755
0.861978 0.427926 0.657617
0.866367 0.422868 0.665043
0.868219 0.422808 0.67487
0.872709 0.414265 0.677489
0.878884 0.411547 0.68487
0.886998 0.405718 0.685289
0.878306 0.409882 0.687954
0.868896 0.407429 0.685625
0.868111 0.399413 0.679698
0.877067 0.403394 0.677716
0.881794 0.395424 0.681474
0.875611 0.392082 0.674361
0.878795 0.396646 0.682669
0.874088 0.389494 0.677503
0.865986 0.385891 0.67288
0.867097 0.38078 0.664357
0.866202 0.371129 0.666815
0.876128 0.371113 0.668027
0.875548 0.378292 0.661089
0.882376 0.383828 0.665856
0.891013 0.384328 0.670871
0.888809 0.387366 0.68014
0.898429 0.385125 0.681698
0.891018 0.389196 0.687036
0.881827 0.389872 0.683156
0.885008 0.383941 0.675761
0.894128 0.380318 0.673837
0.900344 0.380523 0.681668
0.900171 0.386758 0.673851
0.902506 0.384945 0.664298
0.906773 0.375927 0.663619
0.905129 0.377428 0.673368
0.909952 0.386187 0.673489
0.904598 0.386326 0.665043
0.909259 0.389615 0.65683
0.908689 0.397103 0.650227
0.901631 0.402281 0.655061
0.903936 0.40727 0.646706
0.904406 0.41438 0.653722
0.912841 0.414997 0.659057
0.905912 0.420135 0.664116
0.902548 0.412571 0.658507
0.910772 0.418194 0.657643
0.911637 0.423227 0.649045
0.905925 0.421245 0.657011
0.912771 0.423388 0.663977
0.91954 0.416749 0.667155
0.914267 0.423422 0.661895
0.913767 0.421538 0.671703
0.918752 0.430201 0.672017
0.912847 0.434893 0.678583
0.918902 0.437776 0.671165
0.911983 0.442802 0.676349
0.914068 0.440802 0.685923
0.917824 0.448929 0.681469
0.915457 0.440462 0.676704
0.908099 0.439701 0.669975
0.916715 0.443407 0.673444
0.90762 0.439438 0.672206
0.898698 0.443541 0.670321
0.894817 0.44163 0.661304
0.89687 0.432957 0.66584
0.903218 0.435919 0.672976
0.911235 0.44184 0.672169
0.912504 0.444216 0.6818
0.908442 0.452483 0.685692
0.906445 0.460383 0.691488
0.909319 0.469055 0.695556
0.903498 0.465094 0.702658
0.904287 0.460123 0.711298
0.897728 0.465607 0.716486
0.903109 0.474033 0.716711
0.894786 0.468935 0.718891
0.900348 0.471003 0.710842
0.903905 0.480273 0.709646
0.906369 0.481237 0.719289
0.898652 0.481554 0.725641
0.889478 0.482338 0.729543
0.89203 0.472697 0.7288
0.892773 0.479617 0.735981
0.901665 0.483631 0.738177
0.893508 0.486914 0.74294
0.892267 0.495407 0.737809
0.900371 0.499459 0.733577
0.909533 0.499915 0.737557
0.907917 0.507616 0.731386
0.911247 0.504939 0.740427
0.905159 0.505238 0.748355
0.911952 0.512369 0.74662
0.907538 0.511837 0.755577
0.907845 0.502013 0.753735
0.9118 0.497586 0.745688
0.915678 0.489066 0.742172
0.921679 0.486162 0.734719
0.917911 0.480378 0.727484
0.924996 0.48232 0.720699
0.916046 0.486029 0.72318
0.909523 0.488291 0.715946
0.911593 0.481114 0.722595
0.913238 0.472912 0.728075
0.903437 0.474892 0.728212
0.904992 0.474599 0.718338
0.911726 0.474169 0.725718
0.917801 0.469105 0.719599
0.915015 0.475893 0.726393
0.912229 0.467634 0.721492
0.91629 0.462415 0.713991
0.916638 0.472211 0.712011
0.913954 0.462641 0.713114
0.922217 0.457372 0.711123
0.917212 0.463245 0.704762
0.914038 0.462624 0.6953
0.920245 0.460785 0.687678
0.929593 0.462325 0.690879
0.928394 0.468657 0.698525
0.918408 0.46888 0.699019
0.916137 0.468322 0.689297
0.906896 0.470888 0.692128
0.915145 0.466451 0.688627
0.906025 0.46365 0.685631
0.902161 0.472643 0.687682
0.893481 0.475462 0.69177
0.895319 0.468653 0.684679
0.90425 0.471984 0.681658
0.912429 0.466388 0.680321
0.916393 0.457259 0.679345
0.911522 0.464289 0.674163
0.90559 0.460053 0.667318
0.901312 0.468422 0.670732
0.896482 0.468274 0.661977
0.905721 0.464837 0.660298
0.905668 0.455217 0.657567
0.895787 0.456116 0.656317
0.89247 0.463256 0.662484
0.883107 0.466525 0.661201
0.881822 0.464038 0.651601
0.886741 0.471131 0.65665
0.895401 0.467818 0.652906
0.88745 0.461805 0.65369
0.893688 0.457434 0.66017
0.888892 0.465988 0.658211
0.897526 0.469596 0.654685
0.898201 0.468109 0.64482
0.902262 0.471276 0.636248
0.900986 0.480992 0.638243
0.904111 0.479465 0.647618
0.910947 0.47229 0.64628
0.918141 0.470559 0.639553
0.919639 0.479918 0.636366
0.927161 0.477124 0.630399
0.927434 0.487036 0.629106
0.926215 0.483339 0.638318
0.931688 0.482647 0.629977
0.92639 0.480007 0.621917
0.920647 0.488003 0.620162
0.922505 0.497793 0.62101
0.917526 0.49427 0.613085
0.923349 0.500108 0.607427
0.91513 0.49624 0.603245
0.913328 0.503338 0.610055
0.919094 0.510063 0.614695
0.913391 0.504259 0.608881
0.911552 0.508086 0.599827
0.904999 0.510618 0.59271
0.896853 0.513567 0.587717
0.900086 0.522116 0.591774
0.907113 0.526564 0.597326
0.912517 0.534551 0.599974
0.907943 0.535834 0.591174
0.911044 0.545175 0.592941
0.912864 0.54338 0.602608
0.913983 0.548859 0.594318
0.90574 0.549798 0.588735
0.912471 0.545129 0.594471
0.913281 0.552925 0.600681
0.917874 0.551246 0.591959
0.923046 0.545571 0.598365
0.918199 0.5392 0.592372
0.912771 0.536502 0.584418
0.902847 0.537707 0.584643
0.8989 0.530437 0.579024
0.90603 0.535803 0.57451
0.901974 0.541525 0.567382
0.907055 0.533146 0.56539
0.899592 0.532881 0.55874
0.89862 0.526885 0.566684
0.896345 0.520769 0.559107
0.899063 0.512174 0.563436
0.890912 0.517763 0.564956
0.886639 0.517624 0.555916
0.887994 0.519543 0.546195
0.890298 0.526387 0.553112
0.890556 0.534259 0.54695
0.881722 0.529877 0.545292
0.887542 0.537915 0.544065
0.888766 0.531443 0.536541
0.881515 0.537756 0.539293
0.88812 0.532188 0.54433
0.883002 0.528737 0.536463
0.889791 0.523877 0.53096
0.892102 0.515037 0.535025
0.885782 0.520653 0.540365
0.882465 0.516018 0.548582
0.878013 0.520068 0.540596
0.887508 0.521179 0.53766
0.891032 0.512436 0.534322
0.889662 0.503022 0.53124
0.895806 0.49514 0.530908
0.90062 0.487217 0.534658
0.90944 0.489298 0.530431
0.907212 0.485275 0.539311
0.908694 0.492095 0.546473
0.910992 0.497452 0.538348
0.90371 0.501019 0.532496
0.907347 0.504043 0.541306
0.906395 0.501036 0.531817
0.908856 0.510564 0.533596
0.903409 0.504614 0.539507
0.902373 0.49717 0.532911
0.908674 0.496361 0.525187
0.918391 0.494236 0.526216
0.928076 0.496494 0.527267
0.933851 0.490721 0.521495
0.941233 0.497439 0.522109
0.9356 0.49052 0.526625
0.933897 0.485802 0.535276
0.93205 0.477021 0.539689
0.937665 0.475039 0.531655
0.945578 0.471911 0.526401
0.949856 0.463827 0.522359
0.940362 0.466492 0.5207
0.943941 0.474345 0.525753
0.946102 0.481241 0.532664
0.95546 0.480983 0.529149
0.946562 0.479953 0.524704
0.942364 0.477406 0.533416
0.935974 0.483289 0.538371
0.932326 0.474859 0.542325
0.930467 0.484567 0.543847
0.93097 0.484118 0.533869
0.927841 0.475721 0.529431
0.921703 0.471739 0.522615
0.912603 0.470623 0.518621
0.913184 0.480565 0.517713
0.917161 0.475846 0.509844
0.923382 0.482205 0.514413
0.914065 0.480883 0.517798
0.914989 0.480674 0.507843
0.916267 0.489743 0.503827
0.908155 0.492288 0.498563
0.904056 0.495329 0.489964
0.908617 0.500788 0.496992
0.918593 0.500148 0.497236
0.918547 0.496978 0.50672
0.926839 0.493726 0.502174
0.925663 0.48785 0.494168
0.930741 0.484762 0.502211
0.933671 0.479056 0.494539
0.928285 0.480308 0.486207
0.928399 0.4756 0.495028
0.918755 0.478229 0.494741
0.919385 0.47149 0.502102
0.914792 0.476091 0.494504
0.92168 0.470089 0.498569
0.925931 0.466043 0.490472
0.917702 0.463307 0.495452
0.912205 0.468678 0.501851
0.911858 0.459649 0.506135
0.907769 0.46803 0.502526
0.906351 0.459959 0.508257
0.907692 0.469705 0.506465
0.915274 0.475513 0.509428
0.916245 0.477246 0.499627
0.921165 0.48552 0.502334
0.923008 0.495129 0.504404
0.929271 0.487599 0.502384
0.921636 0.486093 0.496105
0.922767 0.489316 0.505504
0.925361 0.497785 0.510145
0.923058 0.507348 0.508346
0.927285 0.498353 0.509445
0.935026 0.492326 0.507503
0.937357 0.483284 0.503924
0.930461 0.476814 0.500672
0.938317 0.472718 0.496035
0.948257 0.472315 0.495015
0.942017 0.467106 0.50084
0.932499 0.4642 0.501813
0.942166 0.466624 0.501006
0.937577 0.47418 0.50568
0.930646 0.467237 0.503741
0.932076 0.464662 0.494185
0.926416 0.468558 0.501451
0.934643 0.470553 0.506774
0.943707 0.470052 0.510969
0.9508 0.475066 0.506015
0.956642 0.473135 0.513897
0.952088 0.472722 0.52279
0.953127 0.480088 0.529473
0.945627 0.48447 0.52452
0.946665 0.487061 0.534122
0.951849 0.48599 0.525638
0.960927 0.481796 0.525682
0.957718 0.489698 0.530903
0.963662 0.491265 0.523015
0.9692 0.493374 0.53107
0.960871 0.493153 0.52554
0.964823 0.485707 0.520161
0.964637 0.476934 0.515365
0.969077 0.483026 0.508795
0.975619 0.4849 0.516122
0.984137 0.489059 0.512935
0.985627 0.489862 0.522791
0.984163 0.498963 0.518916
0.990976 0.505619 0.521964
0.990662 0.508201 0.512308
0.999489 0.508592 0.507626
1 0.508668 0.507365
LINES 1 10639
10638 0 1 2 3 4 5 6 7 8 9 10 11 12 13 14 15 16 17 18 19 20 21 22 23 24 25 26 27 28 29 30 31 32 33 34 35 36 37 38 39 40 41 42 43 44 45 46 47 48 49 50 51 52 53 54 55 56 57 58 59 60 61 62 63 64 65 66 67 68 69 70 71 72 73 74 75 76 77 78 79 80 81 82 83 84 85 86 87 88 89 90 91 92 93 94 95 96 97 98 99 100 101 102 103 104 105 106 107 108 109 110 111 112 113 114 115 116 117 118 119 120 121 122 123 124 125 126 127 128 129 130 131 132 133 134 135 136 137 138 139 140 141 142 143 144 145 146 147 148 149 150 151 152 153 154 155 156 157 158 159 160 161 162 163 164 165 166 167 168 169 170 171 172 173 174 175 176 177 178 179 180 181 182 183 184 185 186 187 188 189 190 191 192 193 194 195 196 197 198 199 200 201 202 203 204 205 206 207 208 209 210 211 212 213 214 215 216 217 218 219 220 221 222 223 224 225 226 227 228 229 230 231 232 233 234 235 236 237 238 239 240 241 242 243 244 245 246 247 248 249 250 251 252 253 254 255 256 257 258 259 260 261 262 263 264 265 266 267 268 269 270 271 272 273 274 275 276 277 278 279 280 281 282 283 284 285 286 287 288 289 290 291 292 293 294 295 296 297 298 299 300 301 302 303 304 305 306 307 308 309 310 311 312 313 314 315 316 317 318 319 320 321 322 323 324 325 326 327 328 329 330 331 332 333 334 335 336 337 338 339 340 341 342 343 344 345 346 347 348 349 350 351 352 353 354 355 356 357 358 359 360 361 362 363 364 365 366 367 368 369 370 371 372 373 374 375 376 377 378 379 380 381 382 383 384 385 386 387 388 389 390 391 392 393 394 395 396 397 398 399 400 401 402 403 404 405 406 407 408 409 410 411 412 413 414 415 416 417 418 419 420 421 422 423 424 425 426 427 428 429 430 431 432 433 434 435 436 437 438 439 440 441 442 443 444 445 446 447 448 449 450 451 452 453 454 455 456 457 458 459 460 461 462 463 464 465 466 467 468 469 470 471 472 473 474 475 476 477 478 479 480 481 482 483 484 485 486 487 488 489 490 491 492 493 494 495 496 497 498 499 500 501 502 503 504 505 506 507 508 509 510 511 512 513 514 515 516 517 518 519 520 521 522 523 524 525 526 527 528 529 530 531 532 533 534 535 536 537 538 539 540 541 542 543 544 545 546 547 548 549 550 551 552 553 554 555 556 557 558 559 560 561 562 563 564 565 566 567 568 569 570 571 572 573 574 575 576 577 578 579 580 581 582 583 584 585 586 587 588 589 590 591 592 593 594 595 596 597 598 599 600 601 602 603 604 605 606 607 608 609 610 611 612 613 614 615 616 617 618 619 620 621 622 623 624 625 626 627 628 629 630 631 632 633 634 635 636 637 638 639 640 641 642 643 644 645 646 647 648 649 650 651 652 653 654 655 656 657 658 659 660 661 662 663 664 665 666 667 668 669 670 671 672 673 674 675 676 677 678 679 680 681 682 683 684 685 686 687 688 689 690 691 692 693 694 695 696 697 698 699 700 701 702 703 704 705 706 707 708 709 710 711 712 713 714 715 716 717 718 719 720 721 722 723 724 725 726 727 728 729 730 731 732 733 734 735 736 737 738 739 740 741 742 743 744 745 746 747 748 749 750 751 752 753 754 755 756 757 758 759 760 761 762 763 764 765 766 767 768 769 770 771 772 773 774 775 776 777 778 779 780 781 782 783 784 785 786 787 788 789 790 791 792 793 794 795 796 797 798 799 800 801 802 803 804 805 806 807 808 809 810 811 812 813 814 815 816 817 818 819 820 821 822 823 824 825 826 827 828 829 830 831 832 833 834 835 836 837 838 839 840 841 842 843 844 845 846 847 848 849 850 851 852 853 854 855 856 857 858 859 860 861 862 863 864 865 866 867 868 869 870 871 872 873 874 875 876 877 878 879 880 881 882 883 884 885 886 887 888 889 890 891 892 893 894 895 896 897 898 899 900 901 902 903 904 905 906 907 908 909 910 911 912 913 914 915 916 917 918 919 920 921 922 923 924 925 926 927 928 929 930 931 932 933 934 935 936 937 938 939 940 941 942 943 944 945 946 947 948 949 950 951 952 953 954 955 956 957 958 959 960 961 962 963 964 965 966 967 968 969 970 971 972 973 974 975 976 977 978 979 980 981 982 983 984 985 986 987 988 989 990 991 992 993 994 995 996 997 998 999 1000 1001 1002 1003 1004 1005 1006 1007 1008 1009 1010 1011 1012 1013 1014 1015 1016 1017 1018 1019 1020 1021 1022 1023 1024 1025 1026 1027 1028 1029 1030 1031 1032 1033 1034 1035 1036 1037 1038 1039 1040 1041 1042 1043 1044 1045 1046 1047 1048 1049 1050 1051 1052 1053 1054 1055 1056 1057 1058 1059 1060 1061 1062 1063 1064 1065 1066 1067 1068 1069 1070 1071 1072 1073 1074 1075 1076 1077 1078 1079 1080 1081 1082 1083 1084 1085 1086 1087 1088 1089 1090 1091 1092 1093 1094 1095 1096 1097 1098 1099 1100 1101 1102 1103 1104 1105 1106 1107 1108 1109 1110 1111 1112 1113 1114 1115 1116 1117 1118 1119 1120 1121 1122 1123 1124 1125 1126 1127 1128 1129 1130 1131 1132 1133 1134 1135 1136 1137 1138 1139 1140 1141 1142 1143 1144 1145 1146 1147 1148 1149 1150 1151 1152 1153 1154 1155 1156 1157 1158 1159 1160 1161 1162 1163 1164 1165 1166 1167 1168 1169 1170 1171 1172 1173 1174 1175 1176 1177 1178 1179 1180 1181 1182 1183 1184 1185 1186 1187 1188 1189 1190 1191 1192 1193 1194 1195 1196 1197 1198 1199 1200 1201 1202 1203 1204 1205 1206 1207 1208 1209 1210 1211 1212 1213 1214 1215 1216 1217 1218 1219 1220 1221 1222 1223 1224 1225 1226 1227 1228 1229 1230 1231 1232 1233 1234 1235 1236 1237 1238 1239 1240 1241 1242 1243 1244 1245 1246 1247 1248 1249 1250 1251 1252 1253 1254 1255 1256 1257 1258 1259 1260 1261 1262 1263 1264 1265 1266 1267 1268 1269 1270 1271 1272 1273 1274 1275 1276 1277 1278 1279 1280 1281 1282 1283 1284 1285 1286 1287 1288 1289 1290 1291 1292 1293 1294 1295 1296 1297 1298 1299 1300 1301 1302 1303 1304 1305 1306 1307 1308 1309 1310 1311 1312 1313 1314 1315 1316 1317 1318 1319 1320 1321 1322 1323 1324 1325 1326 1327 1328 1329 1330 1331 1332 1333 1334 1335 1336 1337 1338 1339 1340 1341 1342 1343 1344 1345 1346 1347 1348 1349 1350 1351 1352 1353 1354 1355 1356 1357 1358 1359 1360 1361 1362 1363 1364 1365 1366 1367 1368 1369 1370 1371 1372 1373 1374 1375 1376 1377 1378 1379 1380 1381 1382 1383 1384 1385 1386 1387 1388 1389 1390 1391 1392 1393 1394 1395 1396 1397 1398 1399 1400 1401 1402 1403 1404 1405 1406 1407 1408 1409 1410 1411 1412 1413 1414 1415 1416 1417 1418 1419 1420 1421 1422 1423 1424 1425 1426 1427 1428 1429 1430 1431 1432 1433 1434 1435 1436 1437 1438 1439 1440 1441 1442 1443 1444 1445 1446 1447 1448 1449 1450 1451 1452 1453 1454 1455 1456 1457 1458 1459 1460 1461 1462 1463 1464 1465 1466 1467 1468 1469 1470 1471 1472 1473 1474 1475 1476 1477 1478 1479 1480 1481 1482 1483 1484 1485 1486 1487 1488 1489 1490 1491 1492 1493 1494 1495 1496 1497 1498 1499 1500 1501 1502 1503 1504 1505 1506 1507 1508 1509 1510 1511 1512 1513 1514 1515 1516 1517 1518 1519 1520 1521 1522 1523 1524 1525 1526 1527 1528 1529 1530 1531 1532 1533 1534 1535 1536 1537 1538 1539 1540 1541 1542 1543 1544 1545 1546 1547 1548 1549 1550 1551 1552 1553 1554 1555 1556 1557 1558 1559 1560 1561 1562 1563 1564 1565 1566 1567 1568 1569 1570 1571 1572 1573 1574 1575 1576 1577 1578 1579 1580 1581 1582 1583 1584 1585 1586 1587 1588 1589 1590 1591 1592 1593 1594 1595 1596 1597 1598 1599 1600 1601 1602 1603 1604 1605 1606 1607 1608 1609 1610 1611 1612 1613 1614 1615 1616 1617 1618 1619 1620 1621 1622 1623 1624 1625 1626 1627 1628 1629 1630 1631 1632 1633 1634 1635 1636 1637 1638 1639 1640 1641 1642 1643 1644 1645 1646 1647 1648 1649 1650 1651 1652 1653 1654 1655 1656 1657 1658 1659 1660 1661 1662 1663 1664 1665 1666 1667 1668 1669 1670 1671 1672 1673 1674 1675 1676 1677 1678 1679 1680 1681 1682 1683 1684 1685 1686 1687 1688 1689 1690 1691 1692 1693 1694 1695 1696 1697 1698 1699 1700 1701 1702 1703 1704 1705 1706 1707 1708 1709 1710 1711 1712 1713 1714 1715 1716 1717 1718 1719 1720 1721 1722 1723 1724 1725 1726 1727 1728 1729 1730 1731 1732 1733 1734 1735 1736 1737 1738 1739 1740 1741 1742 1743 1744 1745 1746 1747 1748 1749 1750 1751 1752 1753 1754 1755 1756 1757 1758 1759 1760 1761 1762 1763 1764 1765 1766 1767 1768 1769 1770 1771 1772 1773 1774 1775 1776 1777 1778 1779 1780 1781 1782 1783 1784 1785 1786 1787 1788 1789 1790 1791 1792 1793 1794 1795 1796 1797 1798 1799 1800 1801 1802 1803 1804 1805 1806 1807 1808 1809 1810 1811 1812 1813 1814 1815 1816 1817 1818 1819 1820 1821 1822 1823 1824 1825 1826 1827 1828 1829 1830 1831 1832 1833 1834 1835 1836 1837 1838 1839 1840 1841 1842 1843 1844 1845 1846 1847 1848 1849 1850 1851 1852 1853 1854 1855 1856 1857 1858 1859 1860 1861 1862 1863 1864 1865 1866 1867 1868 1869 1870 1871 1872 1873 1874 1875 1876 1877 1878 1879 1880 1881 1882 1883 1884 1885 1886 1887 1888 1889 1890 1891 1892 1893 1894 1895 1896 1897 1898 1899 1900 1901 1902 1903 1904 1905 1906 1907 1908 1909 1910 1911 1912 1913 1914 1915 1916 1917 1918 1919 1920 1921 1922 1923 1924 1925 1926 1927 1928 1929 1930 1931 1932 1933 1934 1935 1936 1937 1938 1939 1940 1941 1942 1943 1944 1945 1946 1947 1948 1949 1950 1951 1952 1953 1954 1955 1956 1957 1958 1959 1960 1961 1962 1963 1964 1965 1966 1967 1968 1969 1970 1971 1972 1973 1974 1975 1976 1977 1978 1979 1980 1981 1982 1983 1984 1985 1986 1987 1988 1989 1990 1991 1992 1993 1994 1995 1996 1997 1998 1999 2000 2001 2002 2003 2004 2005 2006 2007 2008 2009 2010 2011 2012 2013 2014 2015 2016 2017 2018 2019 2020 2021 2022 2023 2024 2025 2026 2027 2028 2029 2030 2031 2032 2033 2034 2035 2036 2037 2038 2039 2040 2041 2042 2043 2044 2045 2046 2047 2048 2049 2050 2051 2052 2053 2054 2055 2056 2057 2058 2059 2060 2061 2062 2063 2064 2065 2066 2067 2068 2069 2070 2071 2072 2073 2074 2075 2076 2077 2078 2079 2080 2081 2082 2083 2084 2085 2086 2087 2088 2089 2090 2091 2092 2093 2094 2095 2096 2097 2098 2099 2100 2101 2102 2103 2104 2105 2106 2107 2108 2109 2110 2111 2112 2113 2114 2115 2116 2117 2118 2119 2120 2121 2122 2123 2124 2125 2126 2127 2128 2129 2130 2131 2132 2133 2134 2135 2136 2137 2138 2139 2140 2141 2142 2143 2144 2145 2146 2147 2148 2149 2150 2151 2152 2153 2154 2155 2156 2157 2158 2159 2160 2161 2162 2163 2164 2165 2166 2167 2168 2169 2170 2171 2172 2173 2174 2175 2176 2177 2178 2179 2180 2181 2182 2183 2184 2185 2186 2187 2188 2189 2190 2191 2192 2193 2194 2195 2196 2197 2198 2199 2200 2201 2202 2203 2204 2205 2206 2207 2208 2209 2210 2211 2212 2213 2214 2215 2216 2217 2218 2219 2220 2221 2222 2223 2224 2225 2226 2227 2228 2229 2230 2231 2232 2233 2234 2235 2236 2237 2238 2239 2240 2241 2242 2243 2244 2245 2246 2247 2248 2249 2250 2251 2252 2253 2254 2255 2256 2257 2258 2259 2260 2261 2262 2263 2264 2265 2266 2267 2268 2269 2270 2271 2272 2273 2274 2275 2276 2277 2278 2279 2280 2281 2282 2283 2284 2285 2286 2287 2288 2289 2290 2291 2292 2293 2294 2295 2296 2297 2298 2299 2300 2301 2302 2303 2304 2305 2306 2307 2308 2309 2310 2311 2312 2313 2314 2315 2316 2317 2318 2319 2320 2321 2322 2323 2324 2325 2326 2327 2328 2329 2330 2331 2332 2333 2334 2335 2336 2337 2338 2339 2340 2341 2342 2343 2344 2345 2346 2347 2348 2349 2350 2351 2352 2353 2354 2355 2356 2357 2358 2359 2360 2361 2362 2363 2364 2365 2366 2367 2368 2369 2370 2371 2372 2373 2374 2375 2376 2377 2378 2379 2380 2381 2382 2383 2384 2385 2386 2387 2388 2389 2390 2391 2392 2393 2394 2395 2396 2397 2398 2399 2400 2401 2402 2403 2404 2405 2406 2407 2408 2409 2410 2411 2412 2413 2414 2415 2416 2417 2418 2419 2420 2421 2422 2423 2424 2425 2426 2427 2428 2429 2430 2431 2432 2433 2434 2435 2436 2437 2438 2439 2440 2441 2442 2443 2444 2445 2446 2447 2448 2449 2450 2451 2452 2453 2454 2455 2456 2457 2458 2459 2460 2461 2462 2463 2464 2465 2466 2467 2468 2469 2470 2471 2472 2473 2474 2475 2476 2477 2478 2479 2480 2481 2482 2483 2484 2485 2486 2487 2488 2489 2490 2491 2492 2493 2494 2495 2496 2497 2498 2499 2500 2501 2502 2503 2504 2505 2506 2507 2508 2509 2510 2511 2512 2513 2514 2515 2516 2517 2518 2519 2520 2521 2522 2523 2524 2525 2526 2527 2528 2529 2530 2531 2532 2533 2534 2535 2536 2537 2538 2539 2540 2541 2542 2543 2544 2545 2546 2547 2548 2549 2550 2551 2552 2553 2554 2555 2556 2557 2558 2559 2560 2561 2562 2563 2564 2565 2566 2567 2568 2569 2570 2571 2572 2573 2574 2575 2576 2577 2578 2579 2580 2581 2582 2583 2584 2585 2586 2587 2588 2589 2590 2591 2592 2593 2594 2595 2596 2597 2598 2599 2600 2601 2602 2603 2604 2605 2606 2607 2608 2609 2610 2611 2612 2613 2614 2615 2616 2617 2618 2619 2620 2621 2622 2623 2624 2625 2626 2627 2628 2629 2630 2631 2632 2633 2634 2635 2636 2637 2638 2639 2640 2641 2642 2643 2644 2645 2646 2647 2648 2649 2650 2651 2652 2653 2654 2655 2656 2657 2658 2659 2660 2661 2662 2663 2664 2665 2666 2667 2668 2669 2670 2671 2672 2673 2674 2675 2676 2677 2678 2679 2680 2681 2682 2683 2684 2685 2686 2687 2688 2689 2690 2691 2692 2693 2694 2695 2696 2697 2698 2699 2700 2701 2702 2703 2704 2705 2706 2707 2708 2709 2710 2711 2712 2713 2714 2715 2716 2717 2718 2719 2720 2721 2722 2723 2724 2725 2726 2727 2728 2729 2730 2731 2732 2733 2734 2735 2736 2737 2738 2739 2740 2741 2742 2743 2744 2745 2746 2747 2748 2749 2750 2751 2752 2753 2754 2755 2756 2757 2758 2759 2760 2761 2762 2763 2764 2765 2766 2767 2768 2769 2770 2771 2772 2773 2774 2775 2776 2777 2778 2779 2780 2781 2782 2783 2784 2785 2786 2787 2788 2789 2790 2791 2792 2793 2794 2795 2796 2797 2798 2799 2800 2801 2802 2803 2804 2805 2806 2807 2808 2809 2810 2811 2812 2813 2814 2815 2816 2817 2818 2819 2820 2821 2822 2823 2824 2825 2826 2827 2828 2829 2830 2831 2832 2833 2834 2835 2836 2837 2838 2839 2840 2841 2842 2843 2844 2845 2846 2847 2848 2849 2850 2851 2852 2853 2854 2855 2856 2857 2858 2859 2860 2861 2862 2863 2864 2865 2866 2867 2868 2869 2870 2871 2872 2873 2874 2875 2876 2877 2878 2879 2880 2881 2882 2883 2884 2885 2886 2887 2888 2889 2890 2891 2892 2893 2894 2895 2896 2897 2898 2899 2900 2901 2902 2903 2904 2905 2906 2907 2908 2909 2910 2911 2912 2913 2914 2915 2916 2917 2918 2919 2920 2921 2922 2923 2924 2925 2926 2927 2928 2929 2930 2931 2932 2933 2934 2935 2936 2937 2938 2939 2940 2941 2942 2943 2944 2945 2946 2947 2948 2949 2950 2951 2952 2953 2954 2955 2956 2957 2958 2959 2960 2961 2962 2963 2964 2965 2966 2967 2968 2969 2970 2971 2972 2973 2974 2975 2976 2977 2978 2979 2980 2981 2982 2983 2984 2985 2986 2987 2988 2989 2990 2991 2992 2993 2994 2995 2996 2997 2998 2999 3000 3001 3002 3003 3004 3005 3006 3007 3008 3009 3010 3011 3012 3013 3014 3015 3016 3017 3018 3019 3020 3021 3022 3023 3024 3025 3026 3027 3028 3029 3030 3031 3032 3033 3034 3035 3036 3037 3038 3039 3040 3041 3042 3043 3044 3045 3046 3047 3048 3049 3050 3051 3052 3053 3054 3055 3056 3057 3058 3059 3060 3061 3062 3063 3064 3065 3066 3067 3068 3069 3070 3071 3072 3073 3074 3075 3076 3077 3078 3079 3080 3081 3082 3083 3084 3085 3086 3087 3088 3089 3090 3091 3092 3093 3094 3095 3096 3097 3098 3099 3100 3101 3102 3103 3104 3105 3106 3107 3108 3109 3110 3111 3112 3113 3114 3115 3116 3117 3118 3119 3120 3121 3122 3123 3124 3125 3126 3127 3128 3129 3130 3131 3132 3133 3134 3135 3136 3137 3138 3139 3140 3141 3142 3143 3144 3145 3146 3147 3148 3149 3150 3151 3152 3153 3154 3155 3156 3157 3158 3159 3160 3161 3162 3163 3164 3165 3166 3167 3168 3169 3170 3171 3172 3173 3174 3175 3176 3177 3178 3179 3180 3181 3182 3183 3184 3185 3186 3187 3188 3189 3190 3191 3192 3193 3194 3195 3196 3197 3198 3199 3200 3201 3202 3203 3204 3205 3206 3207 3208 3209 3210 3211 3212 3213 3214 3215 3216 3217 3218 3219 3220 3221 3222 3223 3224 3225 3226 3227 3228 3229 3230 3231 3232 3233 3234 3235 3236 3237 3238 3239 3240 3241 3242 3243 3244 3245 3246 3247 3248 3249 3250 3251 3252 3253 3254 3255 3256 3257 3258 3259 3260 3261 3262 3263 3264 3265 3266 3267 3268 3269 3270 3271 3272 3273 3274 3275 3276 3277 3278 3279 3280 3281 3282 3283 3284 3285 3286 3287 3288 3289 3290 3291 3292 3293 3294 3295 3296 3297 3298 3299 3300 3301 3302 3303 3304 3305 3306 3307 3308 3309 3310 3311 3312 3313 3314 3315 3316 3317 3318 3319 3320 3321 3322 3323 3324 3325 3326 3327 3328 3329 3330 3331 3332 3333 3334 3335 3336 3337 3338 3339 3340 3341 3342 3343 3344 3345 3346 3347 3348 3349 3350 3351 3352 3353 3354 3355 3356 3357 3358 3359 3360 3361 3362 3363 3364 3365 3366 3367 3368 3369 3370 3371 3372 3373 3374 3375 3376 3377 3378 3379 3380 3381 3382 3383 3384 3385 3386 3387 3388 3389 3390 3391 3392 3393 3394 3395 3396 3397 3398 3399 3400 3401 3402 3403 3404 3405 3406 3407 3408 3409 3410 3411 3412 3413 3414 3415 3416 3417 3418 3419 3420 3421 3422 3423 3424 3425 3426 3427 3428 3429 3430 3431 3432 3433 3434 3435 3436 3437 3438 3439 3440 3441 3442 3443 3444 3445 3446 3447 3448 3449 3450 3451 3452 3453 3454 3455 3456 3457 3458 3459 3460 3461 3462 3463 3464 3465 3466 3467 3468 3469 3470 3471 3472 3473 3474 3475 3476 3477 3478 3479 3480 3481 3482 3483 3484 3485 3486 3487 3488 3489 3490 3491 3492 3493 3494 3495 3496 3497 3498 3499 3500 3501 3502 3503 3504 3505 3506 3507 3508 3509 3510 3511 3512 3513 3514 3515 3516 3517 3518 3519 3520 3521 3522 3523 3524 3525 3526 3527 3528 3529 3530 3531 3532 3533 3534 3535 3536 3537 3538 3539 3540 3541 3542 3543 3544 3545 3546 3547 3548 3549 3550 3551 3552 3553 3554 3555 3556 3557 3558 3559 3560 3561 3562 3563 3564 3565 3566 3567 3568 3569 3570 3571 3572 3573 3574 3575 3576 3577 3578 3579 3580 3581 3582 3583 3584 3585 3586 3587 3588 3589 3590 3591 3592 3593 3594 3595 3596 3597 3598 3599 3600 3601 3602 3603 3604 3605 3606 3607 3608 3609 3610 3611 3612 3613 3614 3615 3616 3617 3618 3619 3620 3621 3622 3623 3624 3625 3626 3627 3628 3629 3630 3631 3632 3633 3634 3635 3636 3637 3638 3639 3640 3641 3642 3643 3644 3645 3646 3647 3648 3649 3650 3651 3652 3653 3654 3655 3656 3657 3658 3659 3660 3661 3662 3663 3664 3665 3666 3667 3668 3669 3670 3671 3672 3673 3674 3675 3676 3677 3678 3679 3680 3681 3682 3683 3684 3685 3686 3687 3688 3689 3690 3691 3692 3693 3694 3695 3696 3697 3698 3699 3700 3701 3702 3703 3704 3705 3706 3707 3708 3709 3710 3711 3712 3713 3714 3715 3716 3717 3718 3719 3720 3721 3722 3723 3724 3725 3726 3727 3728 3729 3730 3731 3732 3733 3734 3735 3736 3737 3738 3739 3740 3741 3742 3743 3744 3745 3746 3747 3748 3749 3750 3751 3752 3753 3754 3755 3756 3757 3758 3759 3760 3761 3762 3763 3764 3765 3766 3767 3768 3769 3770 3771 3772 3773 3774 3775 3776 3777 3778 3779 3780 3781 3782 3783 3784 3785 3786 3787 3788 3789 3790 3791 3792 3793 3794 3795 3796 3797 3798 3799 3800 3801 3802 3803 3804 3805 3806 3807 3808 3809 3810 3811 3812 3813 3814 3815 3816 3817 3818 3819 3820 3821 3822 3823 3824 3825 3826 3827 3828 3829 3830 3831 3832 3833 3834 3835 3836 3837 3838 3839 3840 3841 3842 3843 3844 3845 3846 3847 3848 3849 3850 3851 3852 3853 3854 3855 3856 3857 3858 3859 3860 3861 3862 3863 3864 3865 3866 3867 3868 3869 3870 3871 3872 3873 3874 3875 3876 3877 3878 3879 3880 3881 3882 3883 3884 3885 3886 3887 3888 3889 3890 3891 3892 3893 3894 3895 3896 3897 3898 3899 3900 3901 3902 3903 3904 3905 3906 3907 3908 3909 3910 3911 3912 3913 3914 3915 3916 3917 3918 3919 3920 3921 3922 3923 3924 3925 3926 3927 3928 3929 3930 3931 3932 3933 3934 3935 3936 3937 3938 3939 3940 3941 3942 3943 3944 3945 3946 3947 3948 3949 3950 3951 3952 3953 3954 3955 3956 3957 3958 3959 3960 3961 3962 3963 3964 3965 3966 3967 3968 3969 3970 3971 3972 3973 3974 3975 3976 3977 3978 3979 3980 3981 3982 3983 3984 3985 3986 3987 3988 3989 3990 3991 3992 3993 3994 3995 3996 3997 3998 3999 4000 4001 4002 4003 4004 4005 4006 4007 4008 4009 4010 4011 4012 4013 4014 4015 4016 4017 4018 4019 4020 4021 4022 4023 4024 4025 4026 4027 4028 4029 4030 4031 4032 4033 4034 4035 4036 4037 4038 4039 4040 4041 4042 4043 4044 4045 4046 4047 4048 4049 4050 4051 4052 4053 4054 4055 4056 4057 4058 4059 4060 4061 4062 4063 4064 4065 4066 4067 4068 4069 4070 4071 4072 4073 4074 4075 4076 4077 4078 4079 4080 4081 4082 4083 4084 4085 4086 4087 4088 4089 4090 4091 4092 4093 4094 4095 4096 4097 4098 4099 4100 4101 4102 4103 4104 4105 4106 4107 4108 4109 4110 4111 4112 4113 4114 4115 4116 4117 4118 4119 4120 4121 4122 4123 4124 4125 4126 4127 4128 4129 4130 4131 4132 4133 4134 4135 4136 4137 4138 4139 4140 4141 4142 4143 4144 4145 4146 4147 4148 4149 4150 4151 4152 4153 4154 4155 4156 4157 4158 4159 4160 4161 4162 4163 4164 4165 4166 4167 4168 4169 4170 4171 4172 4173 4174 4175 4176 4177 4178 4179 4180 4181 4182 4183 4184 4185 4186 4187 4188 4189 4190 4191 4192 4193 4194 4195 4196 4197 4198 4199 4200 4201 4202 4203 4204 4205 4206 4207 4208 4209 4210 4211 4212 4213 4214 4215 4216 4217 4218 4219 4220 4221 4222 4223 4224 4225 4226 4227 4228 4229 4230 4231 4232 4233 4234 4235 4236 4237 4238 4239 4240 4241 4242 4243 4244 4245 4246 4247 4248 4249 4250 4251 4252 4253 4254 4255 4256 4257 4258 4259 4260 4261 4262 4263 4264 4265 4266 4267 4268 4269 4270 4271 4272 4273 4274 4275 4276 4277 4278 4279 4280 4281 4282 4283 4284 4285 4286 4287 4288 4289 4290 4291 4292 4293 4294 4295 4296 4297 4298 4299 4300 4301 4302 4303 4304 4305 4306 4307 4308 4309 4310 4311 4312 4313 4314 4315 4316 4317 4318 4319 4320 4321 4322 4323 4324 4325 4326 4327 4328 4329 4330 4331 4332 4333 4334 4335 4336 4337 4338 4339 4340 4341 4342 4343 4344 4345 4346 4347 4348 4349 4350 4351 4352 4353 4354 4355 4356 4357 4358 4359 4360 4361 4362 4363 4364 4365 4366 4367 4368 4369 4370 4371 4372 4373 4374 4375 4376 4377 4378 4379 4380 4381 4382 4383 4384 4385 4386 4387 4388 4389 4390 4391 4392 4393 4394 4395 4396 4397 4398 4399 4400 4401 4402 4403 4404 4405 4406 4407 4408 4409 4410 4411 4412 4413 4414 4415 4416 4417 4418 4419 4420 4421 4422 4423 4424 4425 4426 4427 4428 4429 4430 4431 4432 4433 4434 4435 4436 4437 4438 4439 4440 4441 4442 4443 4444 4445 4446 4447 4448 4449 4450 4451 4452 4453 4454 4455 4456 4457 4458 4459 4460 4461 4462 4463 4464 4465 4466 4467 4468 4469 4470 4471 4472 4473 4474 4475 4476 4477 4478 4479 4480 4481 4482 4483 4484 4485 4486 4487 4488 4489 4490 4491 4492 4493 4494 4495 4496 4497 4498 4499 4500 4501 4502 4503 4504 4505 4506 4507 4508 4509 4510 4511 4512 4513 4514 4515 4516 4517 4518 4519 4520 4521 4522 4523 4524 4525 4526 4527 4528 4529 4530 4531 4532 4533 4534 4535 4536 4537 4538 4539 4540 4541 4542 4543 4544 4545 4546 4547 4548 4549 4550 4551 4552 4553 4554 4555 4556 4557 4558 4559 4560 4561 4562 4563 4564 4565 4566 4567 4568 4569 4570 4571 4572 4573 4574 4575 4576 4577 4578 4579 4580 4581 4582 4583 4584 4585 4586 4587 4588 4589 4590 4591 4592 4593 4594 4595 4596 4597 4598 4599 4600 4601 4602 4603 4604 4605 4606 4607 4608 4609 4610 4611 4612 4613 4614 4615 4616 4617 4618 4619 4620 4621 4622 4623 4624 4625 4626 4627 4628 4629 4630 4631 4632 4633 4634 4635 4636 4637 4638 4639 4640 4641 4642 4643 4644 4645 4646 4647 4648 4649 4650 4651 4652 4653 4654 4655 4656 4657 4658 4659 4660 4661 4662 4663 4664 4665 4666 4667 4668 4669 4670 4671 4672 4673 4674 4675 4676 4677 4678 4679 4680 4681 4682 4683 4684 4685 4686 4687 4688 4689 4690 4691 4692 4693 4694 4695 4696 4697 4698 4699 4700 4701 4702 4703 4704 4705 4706 4707 4708 4709 4710 4711 4712 4713 4714 4715 4716 4717 4718 4719 4720 4721 4722 4723 4724 4725 4726 4727 4728 4729 4730 4731 4732 4733 4734 4735 4736 4737 4738 4739 4740 4741 4742 4743 4744 4745 4746 4747 4748 4749 4750 4751 4752 4753 4754 4755 4756 4757 4758 4759 4760 4761 4762 4763 4764 4765 4766 4767 4768 4769 4770 4771 4772 4773 4774 4775 4776 4777 4778 4779 4780 4781 4782 4783 4784 4785 4786 4787 4788 4789 4790 4791 4792 4793 4794 4795 4796 4797 4798 4799 4800 4801 4802 4803 4804 4805 4806 4807 4808 4809 4810 4811 4812 4813 4814 4815 4816 4817 4818 4819 4820 4821 4822 4823 4824 4825 4826 4827 4828 4829 4830 4831 4832 4833 4834 4835 4836 4837 4838 4839 4840 4841 4842 4843 4844 4845 4846 4847 4848 4849 4850 4851 4852 4853 4854 4855 4856 4857 4858 4859 4860 4861 4862 4863 4864 4865 4866 4867 4868 4869 4870 4871 4872 4873 4874 4875 4876 4877 4878 4879 4880 4881 4882 4883 4884 4885 4886 4887 4888 4889 4890 4891 4892 4893 4894 4895 4896 4897 4898 4899 4900 4901 4902 4903 4904 4905 4906 4907 4908 4909 4910 4911 4912 4913 4914 4915 4916 4917 4918 4919 4920 4921 4922 4923 4924 4925 4926 4927 4928 4929 4930 4931 4932 4933 4934 4935 4936 4937 4938 4939 4940 4941 4942 4943 4944 4945 4946 4947 4948 4949 4950 4951 4952 4953 4954 4955 4956 4957 4958 4959 4960 4961 4962 4963 4964 4965 4966 4967 4968 4969 4970 4971 4972 4973 4974 4975 4976 4977 4978 4979 4980 4981 4982 4983 4984 4985 4986 4987 4988 4989 4990 4991 4992 4993 4994 4995 4996 4997 4998 4999 5000 5001 5002 5003 5004 5005 5006 5007 5008 5009 5010 5011 5012 5013 5014 5015 5016 5017 5018 5019 5020 5021 5022 5023 5024 5025 5026 5027 5028 5029 5030 5031 5032 5033 5034 5035 5036 5037 5038 5039 5040 5041 5042 5043 5044 5045 5046 5047 5048 5049 5050 5051 5052 5053 5054 5055 5056 5057 5058 5059 5060 5061 5062 5063 5064 5065 5066 5067 5068 5069 5070 5071 5072 5073 5074 5075 5076 5077 5078 5079 5080 5081 5082 5083 5084 5085 5086 5087 5088 5089 5090 5091 5092 5093 5094 5095 5096 5097 5098 5099 5100 5101 5102 5103 5104 5105 5106 5107 5108 5109 5110 5111 5112 5113 5114 5115 5116 5117 5118 5119 5120 5121 5122 5123 5124 5125 5126 5127 5128 5129 5130 5131 5132 5133 5134 5135 5136 5137 5138 5139 5140 5141 5142 5143 5144 5145 5146 5147 5148 5149 5150 5151 5152 5153 5154 5155 5156 5157 5158 5159 5160 5161 5162 5163 5164 5165 5166 5167 5168 5169 5170 5171 5172 5173 5174 5175 5176 5177 5178 5179 5180 5181 5182 5183 5184 5185 5186 5187 5188 5189 5190 5191 5192 5193 5194 5195 5196 5197 5198 5199 5200 5201 5202 5203 5204 5205 5206 5207 5208 5209 5210 5211 5212 5213 5214 5215 5216 5217 5218 5219 5220 5221 5222 5223 5224 5225 5226 5227 5228 5229 5230 5231 5232 5233 5234 5235 5236 5237 5238 5239 5240 5241 5242 5243 5244 5245 5246 5247 5248 5249 5250 5251 5252 5253 5254 5255 5256 5257 5258 5259 5260 5261 5262 5263 5264 5265 5266 5267 5268 5269 5270 5271 5272 5273 5274 5275 5276 5277 5278 5279 5280 5281 5282 5283 5284 5285 5286 5287 5288 5289 5290 5291 5292 5293 5294 5295 5296 5297 5298 5299 5300 5301 5302 5303 5304 5305 5306 5307 5308 5309 5310 5311 5312 5313 5314 5315 5316 5317 5318 5319 5320 5321 5322 5323 5324 5325 5326 5327 5328 5329 5330 5331 5332 5333 5334 5335 5336 5337 5338 5339 5340 5341 5342 5343 5344 5345 5346 5347 5348 5349 5350 5351 5352 5353 5354 5355 5356 5357 5358 5359 5360 5361 5362 5363 5364 5365 5366 5367 5368 5369 5370 5371 5372 5373 5374 5375 5376 5377 5378 5379 5380 5381 5382 5383 5384 5385 5386 5387 5388 5389 5390 5391 5392 5393 5394 5395 5396 5397 5398 5399 5400 5401 5402 5403 5404 5405 5406 5407 5408 5409 5410 5411 5412 5413 5414 5415 5416 5417 5418 5419 5420 5421 5422 5423 5424 5425 5426 5427 5428 5429 5430 5431 5432 5433 5434 5435 5436 5437 5438 5439 5440 5441 5442 5443 5444 5445 5446 5447 5448 5449 5450 5451 5452 5453 5454 5455 5456 5457 5458 5459 5460 5461 5462 5463 5464 5465 5466 5467 5468 5469 5470 5471 5472 5473 5474 5475 5476 5477 5478 5479 5480 5481 5482 5483 5484 5485 5486 5487 5488 5489 5490 5491 5492 5493 5494 5495 5496 5497 5498 5499 5500 5501 5502 5503 5504 5505 5506 5507 5508 5509 5510 5511 5512 5513 5514 5515 5516 5517 5518 5519 5520 5521 5522 5523 5524 5525 5526 5527 5528 5529 5530 5531 5532 5533 5534 5535 5536 5537 5538 5539 5540 5541 5542 5543 5544 5545 5546 5547 5548 5549 5550 5551 5552 5553 5554 5555 5556 5557 5558 5559 5560 5561 5562 5563 5564 5565 5566 5567 5568 5569 5570 5571 5572 5573 5574 5575 5576 5577 5578 5579 5580 5581 5582 5583 5584 5585 5586 5587 5588 5589 5590 5591 5592 5593 5594 5595 5596 5597 5598 5599 5600 5601 5602 5603 5604 5605 5606 5607 5608 5609 5610 5611 5612 5613 5614 5615 5616 5617 5618 5619 5620 5621 5622 5623 5624 5625 5626 5627 5628 5629 5630 5631 5632 5633 5634 5635 5636 5637 5638 5639 5640 5641 5642 5643 5644 5645 5646 5647 5648 5649 5650 5651 5652 5653 5654 5655 5656 5657 5658 5659 5660 5661 5662 5663 5664 5665 5666 5667 5668 5669 5670 5671 5672 5673 5674 5675 5676 5677 5678 5679 5680 5681 5682 5683 5684 5685 5686 5687 5688 5689 5690 5691 5692 5693 5694 5695 5696 5697 5698 5699 5700 5701 5702 5703 5704 5705 5706 5707 5708 5709 5710 5711 5712 5713 5714 5715 5716 5717 5718 5719 5720 5721 5722 5723 5724 5725 5726 5727 5728 5729 5730 5731 5732 5733 5734 5735 5736 5737 5738 5739 5740 5741 5742 5743 5744 5745 5746 5747 5748 5749 5750 5751 5752 5753 5754 5755 5756 5757 5758 5759 5760 5761 5762 5763 5764 5765 5766 5767 5768 5769 5770 5771 5772 5773 5774 5775 5776 5777 5778 5779 5780 5781 5782 5783 5784 5785 5786 5787 5788 5789 5790 5791 5792 5793 5794 5795 5796 5797 5798 5799 5800 5801 5802 5803 5804 5805 5806 5807 5808 5809 5810 5811 5812 5813 5814 5815 5816 5817 5818 5819 5820 5821 5822 5823 5824 5825 5826 5827 5828 5829 5830 5831 5832 5833 5834 5835 5836 5837 5838 5839 5840 5841 5842 5843 5844 5845 5846 5847 5848 5849 5850 5851 5852 5853 5854 5855 5856 5857 5858 5859 5860 5861 5862 5863 5864 5865 5866 5867 5868 5869 5870 5871 5872 5873 5874 5875 5876 5877 5878 5879 5880 5881 5882 5883 5884 5885 5886 5887 5888 5889 5890 5891 5892 5893 5894 5895 5896 5897 5898 5899 5900 5901 5902 5903 5904 5905 5906 5907 5908 5909 5910 5911 5912 5913 5914 5915 5916 5917 5918 5919 5920 5921 5922 5923 5924 5925 5926 5927 5928 5929 5930 5931 5932 5933 5934 5935 5936 5937 5938 5939 5940 5941 5942 5943 5944 5945 5946 5947 5948 5949 5950 5951 5952 5953 5954 5955 5956 5957 5958 5959 5960 5961 5962 5963 5964 5965 5966 5967 5968 5969 5970 5971 5972 5973 5974 5975 5976 5977 5978 5979 5980 5981 5982 5983 5984 5985 5986 5987 5988 5989 5990 5991 5992 5993 5994 5995 5996 5997 5998 5999 6000 6001 6002 6003 6004 6005 6006 6007 6008 6009 6010 6011 6012 6013 6014 6015 6016 6017 6018 6019 6020 6021 6022 6023 6024 6025 6026 6027 6028 6029 6030 6031 6032 6033 6034 6035 6036 6037 6038 6039 6040 6041 6042 6043 6044 6045 6046 6047 6048 6049 6050 6051 6052 6053 6054 6055 6056 6057 6058 6059 6060 6061 6062 6063 6064 6065 6066 6067 6068 6069 6070 6071 6072 6073 6074 6075 6076 6077 6078 6079 6080 6081 6082 6083 6084 6085 6086 6087 6088 6089 6090 6091 6092 6093 6094 6095 6096 6097 6098 6099 6100 6101 6102 6103 6104 6105 6106 6107 6108 6109 6110 6111 6112 6113 6114 6115 6116 6117 6118 6119 6120 6121 6122 6123 6124 6125 6126 6127 6128 6129 6130 6131 6132 6133 6134 6135 6136 6137 6138 6139 6140 6141 6142 6143 6144 6145 6146 6147 6148 6149 6150 6151 6152 6153 6154 6155 6156 6157 6158 6159 6160 6161 6162 6163 6164 6165 6166 6167 6168 6169 6170 6171 6172 6173 6174 6175 6176 6177 6178 6179 6180 6181 6182 6183 6184 6185 6186 6187 6188 6189 6190 6191 6192 6193 6194 6195 6196 6197 6198 6199 6200 6201 6202 6203 6204 6205 6206 6207 6208 6209 6210 6211 6212 6213 6214 6215 6216 6217 6218 6219 6220 6221 6222 6223 6224 6225 6226 6227 6228 6229 6230 6231 6232 6233 6234 6235 6236 6237 6238 6239 6240 6241 6242 6243 6244 6245 6246 6247 6248 6249 6250 6251 6252 6253 6254 6255 6256 6257 6258 6259 6260 6261 6262 6263 6264 6265 6266 6267 6268 6269 6270 6271 6272 6273 6274 6275 6276 6277 6278 6279 6280 6281 6282 6283 6284 6285 6286 6287 6288 6289 6290 6291 6292 6293 6294 6295 6296 6297 6298 6299 6300 6301 6302 6303 6304 6305 6306 6307 6308 6309 6310 6311 6312 6313 6314 6315 6316 6317 6318 6319 6320 6321 6322 6323 6324 6325 6326 6327 6328 6329 6330 6331 6332 6333 6334 6335 6336 6337 6338 6339 6340 6341 6342 6343 6344 6345 6346 6347 6348 6349 6350 6351 6352 6353 6354 6355 6356 6357 6358 6359 6360 6361 6362 6363 6364 6365 6366 6367 6368 6369 6370 6371 6372 6373 6374 6375 6376 6377 6378 6379 6380 6381 6382 6383 6384 6385 6386 6387 6388 6389 6390 6391 6392 6393 6394 6395 6396 6397 6398 6399 6400 6401 6402 6403 6404 6405 6406 6407 6408 6409 6410 6411 6412 6413 6414 6415 6416 6417 6418 6419 6420 6421 6422 6423 6424 6425 6426 6427 6428 6429 6430 6431 6432 6433 6434 6435 6436 6437 6438 6439 6440 6441 6442 6443 6444 6445 6446 6447 6448 6449 6450 6451 6452 6453 6454 6455 6456 6457 6458 6459 6460 6461 6462 6463 6464 6465 6466 6467 6468 6469 6470 6471 6472 6473 6474 6475 6476 6477 6478 6479 6480 6481 6482 6483 6484 6485 6486 6487 6488 6489 6490 6491 6492 6493 6494 6495 6496 6497 6498 6499 6500 6501 6502 6503 6504 6505 6506 6507 6508 6509 6510 6511 6512 6513 6514 6515 6516 6517 6518 6519 6520 6521 6522 6523 6524 6525 6526 6527 6528 6529 6530 6531 6532 6533 6534 6535 6536 6537 6538 6539 6540 6541 6542 6543 6544 6545 6546 6547 6548 6549 6550 6551 6552 6553 6554 6555 6556 6557 6558 6559 6560 6561 6562 6563 6564 6565 6566 6567 6568 6569 6570 6571 6572 6573 6574 6575 6576 6577 6578 6579 6580 6581 6582 6583 6584 6585 6586 6587 6588 6589 6590 6591 6592 6593 6594 6595 6596 6597 6598 6599 6600 6601 6602 6603 6604 6605 6606 6607 6608 6609 6610 6611 6612 6613 6614 6615 6616 6617 6618 6619 6620 6621 6622 6623 6624 6625 6626 6627 6628 6629 6630 6631 6632 6633 6634 6635 6636 6637 6638 6639 6640 6641 6642 6643 6644 6645 6646 6647 6648 6649 6650 6651 6652 6653 6654 6655 6656 6657 6658 6659 6660 6661 6662 6663 6664 6665 6666 6667 6668 6669 6670 6671 6672 6673 6674 6675 6676 6677 6678 6679 6680 6681 6682 6683 6684 6685 6686 6687 6688 6689 6690 6691 6692 6693 6694 6695 6696 6697 6698 6699 6700 6701 6702 6703 6704 6705 6706 6707 6708 6709 6710 6711 6712 6713 6714 6715 6716 6717 6718 6719 6720 6721 6722 6723 6724 6725 6726 6727 6728 6729 6730 6731 6732 6733 6734 6735 6736 6737 6738 6739 6740 6741 6742 6743 6744 6745 6746 6747 6748 6749 6750 6751 6752 6753 6754 6755 6756 6757 6758 6759 6760 6761 6762 6763 6764 6765 6766 6767 6768 6769 6770 6771 6772 6773 6774 6775 6776 6777 6778 6779 6780 6781 6782 6783 6784 6785 6786 6787 6788 6789 6790 6791 6792 6793 6794 6795 6796 6797 6798 6799 6800 6801 6802 6803 6804 6805 6806 6807 6808 6809 6810 6811 6812 6813 6814 6815 6816 6817 6818 6819 6820 6821 6822 6823 6824 6825 6826 6827 6828 6829 6830 6831 6832 6833 6834 6835 6836 6837 6838 6839 6840 6841 6842 6843 6844 6845 6846 6847 6848 6849 6850 6851 6852 6853 6854 6855 6856 6857 6858 6859 6860 6861 6862 6863 6864 6865 6866 6867 6868 6869 6870 6871 6872 6873 6874 6875 6876 6877 6878 6879 6880 6881 6882 6883 6884 6885 6886 6887 6888 6889 6890 6891 6892 6893 6894 6895 6896 6897 6898 6899 6900 6901 6902 6903 6904 6905 6906 6907 6908 6909 6910 6911 6912 6913 6914 6915 6916 6917 6918 6919 6920 6921 6922 6923 6924 6925 6926 6927 6928 6929 6930 6931 6932 6933 6934 6935 6936 6937 6938 6939 6940 6941 6942 6943 6944 6945 6946 6947 6948 6949 6950 6951 6952 6953 6954 6955 6956 6957 6958 6959 6960 6961 6962 6963 6964 6965 6966 6967 6968 6969 6970 6971 6972 6973 6974 6975 6976 6977 6978 6979 6980 6981 6982 6983 6984 6985 6986 6987 6988 6989 6990 6991 6992 6993 6994 6995 6996 6997 6998 6999 7000 7001 7002 7003 7004 7005 7006 7007 7008 7009 7010 7011 7012 7013 7014 7015 7016 7017 7018 7019 7020 7021 7022 7023 7024 7025 7026 7027 7028 7029 7030 7031 7032 7033 7034 7035 7036 7037 7038 7039 7040 7041 7042 7043 7044 7045 7046 7047 7048 7049 7050 7051 7052 7053 7054 7055 7056 7057 7058 7059 7060 7061 7062 7063 7064 7065 7066 7067 7068 7069 7070 7071 7072 7073 7074 7075 7076 7077 7078 7079 7080 7081 7082 7083 7084 7085 7086 7087 7088 7089 7090 7091 7092 7093 7094 7095 7096 7097 7098 7099 7100 7101 7102 7103 7104 7105 7106 7107 7108 7109 7110 7111 7112 7113 7114 7115 7116 7117 7118 7119 7120 7121 7122 7123 7124 7125 7126 7127 7128 7129 7130 7131 7132 7133 7134 7135 7136 7137 7138 7139 7140 7141 7142 7143 7144 7145 7146 7147 7148 7149 7150 7151 7152 7153 7154 7155 7156 7157 7158 7159 7160 7161 7162 7163 7164 7165 7166 7167 7168 7169 7170 7171 7172 7173 7174 7175 7176 7177 7178 7179 7180 7181 7182 7183 7184 7185 7186 7187 7188 7189 7190 7191 7192 7193 7194 7195 7196 7197 7198 7199 7200 7201 7202 7203 7204 7205 7206 7207 7208 7209 7210 7211 7212 7213 7214 7215 7216 7217 7218 7219 7220 7221 7222 7223 7224 7225 7226 7227 7228 7229 7230 7231 7232 7233 7234 7235 7236 7237 7238 7239 7240 7241 7242 7243 7244 7245 7246 7247 7248 7249 7250 7251 7252 7253 7254 7255 7256 7257 7258 7259 7260 7261 7262 7263 7264 7265 7266 7267 7268 7269 7270 7271 7272 7273 7274 7275 7276 7277 7278 7279 7280 7281 7282 7283 7284 7285 7286 7287 7288 7289 7290 7291 7292 7293 7294 7295 7296 7297 7298 7299 7300 7301 7302 7303 7304 7305 7306 7307 7308 7309 7310 7311 7312 7313 7314 7315 7316 7317 7318 7319 7320 7321 7322 7323 7324 7325 7326 7327 7328 7329 7330 7331 7332 7333 7334 7335 7336 7337 7338 7339 7340 7341 7342 7343 7344 7345 7346 7347 7348 7349 7350 7351 7352 7353 7354 7355 7356 7357 7358 7359 7360 7361 7362 7363 7364 7365 7366 7367 7368 7369 7370 7371 7372 7373 7374 7375 7376 7377 7378 7379 7380 7381 7382 7383 7384 7385 7386 7387 7388 7389 7390 7391 7392 7393 7394 7395 7396 7397 7398 7399 7400 7401 7402 7403 7404 7405 7406 7407 7408 7409 7410 7411 7412 7413 7414 7415 7416 7417 7418 7419 7420 7421 7422 7423 7424 7425 7426 7427 7428 7429 7430 7431 7432 7433 7434 7435 7436 7437 7438 7439 7440 7441 7442 7443 7444 7445 7446 7447 7448 7449 7450 7451 7452 7453 7454 7455 7456 7457 7458 7459 7460 7461 7462 7463 7464 7465 7466 7467 7468 7469 7470 7471 7472 7473 7474 7475 7476 7477 7478 7479 7480 7481 7482 7483 7484 7485 7486 7487 7488 7489 7490 7491 7492 7493 7494 7495 7496 7497 7498 7499 7500 7501 7502 7503 7504 7505 7506 7507 7508 7509 7510 7511 7512 7513 7514 7515 7516 7517 7518 7519 7520 7521 7522 7523 7524 7525 7526 7527 7528 7529 7530 7531 7532 7533 7534 7535 7536 7537 7538 7539 7540 7541 7542 7543 7544 7545 7546 7547 7548 7549 7550 7551 7552 7553 7554 7555 7556 7557 7558 7559 7560 7561 7562 7563 7564 7565 7566 7567 7568 7569 7570 7571 7572 7573 7574 7575 7576 7577 7578 7579 7580 7581 7582 7583 7584 7585 7586 7587 7588 7589 7590 7591 7592 7593 7594 7595 7596 7597 7598 7599 7600 7601 7602 7603 7604 7605 7606 7607 7608 7609 7610 7611 7612 7613 7614 7615 7616 7617 7618 7619 7620 7621 7622 7623 7624 7625 7626 7627 7628 7629 7630 7631 7632 7633 7634 7635 7636 7637 7638 7639 7640 7641 7642 7643 7644 7645 7646 7647 7648 7649 7650 7651 7652 7653 7654 7655 7656 7657 7658 7659 7660 7661 7662 7663 7664 7665 7666 7667 7668 7669 7670 7671 7672 7673 7674 7675 7676 7677 7678 7679 7680 7681 7682 7683 7684 7685 7686 7687 7688 7689 7690 7691 7692 7693 7694 7695 7696 7697 7698 7699 7700 7701 7702 7703 7704 7705 7706 7707 7708 7709 7710 7711 7712 7713 7714 7715 7716 7717 7718 7719 7720 7721 7722 7723 7724 7725 7726 7727 7728 7729 7730 7731 7732 7733 7734 7735 7736 7737 7738 7739 7740 7741 7742 7743 7744 7745 7746 7747 7748 7749 7750 7751 7752 7753 7754 7755 7756 7757 7758 7759 7760 7761 7762 7763 7764 7765 7766 7767 7768 7769 7770 7771 7772 7773 7774 7775 7776 7777 7778 7779 7780 7781 7782 7783 7784 7785 7786 7787 7788 7789 7790 7791 7792 7793 7794 7795 7796 7797 7798 7799 7800 7801 7802 7803 7804 7805 7806 7807 7808 7809 7810 7811 7812 7813 7814 7815 7816 7817 7818 7819 7820 7821 7822 7823 7824 7825 7826 7827 7828 7829 7830 7831 7832 7833 7834 7835 7836 7837 7838 7839 7840 7841 7842 7843 7844 7845 7846 7847 7848 7849 7850 7851 7852 7853 7854 7855 7856 7857 7858 7859 7860 7861 7862 7863 7864 7865 7866 7867 7868 7869 7870 7871 7872 7873 7874 7875 7876 7877 7878 7879 7880 7881 7882 7883 7884 7885 7886 7887 7888 7889 7890 7891 7892 7893 7894 7895 7896 7897 7898 7899 7900 7901 7902 7903 7904 7905 7906 7907 7908 7909 7910 7911 7912 7913 7914 7915 7916 7917 7918 7919 7920 7921 7922 7923 7924 7925 7926 7927 7928 7929 7930 7931 7932 7933 7934 7935 7936 7937 7938 7939 7940 7941 7942 7943 7944 7945 7946 7947 7948 7949 7950 7951 7952 7953 7954 7955 7956 7957 7958 7959 7960 7961 7962 7963 7964 7965 7966 7967 7968 7969 7970 7971 7972 7973 7974 7975 7976 7977 7978 7979 7980 7981 7982 7983 7984 7985 7986 7987 7988 7989 7990 7991 7992 7993 7994 7995 7996 7997 7998 7999 8000 8001 8002 8003 8004 8005 8006 8007 8008 8009 8010 8011 8012 8013 8014 8015 8016 8017 8018 8019 8020 8021 8022 8023 8024 8025 8026 8027 8028 8029 8030 8031 8032 8033 8034 8035 8036 8037 8038 8039 8040 8041 8042 8043 8044 8045 8046 8047 8048 8049 8050 8051 8052 8053 8054 8055 8056 8057 8058 8059 8060 8061 8062 8063 8064 8065 8066 8067 8068 8069 8070 8071 8072 8073 8074 8075 8076 8077 8078 8079 8080 8081 8082 8083 8084 8085 8086 8087 8088 8089 8090 8091 8092 8093 8094 8095 8096 8097 8098 8099 8100 8101 8102 8103 8104 8105 8106 8107 8108 8109 8110 8111 8112 8113 8114 8115 8116 8117 8118 8119 8120 8121 8122 8123 8124 8125 8126 8127 8128 8129 8130 8131 8132 8133 8134 8135 8136 8137 8138 8139 8140 8141 8142 8143 8144 8145 8146 8147 8148 8149 8150 8151 8152 8153 8154 8155 8156 8157 8158 8159 8160 8161 8162 8163 8164 8165 8166 8167 8168 8169 8170 8171 8172 8173 8174 8175 8176 8177 8178 8179 8180 8181 8182 8183 8184 8185 8186 8187 8188 8189 8190 8191 8192 8193 8194 8195 8196 8197 8198 8199 8200 8201 8202 8203 8204 8205 8206 8207 8208 8209 8210 8211 8212 8213 8214 8215 8216 8217 8218 8219 8220 8221 8222 8223 8224 8225 8226 8227 8228 8229 8230 8231 8232 8233 8234 8235 8236 8237 8238 8239 8240 8241 8242 8243 8244 8245 8246 8247 8248 8249 8250 8251 8252 8253 8254 8255 8256 8257 8258 8259 8260 8261 8262 8263 8264 8265 8266 8267 8268 8269 8270 8271 8272 8273 8274 8275 8276 8277 8278 8279 8280 8281 8282 8283 8284 8285 8286 8287 8288 8289 8290 8291 8292 8293 8294 8295 8296 8297 8298 8299 8300 8301 8302 8303 8304 8305 8306 8307 8308 8309 8310 8311 8312 8313 8314 8315 8316 8317 8318 8319 8320 8321 8322 8323 8324 8325 8326 8327 8328 8329 8330 8331 8332 8333 8334 8335 8336 8337 8338 8339 8340 8341 8342 8343 8344 8345 8346 8347 8348 8349 8350 8351 8352 8353 8354 8355 8356 8357 8358 8359 8360 8361 8362 8363 8364 8365 8366 8367 8368 8369 8370 8371 8372 8373 8374 8375 8376 8377 8378 8379 8380 8381 8382 8383 8384 8385 8386 8387 8388 8389 8390 8391 8392 8393 8394 8395 8396 8397 8398 8399 8400 8401 8402 8403 8404 8405 8406 8407 8408 8409 8410 8411 8412 8413 8414 8415 8416 8417 8418 8419 8420 8421 8422 8423 8424 8425 8426 8427 8428 8429 8430 8431 8432 8433 8434 8435 8436 8437 8438 8439 8440 8441 8442 8443 8444 8445 8446 8447 8448 8449 8450 8451 8452 8453 8454 8455 8456 8457 8458 8459 8460 8461 8462 8463 8464 8465 8466 8467 8468 8469 8470 8471 8472 8473 8474 8475 8476 8477 8478 8479 8480 8481 8482 8483 8484 8485 8486 8487 8488 8489 8490 8491 8492 8493 8494 8495 8496 8497 8498 8499 8500 8501 8502 8503 8504 8505 8506 8507 8508 8509 8510 8511 8512 8513 8514 8515 8516 8517 8518 8519 8520 8521 8522 8523 8524 8525 8526 8527 8528 8529 8530 8531 8532 8533 8534 8535 8536 8537 8538 8539 8540 8541 8542 8543 8544 8545 8546 8547 8548 8549 8550 8551 8552 8553 8554 8555 8556 8557 8558 8559 8560 8561 8562 8563 8564 8565 8566 8567 8568 8569 8570 8571 8572 8573 8574 8575 8576 8577 8578 8579 8580 8581 8582 8583 8584 8585 8586 8587 8588 8589 8590 8591 8592 8593 8594 8595 8596 8597 8598 8599 8600 8601 8602 8603 8604 8605 8606 8607 8608 8609 8610 8611 8612 8613 8614 8615 8616 8617 8618 8619 8620 8621 8622 8623 8624 8625 8626 8627 8628 8629 8630 8631 8632 8633 8634 8635 8636 8637 8638 8639 8640 8641 8642 8643 8644 8645 8646 8647 8648 8649 8650 8651 8652 8653 8654 8655 8656 8657 8658 8659 8660 8661 8662 8663 8664 8665 8666 8667 8668 8669 8670 8671 8672 8673 8674 8675 8676 8677 8678 8679 8680 8681 8682 8683 8684 8685 8686 8687 8688 8689 8690 8691 8692 8693 8694 8695 8696 8697 8698 8699 8700 8701 8702 8703 8704 8705 8706 8707 8708 8709 8710 8711 8712 8713 8714 8715 8716 8717 8718 8719 8720 8721 8722 8723 8724 8725 8726 8727 8728 8729 8730 8731 8732 8733 8734 8735 8736 8737 8738 8739 8740 8741 8742 8743 8744 8745 8746 8747 8748 8749 8750 8751 8752 8753 8754 8755 8756 8757 8758 8759 8760 8761 8762 8763 8764 8765 8766 8767 8768 8769 8770 8771 8772 8773 8774 8775 8776 8777 8778 8779 8780 8781 8782 8783 8784 8785 8786 8787 8788 8789 8790 8791 8792 8793 8794 8795 8796 8797 8798 8799 8800 8801 8802 8803 8804 8805 8806 8807 8808 8809 8810 8811 8812 8813 8814 8815 8816 8817 8818 8819 8820 8821 8822 8823 8824 8825 8826 8827 8828 8829 8830 8831 8832 8833 8834 8835 8836 8837 8838 8839 8840 8841 8842 8843 8844 8845 8846 8847 8848 8849 8850 8851 8852 8853 8854 8855 8856 8857 8858 8859 8860 8861 8862 8863 8864 8865 8866 8867 8868 8869 8870 8871 8872 8873 8874 8875 8876 8877 8878 8879 8880 8881 8882 8883 8884 8885 8886 8887 8888 8889 8890 8891 8892 8893 8894 8895 8896 8897 8898 8899 8900 8901 8902 8903 8904 8905 8906 8907 8908 8909 8910 8911 8912 8913 8914 8915 8916 8917 8918 8919 8920 8921 8922 8923 8924 8925 8926 8927 8928 8929 8930 8931 8932 8933 8934 8935 8936 8937 8938 8939 8940 8941 8942 8943 8944 8945 8946 8947 8948 8949 8950 8951 8952 8953 8954 8955 8956 8957 8958 8959 8960 8961 8962 8963 8964 8965 8966 8967 8968 8969 8970 8971 8972 8973 8974 8975 8976 8977 8978 8979 8980 8981 8982 8983 8984 8985 8986 8987 8988 8989 8990 8991 8992 8993 8994 8995 8996 8997 8998 8999 9000 9001 9002 9003 9004 9005 9006 9007 9008 9009 9010 9011 9012 9013 9014 9015 9016 9017 9018 9019 9020 9021 9022 9023 9024 9025 9026 9027 9028 9029 9030 9031 9032 9033 9034 9035 9036 9037 9038 9039 9040 9041 9042 9043 9044 9045 9046 9047 9048 9049 9050 9051 9052 9053 9054 9055 9056 9057 9058 9059 9060 9061 9062 9063 9064 9065 9066 9067 9068 9069 9070 9071 9072 9073 9074 9075 9076 9077 9078 9079 9080 9081 9082 9083 9084 9085 9086 9087 9088 9089 9090 9091 9092 9093 9094 9095 9096 9097 9098 9099 9100 9101 9102 9103 9104 9105 9106 9107 9108 9109 9110 9111 9112 9113 9114 9115 9116 9117 9118 9119 9120 9121 9122 9123 9124 9125 9126 9127 9128 9129 9130 9131 9132 9133 9134 9135 9136 9137 9138 9139 9140 9141 9142 9143 9144 9145 9146 9147 9148 9149 9150 9151 9152 9153 9154 9155 9156 9157 9158 9159 9160 9161 9162 9163 9164 9165 9166 9167 9168 9169 9170 9171 9172 9173 9174 9175 9176 9177 9178 9179 9180 9181 9182 9183 9184 9185 9186 9187 9188 9189 9190 9191 9192 9193 9194 9195 9196 9197 9198 9199 9200 9201 9202 9203 9204 9205 9206 9207 9208 9209 9210 9211 9212 9213 9214 9215 9216 9217 9218 9219 9220 9221 9222 9223 9224 9225 9226 9227 9228 9229 9230 9231 9232 9233 9234 9235 9236 9237 9238 9239 9240 9241 9242 9243 9244 9245 9246 9247 9248 9249 9250 9251 9252 9253 9254 9255 9256 9257 9258 9259 9260 9261 9262 9263 9264 9265 9266 9267 9268 9269 9270 9271 9272 9273 9274 9275 9276 9277 9278 9279 9280 9281 9282 9283 9284 9285 9286 9287 9288 9289 9290 9291 9292 9293 9294 9295 9296 9297 9298 9299 9300 9301 9302 9303 9304 9305 9306 9307 9308 9309 9310 9311 9312 9313 9314 9315 9316 9317 9318 9319 9320 9321 9322 9323 9324 9325 9326 9327 9328 9329 9330 9331 9332 9333 9334 9335 9336 9337 9338 9339 9340 9341 9342 9343 9344 9345 9346 9347 9348 9349 9350 9351 9352 9353 9354 9355 9356 9357 9358 9359 9360 9361 9362 9363 9364 9365 9366 9367 9368 9369 9370 9371 9372 9373 9374 9375 9376 9377 9378 9379 9380 9381 9382 9383 9384 9385 9386 9387 9388 9389 9390 9391 9392 9393 9394 9395 9396 9397 9398 9399 9400 9401 9402 9403 9404 9405 9406 9407 9408 9409 9410 9411 9412 9413 9414 9415 9416 9417 9418 9419 9420 9421 9422 9423 9424 9425 9426 9427 9428 9429 9430 9431 9432 9433 9434 9435 9436 9437 9438 9439 9440 9441 9442 9443 9444 9445 9446 9447 9448 9449 9450 9451 9452 9453 9454 9455 9456 9457 9458 9459 9460 9461 9462 9463 9464 9465 9466 9467 9468 9469 9470 9471 9472 9473 9474 9475 9476 9477 9478 9479 9480 9481 9482 9483 9484 9485 9486 9487 9488 9489 9490 9491 9492 9493 9494 9495 9496 9497 9498 9499 9500 9501 9502 9503 9504 9505 9506 9507 9508 9509 9510 9511 9512 9513 9514 9515 9516 9517 9518 9519 9520 9521 9522 9523 9524 9525 9526 9527 9528 9529 9530 9531 9532 9533 9534 9535 9536 9537 9538 9539 9540 9541 9542 9543 9544 9545 9546 9547 9548 9549 9550 9551 9552 9553 9554 9555 9556 9557 9558 9559 9560 9561 9562 9563 9564 9565 9566 9567 9568 9569 9570 9571 9572 9573 9574 9575 9576 9577 9578 9579 9580 9581 9582 9583 9584 9585 9586 9587 9588 9589 9590 9591 9592 9593 9594 9595 9596 9597 9598 9599 9600 9601 9602 9603 9604 9605 9606 9607 9608 9609 9610 9611 9612 9613 9614 9615 9616 9617 9618 9619 9620 9621 9622 9623 9624 9625 9626 9627 9628 9629 9630 9631 9632 9633 9634 9635 9636 9637 9638 9639 9640 9641 9642 9643 9644 9645 9646 9647 9648 9649 9650 9651 9652 9653 9654 9655 9656 9657 9658 9659 9660 9661 9662 9663 9664 9665 9666 9667 9668 9669 9670 9671 9672 9673 9674 9675 9676 9677 9678 9679 9680 9681 9682 9683 9684 9685 9686 9687 9688 9689 9690 9691 9692 9693 9694 9695 9696 9697 9698 9699 9700 9701 9702 9703 9704 9705 9706 9707 9708 9709 9710 9711 9712 9713 9714 9715 9716 9717 9718 9719 9720 9721 9722 9723 9724 9725 9726 9727 9728 9729 9730 9731 9732 9733 9734 9735 9736 9737 9738 9739 9740 9741 9742 9743 9744 9745 9746 9747 9748 9749 9750 9751 9752 9753 9754 9755 9756 9757 9758 9759 9760 9761 9762 9763 9764 9765 9766 9767 9768 9769 9770 9771 9772 9773 9774 9775 9776 9777 9778 9779 9780 9781 9782 9783 9784 9785 9786 9787 9788 9789 9790 9791 9792 9793 9794 9795 9796 9797 9798 9799 9800 9801 9802 9803 9804 9805 9806 9807 9808 9809 9810 9811 9812 9813 9814 9815 9816 9817 9818 9819 9820 9821 9822 9823 9824 9825 9826 9827 9828 9829 9830 9831 9832 9833 9834 9835 9836 9837 9838 9839 9840 9841 9842 9843 9844 9845 9846 9847 9848 9849 9850 9851 9852 9853 9854 9855 9856 9857 9858 9859 9860 9861 9862 9863 9864 9865 9866 9867 9868 9869 9870 9871 9872 9873 9874 9875 9876 9877 9878 9879 9880 9881 9882 9883 9884 9885 9886 9887 9888 9889 9890 9891 9892 9893 9894 9895 9896 9897 9898 9899 9900 9901 9902 9903 9904 9905 9906 9907 9908 9909 9910 9911 9912 9913 9914 9915 9916 9917 9918 9919 9920 9921 9922 9923 9924 9925 9926 9927 9928 9929 9930 9931 9932 9933 9934 9935 9936 9937 9938 9939 9940 9941 9942 9943 9944 9945 9946 9947 9948 9949 9950 9951 9952 9953 9954 9955 9956 9957 9958 9959 9960 9961 9962 9963 9964 9965 9966 9967 9968 9969 9970 9971 9972 9973 9974 9975 9976 9977 9978 9979 9980 9981 9982 9983 9984 9985 9986 9987 9988 9989 9990 9991 9992 9993 9994 9995 9996 9997 9998 9999 10000 10001 10002 10003 10004 10005 10006 10007 10008 10009 10010 10011 10012 10013 10014 10015 10016 10017 10018 10019 10020 10021 10022 10023 10024 10025 10026 10027 10028 10029 10030 10031 10032 10033 10034 10035 10036 10037 10038 10039 10040 10041 10042 10043 10044 10045 10046 10047 10048 10049 10050 10051 10052 10053 10054 10055 10056 10057 10058 10059 10060 10061 10062 10063 10064 10065 10066 10067 10068 10069 10070 10071 10072 10073 10074 10075 10076 10077 10078 10079 10080 10081 10082 10083 10084 10085 10086 10087 10088 10089 10090 10091 10092 10093 10094 10095 10096 10097 10098 10099 10100 10101 10102 10103 10104 10105 10106 10107 10108 10109 10110 10111 10112 10113 10114 10115 10116 10117 10118 10119 10120 10121 10122 10123 10124 10125 10126 10127 10128 10129 10130 10131 10132 10133 10134 10135 10136 10137 10138 10139 10140 10141 10142 10143 10144 10145 10146 10147 10148 10149 10150 10151 10152 10153 10154 10155 10156 10157 10158 10159 10160 10161 10162 10163 10164 10165 10166 10167 10168 10169 10170 10171 10172 10173 10174 10175 10176 10177 10178 10179 10180 10181 10182 10183 10184 10185 10186 10187 10188 10189 10190 10191 10192 10193 10194 10195 10196 10197 10198 10199 10200 10201 10202 10203 10204 10205 10206 10207 10208 10209 10210 10211 10212 10213 10214 10215 10216 10217 10218 10219 10220 10221 10222 10223 10224 10225 10226 10227 10228 10229 10230 10231 10232 10233 10234 10235 10236 10237 10238 10239 10240 10241 10242 10243 10244 10245 10246 10247 10248 10249 10250 10251 10252 10253 10254 10255 10256 10257 10258 10259 10260 10261 10262 10263 10264 10265 10266 10267 10268 10269 10270 10271 10272 10273 10274 10275 10276 10277 10278 10279 10280 10281 10282 10283 10284 10285 10286 10287 10288 10289 10290 10291 10292 10293 10294 10295 10296 10297 10298 10299 10300 10301 10302 10303 10304 10305 10306 10307 10308 10309 10310 10311 10312 10313 10314 10315 10316 10317 10318 10319 10320 10321 10322 10323 10324 10325 10326 10327 10328 10329 10330 10331 10332 10333 10334 10335 10336 10337 10338 10339 10340 10341 10342 10343 10344 10345 10346 10347 10348 10349 10350 10351 10352 10353 10354 10355 10356 10357 10358 10359 10360 10361 10362 10363 10364 10365 10366 10367 10368 10369 10370 10371 10372 10373 10374 10375 10376 10377 10378 10379 10380 10381 10382 10383 10384 10385 10386 10387 10388 10389 10390 10391 10392 10393 10394 10395 10396 10397 10398 10399 10400 10401 10402 10403 10404 10405 10406 10407 10408 10409 10410 10411 10412 10413 10414 10415 10416 10417 10418 10419 10420 10421 10422 10423 10424 10425 10426 10427 10428 10429 10430 10431 10432 10433 10434 10435 10436 10437 10438 10439 10440 10441 10442 10443 10444 10445 10446 10447 10448 10449 10450 10451 10452 10453 10454 10455 10456 10457 10458 10459 10460 10461 10462 10463 10464 10465 10466 10467 10468 10469 10470 10471 10472 10473 10474 10475 10476 10477 10478 10479 10480 10481 10482 10483 10484 10485 10486 10487 10488 10489 10490 10491 10492 10493 10494 10495 10496 10497 10498 10499 10500 10501 10502 10503 10504 10505 10506 10507 10508 10509 10510 10511 10512 10513 10514 10515 10516 10517 10518 10519 10520 10521 10522 10523 10524 10525 10526 10527 10528 10529 10530 10531 10532 10533 10534 10535 10536 10537 10538 10539 10540 10541 10542 10543 10544 10545 10546 10547 10548 10549 10550 10551 10552 10553 10554 10555 10556 10557 10558 10559 10560 10561 10562 10563 10564 10565 10566 10567 10568 10569 10570 10571 10572 10573 10574 10575 10576 10577 10578 10579 10580 10581 10582 10583 10584 10585 10586 10587 10588 10589 10590 10591 10592 10593 10594 10595 10596 10597 10598 10599 10600 10601 10602 10603 10604 10605 10606 10607 10608 10609 10610 10611 10612 10613 10614 10615 10616 10617 10618 10619 10620 10621 10622 10623 10624 10625 10626 10627 10628 10629 10630 10631 10632 10633 10634 10635 10636 10637
CELL_DATA 1
SCALARS Path_Failure unsigned_char 1
LOOKUP_TABLE default
0
POINT_DATA 10638
SCALARS Segment_Type unsigned_char 1
LOOKUP_TABLE default
0
0
0
0
0
0
0
0
0
0
0
0
0
0
0
0
0
0
0
0
0
0
0
0
0
0
0
0
0
0
0
0
0
0
0
0
0
0
0
0
0
0
0
0
0
0
0
0
0
0
0
0
0
0
0
0
0
0
0
0
0
0
0
0
0
0
0
0
0
0
0
0
0
0
0
0
0
0
0
0
0
0
0
0
0
0
0
0
0
0
0
0
0
0
0
0
0
0
0
0
0
0
0
0
0
0
0
0
0
0
0
0
0
0
0
0
0
0
0
0
0
0
0
0
0
0
0
0
0
0
0
0
0
0
0
0
0
0
0
0
0
0
0
0
0
0
0
0
0
0
0
0
0
0
0
0
0
0
0
0
0
0
0
0
0
0
0
0
0
0
0
0
0
0
0
0
0
0
0
0
0
0
0
0
0
0
0
0
0
0
0
0
0
0
0
0
0
0
0
0
0
0
0
0
0
0
0
0
0
0
0
0
0
0
0
0
0
0
0
0
0
0
0
0
0
0
0
0
0
0
0
0
0
0
0
0
0
0
0
0
0
0
0
0
0
0
0
0
0
0
0
0
0
0
0
0
0
0
0
0
0
0
0
0
0
0
0
0
0
0
0
0
0
0
0
0
0
0
0
0
0
0
0
0
0
0
0
0
0
0
0
0
0
0
0
0
0
0
0
0
0
0
0
0
0
0
0
0
0
0
0
0
0
0
0
0
0
0
0
0
0
0
0
0
0
0
0
0
0
0
0
0
0
0
0
0
0
0
0
0
0
0
0
0
0
0
0
0
0
0
0
0
0
0
0
0
0
0
0
0
0
0
0
0
0
0
0
0
0
0
0
0
0
0
0
0
0
0
0
0
0
0
0
0
0
0
0
0
0
0
0
0
0
0
0
0
0
0
0
0
0
0
0
0
0
0
0
0
0
0
0
0
0
0
0
0
0
0
0
0
0
0
0
0
0
0
0
0
0
0
0
0
0
0
0
0
0
0
0
0
0
0
0
0
0
0
0
0
0
0
0
0
0
0
0
0
0
0
0
0
0
0
0
0
0
0
0
0
0
0
0
0
0
0
0
0
0
0
0
0
0
0
0
0
0
0
0
0
0
0
0
0
0
0
0
0
0
0
0
0
0
0
0
0
0
0
0
0
0
0
0
0
0
0
0
0
0
0
0
0
0
0
0
0
0
0
0
0
0
0
0
0
0
0
0
0
0
0
0
0
0
0
0
0
0
0
0
0
0
0
0
0
0
0
0
0
0
0
0
0
0
0
0
0
0
0
0
0
0
0
0
0
0
0
0
0
0
0
0
0
0
0
0
0
0
0
0
0
0
0
0
0
0
0
0
0
0
0
0
0
0
0
0
0
0
0
0
0
0
0
0
0
0
0
0
0
0
0
0
0
0
0
0
0
0
0
0
0
0
0
0
0
0
0
0
0
0
0
0
0
0
0
0
0
0
0
0
0
0
0
0
0
0
0
0
0
0
0
0
0
0
0
0
0
0
0
0
0
0
0
0
0
0
0
0
0
0
0
0
0
0
0
0
0
0
0
0
0
0
0
0
0
0
0
0
0
0
0
0
0
0
0
0
0
0
0
0
0
0
0
0
0
0
0
0
0
0
0
0
0
0
0
0
0
0
0
0
0
0
0
0
0
0
0
0
0
0
0
0
0
0
0
0
0
0
0
0
0
0
0
0
0
0
0
0
0
0
0
0
0
0
0
0
0
0
0
0
0
0
0
0
0
0
0
0
0
0
0
0
0
0
0
0
0
0
0
0
0
0
0
0
0
0
0
0
0
0
0
0
0
0
0
0
0
0
0
0
0
0
0
0
0
0
0
0
0
0
0
0
0
0
0
0
0
0
0
0
0
0
0
0
0
0
0
0
0
0
0
0
0
0
0
0
0
0
0
0
0
0
0
0
0
0
0
0
0
0
0
0
0
0
0
0
0
0
0
0
0
0
0
0
0
0
0
0
0
0
0
0
0
0
0
0
0
0
0
0
0
0
0
0
0
0
0
0
0
0
0
0
0
0
0
0
0
0
0
0
0
0
0
0
0
0
0
0
0
0
0
0
0
0
0
0
0
0
0
0
0
0
0
0
0
0
0
0
0
0
0
0
0
0
0
0
0
0
0
0
0
0
0
0
0
0
0
0
0
0
0
0
0
0
0
0
0
0
0
0
0
0
0
0
0
0
0
0
0
0
0
0
0
0
0
0
0
0
0
0
0
0
0
0
0
0
0
0
0
0
0
0
0
0
0
0
0
0
0
0
0
0
0
0
0
0
0
0
0
0
0
0
0
0
0
0
0
0
0
0
0
0
0
0
0
0
0
0
0
0
0
0
0
0
0
0
0
0
0
0
0
0
0
0
0
0
0
0
0
0
0
0
0
0
0
0
0
0
0
0
0
0
0
0
0
0
0
0
0
0
0
0
0
0
0
0
0
0
0
0
0
0
0
0
0
0
0
0
0
0
0
0
0
0
0
0
0
0
0
0
0
0
0
0
0
0
0
0
0
0
0
0
0
0
0
0
0
0
0
0
0
0
0
0
0
0
0
0
0
0
0
0
0
0
0
0
0
0
0
0
0
0
0
0
0
0
0
0
0
0
0
0
0
0
0
0
0
0
0
0
0
0
0
0
0
0
0
0
0
0
0
0
0
0
0
0
0
0
0
0
0
0
0
0
0
0
0
0
0
0
0
0
0
0
0
0
0
0
0
0
0
0
0
0
0
0
0
0
0
0
0
0
0
0
0
0
0
0
0
0
0
0
0
0
0
0
0
0
0
0
0
0
0
0
0
0
0
0
0
0
0
0
0
0
0
0
0
0
0
0
0
0
0
0
0
0
0
0
0
0
0
0
0
0
0
0
0
0
0
0
0
0
0
0
0
0
0
0
0
0
0
0
0
0
0
0
0
0
0
0
0
0
0
0
0
0
0
0
0
0
0
0
0
0
0
0
0
0
0
0
0
0
0
0
0
0
0
0
0
0
0
0
0
0
0
0
0
0
0
0
0
0
0
0
0
0
0
0
0
0
0
0
0
0
0
0
0
0
0
0
0
0
0
0
0
0
0
0
0
0
0
0
0
0
0
0
0
0
0
0
0
0
0
0
0
0
0
0
0
0
0
0
0
0
0
0
0
0
0
0
0
0
0
0
0
0
0
0
0
0
0
0
0
0
0
0
0
0
0
0
0
0
0
0
0
0
0
0
0
0
0
0
0
0
0
0
0
0
0
0
0
0
0
0
0
0
0
0
0
0
0
0
0
0
0
0
0
0
0
0
0
0
0
0
0
0
0
0
0
0
0
0
0
0
0
0
0
0
0
0
0
0
0
0
0
0
0
0
0
0
0
0
0
0
0
0
0
0
0
0
0
0
0
0
0
0
0
0
0
0
0
0
0
0
0
0
0
0
0
0
0
0
0
0
0
0
0
0
0
0
0
0
0
0
0
0
0
0
0
0
0
0
0
0
0
0
0
0
0
0
0
0
0
0
0
0
0
0
0
0
0
0
0
0
0
0
0
0
0
0
0
0
0
0
0
0
0
0
0
0
0
0
0
0
0
0
0
0
0
0
0
0
0
0
0
0
0
0
0
0
0
0
0
0
0
0
0
0
0
0
0
0
0
0
0
0
0
0
0
0
0
0
0
0
0
0
0
0
0
0
0
0
0
0
0
0
0
0
0
0
0
0
0
0
0
0
0
0
0
0
0
0
0
0
0
0
0
0
0
0
0
0
0
0
0
0
0
0
0
0
0
0
0
0
0
0
0
0
0
0
0
0
0
0
0
0
0
0
0
0
0
0
0
0
0
0
0
0
0
0
0
0
0
0
0
0
0
0
0
0
0
0
0
0
0
0
0
0
0
0
0
0
0
0
0
0
0
0
0
0
0
0
0
0
0
0
0
0
0
0
0
0
0
0
0
0
0
0
0
0
0
0
0
0
0
0
0
0
0
0
0
0
0
0
0
0
0
0
0
0
0
0
0
0
0
0
0
0
0
0
0
0
0
0
0
0
0
0
0
0
0
0
0
0
0
0
0
0
0
0
0
0
0
0
0
0
0
0
0
0
0
0
0
0
0
0
0
0
0
0
0
0
0
0
0
0
0
0
0
0
0
0
0
0
0
0
0
0
0
0
0
0
0
0
0
0
0
0
0
0
0
0
0
0
0
0
0
0
0
0
0
0
0
0
0
0
0
0
0
0
0
0
0
0
0
0
0
0
0
0
0
0
0
0
0
0
0
0
0
0
0
0
0
0
0
0
0
0
0
0
0
0
0
0
0
0
0
0
0
0
0
0
0
0
0
0
0
0
0
0
0
0
0
0
0
0
0
0
0
0
0
0
0
0
0
0
0
0
0
0
0
0
0
0
0
0
0
0
0
0
0
0
0
0
0
0
0
0
0
0
0
0
0
0
0
0
0
0
0
0
0
0
0
0
0
0
0
0
0
0
0
0
0
0
0
0
0
0
0
0
0
0
0
0
0
0
0
0
0
0
0
0
0
0
0
0
0
0
0
0
0
0
0
0
0
0
0
0
0
0
0
0
0
0
0
0
0
0
0
0
0
0
0
0
0
0
0
0
0
0
0
0
0
0
0
0
0
0
0
0
0
0
0
0
0
0
0
0
0
0
0
0
0
0
0
0
0
0
0
0
0
0
0
0
0
0
0
0
0
0
0
0
0
0
0
0
0
0
0
0
0
0
0
0
0
0
0
0
0
0
0
0
0
0
0
0
0
0
0
0
0
0
0
0
0
0
0
0
0
0
0
0
0
0
0
0
0
0
0
0
0
0
0
0
0
0
0
0
0
0
0
0
0
0
0
0
0
0
0
0
0
0
0
0
0
0
0
0
0
0
0
0
0
0
0
0
0
0
0
0
0
0
0
0
0
0
0
0
0
0
0
0
0
0
0
0
0
0
0
0
0
0
0
0
0
0
0
0
0
0
0
0
0
0
0
0
0
0
0
0
0
0
0
0
0
0
0
0
0
0
0
0
0
0
0
0
0
0
0
0
0
0
0
0
0
0
0
0
0
0
0
0
0
0
0
0
0
0
0
0
0
0
0
0
0
0
0
0
0
0
0
0
0
0
0
0
0
0
0
0
0
0
0
0
0
0
0
0
0
0
0
0
0
0
0
0
0
0
0
0
0
0
0
0
0
0
0
0
0
0
0
0
0
0
0
0
0
0
0
0
0
0
0
0
0
0
0
0
0
0
0
0
0
0
0
0
0
0
0
0
0
0
0
0
0
0
0
0
0
0
0
0
0
0
0
0
0
0
0
0
0
0
0
0
0
0
0
0
0
0
0
0
0
0
0
0
0
0
0
0
0
0
0
0
0
0
0
0
0
0
0
0
0
0
0
0
0
0
0
0
0
0
0
0
0
0
0
0
0
0
0
0
0
0
0
0
0
0
0
0
0
0
0
0
0
0
0
0
0
0
0
0
0
0
0
0
0
0
0
0
0
0
0
0
0
0
0
0
0
0
0
0
0
0
0
0
0
0
0
0
0
0
0
0
0
0
0
0
0
0
0
0
0
0
0
0
0
0
0
0
0
0
0
0
0
0
0
0
0
0
0
0
0
0
0
0
0
0
0
0
0
0
0
0
0
0
0
0
0
0
0
0
0
0
0
0
0
0
0
0
0
0
0
0
0
0
0
0
0
0
0
0
0
0
0
0
0
0
0
0
0
0
0
0
0
0
0
0
0
0
0
0
0
0
0
0
0
0
0
0
0
0
0
0
0
0
0
0
0
0
0
0
0
0
0
0
0
0
0
0
0
0
0
0
0
0
0
0
0
0
0
0
0
0
0
0
0
0
0
0
0
0
0
0
0
0
0
0
0
0
0
0
0
0
0
0
0
0
0
0
0
0
0
0
0
0
0
0
0
0
0
0
0
0
0
0
0
0
0
0
0
0
0
0
0
0
0
0
0
0
0
0
0
0
0
0
0
0
0
0
0
0
0
0
0
0
0
0
0
0
0
0
0
0
0
0
0
0
0
0
0
0
0
0
0
0
0
0
0
0
0
0
0
0
0
0
0
0
0
0
0
0
0
0
0
0
0
0
0
0
0
0
0
0
0
0
0
0
0
0
0
0
0
0
0
0
0
0
0
0
0
0
0
0
0
0
0
0
0
0
0
0
0
0
0
0
0
0
0
0
0
0
0
0
0
0
0
0
0
0
0
0
0
0
0
0
0
0
0
0
0
0
0
0
0
0
0
0
0
0
0
0
0
0
0
0
0
0
0
0
0
0
0
0
0
0
0
0
0
0
0
0
0
0
0
0
0
0
0
0
0
0
0
0
0
0
0
0
0
0
0
0
0
0
0
0
0
0
0
0
0
0
0
0
0
0
0
0
0
0
0
0
0
0
0
0
0
0
0
0
0
0
0
0
0
0
0
0
0
0
0
0
0
0
0
0
0
0
0
0
0
0
0
0
0
0
0
0
0
0
0
0
0
0
0
0
0
0
0
0
0
0
0
0
0
0
0
0
0
0
0
0
0
0
0
0
0
0
0
0
0
0
0
0
0
0
0
0
0
0
0
0
0
0
0
0
0
0
0
0
0
0
0
0
0
0
0
0
0
0
0
0
0
0
0
0
0
0
0
0
0
0
0
0
0
0
0
0
0
0
0
0
0
0
0
0
0
0
0
0
0
0
0
0
0
0
0
0
0
0
0
0
0
0
0
0
0
0
0
0
0
0
0
0
0
0
0
0
0
0
0
0
0
0
0
0
0
0
0
0
0
0
0
0
0
0
0
0
0
0
0
0
0
0
0
0
0
0
0
0
0
0
0
0
0
0
0
0
0
0
0
0
0
0
0
0
0
0
0
0
0
0
0
0
0
0
0
0
0
0
0
0
0
0
0
0
0
0
0
0
0
0
0
0
0
0
0
0
0
0
0
0
0
0
0
0
0
0
0
0
0
0
0
0
0
0
0
0
0
0
0
0
0
0
0
0
0
0
0
0
0
0
0
0
0
0
0
0
0
0
0
0
0
0
0
0
0
0
0
0
0
0
0
0
0
0
0
0
0
0
0
0
0
0
0
0
0
0
0
0
0
0
0
0
0
0
0
0
0
0
0
0
0
0
0
0
0
0
0
0
0
0
0
0
0
0
0
0
0
0
0
0
0
0
0
0
0
0
0
0
0
0
0
0
0
0
0
0
0
0
0
0
0
0
0
0
0
0
0
0
0
0
0
0
0
0
0
0
0
0
0
0
0
0
0
0
0
0
0
0
0
0
0
0
0
0
0
0
0
0
0
0
0
0
0
0
0
0
0
0
0
0
0
0
0
0
0
0
0
0
0
0
0
0
0
0
0
0
0
0
0
0
0
0
0
0
0
0
0
0
0
0
0
0
0
0
0
0
0
0
0
0
0
0
0
0
0
0
0
0
0
0
0
0
0
0
0
0
0
0
0
0
0
0
0
0
0
0
0
0
0
0
0
0
0
0
0
0
0
0
0
0
0
0
0
0
0
0
0
0
0
0
0
0
0
0
0
0
0
0
0
0
0
0
0
0
0
0
0
0
0
0
0
0
0
0
0
0
0
0
0
0
0
0
0
0
0
0
0
0
0
0
0
0
0
0
0
0
0
0
0
0
0
0
0
0
0
0
0
0
0
0
0
0
0
0
0
0
0
0
0
0
0
0
0
0
0
0
0
0
0
0
0
0
0
0
0
0
0
0
0
0
0
0
0
0
0
0
0
0
0
0
0
0
0
0
0
0
0
0
0
0
0
0
0
0
0
0
0
0
0
0
0
0
0
0
0
0
0
0
0
0
0
0
0
0
0
0
0
0
0
0
0
0
0
0
0
0
0
0
0
0
0
0
0
0
0
0
0
0
0
0
0
0
0
0
0
0
0
0
0
0
0
0
0
0
0
0
0
0
0
0
0
0
0
0
0
0
0
0
0
0
0
0
0
0
0
0
0
0
0
0
0
0
0
0
0
0
0
0
0
0
0
0
0
0
0
0
0
0
0
0
0
0
0
0
0
0
0
0
0
0
0
0
0
0
0
0
0
0
0
0
0
0
0
0
0
0
0
0
0
0
0
0
0
0
0
0
0
0
0
0
0
0
0
0
0
0
0
0
0
0
0
0
0
0
0
0
0
0
0
0
0
0
0
0
0
0
0
0
0
0
0
0
0
0
0
0
0
0
0
0
0
0
0
0
0
0
0
0
0
0
0
0
0
0
0
0
0
0
0
0
0
0
0
0
0
0
0
0
0
0
0
0
0
0
0
0
0
0
0
0
0
0
0
0
0
0
0
0
0
0
0
0
0
0
0
0
0
0
0
0
0
0
0
0
0
0
0
0
0
0
0
0
0
0
0
0
0
0
0
0
0
0
0
0
0
0
0
0
0
0
0
0
0
0
0
0
0
0
0
0
0
0
0
0
0
0
0
0
0
0
0
0
0
0
0
0
0
0
0
0
0
0
0
0
0
0
0
0
0
0
0
0
0
0
0
0
0
0
0
0
0
0
0
0
0
0
0
0
0
0
0
0
0
0
0
0
0
0
0
0
0
0
0
0
0
0
0
0
0
0
0
0
0
0
0
0
0
0
0
0
0
0
0
0
0
0
0
0
0
0
0
0
0
0
0
0
0
0
0
0
0
0
0
0
0
0
0
0
0
0
0
0
0
0
0
0
0
0
0
0
0
0
0
0
0
0
0
0
0
0
0
0
0
0
0
0
0
0
0
0
0
0
0
0
0
0
0
0
0
0
0
0
0
0
0
0
0
0
0
0
0
0
0
0
0
0
0
0
0
0
0
0
0
0
0
0
0
0
0
0
0
0
0
0
0
0
0
0
0
0
0
0
0
0
0
0
0
0
0
0
0
0
0
0
0
0
0
0
0
0
0
0
0
0
0
0
0
0
0
0
0
0
0
0
0
0
0
0
0
0
0
0
0
0
0
0
0
0
0
0
0
0
0
0
0
0
0
0
0
0
0
0
0
0
0
0
0
0
0
0
0
0
0
0
0
0
0
0
0
0
0
0
0
0
0
0
0
0
0
0
0
0
0
0
0
0
0
0
0
0
0
0
0
0
0
0
0
0
0
0
0
0
0
0
0
0
0
0
0
0
0
0
0
0
0
0
0
0
0
0
0
0
0
0
0
0
0
0
0
0
0
0
0
0
0
0
0
0
0
0
0
0
0
0
0
0
0
0
0
0
0
0
0
0
0
0
0
0
0
0
0
0
0
0
0
0
0
0
0
0
0
0
0
0
0
0
0
0
0
0
0
0
0
0
0
0
0
0
0
0
0
0
0
0
0
0
0
0
0
0
0
0
0
0
0
0
0
0
0
0
0
0
0
0
0
0
0
0
0
0
0
0
0
0
0
0
0
0
0
0
0
0
0
0
0
0
0
0
0
0
0
0
0
0
0
0
0
0
0
0
0
0
0
0
0
0
0
0
0
0
0
0
0
0
0
0
0
0
0
0
0
0
0
0
0
0
0
0
0
0
0
0
0
0
0
0
0
0
0
0
0
0
0
0
0
0
0
0
0
0
0
0
0
0
0
0
0
0
0
0
0
0
0
0
0
0
0
0
0
0
0
0
0
0
0
0
0
0
0
0
0
0
0
0
0
0
0
0
0
0
0
0
0
0
0
0
0
0
0
0
0
0
0
0
0
0
0
0
0
0
0
0
0
0
0
0
0
0
0
0
0
0
0
0
0
0
0
0
0
0
0
0
0
0
0
0
0
0
0
0
0
0
0
0
0
0
0
0
0
0
0
0
0
0
0
0
0
0
0
0
0
0
0
0
0
0
0
0
0
0
0
0
0
0
0
0
0
0
0
0
0
0
0
0
0
0
0
0
0
0
0
0
0
0
0
0
0
0
0
0
0
0
0
0
0
0
0
0
0
0
0
0
0
0
0
0
0
0
0
0
0
0
0
0
0
0
0
0
0
0
0
0
0
0
0
0
0
0
0
0
0
0
0
0
0
0
0
0
0
0
0
0
0
0
0
0
0
0
0
0
0
0
0
0
0
0
0
0
0
0
0
0
0
0
0
0
0
0
0
0
0
0
0
0
0
0
0
0
0
0
0
0
0
0
0
0
0
0
0
0
0
0
0
0
0
0
0
0
0
0
0
0
0
0
0
0
0
0
0
0
0
0
0
0
0
0
0
0
0
0
0
0
0
0
0
0
0
0
0
0
0
0
0
0
0
0
0
0
0
0
0
0
0
0
0
0
0
0
0
0
0
0
0
0
0
0
0
0
0
0
0
0
0
0
0
0
0
0
0
0
0
0
0
0
0
0
0
0
0
0
0
0
0
0
0
0
0
0
0
0
0
0
0
0
0
0
0
0
0
0
0
0
0
0
0
0
0
0
0
0
0
0
0
0
0
0
0
0
0
0
0
0
0
0
0
0
0
0
0
0
0
0
0
0
0
0
0
0
0
0
0
0
0
0
0
0
0
0
0
0
0
0
0
0
0
0
0
0
0
0
0
0
0
0
0
0
0
0
0
0
0
0
0
0
0
0
0
0
0
0
0
0
0
0
0
0
0
0
0
0
0
0
0
0
0
0
0
0
0
0
0
0
0
0
0
0
0
0
0
0
0
0
0
0
0
0
0
0
0
0
0
0
0
0
0
0
0
0
0
0
0
0
0
0
0
0
0
0
0
0
0
0
0
0
0
0
0
0
0
0
0
0
0
0
0
0
0
0
0
0
0
0
0
0
0
0
0
0
0
0
0
0
0
0
0
0
0
0
0
0
0
0
0
0
0
0
0
0
0
0
0
0
0
0
0
0
0
0
0
0
0
0
0
0
0
0
0
0
0
0
0
0
0
0
0
0
0
0
0
0
0
0
0
0
0
0
0
0
0
0
0
0
0
0
0
0
0
0
0
0
0
0
0
0
0
0
0
0
0
0
0
0
0
0
0
0
0
0
0
0
0
0
0
0
0
0
0
0
0
0
0
0
0
0
0
0
0
0
0
0
0
0
0
0
0
0
0
0
0
0
0
0
0
0
0
0
0
0
0
0
0
0
0
0
0
0
0
0
0
0
0
0
0
0
0
0
0
0
0
0
0
0
0
0
0
0
0
0
0
0
0
0
0
0
0
0
0
0
0
0
0
0
0
0
0
0
0
0
0
0
0
0
0
0
0
0
0
0
0
0
0
0
0
0
0
0
0
0
0
0
0
0
0
0
0
0
0
0
0
0
0
0
0
0
0
0
0
0
0
0
0
0
0
0
0
0
0
0
0
0
0
0
0
0
0
0
0
0
0
0
0
0
0
0
0
0
0
0
0
0
0
0
0
0
0
0
0
0
0
0
0
0
0
0
0
0
0
0
0
0
0
0
0
0
0
0
0
0
0
0
0
0
0
0
0
0
0
0
0
0
0
0
0
0
0
0
0
0
0
0
0
0
0
0
0
0
0
0
0
0
0
0
0
0
0
0
0
0
0
0
0
0
0
0
0
0
0
0
0
0
0
0
0
0
0
0
0
0
0
0
0
0
0
0
0
0
0
0
0
0
0
0
0
0
0
0
0
0
0
0
0
0
0
0
0
0
0
0
0
0
0
0
0
0
0
0
0
0
0
0
0
0
0
0
0
0
0
0
0
0
0
0
0
0
0
0
0
0
0
0
0
0
0
0
0
0
0
0
0
0
0
0
0
0
0
0
0
0
0
0
0
0
0
0
0
0
0
0
0
0
0
0
0
0
0
0
0
0
0
0
0
0
0
0
0
0
0
0
0
0
0
0
0
0
0
0
0
0
0
0
0
0
0
0
0
0
0
0
0
0
0
0
0
0
0
0
0
0
0
0
0
0
0
0
0
0
0
0
0
0
0
0
0
0
0
0
0
0
0
0
0
0
0
0
0
0
0
0
0
0
0
0
0
0
0
0
0
0
0
0
0
0
0
0
0
0
0
0
0
0
0
0
0
0
0
0
0
0
0
0
0
0
0
0
0
0
0
0
0
0
0
0
0
0
0
0
0
0
0
0
0
0
0
0
0
0
0
0
0
0
0
0
0
0
0
0
0
0
0
0
0
0
0
0
0
0
0
0
0
0
0
0
0
0
0
0
0
0
0
0
0
0
0
0
0
0
0
0
0
0
0
0
0
0
0
0
0
0
0
0
0
0
0
0
0
0
0
0
0
0
0
0
0
0
0
0
0
0
0
0
0
0
0
0
0
0
0
0
0
0
0
0
0
0
0
0
0
0
0
0
0
0
0
0
0
0
0
0
0
0
0
0
0
0
0
0
0
0
0
0
0
0
0
0
0
0
0
0
0
0
0
0
0
0
0
0
0
0
0
0
0
0
0
0
0
0
0
0
0
0
0
0
0
0
0
0
0
0
0
0
0
0
0
0
0
0
0
0
0
0
0
0
0
0
0
0
0
0
0
0
0
0
0
0
0
0
0
0
0
0
0
0
0
0
0
0
0
0
0
0
0
0
0
0
0
0
0
0
0
0
0
0
0
0
0
0
0
0
0
0
0
0
0
0
0
0
0
0
0
0
0
0
0
0
0
0
0
0
0
0
0
0
0
0
0
0
0
0
0
0
0
0
0
0
0
0
0
0
0
0
0
0
0
0
0
0
0
0
0
0
0
0
0
0
0
0
0
0
0
0
0
0
0
0
0
0
0
0
0
0
0
0
0
0
0
0
0
0
0
0
0
0
0
0
0
0
0
0
0
0
0
0
0
0
0
0
0
0
0
0
0
0
0
0
0
0
0
0
0
0
0
0
0
0
0
0
0
0
0
0
0
0
0
0
0
0
0
0
0
0
0
0
0
0
0
0
0
0
0
0
0
0
0
0
0
0
0
0
0
0
0
0
0
0
0
0
0
0
0
0
0
0
0
0
0
0
0
0
0
0
0
0
0
0
0
0
0
0
0
0
0
0
0
0
0
0
0
0
0
0
0
0
0
0
0
0
0
0
0
0
0
0
0
0
0
0
0
0
0
0
0
0
0
0
0
0
0
0
0
0
0
0
0
0
0
0
0
0
0
0
0
0
0
0
0
0
0
0
0
0
0
0
0
0
0
0
0
0
0
0
0
0
0
0
0
0
0
0
0
0
0
0
0
0
0
0
0
0
0
0
0
0
0
0
0
0
0
0
0
0
0
0
0
0
0
0
0
0
0
0
0
0
0
0
0
0
0
0
0
0
0
0
0
0
0
0
0
0
0
0
0
0
0
0
0
0
0
0
0
0
0
0
0
0
0
0
0
0
0
0
0
0
0
0
0
0
0
0
0
0
0
0
0
0
0
0
0
0
0
0
0
0
0
0
0
0
0
0
0
0
0
0
0
0
0
0
0
0
0
0
0
0
0
0
0
0
0
0
0
0
0
0
0
0
0
0
0
0
0
0
0
0
0
0
0
0
0
0
0
0
0
0
0
0
0
0
0
0
0
0
0
0
0
0
0
0
0
0
0
0
0
0
0
0
0
0
0
0
0
0
0
0
0
0
0
0
0
0
0
0
0
0
0
0
0
0
0
0
0
0
0
0
0
0
0
0
0
0
0
0
0
0
0
0
0
0
0
0
0
0
0
0
0
0
0
0
0
0
0
0
0
0
0
0
0
0
0
0
0
0
0
0
0
0
0
0
0
0
0
0
0
0
0
0
0
0
0
0
0
0
0
0
0
0
0
0
0
0
0
0
0
0
0
0
0
0
0
0
0
0
0
0
0
0
0
0
0
0
0
0
0
0
0
0
0
0
0
0
0
0
0
0
0
0
0
0
0
0
0
0
0
0
0
0
0
0
0
0
0
0
0
0
0
0
0
0
0
0
0
0
0
0
0
0
0
0
0
0
0
0
0
0
0
0
0
0
0
0
0
0
0
0
0
0
0
0
0
0
0
0
0
0
0
0
0
0
0
0
0
0
0
0
0
0
0
0
0
0
0
0
0
0
0
0
0
0
0
0
0
0
0
0
0
0
0
0
0
0
0
0
0
0
0
0
0
0
0
0
0
0
0
0
0
0
0
0
0
0
0
0
0
0
0
0
0
0
0
0
0
0
0
0
0
0
0
0
0
0
0
0
0
0
0
0
0
0
0
0
0
0
0
0
0
0
0
0
0
0
0
0
0
0
0
0
0
0
0
0
0
0
0
0
0
0
0
0
0
0
0
0
0
0
0
0
0
0
0
0
0
0
0
0
0
0
0
0
0
0
0
0
0
0
0
0
0
0
0
0
0
0
0
0
0
0
0
0
0
0
0
0
0
0
0
0
0
0
0
0
0
0
0
0
0
0
0
0
0
0
0
0
0
0
0
0
0
0
0
0
0
0
0
0
0
0
0
0
0
0
0
0
0
0
0
0
0
0
0
0
0
0
0
0
0
0
0
0
0
0
0
0
0
0
0
0
0
0
0
0
0
0
0
0
0
0
0
0
0
0
0
0
0
0
0
0
0
0
0
0
0
0
0
0
0
0
0
0
0
0
0
0
0
0
0
0
0
0
0
0
0
0
0
0
0
0
0
0
0
0
0
0
0
0
0
0
0
0
0
0
0
0
0
0
0
0
0
0
0
0
0
0
0
0
0
0
0
0
0
0
0
0
0
0
0
0
0
0
0
0
0
0
0
0
0
0
0
0
0
0
0
0
0
0
0
0
0
0
0
0
0
0
0
0
0
0
0
0
0
0
0
0
0
0
0
0
0
0
0
0
0
0
0
0
0
0
0
0
0
0
0
0
0
0
0
0
0
0
0
0
0
0
0
0
0
0
0
0
0
0
0
0
0
0
0
0
0
0
0
0
0
0
0
0
0
0
0
0
0
0
0
0
0
0
0
0
0
0
0
0
0
0
0
0
0
0
0
0
0
0
0
0
0
0
0
0
0
0
0
0
0
0
0
0
0
0
0
0
0
0
0
0
0
0
0
0
0
0
0
0
0
0
0
0
0
0
0
0
0
0
0
0
0
0
0
0
0
0
0
0
0
0
0
0
0
0
0
0
0
0
0
0
0
0
0
0
0
0
0
0
0
0
0
0
0
0
0
0
0
0
0
0
0
0
0
0
0
0
0
0
0
0
0
0
0
0
0
0
0
0
0
0
0
0
0
0
0
0
0
0
0
0
0
0
0
0
0
0
0
0
0
0
0
0
0
0
0
0
0
0
0
0
0
0
0
0
0
0
0
0
0
0
0
0
0
0
0
0
0
0
0
0
0
0
0
0
0
0
0
0
0
0
0
0
0
0
0
0
0
0
0
0
0
0
0
0
0
0
0
0
0
0
0
0
0
0
0
0
0
0
0
0
0
0
0
0
0
0
0
0
0
0
0
0
0
0
0
0
0
0
0
0
0
0
0
0
0
0
0
0
0
0
0
0
0
0
0
0
0
0
0
0
0
0
0
0
0
0
0
0
0
0
0
0
0
0
0
0
0
0
0
0
0
0
0
0
0
0
0
0
0
0
0
0
0
0
0
0
0
0
0
0
0
0
0
0
0
0
0
0
0
0
0
0
0
0
0
0
0
0
0
0
0
0
0
0
0
0
0
0
0
0
0
0
0
0
0
0
0
0
0
0
0
0
0
0
0
0
0
0
0
0
0
0
0
0
0
0
0
0
0
0
0
0
0
0
0
0
0
0
0
0
0
0
0
0
0
0
0
0
0
0
0
0
0
0
0
0
0
0
0
0
0
0
0
0
0
0
0
0
0
0
0
0
0
0
0
0
0
0
0
0
0
0
0
0
0
0
0
0
0
0
0
0
0
0
0
0
0
0
0
0
0
0
0
0
0
0
0
0
0
0
0
0
0
0
0
0
0
0
0
0
0
0
0
0
0
0
0
0
0
0
0
0
0
0
0
0
0
0
0
0
0
0
0
0
0
0
0
0
0
0
0
0
0
0
0
0
0
0
0
0
0
0
0
0
0
0
0
0
0
0
0
0
0
0
0
0
0
0
0
0
0
0
0
0
0
0
0
0
0
0
0
0
0
0
0
0
0
0
0
0
0
0
0
0
0
0
0
0
0
0
0
0
0
0
0
0
0
0
0
0
0
0
0
0
0
0
0
0
0
0
0
0
0
0
0
0
0
0
0
0
0
0
0
0
0
0
0
0
0
0
0
0
0
0
0
0
0
0
0
0
0
0
0
0
0
0
0
0
0
0
0
0
0
0
0
0
0
0
0
0
0
0
0
0
0
0
0
0
0
0
0
0
0
0
0
0
0
0
0
0
0
0
0
0
0
0
0
0
0
0
0
0
0
0
0
0
0
0
0
0
0
0
0
0
0
0
0
0
0
0
0
0
0
0
0
0
0
0
0
0
0
0
0
0
0
0
0
0
0
0
0
0
0
0
0
0
0
0
0
0
0
0
0
0
0
0
0
0
0
0
0
0
0
0
0
0
0
0
0
0
0
0
0
0
0
0
0
0
0
0
0
0
0
0
0
0
0
0
0
0
0
0
0
0
0
0
0
0
0
0
0
0
0
0
0
0
0
0
0
0
0
0
0
0
0
0
0
0
0
0
0
0
0
0
0
0
0
0
0
0
0
0
0
0
0
0
0
0
0
0
0
0
0
0
0
0
0
0
0
0
0
0
0
0
0
0
0
0
0
0
0
0
0
0
0
0
0
0
0
0
0
0
0
0
0
0
0
0
0
0
0
0
0
0
0
0
0
0
0
0
0
0
0
0
0
0
0
0
0
0
0
0
0
0
0
0
0
0
0
0
0
0
0
0
0
0
0
0
0
0
0
0
0
0
0
0
0
0
0
0
0
0
0
0
0
0
0
0
0
0
0
0
0
0
0
0
0
0
0
0
0
0
0
0
0
0
0
0
0
0
0
0
0
0
0
0
0
0
0
0
0
0
0
0
0
0
0
0
0
0
0
0
0
0
0
0
0
0
0
0
0
0
0
0
0
0
0
0
0
0
0
0
0
0
0
0
0
0
0
0
0
0
0
0
0
0
0
0
0
0
0
0
0
0
0
0
0
0
0
0
0
0
0
0
0
0
0
0
0
0
0
0
0
0
0
0
0
0
0
0
0
0
0
0
0
0
0
0
0
0
0
0
0
0
0
0
0
0
0
0
0
0
0
0
0
0
0
0
0
0
0
0
0
0
0
0
0
0
0
0
0
0
0
0
0
0
0
0
0
0
0
0
0
0
0
0
0
0
0
0
0
0
0
0
0
0
0
0
0
0
0
0
0
0
0
0
0
0
0
0
0
0
0
0
0
0
0
0
0
0
0
0
0
0
0
0
0
0
0
0
0
0
0
0
0
0
0
0
0
0
0
0
0
0
0
0
0
0
0
0
0
0
0
0
0
0
0
0
0
0
0
0
0
0
0
0
0
0
0
0
0
0
0
0
0
0
0
0
0
0
0
0
0
0
0
0
0
0
0
0
0
0
0
0
0
0
0
0
0
0
0
0
0
0
0
0
0
0
0
0
0
0
0
0
0
0
0
0
0
0
0
0
0
0
0
0
0
0
0
0
0
0
0
0
0
0
0
0
0
0
0
0
0
0
0
0
0
0
0
0
0
0
0
0
0
0
0
0
0
0
0
0
0
0
0
0
0
0
0
0
0
0
0
0
0
0
0
0
0
0
0
0
0
0
0
0
0
0
0
0
0
0
0
0
0
0
0
0
0
0
0
0
0
0
0
0
0
0
0
0
0
0
0
0
0
0
0
0
0
0
0
0
0
0
0
0
0
0
0
0
0
0
0
0
0
0
0
0
0
0
0
0
0
0
0
0
0
0
0
0
0
0
0
0
0
0
0
0
0
0
0
0
0
0
0
0
0
0
0
0
0
0
0
0
0
0
0
0
0
0
0
0
0
0
0
0
0
0
0
0
0
0
0
0
0
0
0
0
0
0
0
0
0
0
0
0
0
0
0
0
0
0
0
0
0
0
0
0
0
0
0
0
0
0
0
0
0
0
0
0
0
0
0
0
0
0
0
0
0
0
0
0
0
0
0
0
0
0
0
0
0
0
0
0
0
0
0
0
0
0
0
0
0
0
0
0
0
0
0
0
0
0
0
0
0
0
0
0
0
0
0
0
0
0
0
0
0
0
0
0
0
0
0
0
0
0
0
0
0
0
0
0
0
0
0
0
0
0
0
0
0
0
0
0
0
0
0
0
0
0
0
0
0
0
0
0
0
0
0
0
0
0
0
0
0
0
0
0
0
0
0
0
0
0
0
0
0
0
0
0
0
0
0
0
0
0
0
0
0
0
0
0
0
0
0
0
0
0
0
0
0
0
0
0
0
0
0
0
0
0
0
0
0
0
0
0
0
0
0
0
0
0
0
0
0
0
0
0
0
0
0
0
0
0
0
0
0
0
0
0
0
0
0
0
0
0
0
0
0
0
0
0
0
0
0
0
0
0
0
0
0
0
0
0
0
0
0
0
0
0
0
0
0
0
0
0
0
0
0
0
0
0
0
0
0
0
0
0
0
0
0
0
0
0
0
0
0
0
0
0
0
0
0
0
0
0
0
0
0
0
0
0
0
0
0
0
0
0
0
0
0
0
0
0
0
0
0
0
0
0
0
0
0
0
0
0
0
0
0
0
0
0
0
0
0
0
0
0
0
0
0
0
0
0
0
0
0
0
0
0
0
0
0
0
0
0
0
0
0
0
0
0
0
0
0
0
0
0
0
0
0
0
0
0
0
0
0
0
0
0
0
0
0
0
0
0
0
0
0
0
0
0
0
0
0
0
0
0
0
0
0
0
0
0
0
0
0
0
0
0
0
0
0
0
0
0
0
0
0
0
0
0
0
0
0
0
0
0
0
0
0
0
0
0
0
0
0
0
0
0
0
0
0
0
0
0
0
0
0
0
0
0
0
0
0
0
0
0
0
0
0
0
0
0
0
0
0
0
0
0
0
0
0
0
0
0
0
0
0
0
0
0
0
0
0
0
0
0
0
0
0
0
0
0
0
0
0
0
0
0
0
0
0
0
0
0
0
0
0
0
0
0
0
0
0
0
0
0
0
0
0
0
0
0
0
0
0
0
0
0
0
0
0
0
0
0
0
0
0
0
0
0
0
0
0
0
0
0
0
0
0
0
0
0
0
0
0
0
0
0
0
0
0
0
0
0
0
0
0
0
0
0
0
0
0
0
0
0
0
0
0
0
0
0
0
0
0
0
0
0
0
0
0
0
0
0
0
0
0
0
0
0
0
0
0
0
0
0
0
0
0
0
0
0
0
0
0
0
0
0
0
0
0
0
0
0
0
0
0
0
0
0
0
0
0
0
0
0
0
0
0
0
0
0
0
0
0
0
0
0
0
0
0
0
0
0
0
0
0
0
0
0
0
0
0
0
0
0
0
0
0
0
0
0
0
0
0
0
0
0
0
0
0
0
0
0
0
0
0
0
0
0
0
0
0
0
0
0
0
0
0
0
0
0
0
0
0
0
0
0
0
0
0
0
0
0
0
0
0
0
0
0
0
0
0
0
0
0
0
0
0
0
0
0
0
0
0
0
0
0
0
0
0
0
0
0
0
0
0
0
0
0
0
0
0
0
0
0
0
0
0
0
0
0
0
0
0
0
0
0
0
0
0
0
0
0
0
0
0
0
0
0
0
0
0
0
0
0
0
0
0
0
0
0
0
0
0
0
0
0
0
0
0
0
0
0
0
0
0
0
0
0
0
0
0
0
0
0
0
0
0
0
0
0
0
0
0
0
0
0
0
0
0
0
0
0
0
0
0
0
0
0
0
0
0
0
0
0
0
0
0
0
0
0
0
0
0
0
0
0
0
0
0
0
0
0
0
0
0
0
0
0
0
0
0
0
0
0
0
0
0
0
0
0
0
0
0
0
0
0
0
0
0
0
0
0
0
0
0
0
0
0
0
0
0
0
0
0
0
0
0
0
0
0
0
0
0
0
0
0
0
0
0
0
0
0
0
0
0
0
0
0
0
0
0
0
0
0
0
0
0
0
0
0
0
0
0
0
0
0
0
0
0
0
0
0
0
0
0
0
0
0
0
0
0
0
0
0
0
0
0
0
0
0
0
0
0
0
0
0
0
0
0
0
0
0
0
0
0
0
0
0
0
0
0
0
0
0
0
0
0
0
0
0
0
0
0
0
0
0
0
0
0
0
0
0
0
0
0
0
0
0
0
0
0
0
0
0
0
0
0
0
0
0
0
0
0
0
0
0
0
0
0
0
0
0
0
0
0
0
0
0
0
0
0
0
0
0
0
0
0
0
0
0
0
0
0
0
0
0
0
0
0
0
0
0
0
0
0
0
0
0
0
0
0
0
0
0
0
0
0
0
0
0
0
0
0
0
0
0
0
0
0
0
0
0
0
0
0
0
0
0
0
0
0
0
0
0
0
0
0
0
0
0
0
0
0
0
0
0
0
0
0
0
0
0
0
0
0
0
0
0
0
0
0
0
0
0
0
0
0
0
0
0
0
0
0
0
0
0
0
0
0
0
0
0
0
0
0
0
0
0
0
0
0
0
0
0
0
0
0
0
0
0
0
0
0
0
0
0
0
0
0
0
0
0
0
0
0
0
0
0
0
0
0
0
0
0
0
0
0
0
0
0
0
0
0
0
0
0
0
0
0
0
0
0
0
0
0
0
0
0
0
0
0
0
0
0
0
0
0
0
0
0
0
0
0
0
0
0
0
0
0
0
0
0
0
0
0
0
0
0
0
0
0
0
0
0
0
0
0
0
0
0
0
0
0
0
0
0
0
0
0
0
0
0
0
0
0
0
0
0
0
0
0
0
0
0
0
0
0
0
0
0
0
0
0
0
0
0
0
0
0
0
0
0
0
0
0
0
0
0
0
0
0
0
0
0
0
0
0
0
0
0
0
0
0
0
0
0
0
0
0
0
0
0
0
0
0
0
0
0
0
0
0
0
0
0
0
0
0
0
0
0
0
0
0
0
0
0
0
0
0
0
0
0
0
0
0
0
0
0
0
0
0
0
0
0
0
0
0
0
0
0
0
0
0
0
0
0
0
0
0
0
0
0
0
0
0
0
0
0
0
0
0
0
0
0
0
0
0
0
0
0
0
0
0
0
0
0
0
0
0
0
0
0
0
0
0
0
0
0
0
0
0
0
0
0
0
0
0
0
0
0
0
0
0
0
0
0
0
0
0
0
0
0
0
0
0
0
0
0
0
0
0
0
0
0
0
0
0
0
0
0
0
0
0
0
0
0
0
0
0
0
0
0
0
0
0
0
0
0
0
0
0
0
0
0
0
0
0
0
0
0
0
0
0
0
0
0
0
0
0
0
0
0
0
0
0
0
0
0
0
0
0
0
0
0
0
0
0
0
0
0
0
0
0
0
0
0
0
0
0
0
0
0
0
0
0
0
0
0
0
0
0
0
0
0
0
0
0
0
0
0
0
0
0
0
0
0
0
0
0
0
0
0
0
0
0
0
0
0
0
0
0
0
0
0
0
0
0
0
0
0
0
0
0
0
0
0
0
0
0
0
0
0
0
0
0
0
0
0
0
0
0
0
0
0
0
0
0
0
0
0
0
0
0
0
0
0
0
0
0
0
0
0
0
0
0
0
0
0
0
0
0
0
0
0
0
0
0
0
0
0
0
0
0
0
0
0
0
0
0
0
0
0
0
0
0
0
0
0
0
0
0
0
0
0
0
0
0
0
0
0
0
0
0
0
0
0
0
0
0
0
0
0
0
0
0
0
0
0
0
0
0
0
0
0
0
0
0
0
0
0
0
0
0
0
0
0
0
0
0
0
0
0
0
0
0
0
0
0
0
0
0
0
0
0
0
0
0
0
0
0
0
0
0
0
0
0
0
0
0
0
0
0
0
0
0
0
0
0
0
0
0
0
0
0
0
0
0
0
0
0
0
0
0
0
0
0
0
0
0
0
0
0
0
0
0
0
0
0
0
0
0
0
0
0
0
0
0
0
0
0
0
0
0
0
0
0
0
0
0
0
0
0
0
0
0
0
0
0
0
0
0
0
0
0
0
0
0
0
0
0
0
0
0
0
0
0
0
0
0
0
0
0
0
0
0
0
0
0
0
0
0
0
0
0
0
0
0
0
0
0
0
0
0
0
0
0
0
0
0
0
0
0
0
0
0
0
0
0
0
0
0
0
0
0
0
0
0
0
0
0
0
0
0
0
0
0
0
0
0
0
0
0
0
0
0
0
0
0
0
0
0
0
0
0
0
0
0
0
0
0
0
0
0
0
0
0
0
0
0
0
0
0
0
0
0
0
0
0
0
0
0
0
0
0
0
0
0
0
0
0
0
0
0
0
0
0
0
0
0
0
0
0
0
0
0
0
0
0
0
0
0
0
0
0
0
0
0
0
0
0
0
0
0
0
0
0
0
0
0
0
0
0
0
0
0
0
0
0
0
0
0
0
0
0
0
0
0
0
0
0
0
0
0
0
0
0
0
0
0
0
0
0
0
0
0
0
0
0
0
0
0
0
0
0
0
0
0
0
0
0
0
0
0
0
0
0
0
0
0
0
0
0
0
0
0
0
0
0
0
0
0
0
0
0
0
0
0
0
0
0
0
0
0
0
0
0
0
0
0
0
0
0
0
0
0
0
0
0
0
0
0
0
0
0
0
0
0
0
0
0
0
0
0
0
0
0
0
0
0
0
0
0
0
0
0
0
0
0
0
0
0
0
0
0
0
0
0
0
0
0
0
0
0
0
0
0
0
0
0
0
0
0
0
0
0
0
0
0
0
0
0
0
0
0
0
0
0
0
0
0
0
0
0
0
0
0
0
0
0
0
0
0
0
0
0
0
0
0
0
0
0
0
0
0
0
0
0
0
0
0
0
0
0
0
0
0
0
0
0
0
0
0
0
0
0
0
0
0
0
0
0
0
0
0
0
0
0
0
0
0
0
0
0
0
0
0
0
0
0
0
0
0
0
0
0
0
0
0
0
0
0
0
0
0
0
0
0
0
0
0
0
0
0
0
0
0
0
0
0
0
0
0
0
0
0
0
0
0
0
0
0
0
0
0
0
0
0
0
0
0
0
0
0
0
0
0
0
0
0
0
0
0
0
0
0
0
0
0
0
0
0
0
0
0
0
0
0
0
0
0
0
0
0
0
0
0
0
0
0
0
0
0
0
0
0
0
0
0
0
0
0
0
0
0
0
0
0
0
0
0
0
0
0
0
0
0
0
0
0
0
0
0
0
0
0
0
0
0
0
0
0
0
0
0
0
0
0
0
0
0
0
0
0
0
0
0
0
0
0
0
0
0
0
0
0
0
0
0
0
0
0
0
0
0
0
0
0
0
0
0
0
0
0
0
0
0
0
0
0
0
0
0
0
0
0
0
0
0
0
0
0
0
0
0
0
0
0
0
0
0
0
0
0
0
0
0
0
0
0
0
0
0
0
0
0
0
0
0
0
0
0
0
0
0
0
0
0
0
0
0
0
0
0
0
0
0
0
0
0
0
0
0
0
0
0
0
0
0
0
0
0
0
0
0
0
0
0
0
0
0
0
0
0
0
0
0
0
0
0
0
0
0
0
0
0
0
0
0
0
0
0
0
0
0
0
0
0
0
0
0
0
0
0
0
0
0
0
0
0
0
0
0
0
0
0
0
0
0
0
0
0
0
0
0
0
0
0
0
0
0
0
0
0
0
0
0
0
0
0
0
0
0
0
0
0
0
0
0
0
0
0
0
0
0
0
0
0
0
0
0
0
0
0
0
0
0
0
0
0
0
0
0
0
0
0
0
0
0
0
0
0
0
0
0
0
0
0
0
0
0
0
0
0
0
0
0
0
0
0
0
0
0
0
0
0
0
0
0
0
0
0
0
0
0
0
0
0
0
0
0
0
0
0
0
0
0
0
0
0
0
0
0
0
0
0
0
0
0
0
0
0
0
0
0
0
0
0
0
0
0
0
0
0
0
0
0
0
0
0
0
0
0
0
0
0
0
0
0
0
0
0
0
0
0
0
0
0
0
0
0
0
0
0
0
0
0
0
0
0
0
0
0
0
0
0
0
0
0
0
0
0
0
0
0
0
0
0
0
0
0
0
0
0
0
0
SCALARS Weight double 1
LOOKUP_TABLE default
0
0.00166667
0.00333333
0.005
0.00666667
0.00833333
0.01
0.0116667
0.0133333
0.015
0.0166667
0.0183333
0.02
0.0216667
0.0233333
0.025
0.0266667
0.0283333
0.03
0.0316667
0.0333333
0.035
0.0366667
0.0383333
0.04
0.0416667
0.0433333
0.045
0.0466667
0.0483333
0.05
0.0516667
0.0533333
0.055
0.0566667
0.0583333
0.06
0.0616667
0.0633333
0.065
0.0666667
0.0683333
0.07
0.0716667
0.0733333
0.075
0.0766667
0.0783333
0.08
0.0816667
0.0833333
0.085
0.0866667
0.0883333
0.09
0.0916667
0.0933333
0.095
0.0966667
0.0983333
0.1
0.101667
0.103333
0.105
0.106667
0.108333
0.11
0.111667
0.113333
0.115
0.116667
0.118333
0.12
0.121667
0.123333
0.125
0.126667
0.128333
0.13
0.131667
0.133333
0.135
0.136667
0.138333
0.14
0.141667
0.143333
0.145
0.146667
0.148333
0.15
0.151667
0.153333
0.155
0.156667
0.158333
0.16
0.161667
0.163333
0.165
0.166667
0.168333
0.17
0.171667
0.173333
0.175
0.176667
0.178333
0.18
0.181667
0.183333
0.185
0.186667
0.188333
0.19
0.191667
0.193333
0.195
0.196667
0.198333
0.2
0.201667
0.203333
0.205
0.206667
0.208333
0.21
0.211667
0.213333
0.215
0.216667
0.218333
0.22
0.221667
0.223333
0.225
0.226667
0.228333
0.23
0.231667
0.233333
0.235
0.236667
0.238333
0.24
0.241667
0.243333
0.245
0.246667
0.248333
0.25
0.251667
0.253333
0.255
0.256667
0.258333
0.26
0.261667
0.263333
0.265
0.266667
0.268333
0.27
0.271667
0.273333
0.275
0.276667
0.278333
0.28
0.281667
0.283333
0.285
0.286667
0.288333
0.29
0.291667
0.293333
0.295
0.296667
0.298333
0.3
0.301667
0.303333
0.305
0.306667
0.308333
0.31
0.311667
0.313333
0.315
0.316667
0.318333
0.32
0.321667
0.323333
0.325
0.326667
0.328333
0.33
0.331667
0.333333
0.335
0.336667
0.338333
0.34
0.341667
0.343333
0.345
0.346667
0.348333
0.35
0.351667
0.353333
0.355
0.356667
0.358333
0.36
0.361667
0.363333
0.365
0.366667
0.368333
0.37
0.371667
0.373333
0.375
0.376667
0.378333
0.38
0.381667
0.383333
0.385
0.386667
0.388333
0.39
0.391667
0.393333
0.395
0.396667
0.398333
0.4
0.401667
0.403333
0.405
0.406667
0.408333
0.41
0.411667
0.413333
0.415
0.416667
0.418333
0.42
0.421667
0.423333
0.425
0.426667
0.428333
0.43
0.431667
0.433333
0.435
0.436667
0.438333
0.44
0.441667
0.443333
0.445
0.446667
0.448333
0.45
0.451667
0.453333
0.455
0.456667
0.458333
0.46
0.461667
0.463333
0.465
0.466667
0.468333
0.47
0.471667
0.473333
0.475
0.476667
0.478333
0.48
0.481667
0.483333
0.485
0.486667
0.488333
0.49
0.491667
0.493333
0.495
0.496667
0.498333
0.5
0.501667
0.503333
0.505
0.506667
0.508333
0.51
0.511667
0.513333
0.515
0.516667
0.518333
0.52
0.521667
0.523333
0.525
0.526667
0.528333
0.53
0.531667
0.533333
0.535
0.536667
0.538333
0.54
0.541667
0.543333
0.545
0.546667
0.548333
0.55
0.551667
0.553333
0.555
0.556667
0.558333
0.56
0.561667
0.563333
0.565
0.566667
0.568333
0.57
0.571667
0.573333
0.575
0.576667
0.578333
0.58
0.581667
0.583333
0.585
0.586667
0.588333
0.59
0.591667
0.593333
0.595
0.596667
0.598333
0.6
0.601667
0.603333
0.605
0.606667
0.608333
0.61
0.611667
0.613333
0.615
0.616667
0.618333
0.62
0.621667
0.623333
0.625
0.626667
0.628333
0.63
0.631667
0.633333
0.635
0.636667
0.638333
0.64
0.641667
0.643333
0.645
0.646667
0.648333
0.65
0.651667
0.653333
0.655
0.656667
0.658333
0.66
0.661667
0.663333
0.665
0.666667
0.668333
0.67
0.671667
0.673333
0.675
0.676667
0.678333
0.68
0.681667
0.683333
0.685
0.686667
0.688333
0.69
0.691667
0.693333
0.695
0.696667
0.698333
0.7
0.701667
0.703333
0.705
0.706667
0.708333
0.71
0.711667
0.713333
0.715
0.716667
0.718333
0.72
0.721667
0.723333
0.725
0.726667
0.728333
0.73
0.731667
0.733333
0.735
0.736667
0.738333
0.74
0.741667
0.743333
0.745
0.746667
0.748333
0.75
0.751667
0.753333
0.755
0.756667
0.758333
0.76
0.761667
0.763333
0.765
0.766667
0.768333
0.77
0.771667
0.773333
0.775
0.776667
0.778333
0.78
0.781667
0.783333
0.785
0.786667
0.788333
0.79
0.791667
0.793333
0.795
0.796667
0.798333
0.8
0.801667
0.803333
0.805
0.806667
0.808333
0.81
0.811667
0.813333
0.815
0.816667
0.818333
0.82
0.821667
0.823333
0.825
0.826667
0.828333
0.83
0.831667
0.833333
0.835
0.836667
0.838333
0.84
0.841667
0.843333
0.845
0.846667
0.848333
0.85
0.851667
0.853333
0.855
0.856667
0.858333
0.86
0.861667
0.863333
0.865
0.866667
0.868333
0.87
0.871667
0.873333
0.875
0.876667
0.878333
0.88
0.881667
0.883333
0.885
0.886667
0.888333
0.89
0.891667
0.893333
0.895
0.896667
0.898333
0.9
0.901667
0.903333
0.905
0.906667
0.908333
0.91
0.911667
0.913333
0.915
0.916667
0.918333
0.92
0.921667
0.923333
0.925
0.926667
0.928333
0.93
0.931667
0.933333
0.935
0.936667
0.938333
0.94
0.941667
0.943333
0.945
0.946667
0.948333
0.95
0.951667
0.953333
0.955
0.956667
0.958333
0.96
0.961667
0.963333
0.965
0.966667
0.968333
0.97
0.971667
0.973333
0.975
0.976667
0.978333
0.98
0.981667
0.983333
0.985
0.986667
0.988333
0.99
0.991667
0.993333
0.995
0.996667
0.998333
1
1.00167
1.00333
1.005
1.00667
1.00833
1.01
1.01167
1.01333
1.015
1.01667
1.01833
1.02
1.02167
1.02333
1.025
1.02667
1.02833
1.03
1.03167
1.03333
1.035
1.03667
1.03833
1.04
1.04167
1.04333
1.045
1.04667
1.04833
1.05
1.05167
1.05333
1.055
1.05667
1.05833
1.06
1.06167
1.06333
1.065
1.06667
1.06833
1.07
1.07167
1.07333
1.075
1.07667
1.07833
1.08
1.08167
1.08333
1.085
1.08667
1.08833
1.09
1.09167
1.09333
1.095
1.09667
1.09833
1.1
1.10167
1.10333
1.105
1.10667
1.10833
1.11
1.11167
1.11333
1.115
1.11667
1.11833
1.12
1.12167
1.12333
1.125
1.12667
1.12833
1.13
1.13167
1.13333
1.135
1.13667
1.13833
1.14
1.14167
1.14333
1.145
1.14667
1.14833
1.15
1.15167
1.15333
1.155
1.15667
1.15833
1.16
1.16167
1.16333
1.165
1.16667
1.16833
1.17
1.17167
1.17333
1.175
1.17667
1.17833
1.18
1.18167
1.18333
1.185
1.18667
1.18833
1.19
1.19167
1.19333
1.195
1.19667
1.19833
1.2
1.20167
1.20333
1.205
1.20667
1.20833
1.21
1.21167
1.21333
1.215
1.21667
1.21833
1.22
1.22167
1.22333
1.225
1.22667
1.22833
1.23
1.23167
1.23333
1.235
1.23667
1.23833
1.24
1.24167
1.24333
1.245
1.24667
1.24833
1.25
1.25167
1.25333
1.255
1.25667
1.25833
1.26
1.26167
1.26333
1.265
1.26667
1.26833
1.27
1.27167
1.27333
1.275
1.27667
1.27833
1.28
1.28167
1.28333
1.285
1.28667
1.28833
1.29
1.29167
1.29333
1.295
1.29667
1.29833
1.3
1.30167
1.30333
1.305
1.30667
1.30833
1.31
1.31167
1.31333
1.315
1.31667
1.31833
1.32
1.32167
1.32333
1.325
1.32667
1.32833
1.33
1.33167
1.33333
1.335
1.33667
1.33833
1.34
1.34167
1.34333
1.345
1.34667
1.34833
1.35
1.35167
1.35333
1.355
1.35667
1.35833
1.36
1.36167
1.36333
1.365
1.36667
1.36833
1.37
1.37167
1.37333
1.375
1.37667
1.37833
1.38
1.38167
1.38333
1.385
1.38667
1.38833
1.39
1.39167
1.39333
1.395
1.39667
1.39833
1.4
1.40167
1.40333
1.405
1.40667
1.40833
1.41
1.41167
1.41333
1.415
1.41667
1.41833
1.42
1.42167
1.42333
1.425
1.42667
1.42833
1.43
1.43167
1.43333
1.435
1.43667
1.43833
1.44
1.44167
1.44333
1.445
1.44667
1.44833
1.45
1.45167
1.45333
1.455
1.45667
1.45833
1.46
1.46167
1.46333
1.465
1.46667
1.46833
1.47
1.47167
1.47333
1.475
1.47667
1.47833
1.48
1.48167
1.48333
1.485
1.48667
1.48833
1.49
1.49167
1.49333
1.495
1.49667
1.49833
1.5
1.50167
1.50333
1.505
1.50667
1.50833
1.51
1.51167
1.51333
1.515
1.51667
1.51833
1.52
1.51996
1.52496
1.52663
1.52653
1.5282
1.52986
1.53153
1.5332
1.53486
1.53497
1.53664
1.5383
1.53997
1.53986
1.54486
1.54653
1.5482
1.54986
1.55153
1.5532
1.55486
1.55653
1.5582
1.55986
1.56153
1.5632
1.56486
1.56653
1.5682
1.56986
1.57153
1.5732
1.57486
1.57653
1.5782
1.57986
1.58153
1.5832
1.58486
1.58653
1.5882
1.58986
1.59153
1.5932
1.59486
1.59653
1.5982
1.59986
1.60153
1.6032
1.60319
1.60819
1.60985
1.61152
1.61319
1.61485
1.61652
1.61819
1.61985
1.62152
1.62319
1.62485
1.62489
1.62989
1.63155
1.63322
1.63489
1.63655
1.63822
1.63989
1.64155
1.64322
1.64489
1.64655
1.64822
1.64989
1.65155
1.65322
1.65489
1.65655
1.65822
1.65989
1.65991
1.66157
1.66324
1.66491
1.66657
1.66824
1.66991
1.67157
1.67324
1.67491
1.67657
1.67824
1.67991
1.68157
1.68324
1.68491
1.68657
1.68824
1.68991
1.69157
1.69324
1.69491
1.69657
1.69824
1.69991
1.70157
1.70324
1.70491
1.70657
1.70824
1.70991
1.71157
1.71324
1.71491
1.71657
1.71824
1.71991
1.72157
1.72324
1.72491
1.72657
1.72824
1.72991
1.73157
1.73324
1.73491
1.73657
1.73824
1.73991
1.74157
1.74324
1.74491
1.74657
1.74824
1.74991
1.75157
1.75324
1.75491
1.75657
1.75824
1.75991
1.76157
1.76324
1.76491
1.76657
1.76824
1.76991
1.77157
1.77324
1.77491
1.77657
1.77824
1.77991
1.78157
1.78324
1.78491
1.78657
1.78824
1.78991
1.79157
1.79324
1.79491
1.79657
1.79824
1.79991
1.80157
1.80191
1.80357
1.80524
1.80691
1.80857
1.81024
1.81191
1.81357
1.81524
1.81691
1.81857
1.82024
1.82191
1.82357
1.82356
1.82856
1.83022
1.83006
1.82986
1.82989
1.83489
1.83656
1.83822
1.83989
1.83993
1.84493
1.84659
1.84826
1.84993
1.85159
1.85326
1.85493
1.85659
1.85655
1.85648
1.86148
1.86315
1.86481
1.86461
1.86628
1.86794
1.86816
1.87316
1.87483
1.87649
1.87816
1.87983
1.88149
1.88136
1.88636
1.88803
1.88823
1.88989
1.89156
1.89323
1.89489
1.89656
1.89823
1.89989
1.90156
1.90323
1.90489
1.90656
1.90823
1.90989
1.91156
1.91323
1.91489
1.91656
1.91823
1.91989
1.92156
1.92323
1.92312
1.92812
1.92978
1.92958
1.93458
1.93624
1.93791
1.93958
1.93938
1.94438
1.94605
1.94772
1.94938
1.94932
1.95058
1.95225
1.95391
1.95558
1.95725
1.95891
1.96058
1.96225
1.96391
1.96389
1.96889
1.97056
1.97223
1.97389
1.97556
1.97723
1.97889
1.98056
1.98223
1.98389
1.98556
1.98723
1.98889
1.99056
1.99223
1.99389
1.99556
1.99723
1.99889
2.00056
2.00223
2.00389
2.00556
2.00723
2.00889
2.01056
2.01223
2.01389
2.01556
2.01723
2.01889
2.02056
2.02223
2.02389
2.02556
2.02723
2.02889
2.03056
2.03223
2.03389
2.03556
2.03723
2.03889
2.04056
2.04223
2.04389
2.04556
2.04723
2.04889
2.05056
2.05223
2.05389
2.05556
2.05723
2.05889
2.06056
2.06223
2.06389
2.06556
2.06723
2.06889
2.07056
2.07223
2.07389
2.07556
2.07723
2.07889
2.08056
2.08223
2.08389
2.08556
2.08723
2.08889
2.09056
2.09223
2.09389
2.09556
2.09723
2.09889
2.10056
2.10223
2.10389
2.10556
2.10723
2.10889
2.11056
2.11223
2.11389
2.11556
2.11723
2.11889
2.12056
2.12223
2.12389
2.12556
2.12723
2.12889
2.13056
2.13223
2.13389
2.13556
2.13723
2.13889
2.14056
2.14223
2.14389
2.14556
2.14723
2.14889
2.15056
2.15223
2.15389
2.15556
2.15723
2.15889
2.16056
2.16223
2.16389
2.16556
2.16723
2.16889
2.17056
2.17223
2.17389
2.17556
2.17723
2.17889
2.18056
2.18223
2.18389
2.18556
2.18723
2.18889
2.19056
2.19223
2.19389
2.19556
2.19723
2.19889
2.20056
2.20223
2.20389
2.20556
2.20723
2.20889
2.21056
2.21223
2.21389
2.21556
2.21723
2.21889
2.22056
2.22223
2.22389
2.22556
2.22723
2.22889
2.23056
2.23223
2.23389
2.23556
2.23723
2.23889
2.24056
2.24223
2.24389
2.24556
2.24723
2.24889
2.25056
2.25223
2.25389
2.25556
2.25723
2.25889
2.26056
2.26223
2.26389
2.26556
2.26723
2.26889
2.27056
2.27223
2.27389
2.27556
2.27723
2.27889
2.28056
2.28223
2.28389
2.28556
2.28723
2.28889
2.29056
2.29223
2.29389
2.29556
2.29723
2.29889
2.30056
2.30223
2.30389
2.30556
2.30723
2.30889
2.31056
2.31223
2.31389
2.31556
2.31723
2.31889
2.32056
2.32223
2.32389
2.32556
2.32723
2.32889
2.33056
2.33223
2.33389
2.33556
2.33723
2.33889
2.34056
2.34223
2.34389
2.34556
2.34723
2.34889
2.35056
2.35223
2.35389
2.35556
2.35723
2.35889
2.36056
2.36223
2.36389
2.36556
2.36723
2.36889
2.37056
2.37223
2.37389
2.37556
2.37723
2.37889
2.38056
2.38223
2.38389
2.38556
2.38723
2.38889
2.39056
2.39223
2.39389
2.39556
2.39723
2.39889
2.40056
2.40223
2.40389
2.40556
2.40723
2.40889
2.41056
2.41223
2.41389
2.41556
2.41723
2.41889
2.42056
2.42223
2.42389
2.42556
2.42723
2.42889
2.43056
2.43223
2.43389
2.43556
2.43723
2.43889
2.44056
2.44223
2.44389
2.44556
2.44723
2.44889
2.45056
2.45223
2.45389
2.45556
2.45723
2.45889
2.46056
2.46223
2.46389
2.46556
2.46723
2.46889
2.47056
2.47223
2.47389
2.47556
2.47723
2.47889
2.48056
2.48223
2.48389
2.48556
2.48723
2.48889
2.49056
2.49223
2.49389
2.49556
2.49723
2.49889
2.50056
2.50223
2.50389
2.50556
2.50723
2.50889
2.51056
2.51223
2.51389
2.51556
2.51723
2.51889
2.52056
2.52223
2.52389
2.52556
2.52723
2.52889
2.53056
2.53223
2.53389
2.53556
2.53723
2.53889
2.54056
2.54223
2.54389
2.54556
2.54723
2.54889
2.55056
2.55223
2.55389
2.55556
2.55723
2.55889
2.56056
2.56223
2.56389
2.56556
2.56723
2.56889
2.57056
2.57223
2.57389
2.57556
2.57723
2.57889
2.58056
2.58223
2.58389
2.58556
2.58723
2.58889
2.59056
2.59223
2.59389
2.59556
2.59723
2.59889
2.60056
2.60223
2.60389
2.60556
2.60723
2.60889
2.61056
2.61223
2.61389
2.61556
2.61723
2.61889
2.62056
2.62223
2.62389
2.62556
2.62723
2.62889
2.63056
2.63223
2.63389
2.63556
2.63723
2.63889
2.64056
2.64223
2.64389
2.64556
2.64723
2.64889
2.65056
2.65223
2.65389
2.65556
2.65723
2.65889
2.66056
2.66223
2.66389
2.66556
2.66723
2.66889
2.67056
2.67223
2.67389
2.67556
2.67723
2.67889
2.68056
2.68223
2.68389
2.68556
2.68723
2.68889
2.69056
2.69223
2.69389
2.69556
2.69723
2.69889
2.70056
2.70223
2.70389
2.70556
2.70723
2.70889
2.71056
2.71223
2.71389
2.71556
2.71723
2.71889
2.72056
2.72223
2.72389
2.72556
2.72723
2.72889
2.73056
2.73223
2.73389
2.73556
2.73723
2.73889
2.74056
2.74223
2.74389
2.74556
2.74723
2.74889
2.75056
2.75223
2.75389
2.75556
2.75723
2.75889
2.76056
2.76223
2.76389
2.76556
2.76723
2.76889
2.77056
2.77223
2.77389
2.77556
2.77723
2.77889
2.78056
2.78223
2.78389
2.78556
2.78723
2.78889
2.79056
2.79223
2.79389
2.79556
2.79723
2.79889
2.80056
2.80223
2.80389
2.80556
2.80723
2.80889
2.81056
2.81223
2.81389
2.81556
2.81723
2.81889
2.82056
2.82223
2.82389
2.82556
2.82723
2.82889
2.83056
2.83223
2.83389
2.83556
2.83723
2.83889
2.84056
2.84223
2.84389
2.84556
2.84723
2.84889
2.85056
2.85223
2.85389
2.85556
2.85723
2.85889
2.86056
2.86223
2.86389
2.86556
2.86723
2.86889
2.87056
2.87223
2.87389
2.87556
2.87723
2.87889
2.88056
2.88223
2.88389
2.88556
2.88723
2.88889
2.89056
2.89223
2.89389
2.89556
2.89723
2.89889
2.90056
2.90223
2.90389
2.90556
2.90723
2.90889
2.91056
2.91223
2.91389
2.91556
2.91723
2.91889
2.92056
2.92223
2.92389
2.92556
2.92723
2.92889
2.93056
2.93223
2.93389
2.93556
2.93723
2.93889
2.94056
2.94223
2.94389
2.94556
2.94723
2.94889
2.95056
2.95223
2.95389
2.95556
2.95723
2.95889
2.96056
2.96223
2.96389
2.96556
2.96723
2.96889
2.97056
2.97223
2.97389
2.97556
2.97723
2.97889
2.98056
2.98223
2.98389
2.98556
2.98723
2.98889
2.99056
2.99223
2.9921
2.9971
2.99877
3.00044
3.0021
3.00377
3.00544
3.0071
3.00877
3.01044
3.0121
3.01377
3.01544
3.0171
3.01877
3.02044
3.0221
3.02377
3.02544
3.0271
3.02877
3.03044
3.0321
3.03377
3.03544
3.0371
3.03877
3.04044
3.0421
3.04377
3.04379
3.04546
3.04569
3.04735
3.04717
3.04883
3.0505
3.05217
3.05383
3.0555
3.05539
3.06039
3.06206
3.06372
3.06539
3.06706
3.06697
3.07197
3.07364
3.07531
3.07512
3.08012
3.08179
3.08346
3.08512
3.08679
3.08846
3.09012
3.09179
3.09346
3.09512
3.09679
3.09846
3.10012
3.10179
3.10346
3.10512
3.10679
3.10846
3.11012
3.11179
3.11346
3.11512
3.11679
3.11846
3.12012
3.12179
3.12346
3.12512
3.12679
3.12846
3.13012
3.13179
3.13346
3.13512
3.13679
3.13846
3.14012
3.14179
3.14346
3.14512
3.14679
3.14846
3.15012
3.15179
3.15346
3.15512
3.15679
3.15846
3.16012
3.16179
3.16346
3.16512
3.16679
3.16846
3.17012
3.17179
3.17346
3.17512
3.17679
3.17846
3.18012
3.18179
3.18346
3.18512
3.18679
3.18846
3.19012
3.19179
3.19346
3.19512
3.19679
3.19846
3.20012
3.20179
3.20346
3.20512
3.20679
3.20846
3.21012
3.21179
3.21346
3.21512
3.21679
3.21846
3.22012
3.22179
3.22346
3.22512
3.22679
3.22846
3.23012
3.23179
3.23346
3.23512
3.23679
3.23846
3.24012
3.24179
3.24346
3.24512
3.24679
3.24846
3.25012
3.25179
3.25346
3.25512
3.25679
3.25846
3.26012
3.26179
3.26346
3.26512
3.26679
3.26846
3.27012
3.27179
3.27346
3.27512
3.27679
3.27846
3.28012
3.28179
3.28346
3.28512
3.28679
3.28846
3.29012
3.29179
3.29346
3.29512
3.29679
3.29846
3.30012
3.30179
3.30346
3.30512
3.30679
3.30846
3.31012
3.31179
3.31346
3.31512
3.31679
3.31846
3.32012
3.32179
3.32346
3.32512
3.32679
3.32846
3.33012
3.33179
3.33346
3.33512
3.33679
3.33846
3.34012
3.34179
3.34346
3.34512
3.34679
3.34846
3.35012
3.35179
3.35346
3.35512
3.35679
3.35846
3.36012
3.36179
3.36346
3.36512
3.36679
3.36846
3.37012
3.37179
3.37346
3.37512
3.37679
3.37846
3.38012
3.38179
3.38346
3.38512
3.38679
3.38846
3.39012
3.39179
3.39346
3.39512
3.39679
3.39846
3.40012
3.40179
3.40346
3.40512
3.40679
3.40846
3.41012
3.41179
3.41346
3.41512
3.41679
3.41846
3.42012
3.42179
3.42346
3.42512
3.42679
3.42846
3.43012
3.43179
3.43346
3.43512
3.43679
3.43846
3.44012
3.44179
3.44346
3.44512
3.44679
3.44846
3.45012
3.45179
3.45346
3.45512
3.45679
3.45846
3.46012
3.46179
3.46346
3.46512
3.46679
3.46846
3.47012
3.47179
3.47346
3.47512
3.47679
3.47846
3.48012
3.48179
3.48346
3.48512
3.48679
3.48846
3.49012
3.49179
3.49346
3.49512
3.49679
3.49846
3.50012
3.50179
3.50346
3.50512
3.50679
3.50846
3.51012
3.51179
3.51346
3.51512
3.51679
3.51846
3.52012
3.52179
3.52346
3.52512
3.52679
3.52846
3.53012
3.53179
3.53346
3.53512
3.53679
3.53846
3.54012
3.54179
3.54346
3.54512
3.54679
3.54846
3.55012
3.55179
3.55346
3.55512
3.55679
3.55846
3.56012
3.56179
3.56346
3.56512
3.56679
3.56846
3.57012
3.57179
3.57346
3.57512
3.57679
3.57846
3.58012
3.58179
3.58346
3.58512
3.58679
3.58846
3.59012
3.59179
3.59346
3.59512
3.59679
3.59846
3.60012
3.60179
3.60346
3.60512
3.60679
3.60846
3.61012
3.61179
3.61346
3.61512
3.61679
3.61846
3.62012
3.62179
3.62346
3.62512
3.62679
3.62846
3.63012
3.63179
3.63346
3.63512
3.63679
3.63846
3.64012
3.64179
3.64346
3.64512
3.64679
3.64846
3.65012
3.65179
3.65346
3.65512
3.65679
3.65846
3.66012
3.66179
3.66346
3.66512
3.66679
3.66846
3.67012
3.67179
3.67346
3.67512
3.67679
3.67846
3.68012
3.68179
3.68346
3.68512
3.68679
3.68846
3.69012
3.69179
3.69346
3.69512
3.69679
3.69846
3.70012
3.70179
3.70346
3.70512
3.70679
3.70846
3.71012
3.71179
3.71346
3.71512
3.71679
3.71846
3.72012
3.72179
3.72346
3.72512
3.72679
3.72846
3.73012
3.73179
3.73346
3.73512
3.73679
3.73846
3.74012
3.74179
3.74346
3.74512
3.74679
3.74846
3.75012
3.75179
3.75346
3.75512
3.75679
3.75846
3.76012
3.76179
3.76346
3.76512
3.76679
3.76846
3.77012
3.77179
3.77346
3.77512
3.77679
3.77846
3.77835
3.78002
3.78169
3.78335
3.78502
3.78669
3.78835
3.79002
3.79169
3.79335
3.79502
3.79669
3.79835
3.80002
3.80169
3.80164
3.80664
3.80831
3.80998
3.81164
3.81331
3.81498
3.81664
3.81831
3.81998
3.82164
3.82331
3.82498
3.82664
3.82831
3.82998
3.83164
3.83331
3.83498
3.83664
3.83831
3.83998
3.84164
3.84331
3.84498
3.84664
3.84831
3.84998
3.85164
3.85331
3.85498
3.85664
3.85831
3.85998
3.86164
3.86331
3.86498
3.86664
3.86831
3.86998
3.87164
3.87331
3.87498
3.87664
3.87831
3.87998
3.88164
3.88331
3.88498
3.88664
3.88831
3.88998
3.89164
3.89331
3.89498
3.89664
3.89831
3.89998
3.90164
3.90331
3.90498
3.90664
3.90831
3.90998
3.91164
3.91331
3.91498
3.91664
3.91831
3.91998
3.92164
3.92331
3.92498
3.92664
3.92831
3.92998
3.93164
3.93331
3.93498
3.93664
3.93831
3.93998
3.94164
3.94331
3.94498
3.94664
3.94831
3.94998
3.95164
3.95331
3.95498
3.95664
3.95831
3.95998
3.96164
3.96331
3.96498
3.96664
3.96831
3.96998
3.97164
3.97331
3.97498
3.97664
3.97831
3.97998
3.98164
3.98331
3.98498
3.98664
3.98831
3.98998
3.99164
3.99331
3.99498
3.99664
3.99831
3.99998
4.00164
4.00331
4.00498
4.00664
4.00831
4.00998
4.01164
4.01331
4.01498
4.01664
4.01831
4.01998
4.02164
4.02331
4.02498
4.02664
4.02831
4.02998
4.03164
4.03331
4.03498
4.03664
4.03831
4.03998
4.04164
4.04331
4.04498
4.04664
4.04831
4.04998
4.05164
4.05331
4.05498
4.05664
4.05831
4.05998
4.06164
4.06331
4.06498
4.06664
4.06831
4.06998
4.07164
4.07331
4.07498
4.07664
4.07831
4.07998
4.08164
4.08331
4.08498
4.08664
4.08831
4.08998
4.09164
4.09331
4.09498
4.09664
4.09831
4.09998
4.10164
4.10331
4.10498
4.10664
4.10831
4.10998
4.11164
4.11331
4.11498
4.11664
4.11831
4.11998
4.12164
4.12331
4.12498
4.12664
4.12831
4.12998
4.13164
4.13331
4.13498
4.13664
4.13831
4.13998
4.14164
4.14331
4.14498
4.14664
4.14831
4.14998
4.15164
4.15331
4.15498
4.15664
4.15831
4.15998
4.16164
4.16331
4.16498
4.16664
4.16831
4.16998
4.17164
4.17331
4.17498
4.17664
4.17831
4.17998
4.18164
4.18331
4.18498
4.18664
4.18831
4.18998
4.19164
4.19331
4.19498
4.19664
4.19831
4.19998
4.20164
4.20331
4.20498
4.20664
4.20831
4.20998
4.21164
4.21331
4.21498
4.21664
4.21831
4.21998
4.22164
4.22331
4.22498
4.22664
4.22831
4.22998
4.23164
4.23331
4.23498
4.23664
4.23831
4.23998
4.24164
4.24331
4.24498
4.24664
4.24831
4.24998
4.25164
4.25331
4.25498
4.25664
4.25831
4.25998
4.26164
4.26331
4.26498
4.26664
4.26831
4.26998
4.27164
4.27331
4.27498
4.27664
4.27831
4.27998
4.28164
4.28331
4.28498
4.28664
4.28831
4.28998
4.29164
4.29331
4.29498
4.29664
4.29831
4.29998
4.30164
4.30331
4.30498
4.30664
4.30831
4.30998
4.31164
4.31331
4.31498
4.31664
4.31831
4.31998
4.32164
4.32331
4.32498
4.32664
4.32831
4.32998
4.33164
4.33331
4.33498
4.33664
4.33831
4.33998
4.34164
4.34331
4.34498
4.34664
4.34831
4.34998
4.35164
4.35331
4.35498
4.35664
4.35831
4.35998
4.36164
4.36331
4.36498
4.36664
4.36831
4.36998
4.37164
4.37331
4.37498
4.37664
4.37831
4.37998
4.38164
4.38331
4.38498
4.38664
4.38831
4.38998
4.39164
4.39331
4.39498
4.39664
4.39831
4.39998
4.40164
4.40331
4.40498
4.40664
4.40831
4.40998
4.41164
4.41331
4.41498
4.41664
4.41831
4.41998
4.42164
4.42331
4.42498
4.42664
4.42831
4.42998
4.43164
4.43331
4.43498
4.43664
4.43831
4.43998
4.44164
4.44331
4.44498
4.44664
4.44831
4.44998
4.45164
4.45331
4.45498
4.45664
4.45831
4.45998
4.46164
4.46331
4.46498
4.46664
4.46831
4.46998
4.47164
4.47331
4.47498
4.47664
4.47831
4.47998
4.48164
4.48331
4.48498
4.48664
4.48831
4.48998
4.49164
4.49331
4.49498
4.49664
4.49831
4.49998
4.50164
4.50331
4.50498
4.50664
4.50831
4.50998
4.51164
4.51331
4.51498
4.51664
4.51831
4.51998
4.52164
4.52331
4.52498
4.52664
4.52831
4.52998
4.53164
4.53331
4.53498
4.53664
4.53831
4.53998
4.54164
4.54331
4.54498
4.54664
4.54831
4.54998
4.55164
4.55331
4.55498
4.55664
4.55831
4.55998
4.56164
4.56331
4.56498
4.56664
4.56831
4.56998
4.57164
4.57331
4.57498
4.57664
4.57831
4.57998
4.58164
4.58331
4.58498
4.58664
4.58831
4.58998
4.59164
4.59331
4.59498
4.59664
4.59831
4.59998
4.60164
4.60331
4.60498
4.60664
4.60831
4.60998
4.61164
4.61331
4.61498
4.61664
4.61831
4.61998
4.62164
4.62331
4.62498
4.62664
4.62831
4.62998
4.63164
4.63331
4.63498
4.63664
4.63831
4.63998
4.64164
4.64331
4.64498
4.64664
4.64831
4.64998
4.65164
4.65331
4.65498
4.65664
4.65831
4.65998
4.66164
4.66331
4.66498
4.66664
4.66831
4.66998
4.67164
4.67331
4.67498
4.67664
4.67831
4.67998
4.68164
4.68331
4.68498
4.68664
4.68831
4.68998
4.69164
4.69331
4.69498
4.69664
4.69831
4.69998
4.70164
4.70331
4.70498
4.70664
4.70831
4.70998
4.71164
4.71331
4.71498
4.71664
4.71831
4.71998
4.72164
4.72331
4.72498
4.72664
4.72831
4.72998
4.73164
4.73331
4.73498
4.73664
4.73831
4.73998
4.74164
4.74331
4.74498
4.74664
4.74831
4.74998
4.75164
4.75331
4.75498
4.75664
4.75831
4.75998
4.76164
4.76331
4.76498
4.76664
4.76831
4.76998
4.77164
4.77331
4.77498
4.77664
4.77831
4.77998
4.78164
4.78331
4.78498
4.78664
4.78831
4.78998
4.79164
4.79331
4.79498
4.79664
4.79831
4.79998
4.80164
4.80331
4.80498
4.80664
4.80831
4.80998
4.81164
4.81331
4.81498
4.81664
4.81831
4.81998
4.82164
4.82331
4.82498
4.82664
4.82831
4.82998
4.83164
4.83331
4.83498
4.83664
4.83831
4.83998
4.84164
4.84331
4.84498
4.84664
4.84831
4.84998
4.85164
4.85331
4.85498
4.85664
4.85831
4.85998
4.86164
4.86331
4.86498
4.86664
4.86831
4.86998
4.87164
4.87331
4.87498
4.87664
4.87831
4.87998
4.88164
4.88331
4.88498
4.88664
4.88831
4.88998
4.89164
4.89331
4.89498
4.89664
4.89831
4.89998
4.90164
4.90331
4.90498
4.90664
4.90831
4.90998
4.91164
4.91331
4.91498
4.91664
4.91831
4.91998
4.92164
4.92331
4.92498
4.92664
4.92831
4.92998
4.93164
4.93331
4.93498
4.93664
4.93831
4.93998
4.94164
4.94331
4.94498
4.94664
4.94831
4.94998
4.95164
4.95331
4.95498
4.95664
4.95831
4.95998
4.96164
4.96331
4.96498
4.96664
4.96831
4.96998
4.97164
4.97331
4.97498
4.97664
4.97831
4.97998
4.98164
4.98331
4.98498
4.98664
4.98831
4.98998
4.99164
4.99331
4.99498
4.99664
4.99831
4.99998
5.00164
5.00331
5.00498
5.00664
5.00831
5.00998
5.01164
5.01331
5.01498
5.01664
5.01831
5.01998
5.02164
5.02331
5.02498
5.02664
5.02831
5.02998
5.03164
5.03331
5.03498
5.03664
5.03831
5.03998
5.04164
5.04331
5.04498
5.04664
5.04831
5.04998
5.05164
5.05331
5.05498
5.05664
5.05831
5.05998
5.06164
5.06331
5.06498
5.06664
5.06831
5.06998
5.07164
5.07331
5.07498
5.07664
5.07831
5.07998
5.08164
5.08331
5.08498
5.08664
5.08831
5.08998
5.09164
5.09331
5.09498
5.09664
5.09831
5.09998
5.10164
5.10331
5.10498
5.10664
5.10831
5.10998
5.11164
5.11331
5.11498
5.11664
5.11831
5.11998
5.12164
5.12331
5.12498
5.12664
5.12831
5.12998
5.13164
5.13331
5.13498
5.13664
5.13831
5.13998
5.14164
5.14331
5.14498
5.14664
5.14831
5.14998
5.15164
5.15331
5.15498
5.15664
5.15831
5.15998
5.16164
5.16331
5.16498
5.16664
5.16831
5.16998
5.17164
5.17331
5.17498
5.17664
5.17831
5.17998
5.18164
5.18331
5.18498
5.18664
5.18831
5.18998
5.19164
5.19331
5.19498
5.19664
5.19831
5.19998
5.20164
5.20331
5.20498
5.20664
5.20831
5.20998
5.21164
5.21331
5.21498
5.21664
5.21831
5.21998
5.22164
5.22331
5.22498
5.22664
5.22831
5.22998
5.23164
5.23331
5.23498
5.23664
5.23831
5.23998
5.24164
5.24331
5.24498
5.24664
5.24831
5.24998
5.25164
5.25331
5.25498
5.25664
5.25831
5.25998
5.26164
5.26331
5.26498
5.26664
5.26831
5.26998
5.27164
5.27331
5.27498
5.27664
5.27831
5.27998
5.28164
5.28331
5.28498
5.28664
5.28831
5.28998
5.29164
5.29331
5.29498
5.29664
5.29831
5.29998
5.30164
5.30331
5.30498
5.30664
5.30831
5.30998
5.31164
5.31331
5.31498
5.31664
5.31831
5.31998
5.32164
5.32331
5.32498
5.32664
5.32831
5.32998
5.33164
5.33331
5.33498
5.33664
5.33831
5.33998
5.34164
5.34331
5.34498
5.34664
5.34831
5.34998
5.35164
5.35331
5.35498
5.35664
5.35831
5.35998
5.36164
5.36331
5.36498
5.36664
5.36831
5.36998
5.37164
5.37331
5.37498
5.37664
5.37831
5.37998
5.38164
5.38331
5.38498
5.38664
5.38831
5.38998
5.39164
5.39331
5.39498
5.39664
5.39831
5.39998
5.40164
5.40331
5.40498
5.40664
5.40831
5.40998
5.41164
5.41331
5.41498
5.41664
5.41831
5.41998
5.42164
5.42331
5.42498
5.42664
5.42831
5.42998
5.43164
5.43331
5.43498
5.43664
5.43831
5.43998
5.44164
5.44331
5.44498
5.44664
5.44831
5.44998
5.45164
5.45331
5.45498
5.45664
5.45831
5.45998
5.46164
5.46331
5.46498
5.46664
5.46831
5.46998
5.47164
5.47331
5.47498
5.47664
5.47831
5.47998
5.48164
5.48331
5.48498
5.48664
5.48831
5.48998
5.49164
5.49331
5.49498
5.49664
5.49831
5.49998
5.50164
5.50331
5.50498
5.50664
5.50831
5.50998
5.51164
5.51331
5.51498
5.51664
5.51831
5.51998
5.52164
5.52331
5.52498
5.52664
5.52831
5.52998
5.53164
5.53331
5.53498
5.53664
5.53831
5.53998
5.54164
5.54331
5.54498
5.54664
5.54831
5.54998
5.55164
5.55331
5.55498
5.55664
5.55831
5.55998
5.56164
5.56331
5.56498
5.56664
5.56831
5.56998
5.57164
5.57331
5.57498
5.57664
5.57831
5.57998
5.58164
5.58331
5.58498
5.58664
5.58831
5.58998
5.59164
5.59331
5.59498
5.59664
5.59831
5.59998
5.60164
5.60331
5.60498
5.60664
5.60831
5.60998
5.61164
5.61331
5.61498
5.61664
5.61831
5.61998
5.62164
5.62331
5.62498
5.62664
5.62831
5.62998
5.63164
5.63331
5.63498
5.63664
5.63831
5.63998
5.64164
5.64331
5.64498
5.64664
5.64831
5.64998
5.65164
5.65331
5.65498
5.65664
5.65831
5.65998
5.66164
5.66331
5.66498
5.66664
5.66831
5.66998
5.67164
5.67331
5.67498
5.67664
5.67831
5.67998
5.68164
5.68331
5.68498
5.68664
5.68831
5.68998
5.69164
5.69331
5.69498
5.69664
5.69831
5.69998
5.70164
5.70331
5.70498
5.70664
5.70831
5.70998
5.71164
5.71331
5.71498
5.71664
5.71831
5.71998
5.72164
5.72331
5.72498
5.72664
5.72831
5.72998
5.73164
5.73331
5.73498
5.73664
5.73831
5.73998
5.74164
5.74331
5.74498
5.74664
5.74831
5.74998
5.75164
5.75331
5.75498
5.75664
5.75831
5.75998
5.76164
5.76331
5.76498
5.76664
5.76831
5.76998
5.77164
5.77331
5.77498
5.77664
5.77831
5.77998
5.78164
5.78331
5.78498
5.78664
5.78831
5.78998
5.79164
5.79331
5.79498
5.79664
5.79831
5.79998
5.80164
5.80331
5.80498
5.80664
5.80831
5.80998
5.81164
5.81331
5.81498
5.81664
5.81831
5.81998
5.82164
5.82331
5.82498
5.82664
5.82831
5.82998
5.83164
5.83331
5.83498
5.83664
5.83831
5.83998
5.84164
5.84331
5.84498
5.84664
5.84831
5.84998
5.85164
5.85331
5.85498
5.85664
5.85831
5.85998
5.86164
5.86331
5.86498
5.86664
5.86831
5.86998
5.87164
5.87331
5.87498
5.87664
5.87831
5.87998
5.88164
5.88331
5.88498
5.88664
5.88831
5.88998
5.89164
5.89331
5.89498
5.89664
5.89831
5.89998
5.90164
5.90331
5.90498
5.90664
5.90831
5.90998
5.91164
5.91331
5.91498
5.91664
5.91831
5.91998
5.92164
5.92331
5.92498
5.92664
5.92831
5.92998
5.93164
5.93331
5.93498
5.93664
5.93831
5.93998
5.94164
5.94331
5.94498
5.94664
5.94831
5.94998
5.95164
5.95331
5.95498
5.95664
5.95831
5.95998
5.96164
5.96331
5.96498
5.96664
5.96831
5.96998
5.97164
5.97331
5.97498
5.97664
5.97831
5.97998
5.98164
5.98331
5.98498
5.98664
5.98831
5.98998
5.99164
5.99331
5.99498
5.99664
5.99831
5.99998
6.00164
6.00331
6.00498
6.00664
6.00831
6.00998
6.01164
6.01331
6.01498
6.01664
6.01831
6.01998
6.02164
6.02331
6.02498
6.02664
6.02831
6.02998
6.03164
6.03331
6.03498
6.03664
6.03831
6.03998
6.04164
6.04331
6.04498
6.04664
6.04831
6.04998
6.05164
6.05331
6.05498
6.05664
6.05831
6.05998
6.06164
6.06331
6.06498
6.06664
6.06831
6.06998
6.07164
6.07331
6.07498
6.07664
6.07831
6.07998
6.08164
6.08331
6.08498
6.08664
6.08831
6.08998
6.09164
6.09331
6.09498
6.09664
6.09831
6.09998
6.10164
6.10331
6.10498
6.10664
6.10831
6.10998
6.11164
6.11331
6.11498
6.11664
6.11831
6.11998
6.12164
6.12331
6.12498
6.12664
6.12831
6.12998
6.13164
6.13331
6.13498
6.13664
6.13831
6.13998
6.14164
6.14331
6.14498
6.14664
6.14831
6.14998
6.15164
6.15331
6.15498
6.15664
6.15831
6.15998
6.16164
6.16331
6.16498
6.16664
6.16831
6.16998
6.17164
6.17331
6.17498
6.17664
6.17831
6.17998
6.18164
6.18331
6.18498
6.18664
6.18831
6.18998
6.19164
6.19331
6.19498
6.19664
6.19831
6.19998
6.20164
6.20331
6.20498
6.20664
6.20831
6.20998
6.21164
6.21331
6.21498
6.21664
6.21831
6.21998
6.22164
6.22331
6.22498
6.22664
6.22831
6.22998
6.23164
6.23331
6.23498
6.23664
6.23831
6.23998
6.24164
6.24331
6.24498
6.24664
6.24831
6.24998
6.25164
6.25331
6.25498
6.25664
6.25831
6.25998
6.26164
6.26331
6.26498
6.26664
6.26831
6.26998
6.27164
6.27331
6.27498
6.27664
6.27831
6.27998
6.28164
6.28331
6.28498
6.28664
6.28831
6.28998
6.29164
6.29331
6.29498
6.29664
6.29831
6.29998
6.30164
6.30331
6.30498
6.30664
6.30831
6.30998
6.31164
6.31331
6.31498
6.31664
6.31831
6.31998
6.32164
6.32331
6.32498
6.32664
6.32831
6.32998
6.33164
6.33331
6.33498
6.33664
6.33831
6.33998
6.34164
6.34331
6.34498
6.34664
6.34831
6.34998
6.35164
6.35331
6.35498
6.35664
6.35831
6.35998
6.36164
6.36331
6.36498
6.36664
6.36831
6.36998
6.37164
6.37331
6.37498
6.37664
6.37831
6.37998
6.38164
6.38331
6.38498
6.38664
6.38831
6.38998
6.39164
6.39331
6.39498
6.39664
6.39831
6.39998
6.40164
6.40331
6.40498
6.40664
6.40831
6.40998
6.41164
6.41331
6.41498
6.41664
6.41831
6.41998
6.42164
6.42331
6.42498
6.42664
6.42831
6.42998
6.43164
6.43331
6.43498
6.43664
6.43831
6.43998
6.44164
6.44331
6.44498
6.44664
6.44831
6.44998
6.45164
6.45331
6.45498
6.45664
6.45831
6.45998
6.46164
6.46331
6.46498
6.46664
6.46831
6.46998
6.47164
6.47331
6.47498
6.47664
6.47831
6.47998
6.48164
6.48331
6.48498
6.48664
6.48831
6.48998
6.49164
6.49331
6.49498
6.49664
6.49831
6.49998
6.50164
6.50331
6.50498
6.50664
6.50831
6.50998
6.51164
6.51331
6.51498
6.51664
6.51831
6.51998
6.52164
6.52331
6.52498
6.52664
6.52831
6.52998
6.53164
6.53331
6.53498
6.53664
6.53831
6.53998
6.54164
6.54331
6.54498
6.54664
6.54831
6.54998
6.55164
6.55331
6.55498
6.55664
6.55831
6.55998
6.56164
6.56331
6.56498
6.56664
6.56831
6.56998
6.57164
6.57331
6.57498
6.57664
6.57831
6.57998
6.58164
6.58331
6.58498
6.58664
6.58831
6.58998
6.59164
6.59331
6.59498
6.59664
6.59831
6.59998
6.60164
6.60331
6.60498
6.60664
6.60831
6.60998
6.61164
6.61331
6.61498
6.61664
6.61831
6.61998
6.62164
6.62331
6.62498
6.62664
6.62831
6.62998
6.63164
6.63331
6.63498
6.63664
6.63831
6.63998
6.64164
6.64331
6.64498
6.64664
6.64831
6.64998
6.65164
6.65331
6.65498
6.65664
6.65831
6.65998
6.66164
6.66331
6.66498
6.66664
6.66831
6.66998
6.67164
6.67331
6.67498
6.67664
6.67831
6.67998
6.68164
6.68331
6.68498
6.68664
6.68831
6.68998
6.69164
6.69331
6.69498
6.69664
6.69831
6.69998
6.70164
6.70331
6.70498
6.70664
6.70831
6.70998
6.71164
6.71331
6.71498
6.71664
6.71831
6.71998
6.72164
6.72331
6.72498
6.72664
6.72831
6.72998
6.73164
6.73331
6.73498
6.73664
6.73831
6.73998
6.74164
6.74331
6.74498
6.74664
6.74831
6.74998
6.75164
6.75331
6.75498
6.75664
6.75831
6.75998
6.76164
6.76331
6.76498
6.76664
6.76831
6.76998
6.77164
6.77331
6.77498
6.77664
6.77831
6.77998
6.78164
6.78331
6.78498
6.78664
6.78831
6.78998
6.79164
6.79331
6.79498
6.79664
6.79831
6.79998
6.80164
6.80331
6.80498
6.80664
6.80831
6.80998
6.81164
6.81331
6.81498
6.81664
6.81831
6.81998
6.82164
6.82331
6.82498
6.82664
6.82831
6.82998
6.83164
6.83331
6.83498
6.83664
6.83831
6.83998
6.84164
6.84331
6.84498
6.84664
6.84831
6.84998
6.85164
6.85331
6.85498
6.85664
6.85831
6.85998
6.86164
6.86331
6.86498
6.86664
6.86831
6.86998
6.86995
6.87162
6.87148
6.87648
6.87815
6.87841
6.88007
6.88068
6.88235
6.88323
6.88823
6.8899
6.88984
6.89484
6.8965
6.89817
6.89984
6.9015
6.90317
6.90484
6.9065
6.90817
6.90914
6.91081
6.91247
6.91414
6.91397
6.91897
6.92064
6.92044
6.92544
6.92711
6.92877
6.92863
6.92935
6.93101
6.93268
6.93435
6.93601
6.93768
6.93935
6.94101
6.94268
6.94435
6.94601
6.94768
6.94935
6.95101
6.95268
6.95435
6.95601
6.95768
6.95935
6.96101
6.96083
6.96064
6.96564
6.96731
6.96898
6.97064
6.97231
6.97214
6.97714
6.97881
6.98047
6.98214
6.98381
6.98547
6.98714
6.98881
6.99047
6.99214
6.99381
6.99547
6.99528
6.99695
6.99677
6.99844
6.99824
7.00324
7.0049
7.00657
7.00824
7.00837
7.01337
7.01503
7.0167
7.01649
7.01644
7.02144
7.02311
7.0229
7.02294
7.02794
7.02961
7.03127
7.03294
7.03461
7.03627
7.03794
7.03961
7.04127
7.04294
7.04461
7.04627
7.04794
7.04961
7.05127
7.05294
7.05461
7.05627
7.05794
7.05961
7.06127
7.06294
7.06461
7.06627
7.06794
7.06961
7.07127
7.07294
7.07461
7.07627
7.07794
7.07961
7.08127
7.08294
7.08461
7.08627
7.08794
7.08961
7.09127
7.09294
7.09461
7.09627
7.09794
7.09961
7.10127
7.10294
7.10461
7.10627
7.10794
7.10961
7.11127
7.11294
7.11461
7.11627
7.11794
7.11961
7.12127
7.12294
7.12461
7.12627
7.12794
7.12961
7.13127
7.13294
7.13461
7.13627
7.13794
7.13961
7.14127
7.14294
7.14461
7.14627
7.14794
7.14961
7.15127
7.15294
7.15461
7.15627
7.15794
7.15961
7.16127
7.16294
7.16461
7.16627
7.16794
7.16961
7.17127
7.17294
7.17461
7.17627
7.17794
7.17961
7.18127
7.18294
7.18461
7.18627
7.18794
7.18961
7.19127
7.19294
7.19461
7.19627
7.19794
7.19961
7.20127
7.20294
7.20461
7.20627
7.20794
7.20961
7.21127
7.21294
7.21461
7.21627
7.21794
7.21961
7.22127
7.22294
7.22461
7.22627
7.22794
7.22961
7.23127
7.23294
7.23461
7.23627
7.23794
7.23961
7.24127
7.24294
7.24461
7.24627
7.24794
7.24961
7.25127
7.25294
7.25461
7.25627
7.25794
7.25961
7.26127
7.26294
7.26461
7.26627
7.26794
7.26961
7.27127
7.27294
7.27461
7.27627
7.27794
7.27961
7.28127
7.28294
7.28461
7.28627
7.28794
7.28961
7.29127
7.29294
7.29461
7.29627
7.29794
7.29961
7.30127
7.30294
7.30461
7.30627
7.30794
7.30961
7.31127
7.31294
7.31461
7.31627
7.31794
7.31961
7.32127
7.32294
7.32461
7.32627
7.32794
7.32961
7.33127
7.33294
7.33461
7.33627
7.33794
7.33961
7.34127
7.34294
7.34461
7.34627
7.34794
7.34961
7.35127
7.35294
7.35461
7.35627
7.35794
7.35961
7.36127
7.36294
7.36461
7.36627
7.36794
7.36961
7.37127
7.37294
7.37461
7.37627
7.37794
7.37961
7.38127
7.38294
7.38461
7.38627
7.38794
7.38961
7.39127
7.39294
7.39461
7.39627
7.39794
7.39961
7.40127
7.40294
7.40461
7.40627
7.40794
7.40961
7.41127
7.41294
7.41461
7.41627
7.41794
7.41961
7.42127
7.42294
7.42461
7.42627
7.42794
7.42961
7.43127
7.43294
7.43461
7.43627
7.43794
7.43961
7.44127
7.44294
7.44461
7.44627
7.44794
7.44961
7.45127
7.45294
7.45461
7.45627
7.45794
7.45961
7.46127
7.46294
7.46461
7.46627
7.46794
7.46961
7.4694
7.46949
7.47116
7.47283
7.47449
7.47616
7.47783
7.47949
7.48116
7.48283
7.48449
7.48616
7.48783
7.48949
7.49116
7.49283
7.49449
7.49616
7.49783
7.49949
7.50116
7.50283
7.50449
7.50616
7.50783
7.50949
7.51116
7.51283
7.51449
7.51616
7.51783
7.51949
7.52116
7.52283
7.52449
7.52616
7.52783
7.52949
7.53116
7.53283
7.53449
7.53616
7.53783
7.53949
7.54116
7.54283
7.54449
7.54616
7.54783
7.54949
7.55116
7.55283
7.55449
7.55616
7.55783
7.55949
7.56116
7.56283
7.56449
7.56616
7.56783
7.56949
7.57116
7.57283
7.57449
7.57616
7.57599
7.58099
7.58266
7.58259
7.58759
7.58925
7.59092
7.59097
7.59263
7.5943
7.59597
7.59763
7.5993
7.60097
7.60263
7.6043
7.60597
7.60763
7.6093
7.61097
7.61263
7.6143
7.61597
7.61763
7.6193
7.62097
7.62263
7.6243
7.62597
7.62763
7.6293
7.63097
7.63263
7.63247
7.63413
7.6358
7.63602
7.64102
7.64269
7.64266
7.64766
7.64933
7.65099
7.65266
7.65433
7.65599
7.65766
7.65933
7.66099
7.66266
7.66433
7.66599
7.66766
7.66933
7.67099
7.67266
7.67433
7.67599
7.67766
7.67933
7.67917
7.68084
7.68251
7.68417
7.68584
7.68751
7.68917
7.69084
7.69251
7.69417
7.69584
7.69751
7.69917
7.70084
7.70251
7.70417
7.70584
7.70751
7.70917
7.71084
7.71251
7.71417
7.71584
7.71751
7.71917
7.72084
7.72251
7.72417
7.72584
7.72751
7.72917
7.73084
7.73251
7.73417
7.73584
7.73751
7.73917
7.74084
7.74251
7.74417
7.74584
7.74751
7.74917
7.75084
7.75251
7.75417
7.75584
7.75751
7.75917
7.76084
7.76251
7.76417
7.76584
7.76751
7.76917
7.77084
7.77251
7.77417
7.77584
7.77751
7.77917
7.78084
7.78251
7.78237
7.78404
7.78571
7.78737
7.78904
7.79071
7.79237
7.79404
7.79571
7.79737
7.7972
7.79887
7.80053
7.8022
7.80387
7.80553
7.8072
7.80719
7.81219
7.81386
7.81552
7.81545
7.82045
7.82212
7.82197
7.82697
7.82863
7.8303
7.83197
7.83363
7.8353
7.83697
7.83863
7.8403
7.84197
7.84363
7.8453
7.84529
7.85029
7.85196
7.85176
7.85676
7.85843
7.8601
7.86176
7.86343
7.8651
7.86676
7.86843
7.8701
7.87176
7.87343
7.8751
7.87676
7.87843
7.8801
7.88176
7.88343
7.8851
7.88676
7.88843
7.8901
7.89176
7.89343
7.8951
7.89676
7.89843
7.9001
7.90176
7.90343
7.9051
7.90676
7.90843
7.9101
7.91176
7.91343
7.9151
7.91676
7.91843
7.9201
7.92176
7.92343
7.9251
7.92676
7.92843
7.9301
7.93176
7.93343
7.9351
7.93676
7.93843
7.9401
7.94176
7.94343
7.9451
7.94676
7.94843
7.9501
7.95176
7.95343
7.9551
7.95676
7.95843
7.9601
7.96176
7.96343
7.9651
7.96676
7.96843
7.9701
7.97176
7.97343
7.9751
7.97676
7.97843
7.9801
7.98176
7.98343
7.9851
7.98676
7.98843
7.9901
7.99176
7.99343
7.9951
7.99676
7.99843
8.0001
8.00176
8.00343
8.0051
8.00676
8.00843
8.0101
8.01176
8.01343
8.0151
8.01676
8.01843
8.0201
8.02176
8.02343
8.0251
8.02676
8.02843
8.0301
8.03176
8.03343
8.0351
8.03676
8.03843
8.0401
8.04176
8.04343
8.0451
8.04676
8.04843
8.0501
8.05176
8.05343
8.0551
8.05676
8.05843
8.0601
8.06176
8.06343
8.0651
8.06676
8.06843
8.0701
8.07176
8.07343
8.0751
8.07676
8.07843
8.0801
8.08176
8.08343
8.0851
8.08676
8.08843
8.0901
8.09176
8.09343
8.0951
8.09676
8.09843
8.1001
8.10176
8.10343
8.1051
8.10676
8.10843
8.1101
8.11176
8.11343
8.1151
8.11676
8.11843
8.1201
8.12176
8.12343
8.1251
8.12676
8.12843
8.1301
8.13176
8.13343
8.1351
8.13676
8.13843
8.1401
8.14176
8.14343
8.1451
8.14676
8.14843
8.1501
8.15176
8.15343
8.1551
8.15676
8.15843
8.1601
8.16176
8.16343
8.1651
8.16676
8.16843
8.1701
8.17176
8.17343
8.1751
8.17676
8.17843
8.1801
8.18176
8.18343
8.1851
8.18676
8.18843
8.1901
8.19176
8.19343
8.1951
8.19676
8.19843
8.2001
8.20176
8.20343
8.2051
8.20676
8.20843
8.2101
8.21176
8.21343
8.2151
8.21676
8.21843
8.2201
8.22176
8.22343
8.2251
8.22676
8.22843
8.2301
8.23176
8.23343
8.2351
8.23676
8.23843
8.2401
8.24176
8.24343
8.2451
8.24676
8.24843
8.2501
8.25176
8.25343
8.2551
8.25676
8.25843
8.2601
8.26176
8.26343
8.2651
8.26676
8.26843
8.2701
8.27176
8.27343
8.2751
8.27676
8.27843
8.2801
8.28176
8.28343
8.2851
8.28676
8.28843
8.2901
8.29176
8.29343
8.2951
8.29676
8.29843
8.3001
8.30176
8.30343
8.3051
8.30676
8.30843
8.3101
8.31176
8.31343
8.3151
8.31676
8.31843
8.3201
8.32176
8.32343
8.3251
8.32676
8.32843
8.3301
8.33176
8.33343
8.3351
8.33676
8.33843
8.3401
8.34176
8.34343
8.3451
8.34676
8.34843
8.3501
8.35176
8.35343
8.3551
8.35676
8.35843
8.3601
8.36176
8.36343
8.3651
8.36676
8.36843
8.3701
8.37176
8.37343
8.3751
8.37676
8.37843
8.3801
8.38176
8.38343
8.3851
8.38676
8.38843
8.3901
8.39176
8.39343
8.3951
8.39676
8.39843
8.4001
8.40176
8.40343
8.4051
8.40676
8.40843
8.4101
8.41176
8.41343
8.4151
8.41676
8.41843
8.4201
8.42176
8.42343
8.4251
8.42676
8.42843
8.4301
8.43176
8.43343
8.4351
8.43676
8.43843
8.4401
8.44176
8.44343
8.4451
8.44676
8.44843
8.4501
8.45176
8.45343
8.4551
8.45676
8.45843
8.4601
8.46176
8.46343
8.4651
8.46676
8.46843
8.4701
8.47176
8.47343
8.4751
8.47676
8.47843
8.4801
8.48176
8.48343
8.4851
8.48676
8.48843
8.4901
8.49176
8.49343
8.4951
8.49676
8.49843
8.5001
8.50176
8.50343
8.5051
8.50676
8.50843
8.5101
8.51176
8.51343
8.5151
8.51676
8.51843
8.5201
8.52176
8.52343
8.5251
8.52676
8.52843
8.5301
8.53176
8.53343
8.5351
8.53676
8.53843
8.5401
8.54176
8.54343
8.5451
8.54676
8.54843
8.5501
8.55176
8.55343
8.5551
8.55676
8.55843
8.5601
8.56176
8.56343
8.5651
8.56676
8.56843
8.5701
8.57176
8.57343
8.5751
8.57676
8.57843
8.5801
8.58176
8.58343
8.5851
8.58676
8.58843
8.5901
8.59176
8.59343
8.5951
8.59676
8.59843
8.6001
8.60176
8.60343
8.6051
8.60676
8.60843
8.6101
8.61176
8.61343
8.6151
8.61676
8.61843
8.6201
8.62176
8.62343
8.6251
8.62676
8.62843
8.6301
8.63176
8.63343
8.6351
8.63676
8.63843
8.6401
8.64176
8.64343
8.6451
8.64676
8.64843
8.6501
8.65176
8.65343
8.6551
8.65676
8.65843
8.6601
8.66176
8.66343
8.6651
8.66676
8.66843
8.6701
8.67176
8.67343
8.6751
8.67676
8.67843
8.6801
8.68176
8.68343
8.6851
8.68676
8.68843
8.6901
8.69176
8.69343
8.6951
8.69676
8.69843
8.7001
8.70176
8.70343
8.7051
8.70676
8.70843
8.7101
8.71176
8.71343
8.7151
8.71676
8.71843
8.7201
8.72176
8.72343
8.7251
8.72676
8.72843
8.7301
8.73176
8.73343
8.7351
8.73676
8.73843
8.7401
8.74176
8.74343
8.7451
8.74676
8.74843
8.7501
8.75176
8.75343
8.7551
8.75676
8.75843
8.7601
8.76176
8.76343
8.7651
8.76676
8.76843
8.7701
8.77176
8.77343
8.7751
8.77676
8.77843
8.7801
8.78176
8.78343
8.7851
8.78676
8.78843
8.7901
8.79176
8.79343
8.7951
8.79676
8.79843
8.8001
8.80176
8.80343
8.8051
8.80676
8.80843
8.8101
8.81176
8.81343
8.8151
8.81676
8.81843
8.8201
8.82176
8.82343
8.8251
8.82676
8.82843
8.8301
8.83176
8.83343
8.8351
8.83676
8.83843
8.8401
8.84176
8.84343
8.8451
8.84676
8.84843
8.8501
8.85176
8.85343
8.8551
8.85676
8.85843
8.8601
8.86176
8.86343
8.8651
8.86676
8.86843
8.8701
8.87176
8.87343
8.8751
8.87676
8.87843
8.8801
8.88176
8.88343
8.8851
8.88676
8.88843
8.8901
8.89176
8.89343
8.8951
8.89676
8.89843
8.9001
8.90176
8.90343
8.9051
8.90676
8.90843
8.9101
8.91176
8.91343
8.9151
8.91676
8.91843
8.9201
8.92176
8.92343
8.9251
8.92676
8.92843
8.9301
8.93176
8.93343
8.9351
8.93676
8.93843
8.9401
8.94176
8.94343
8.9451
8.94676
8.94843
8.9501
8.95176
8.95343
8.9551
8.95676
8.95843
8.9601
8.96176
8.96343
8.9651
8.96676
8.96843
8.9701
8.97176
8.97343
8.9751
8.97676
8.97843
8.9801
8.98176
8.98343
8.9851
8.98676
8.98843
8.9901
8.99176
8.99343
8.9951
8.99676
8.99843
9.0001
9.00176
9.00343
9.0051
9.00676
9.00843
9.0101
9.01176
9.01343
9.0151
9.01676
9.01843
9.0201
9.02176
9.02343
9.0251
9.02676
9.02843
9.0301
9.03176
9.03343
9.0351
9.03676
9.03843
9.0401
9.04176
9.04343
9.0451
9.04676
9.04843
9.0501
9.05176
9.05343
9.0551
9.05676
9.05843
9.0601
9.06176
9.06343
9.0651
9.06676
9.06843
9.0701
9.07176
9.07343
9.0751
9.07676
9.07843
9.0801
9.08176
9.08343
9.0851
9.08676
9.08843
9.0901
9.09176
9.09343
9.0951
9.09676
9.09843
9.1001
9.10176
9.10343
9.1051
9.10676
9.10843
9.1101
9.11176
9.11343
9.1151
9.11676
9.11843
9.1201
9.12176
9.12343
9.1251
9.12676
9.12843
9.1301
9.13176
9.13343
9.1351
9.13676
9.13843
9.1401
9.14176
9.14343
9.1451
9.14676
9.14843
9.1501
9.15176
9.15343
9.1551
9.15676
9.15843
9.1601
9.16176
9.16343
9.1651
9.16676
9.16843
9.1701
9.17176
9.17343
9.1751
9.17676
9.17843
9.1801
9.18176
9.18343
9.1851
9.18676
9.18843
9.1901
9.19176
9.19343
9.1951
9.19676
9.19843
9.2001
9.20176
9.20343
9.2051
9.20676
9.20843
9.2101
9.21176
9.21343
9.2151
9.21676
9.21843
9.2201
9.22176
9.22343
9.2251
9.22676
9.22843
9.2301
9.23176
9.23343
9.2351
9.23676
9.23843
9.2401
9.24176
9.24343
9.2451
9.24676
9.24843
9.2501
9.25176
9.25343
9.2551
9.25676
9.25843
9.2601
9.26176
9.26343
9.2651
9.26676
9.26843
9.2701
9.27176
9.27343
9.2751
9.27676
9.27843
9.2801
9.28176
9.28343
9.2851
9.28676
9.28843
9.2901
9.29176
9.29343
9.2951
9.29676
9.29843
9.3001
9.30176
9.30343
9.3051
9.30676
9.30843
9.3101
9.31176
9.31343
9.3151
9.31676
9.31843
9.3201
9.32176
9.32343
9.3251
9.32676
9.32843
9.3301
9.33176
9.33343
9.3351
9.33676
9.33843
9.3401
9.34176
9.34343
9.3451
9.34676
9.34843
9.3501
9.35176
9.35343
9.3551
9.35676
9.35843
9.3601
9.36176
9.36343
9.3651
9.36676
9.36843
9.3701
9.37176
9.37343
9.3751
9.37676
9.37843
9.3801
9.38176
9.38343
9.3851
9.38676
9.38843
9.3901
9.39176
9.39343
9.3951
9.39676
9.39843
9.4001
9.40176
9.40343
9.4051
9.40676
9.40843
9.4101
9.41176
9.41343
9.4151
9.41676
9.41843
9.4201
9.42176
9.42343
9.4251
9.42676
9.42843
9.4301
9.43176
9.43343
9.4351
9.43676
9.43843
9.4401
9.44176
9.44343
9.4451
9.44676
9.44843
9.4501
9.45176
9.45343
9.4551
9.45676
9.45843
9.4601
9.46176
9.46343
9.4651
9.46676
9.46843
9.4701
9.47176
9.47343
9.4751
9.47676
9.47843
9.4801
9.48176
9.48343
9.4851
9.48676
9.48843
9.4901
9.49176
9.49343
9.4951
9.49676
9.49843
9.5001
9.50176
9.50343
9.5051
9.50676
9.50843
9.5101
9.51176
9.51343
9.5151
9.51676
9.51843
9.5201
9.52176
9.52343
9.5251
9.52676
9.52843
9.5301
9.53176
9.53343
9.5351
9.53676
9.53843
9.5401
9.54176
9.54343
9.5451
9.54676
9.54843
9.5501
9.55176
9.55343
9.5551
9.55676
9.55843
9.5601
9.56176
9.56343
9.5651
9.56676
9.56843
9.5701
9.57176
9.57343
9.5751
9.57676
9.57843
9.5801
9.58176
9.58343
9.5851
9.58676
9.58843
9.5901
9.59176
9.59343
9.5951
9.59676
9.59843
9.6001
9.60176
9.60343
9.6051
9.60676
9.60843
9.6101
9.61176
9.61343
9.6151
9.61676
9.61843
9.6201
9.62176
9.62343
9.6251
9.62676
9.62843
9.6301
9.63176
9.63343
9.6351
9.63676
9.63843
9.6401
9.64176
9.64343
9.6451
9.64676
9.64843
9.6501
9.65176
9.65343
9.6551
9.65676
9.65843
9.6601
9.66176
9.66343
9.6651
9.66676
9.66843
9.6701
9.67176
9.67343
9.6751
9.67676
9.67843
9.6801
9.68176
9.68343
9.6851
9.68676
9.68843
9.6901
9.69176
9.69343
9.6951
9.69676
9.69843
9.7001
9.70176
9.70343
9.7051
9.70676
9.70843
9.7101
9.71176
9.71343
9.7151
9.71676
9.71843
9.7201
9.72176
9.72343
9.7251
9.72676
9.72843
9.7301
9.73176
9.73343
9.7351
9.73676
9.73843
9.7401
9.74176
9.74343
9.7451
9.74676
9.74843
9.7501
9.75176
9.75343
9.7551
9.75676
9.75843
9.7601
9.76176
9.76343
9.7651
9.76676
9.76843
9.7701
9.77176
9.77343
9.7751
9.77676
9.77843
9.7801
9.78176
9.78343
9.7851
9.78676
9.78843
9.7901
9.79176
9.79343
9.7951
9.79676
9.79843
9.8001
9.80176
9.80343
9.8051
9.80676
9.80843
9.8101
9.81176
9.81343
9.8151
9.81676
9.81843
9.8201
9.82176
9.82343
9.8251
9.82676
9.82843
9.8301
9.83176
9.83343
9.8351
9.83676
9.83843
9.8401
9.84176
9.84343
9.8451
9.84676
9.84843
9.8501
9.85176
9.85343
9.8551
9.85676
9.85843
9.8601
9.86176
9.86343
9.8651
9.86676
9.86843
9.8701
9.87176
9.87343
9.8751
9.87676
9.87843
9.8801
9.88176
9.88343
9.8851
9.88676
9.88843
9.8901
9.89176
9.89343
9.8951
9.89676
9.89843
9.9001
9.90176
9.90343
9.9051
9.90676
9.90843
9.9101
9.91176
9.91343
9.9151
9.91676
9.91843
9.9201
9.92176
9.92343
9.9251
9.92676
9.92843
9.9301
9.93176
9.93343
9.9351
9.93676
9.93843
9.9401
9.94176
9.94343
9.9451
9.94676
9.94843
9.9501
9.95176
9.95343
9.9551
9.95676
9.95843
9.9601
9.96176
9.96343
9.9651
9.96676
9.96843
9.9701
9.97176
9.97343
9.9751
9.97676
9.97843
9.9801
9.98176
9.98343
9.9851
9.98676
9.98843
9.9901
9.99176
9.99343
9.9951
9.99676
9.99843
10.0001
10.0018
10.0034
10.0051
10.0068
10.0084
10.0101
10.0118
10.0134
10.0151
10.0168
10.0184
10.0201
10.0218
10.0234
10.0251
10.0268
10.0284
10.0301
10.0318
10.0334
10.0351
10.0368
10.0384
10.0401
10.0418
10.0434
10.0451
10.0468
10.0484
10.0501
10.0518
10.0534
10.0551
10.0568
10.0584
10.0601
10.0618
10.0634
10.0651
10.0668
10.0684
10.0701
10.0718
10.0734
10.0751
10.0768
10.0784
10.0801
10.0818
10.0834
10.0851
10.0868
10.0884
10.0901
10.0918
10.0934
10.0951
10.0968
10.0984
10.1001
10.1018
10.1034
10.1051
10.1068
10.1084
10.1101
10.1118
10.1134
10.1151
10.1168
10.1184
10.1201
10.1218
10.1234
10.1251
10.1268
10.1284
10.1301
10.1318
10.1334
10.1351
10.1368
10.1384
10.1401
10.1418
10.1434
10.1451
10.1468
10.1484
10.1501
10.1518
10.1534
10.1551
10.1568
10.1584
10.1601
10.1618
10.1634
10.1651
10.1668
10.1684
10.1701
10.1718
10.1734
10.1751
10.1768
10.1784
10.1801
10.1818
10.1834
10.1851
10.1868
10.1884
10.1901
10.1918
10.1934
10.1951
10.1968
10.1984
10.2001
10.2018
10.2034
10.2051
10.2068
10.2084
10.2101
10.2118
10.2134
10.2151
10.2168
10.2184
10.2201
10.2218
10.2234
10.2251
10.2268
10.2284
10.2301
10.2318
10.2334
10.2351
10.2368
10.2384
10.2401
10.2418
10.2434
10.2451
10.2468
10.2484
10.2501
10.2518
10.2534
10.2551
10.2568
10.2584
10.2601
10.2618
10.2634
10.2651
10.2668
10.2684
10.2701
10.2718
10.2734
10.2751
10.2768
10.2784
10.2801
10.2818
10.2834
10.2851
10.2868
10.2884
10.2901
10.2918
10.2934
10.2951
10.2968
10.2984
10.3001
10.3018
10.3034
10.3051
10.3068
10.3084
10.3101
10.3118
10.3134
10.3151
10.3168
10.3184
10.3201
10.3218
10.3234
10.3251
10.3268
10.3284
10.3301
10.3318
10.3334
10.3351
10.3368
10.3384
10.3401
10.3418
10.3434
10.3451
10.3468
10.3484
10.3501
10.3518
10.3534
10.3551
10.3568
10.3584
10.3601
10.3618
10.3634
10.3651
10.3668
10.3684
10.3701
10.3718
10.3734
10.3751
10.3768
10.3784
10.3801
10.3818
10.3834
10.3851
10.3868
10.3884
10.3901
10.3918
10.3934
10.3951
10.3968
10.3984
10.4001
10.4018
10.4034
10.4051
10.4068
10.4084
10.4101
10.4118
10.4134
10.4151
10.4168
10.4184
10.4201
10.4218
10.4234
10.4251
10.4268
10.4284
10.4301
10.4318
10.4334
10.4351
10.4368
10.4384
10.4401
10.4418
10.4434
10.4451
10.4468
10.4484
10.4501
10.4518
10.4534
10.4551
10.4568
10.4584
10.4601
10.4618
10.4634
10.4651
10.4668
10.4684
10.4701
10.4718
10.4734
10.4751
10.4768
10.4784
10.4801
10.4818
10.4834
10.4851
10.4868
10.4884
10.4901
10.4918
10.4934
10.4951
10.4968
10.4984
10.5001
10.5018
10.5034
10.5051
10.5068
10.5084
10.5101
10.5118
10.5134
10.5151
10.5168
10.5184
10.5201
10.5218
10.5234
10.5251
10.5268
10.5284
10.5301
10.5318
10.5334
10.5351
10.5368
10.5384
10.5401
10.5418
10.5434
10.5451
10.5468
10.5484
10.5501
10.5518
10.5534
10.5551
10.5568
10.5584
10.5601
10.5618
10.5634
10.5651
10.5668
10.5684
10.5701
10.5718
10.5734
10.5751
10.5768
10.5784
10.5801
10.5818
10.5834
10.5851
10.5868
10.5884
10.5901
10.5918
10.5934
10.5951
10.5968
10.5984
10.6001
10.6018
10.6034
10.6051
10.6068
10.6084
10.6101
10.6118
10.6134
10.6151
10.6168
10.6184
10.6201
10.6218
10.6234
10.6251
10.6268
10.6284
10.6301
10.6318
10.6334
10.6351
10.6368
10.6384
10.6401
10.6418
10.6434
10.6451
10.6468
10.6484
10.6501
10.6518
10.6534
10.6551
10.6568
10.6584
10.6601
10.6618
10.6634
10.6651
10.6668
10.6684
10.6701
10.6718
10.6734
10.6751
10.6768
10.6784
10.6801
10.6818
10.6834
10.6851
10.6868
10.6884
10.6901
10.6918
10.6934
10.6951
10.6968
10.6984
10.7001
10.7018
10.7034
10.7051
10.7068
10.7084
10.7101
10.7118
10.7134
10.7151
10.7168
10.7184
10.7201
10.7218
10.7234
10.7251
10.7268
10.7284
10.7301
10.7318
10.7334
10.7351
10.7368
10.7384
10.7401
10.7418
10.7434
10.7451
10.7468
10.7484
10.7501
10.7518
10.7534
10.7551
10.7568
10.7584
10.7601
10.7618
10.7634
10.7651
10.7668
10.7684
10.7701
10.7718
10.7734
10.7751
10.7768
10.7784
10.7801
10.7818
10.7834
10.7851
10.7868
10.7884
10.7901
10.7918
10.7934
10.7951
10.7968
10.7984
10.8001
10.8018
10.8034
10.8051
10.8068
10.8084
10.8101
10.8118
10.8134
10.8151
10.8168
10.8184
10.8201
10.8218
10.8234
10.8251
10.8268
10.8284
10.8301
10.8318
10.8334
10.8351
10.8368
10.8384
10.8401
10.8418
10.8434
10.8451
10.8468
10.8484
10.8501
10.8518
10.8534
10.8551
10.8568
10.8584
10.8601
10.8618
10.8634
10.8651
10.8668
10.8684
10.8701
10.8718
10.8734
10.8751
10.8768
10.8784
10.8801
10.8818
10.8834
10.8851
10.8868
10.8884
10.8901
10.8918
10.8934
10.8951
10.8968
10.8984
10.9001
10.9018
10.9034
10.9051
10.9068
10.9084
10.9101
10.9118
10.9134
10.9151
10.9168
10.9184
10.9201
10.9218
10.9234
10.9251
10.9268
10.9284
10.9301
10.9318
10.9334
10.9351
10.9368
10.9384
10.9401
10.9418
10.9434
10.9451
10.9468
10.9484
10.9501
10.9518
10.9534
10.9551
10.9568
10.9584
10.9601
10.9618
10.9634
10.9651
10.9668
10.9684
10.9701
10.9718
10.9734
10.9751
10.9768
10.9784
10.9801
10.9818
10.9834
10.9851
10.9868
10.9884
10.9901
10.9918
10.9934
10.9951
10.9968
10.9984
11.0001
11.0018
11.0034
11.0051
11.0068
11.0084
11.0101
11.0118
11.0134
11.0151
11.0168
11.0184
11.0201
11.0218
11.0234
11.0251
11.0268
11.0284
11.0301
11.0318
11.0334
11.0351
11.0368
11.0384
11.0401
11.0418
11.0434
11.0451
11.0468
11.0484
11.0501
11.0518
11.0534
11.0551
11.0568
11.0584
11.0601
11.0618
11.0634
11.0651
11.0668
11.0684
11.0701
11.0718
11.0734
11.0751
11.0768
11.0784
11.0801
11.0818
11.0834
11.0851
11.0868
11.0884
11.0901
11.0918
11.0934
11.0951
11.0968
11.0984
11.1001
11.1018
11.1034
11.1051
11.1068
11.1084
11.1101
11.1118
11.1134
11.1151
11.1168
11.1184
11.1201
11.1218
11.1234
11.1251
11.1268
11.1284
11.1301
11.1318
11.1334
11.1351
11.1368
11.1384
11.1401
11.1418
11.1434
11.1451
11.1468
11.1484
11.1501
11.1518
11.1534
11.1551
11.1568
11.1584
11.1601
11.1618
11.1634
11.1651
11.1668
11.1684
11.1701
11.1718
11.1734
11.1751
11.1768
11.1784
11.1801
11.1818
11.1834
11.1851
11.1868
11.1884
11.1901
11.1918
11.1934
11.1951
11.1968
11.1984
11.2001
11.2018
11.2034
11.2051
11.2068
11.2084
11.2101
11.2118
11.2134
11.2151
11.2168
11.2184
11.2201
11.2218
11.2234
11.2251
11.2268
11.2284
11.2301
11.2318
11.2334
11.2351
11.2368
11.2384
11.2401
11.2418
11.2434
11.2451
11.2468
11.2484
11.2501
11.2518
11.2534
11.2551
11.2568
11.2584
11.2601
11.2618
11.2634
11.2651
11.2668
11.2684
11.2701
11.2718
11.2734
11.2751
11.2768
11.2784
11.2801
11.2818
11.2834
11.2851
11.2868
11.2884
11.2901
11.2918
11.2934
11.2951
11.2968
11.2984
11.3001
11.3018
11.3034
11.3051
11.3068
11.3084
11.3101
11.3118
11.3134
11.3151
11.3168
11.3184
11.3201
11.3218
11.3234
11.3251
11.3268
11.3284
11.3301
11.3318
11.3334
11.3351
11.3368
11.3384
11.3401
11.3418
11.3434
11.3451
11.3468
11.3484
11.3501
11.3518
11.3534
11.3551
11.3568
11.3584
11.3601
11.3618
11.3634
11.3651
11.3668
11.3684
11.3701
11.3718
11.3734
11.3751
11.3768
11.3784
11.3801
11.3818
11.3834
11.3851
11.3868
11.3884
11.3901
11.3918
11.3934
11.3951
11.3968
11.3984
11.4001
11.4018
11.4034
11.4051
11.4068
11.4084
11.4101
11.4118
11.4134
11.4151
11.4168
11.4184
11.4201
11.4218
11.4234
11.4251
11.4268
11.4284
11.4301
11.4318
11.4334
11.4351
11.4368
11.4384
11.4401
11.4418
11.4434
11.4451
11.4468
11.4484
11.4501
11.4518
11.4534
11.4551
11.4568
11.4584
11.4601
11.4618
11.4634
11.4651
11.4668
11.4684
11.4701
11.4718
11.4734
11.4751
11.4768
11.4784
11.4801
11.4818
11.4834
11.4851
11.4868
11.4884
11.4901
11.4918
11.4934
11.4951
11.4968
11.4984
11.5001
11.5018
11.5034
11.5051
11.5068
11.5084
11.5101
11.5118
11.5134
11.5151
11.5168
11.5184
11.5201
11.5218
11.5234
11.5251
11.5268
11.5284
11.5301
11.5318
11.5334
11.5351
11.5368
11.5384
11.5401
11.5418
11.5434
11.5451
11.5468
11.5484
11.5501
11.5518
11.5534
11.5551
11.5568
11.5584
11.5601
11.5618
11.5634
11.5651
11.5668
11.5684
11.5701
11.5718
11.5734
11.5751
11.5768
11.5784
11.5801
11.5818
11.5834
11.5851
11.5868
11.5884
11.5901
11.5918
11.5934
11.5951
11.5968
11.5984
11.6001
11.6018
11.6034
11.6051
11.6068
11.6084
11.6101
11.6118
11.6134
11.6151
11.6168
11.6184
11.6201
11.6218
11.6234
11.6251
11.6268
11.6284
11.6301
11.6318
11.6334
11.6351
11.6368
11.6384
11.6401
11.6418
11.6434
11.6451
11.6468
11.6484
11.6501
11.6518
11.6534
11.6551
11.6568
11.6584
11.6601
11.6618
11.6634
11.6651
11.6668
11.6684
11.6701
11.6718
11.6734
11.6751
11.6768
11.6784
11.6801
11.6818
11.6834
11.6851
11.6868
11.6884
11.6901
11.6918
11.6934
11.6951
11.6968
11.6984
11.7001
11.7018
11.7034
11.7051
11.7068
11.7084
11.7101
11.7118
11.7134
11.7151
11.7168
11.7184
11.7201
11.7218
11.7234
11.7251
11.7268
11.7284
11.7301
11.7318
11.7334
11.7351
11.7368
11.7384
11.7401
11.7418
11.7434
11.7451
11.7468
11.7484
11.7501
11.7518
11.7534
11.7551
11.7568
11.7584
11.7601
11.7618
11.7634
11.7651
11.7668
11.7684
11.7701
11.7718
11.7734
11.7751
11.7768
11.7784
11.7801
11.7818
11.7834
11.7851
11.7868
11.7884
11.7901
11.7918
11.7934
11.7951
11.7968
11.7984
11.8001
11.8018
11.8034
11.8051
11.8068
11.8084
11.8101
11.8118
11.8134
11.8151
11.8168
11.8184
11.8201
11.8218
11.8234
11.8251
11.8268
11.8284
11.8301
11.8318
11.8334
11.8351
11.8368
11.8384
11.8401
11.8418
11.8434
11.8451
11.8468
11.8484
11.8501
11.8518
11.8534
11.8551
11.8568
11.8584
11.8601
11.8618
11.8634
11.8651
11.8668
11.8684
11.8701
11.8718
11.8734
11.8751
11.8768
11.8784
11.8801
11.8818
11.8834
11.8851
11.8868
11.8884
11.8901
11.8918
11.8934
11.8951
11.8968
11.8984
11.9001
11.9018
11.9034
11.9051
11.9068
11.9084
11.9101
11.9118
11.9134
11.9151
11.9168
11.9184
11.9201
11.9218
11.9234
11.9251
11.9268
11.9284
11.9301
11.9318
11.9334
11.9351
11.9368
11.9384
11.9401
11.9418
11.9434
11.9451
11.9468
11.9484
11.9501
11.9518
11.9534
11.9551
11.9568
11.9584
11.9601
11.9618
11.9634
11.9651
11.9668
11.9684
11.9701
11.9718
11.9734
11.9751
11.9768
11.9784
11.9801
11.9818
11.9834
11.9851
11.9868
11.9884
11.9901
11.9918
11.9934
11.9951
11.9968
11.9984
12.0001
12.0018
12.0034
12.0051
12.0068
12.0084
12.0101
12.0118
12.0134
12.0151
12.0168
12.0184
12.0201
12.0218
12.0234
12.0251
12.0268
12.0284
12.0301
12.0318
12.0334
12.0351
12.0368
12.0384
12.0401
12.0418
12.0434
12.0451
12.0468
12.0484
12.0501
12.0518
12.0534
12.0551
12.0568
12.0584
12.0601
12.0618
12.0634
12.0651
12.0668
12.0684
12.0701
12.0718
12.0734
12.0751
12.0768
12.0784
12.0801
12.0818
12.0834
12.0851
12.0868
12.0884
12.0901
12.0918
12.0934
12.0951
12.0968
12.0984
12.1001
12.1018
12.1034
12.1051
12.1068
12.1084
12.1101
12.1118
12.1134
12.1151
12.1168
12.1184
12.1201
12.1218
12.1234
12.1251
12.1268
12.1284
12.1301
12.1318
12.1334
12.1351
12.1368
12.1384
12.1401
12.1418
12.1434
12.1451
12.1468
12.1484
12.1501
12.1518
12.1534
12.1551
12.1568
12.1584
12.1601
12.1618
12.1634
12.1651
12.1668
12.1684
12.1701
12.1718
12.1734
12.1751
12.1768
12.1784
12.1801
12.1818
12.1834
12.1851
12.1868
12.1884
12.1901
12.1918
12.1934
12.1951
12.1968
12.1984
12.2001
12.2018
12.2034
12.2051
12.2068
12.2084
12.2101
12.2118
12.2134
12.2151
12.2168
12.2184
12.2201
12.2218
12.2234
12.2251
12.2268
12.2284
12.2301
12.2318
12.2334
12.2351
12.2368
12.2384
12.2401
12.2418
12.2434
12.2451
12.2468
12.2484
12.2501
12.2518
12.2534
12.2551
12.2568
12.2584
12.2601
12.2618
12.2634
12.2651
12.2668
12.2684
12.2701
12.2718
12.2734
12.2751
12.2768
12.2784
12.2801
12.2818
12.2834
12.2851
12.2868
12.2884
12.2901
12.2918
12.2934
12.2951
12.2968
12.2984
12.3001
12.3018
12.3034
12.3051
12.3068
12.3084
12.3101
12.3118
12.3134
12.3151
12.3168
12.3184
12.3201
12.3218
12.3234
12.3251
12.3268
12.3284
12.3301
12.3318
12.3334
12.3351
12.3368
12.3384
12.3401
12.3418
12.3434
12.3451
12.3468
12.3484
12.3501
12.3518
12.3534
12.3551
12.3568
12.3584
12.3601
12.3618
12.3634
12.3651
12.3668
12.3684
12.3701
12.3718
12.3734
12.3751
12.3768
12.3784
12.3801
12.3818
12.3834
12.3851
12.3868
12.3884
12.3901
12.3918
12.3934
12.3951
12.3968
12.3984
12.4001
12.4018
12.4034
12.4051
12.4068
12.4084
12.4101
12.4118
12.4134
12.4151
12.4168
12.4184
12.4201
12.4218
12.4234
12.4251
12.4268
12.4284
12.4301
12.4318
12.4334
12.4351
12.4368
12.4384
12.4401
12.4418
12.4434
12.4451
12.4468
12.4484
12.4501
12.4518
12.4534
12.4551
12.4568
12.4584
12.4601
12.4618
12.4634
12.4651
12.4668
12.4684
12.4701
12.4718
12.4734
12.4751
12.4768
12.4784
12.4801
12.4818
12.4834
12.4851
12.4868
12.4884
12.4901
12.4918
12.4934
12.4951
12.4968
12.4984
12.5001
12.5018
12.5034
12.5051
12.5068
12.5084
12.5101
12.5118
12.5134
12.5151
12.5168
12.5184
12.5201
12.5218
12.5234
12.5251
12.5268
12.5284
12.5301
12.5318
12.5334
12.5351
12.5368
12.5384
12.5401
12.5418
12.5434
12.5451
12.5468
12.5484
12.5501
12.5518
12.5534
12.5551
12.5568
12.5584
12.5601
12.5618
12.5634
12.5651
12.5668
12.5684
12.5701
12.5718
12.5734
12.5751
12.5768
12.5784
12.5801
12.5818
12.5834
12.5851
12.5868
12.5884
12.5901
12.5918
12.5934
12.5951
12.5968
12.5984
12.6001
12.6018
12.6034
12.6051
12.6068
12.6084
12.6101
12.6118
12.6134
12.6151
12.6168
12.6184
12.6201
12.6218
12.6234
12.6251
12.6268
12.6284
12.6301
12.6318
12.6334
12.6351
12.6368
12.6384
12.6401
12.6418
12.6434
12.6451
12.6468
12.6484
12.6501
12.6518
12.6534
12.6551
12.6568
12.6584
12.6601
12.6618
12.6634
12.6651
12.6668
12.6684
12.6701
12.6718
12.6734
12.6751
12.6768
12.6784
12.6801
12.6818
12.6834
12.6851
12.6868
12.6884
12.6901
12.6918
12.6934
12.6951
12.6968
12.6984
12.7001
12.7018
12.7034
12.7051
12.7068
12.7084
12.7101
12.7118
12.7134
12.7151
12.7168
12.7184
12.7201
12.7218
12.7234
12.7251
12.7268
12.7284
12.7301
12.7318
12.7334
12.7351
12.7368
12.7384
12.7401
12.7418
12.7434
12.7451
12.7468
12.7484
12.7501
12.7518
12.7534
12.7551
12.7568
12.7584
12.7601
12.7618
12.7634
12.7651
12.7668
12.7684
12.7701
12.7718
12.7734
12.7751
12.7768
12.7784
12.7801
12.7818
12.7834
12.7851
12.7868
12.7884
12.7901
12.7918
12.7934
12.7951
12.7968
12.7984
12.8001
12.8018
12.8034
12.8051
12.8068
12.8084
12.8101
12.8118
12.8134
12.8151
12.8168
12.8184
12.8201
12.8218
12.8234
12.8251
12.8268
12.8284
12.8301
12.8318
12.8334
12.8351
12.8368
12.8384
12.8401
12.8418
12.8434
12.8451
12.8468
12.8484
12.8501
12.8518
12.8534
12.8551
12.8568
12.8584
12.8601
12.8618
12.8634
12.8651
12.8668
12.8684
12.8701
12.8718
12.8734
12.8751
12.8768
12.8784
12.8801
12.8818
12.8834
12.8851
12.8868
12.8884
12.8901
12.8918
12.8934
12.8951
12.8968
12.8984
12.9001
12.9018
12.9034
12.9051
12.9068
12.9084
12.9101
12.9118
12.9134
12.9151
12.9168
12.9184
12.9201
12.9218
12.9234
12.9251
12.9268
12.9284
12.9301
12.9318
12.9334
12.9351
12.9368
12.9384
12.9401
12.9418
12.9434
12.9451
12.9468
12.9484
12.9501
12.9518
12.9534
12.9551
12.9568
12.9584
12.9601
12.9618
12.9634
12.9651
12.9668
12.9684
12.9701
12.9718
12.9734
12.9751
12.9768
12.9784
12.9801
12.9818
12.9834
12.9851
12.9868
12.9884
12.9901
12.9918
12.9934
12.9951
12.9968
12.9984
13.0001
13.0018
13.0034
13.0051
13.0068
13.0084
13.0101
13.0118
13.0134
13.0151
13.0168
13.0184
13.0201
13.0218
13.0234
13.0251
13.0268
13.0284
13.0301
13.0318
13.0334
13.0351
13.0368
13.0384
13.0401
13.0418
13.0434
13.0451
13.0468
13.0484
13.0501
13.0518
13.0534
13.0551
13.0568
13.0584
13.0601
13.0618
13.0634
13.0651
13.0668
13.0684
13.0701
13.0718
13.0734
13.0751
13.0768
13.0784
13.0801
13.0818
13.0834
13.0851
13.0868
13.0884
13.0901
13.0918
13.0934
13.0951
13.0968
13.0984
13.1001
13.1018
13.1034
13.1051
13.1068
13.1084
13.1101
13.1118
13.1134
13.1151
13.1168
13.1184
13.1201
13.1218
13.1234
13.1251
13.1268
13.1284
13.1301
13.1318
13.1334
13.1351
13.1368
13.1384
13.1401
13.1418
13.1434
13.1451
13.1468
13.1484
13.1501
13.1518
13.1534
13.1551
13.1568
13.1584
13.1601
13.1618
13.1634
13.1651
13.1668
13.1684
13.1701
13.1718
13.1734
13.1751
13.1768
13.1784
13.1801
13.1818
13.1834
13.1851
13.1868
13.1884
13.1901
13.1918
13.1934
13.1951
13.1968
13.1984
13.2001
13.2018
13.2034
13.2051
13.2068
13.2084
13.2101
13.2118
13.2134
13.2151
13.2168
13.2184
13.2201
13.2218
13.2234
13.2251
13.2268
13.2284
13.2301
13.2318
13.2334
13.2351
13.2368
13.2384
13.2401
13.2418
13.2434
13.2451
13.2468
13.2484
13.2501
13.2518
13.2534
13.2551
13.2568
13.2584
13.2601
13.2618
13.2634
13.2651
13.2668
13.2684
13.2701
13.2718
13.2734
13.2751
13.2768
13.2784
13.2801
13.2818
13.2834
13.2851
13.2868
13.2884
13.2901
13.2918
13.2934
13.2951
13.2968
13.2984
13.3001
13.3018
13.3034
13.3051
13.3068
13.3084
13.3101
13.3118
13.3134
13.3151
13.3168
13.3184
13.3201
13.3218
13.3234
13.3251
13.3268
13.3284
13.3301
13.3318
13.3334
13.3351
13.3368
13.3384
13.3401
13.3418
13.3434
13.3451
13.3468
13.3484
13.3501
13.3518
13.3534
13.3551
13.3568
13.3584
13.3601
13.3618
13.3634
13.3651
13.3668
13.3684
13.3701
13.3718
13.3734
13.3751
13.3768
13.3784
13.3801
13.3818
13.3834
13.3851
13.3868
13.3884
13.3901
13.3918
13.3934
13.3951
13.3968
13.3984
13.4001
13.4018
13.4034
13.4051
13.4068
13.4084
13.4101
13.4118
13.4134
13.4151
13.4168
13.4184
13.4201
13.4218
13.4234
13.4251
13.4268
13.4284
13.4301
13.4318
13.4334
13.4351
13.4368
13.4384
13.4401
13.4418
13.4434
13.4451
13.4468
13.4484
13.4501
13.4518
13.4534
13.4551
13.4568
13.4584
13.4601
13.4618
13.4634
13.4651
13.4668
13.4684
13.4701
13.4718
13.4734
13.4751
13.4768
13.4784
13.4801
13.4818
13.4834
13.4851
13.4868
13.4884
13.4901
13.4918
13.4934
13.4951
13.4968
13.4984
13.5001
13.5018
13.5034
13.5051
13.5068
13.5084
13.5101
13.5118
13.5134
13.5151
13.5168
13.5184
13.5201
13.5218
13.5234
13.5251
13.5268
13.5284
13.5301
13.5318
13.5334
13.5351
13.5368
13.5384
13.5401
13.5418
13.5434
13.5451
13.5468
13.5484
13.5501
13.5518
13.5534
13.5551
13.5568
13.5584
13.5601
13.5618
13.5634
13.5651
13.5668
13.5684
13.5701
13.5718
13.5734
13.5751
13.5768
13.5784
13.5801
13.5818
13.5834
13.5851
13.5868
13.5884
13.5901
13.5918
13.5934
13.5951
13.5968
13.5984
13.6001
13.6018
13.6034
13.6051
13.6068
13.6084
13.6101
13.6118
13.6134
13.6151
13.6168
13.6184
13.6201
13.6218
13.6234
13.6251
13.6268
13.6284
13.6301
13.6318
13.6334
13.6351
13.6368
13.6384
13.6401
13.6418
13.6434
13.6451
13.6468
13.6484
13.6501
13.6518
13.6534
13.6551
13.6568
13.6584
13.6601
13.6618
13.6634
13.6651
13.6668
13.6684
13.6701
13.6718
13.6734
13.6751
13.6768
13.6784
13.6801
13.6818
13.6834
13.6851
13.6868
13.6884
13.6901
13.6918
13.6934
13.6951
13.6968
13.6984
13.7001
13.7018
13.7034
13.7051
13.7068
13.7084
13.7101
13.7118
13.7134
13.7151
13.7168
13.7184
13.7201
13.7218
13.7234
13.7251
13.7268
13.7284
13.7301
13.7318
13.7334
13.7351
13.7368
13.7384
13.7401
13.7418
13.7434
13.7451
13.7468
13.7484
13.7501
13.7518
13.7534
13.7551
13.7568
13.7584
13.7601
13.7618
13.7634
13.7651
13.7668
13.7684
13.7701
13.7718
13.7734
13.7751
13.7768
13.7784
13.7801
13.7818
13.7834
13.7851
13.7868
13.7884
13.7901
13.7918
13.7934
13.7951
13.7968
13.7984
13.8001
13.8018
13.8034
13.8051
13.8068
13.8084
13.8101
13.8118
13.8134
13.8151
13.8168
13.8184
13.8201
13.8218
13.8234
13.8251
13.8268
13.8284
13.8301
13.8318
13.8334
13.8351
13.8368
13.8384
13.8401
13.8418
13.8434
13.8451
13.8468
13.8484
13.8501
13.8518
13.8534
13.8551
13.8568
13.8584
13.8601
13.8618
13.8634
13.8651
13.8668
13.8684
13.8701
13.8718
13.8734
13.8751
13.8768
13.8784
13.8801
13.8818
13.8834
13.8851
13.8868
13.8884
13.8901
13.8918
13.8934
13.8951
13.8968
13.8984
13.9001
13.9018
13.9034
13.9051
13.9068
13.9084
13.9101
13.9118
13.9134
13.9151
13.9168
13.9184
13.9201
13.9218
13.9234
13.9251
13.9268
13.9284
13.9301
13.9318
13.9334
13.9351
13.9368
13.9384
13.9401
13.9418
13.9434
13.9451
13.9468
13.9484
13.9501
13.9518
13.9534
13.9551
13.9568
13.9584
13.9601
13.9618
13.9634
13.9651
13.9668
13.9684
13.9701
13.9718
13.9734
13.9751
13.9768
13.9784
13.9801
13.9818
13.9834
13.9851
13.9868
13.9884
13.9901
13.9918
13.9934
13.9951
13.9968
13.9984
14.0001
14.0018
14.0034
14.0051
14.0068
14.0084
14.0101
14.0118
14.0134
14.0151
14.0168
14.0184
14.0201
14.0218
14.0234
14.0251
14.0268
14.0284
14.0301
14.0318
14.0334
14.0351
14.0368
14.0384
14.0401
14.0418
14.0434
14.0451
14.0468
14.0484
14.0501
14.0518
14.0534
14.0551
14.0568
14.0584
14.0601
14.0618
14.0634
14.0651
14.0668
14.0684
14.0701
14.0718
14.0734
14.0751
14.0768
14.0784
14.0801
14.0818
14.0834
14.0851
14.0868
14.0884
14.0901
14.0918
14.0934
14.0951
14.0968
14.0984
14.1001
14.1018
14.1034
14.1051
14.1068
14.1084
14.1101
14.1118
14.1134
14.1151
14.1168
14.1184
14.1201
14.1218
14.1234
14.1251
14.1268
14.1284
14.1301
14.1318
14.1334
14.1351
14.1368
14.1384
14.1401
14.1418
14.1434
14.1451
14.1468
14.1484
14.1501
14.1518
14.1534
14.1551
14.1568
14.1584
14.1601
14.1618
14.1634
14.1651
14.1668
14.1684
14.1701
14.1718
14.1734
14.1751
14.1768
14.1784
14.1801
14.1818
14.1834
14.1851
14.1868
14.1884
14.1901
14.1918
14.1934
14.1951
14.1968
14.1984
14.2001
14.2018
14.2034
14.2051
14.2068
14.2084
14.2101
14.2118
14.2134
14.2151
14.2168
14.2184
14.2201
14.2218
14.2234
14.2251
14.2268
14.2284
14.2301
14.2318
14.2334
14.2351
14.2368
14.2384
14.2401
14.2418
14.2434
14.2451
14.2468
14.2484
14.2501
14.2518
14.2534
14.2551
14.2568
14.2584
14.2601
14.2618
14.2634
14.2651
14.2668
14.2684
14.2701
14.2718
14.2734
14.2751
14.2768
14.2784
14.2801
14.2818
14.2834
14.2851
14.2868
14.2884
14.2901
14.2918
14.2934
14.2951
14.2968
14.2984
14.3001
14.3018
14.3034
14.3051
14.3068
14.3084
14.3101
14.3118
14.3134
14.3151
14.3168
14.3184
14.3201
14.3218
14.3234
14.3251
14.3268
14.3284
14.3301
14.3318
14.3334
14.3351
14.3368
14.3384
14.3401
14.3418
14.3434
14.3451
14.3468
14.3484
14.3501
14.3518
14.3534
14.3551
14.3568
14.3584
14.3601
14.3618
14.3634
14.3651
14.3668
14.3684
14.3701
14.3718
14.3734
14.3751
14.3768
14.3784
14.3801
14.3818
14.3834
14.3851
14.3868
14.3884
14.3901
14.3918
14.3934
14.3951
14.3968
14.3984
14.4001
14.4018
14.4034
14.4051
14.4068
14.4084
14.4101
14.4118
14.4134
14.4151
14.4168
14.4184
14.4201
14.4218
14.4234
14.4251
14.4268
14.4284
14.4301
14.4318
14.4334
14.4351
14.4368
14.4384
14.4401
14.4418
14.4434
14.4451
14.4468
14.4484
14.4501
14.4518
14.4534
14.4551
14.4568
14.4584
14.4601
14.4618
14.4634
14.4651
14.4668
14.4684
14.4701
14.4718
14.4734
14.4751
14.4768
14.4784
14.4801
14.4818
14.4834
14.4851
14.4868
14.4884
14.4901
14.4918
14.4934
14.4951
14.4968
14.4984
14.5001
14.5018
14.5034
14.5051
14.5068
14.5084
14.5101
14.5118
14.5134
14.5151
14.5168
14.5184
14.5201
14.5218
14.5234
14.5251
14.5268
14.5284
14.5301
14.5318
14.5334
14.5351
14.5368
14.5384
14.5401
14.5418
14.5434
14.5451
14.5468
14.5484
14.5501
14.5518
14.5534
14.5551
14.5568
14.5584
14.5601
14.5618
14.5634
14.5651
14.5668
14.5684
14.5701
14.5718
14.5734
14.5751
14.5768
14.5784
14.5801
14.5818
14.5834
14.5851
14.5868
14.5884
14.5901
14.5918
14.5934
14.5951
14.5968
14.5984
14.6001
14.6018
14.6034
14.6051
14.6068
14.6084
14.6101
14.6118
14.6134
14.6151
14.6168
14.6184
14.6201
14.6218
14.6234
14.6251
14.6268
14.6284
14.6301
14.6318
14.6334
14.6351
14.6368
14.6384
14.6401
14.6418
14.6434
14.6451
14.6468
14.6484
14.6501
14.6518
14.6534
14.6551
14.6568
14.6584
14.6601
14.6618
14.6634
14.6651
14.6668
14.6684
14.6701
14.6718
14.6734
14.6751
14.6768
14.6784
14.6801
14.6818
14.6834
14.6851
14.6868
14.6884
14.6901
14.6918
14.6934
14.6951
14.6968
14.6984
14.7001
14.7018
14.7034
14.7051
14.7068
14.7084
14.7101
14.7118
14.7134
14.7151
14.7168
14.7184
14.7201
14.7218
14.7234
14.7251
14.7268
14.7284
14.7301
14.7318
14.7334
14.7351
14.7368
14.7384
14.7401
14.7418
14.7434
14.7451
14.7468
14.7484
14.7501
14.7518
14.7534
14.7551
14.7568
14.7584
14.7601
14.7618
14.7634
14.7651
14.7668
14.7684
14.7701
14.7718
14.7734
14.7751
14.7768
14.7784
14.7801
14.7818
14.7834
14.7851
14.7868
14.7884
14.7901
14.7918
14.7934
14.7951
14.7968
14.7984
14.8001
14.8018
14.8034
14.8051
14.8068
14.8084
14.8101
14.8118
14.8134
14.8151
14.8168
14.8184
14.8201
14.8218
14.8234
14.8251
14.8268
14.8284
14.8301
14.8318
14.8334
14.8351
14.8368
14.8384
14.8401
14.8418
14.8434
14.8451
14.8468
14.8484
14.8501
14.8518
14.8534
14.8551
14.8568
14.8584
14.8601
14.8618
14.8634
14.8651
14.8668
14.8684
14.8701
14.8718
14.8734
14.8751
14.8768
14.8784
14.8801
14.8818
14.8834
14.8851
14.8868
14.8884
14.8901
14.8918
14.8934
14.8951
14.8968
14.8984
14.9001
14.9018
14.9034
14.9051
14.9068
14.9084
14.9101
14.9118
14.9134
14.9151
14.9168
14.9184
14.9201
14.9218
14.9234
14.9251
14.9268
14.9284
14.9301
14.9318
14.9334
14.9351
14.9368
14.9384
14.9401
14.9418
14.9434
14.9451
14.9468
14.9484
14.9501
14.9518
14.9534
14.9551
14.9568
14.9584
14.9601
14.9618
14.9634
14.9651
14.9668
14.9684
14.9701
14.9718
14.9734
14.9751
14.9768
14.9784
14.9801
14.9818
14.9834
14.9851
14.9868
14.9884
14.9901
14.9918
14.9934
14.9951
14.9968
14.9984
15.0001
15.0018
15.0034
15.0051
15.0068
15.0084
15.0101
15.0118
15.0134
15.0151
15.0168
15.0184
15.0201
15.0218
15.0234
15.0251
15.0268
15.0284
15.0301
15.0318
15.0334
15.0351
15.0368
15.0384
15.0401
15.0418
15.0434
15.0451
15.0468
15.0484
15.0501
15.0518
15.0534
15.0551
15.0568
15.0584
15.0601
15.0618
15.0634
15.0651
15.0668
15.0684
15.0701
15.0718
15.0734
15.0751
15.0768
15.0784
15.0801
15.0818
15.0834
15.0851
15.0868
15.0884
15.0901
15.0918
15.0934
15.0951
15.0968
15.0984
15.1001
15.1018
15.1034
15.1051
15.1068
15.1084
15.1101
15.1118
15.1134
15.1151
15.1168
15.1184
15.1201
15.1218
15.1234
15.1251
15.1268
15.1284
15.1301
15.1318
15.1334
15.1351
15.1368
15.1384
15.1401
15.1418
15.1434
15.1451
15.1468
15.1484
15.1501
15.1518
15.1534
15.1551
15.1568
15.1584
15.1601
15.1618
15.1634
15.1651
15.1668
15.1684
15.1701
15.1718
15.1734
15.1751
15.1768
15.1784
15.1801
15.1818
15.1834
15.1851
15.1868
15.1884
15.1901
15.1918
15.1934
15.1951
15.1968
15.1984
15.2001
15.2018
15.2034
15.2051
15.2068
15.2084
15.2101
15.2118
15.2134
15.2151
15.2168
15.2184
15.2201
15.2218
15.2234
15.2251
15.2268
15.2284
15.2301
15.2318
15.2334
15.2351
15.2368
15.2384
15.2401
15.2418
15.2434
15.2451
15.2468
15.2484
15.2501
15.2518
15.2534
15.2551
15.2568
15.2584
15.2601
15.2618
15.2634
15.2651
15.2668
15.2684
15.2701
15.2718
15.2734
15.2751
15.2768
15.2784
15.2801
15.2818
15.2834
15.2851
15.2868
15.2884
15.2901
15.2918
15.2934
15.2951
15.2968
15.2984
15.3001
15.3018
15.3034
15.3051
15.3068
15.3084
15.3101
15.3118
15.3134
15.3151
15.3168
15.3184
15.3201
15.3218
15.3234
15.3251
15.3268
15.3284
15.3301
15.3318
15.3334
15.3351
15.3368
15.3384
15.3401
15.3418
15.3434
15.3451
15.3468
15.3484
15.3501
15.3518
15.3534
15.3551
15.3568
15.3584
15.3601
15.3618
15.3634
15.3651
15.3668
15.3684
15.3701
15.3718
15.3734
15.3751
15.3768
15.3784
15.3801
15.3818
15.3834
15.3851
15.3868
15.3884
15.3901
15.3918
15.3934
15.3951
15.3968
15.3984
15.4001
15.4018
15.4034
15.4051
15.4068
15.4084
15.4101
15.4118
15.4134
15.4151
15.4168
15.4184
15.4201
15.4218
15.4234
15.4251
15.4268
15.4284
15.4301
15.4318
15.4334
15.4351
15.4368
15.4384
15.4401
15.4418
15.4434
15.4451
15.4468
15.4484
15.4501
15.4518
15.4534
15.4551
15.4568
15.4584
15.4601
15.4618
15.4634
15.4651
15.4668
15.4684
15.4701
15.4718
15.4734
15.4751
15.4768
15.4784
15.4801
15.4818
15.4834
15.4851
15.4868
15.4884
15.4901
15.4918
15.4934
15.4951
15.4968
15.4984
15.5001
15.5018
15.5034
15.5051
15.5068
15.5084
15.5101
15.5118
15.5134
15.5151
15.5168
15.5184
15.5201
15.5218
15.5234
15.5251
15.5268
15.5284
15.5301
15.5318
15.5334
15.5351
15.5368
15.5384
15.5401
15.5418
15.5434
15.5451
15.5468
15.5484
15.5501
15.5518
15.5534
15.5551
15.5568
15.5584
15.5601
15.5618
15.5634
15.5651
15.5668
15.5684
15.5701
15.5718
15.5734
15.5751
15.5768
15.5784
15.5801
15.5818
15.5834
15.5851
15.5868
15.5884
15.5901
15.5918
15.5934
15.5951
15.5968
15.5984
15.6001
15.6018
15.6034
15.6051
15.6068
15.6084
15.6101
15.6118
15.6134
15.6151
15.6168
15.6184
15.6201
15.6218
15.6234
15.6251
15.6268
15.6284
15.6301
15.6318
15.6334
15.6351
15.6368
15.6384
15.6401
15.6418
15.6434
15.6451
15.6468
15.6484
15.6501
15.6518
15.6534
15.6551
15.6568
15.6584
15.6601
15.6618
15.6634
15.6651
15.6668
15.6684
15.6701
15.6718
15.6734
15.6751
15.6768
15.6784
15.6801
15.6818
15.6834
15.6851
15.6868
15.6884
15.6901
15.6918
15.6934
15.6951
15.6968
15.6984
15.7001
15.7018
15.7034
15.7051
15.7068
15.7084
15.7101
15.7118
15.7134
15.7151
15.7168
15.7184
15.7201
15.7218
15.7234
15.7251
15.7268
15.7284
15.7301
15.7318
15.7334
15.7351
15.7368
15.7384
15.7401
15.7418
15.7434
15.7451
15.7468
15.7484
15.7501
15.7518
15.7534
15.7551
15.7568
15.7584
15.7601
15.7618
15.7634
15.7651
15.7668
15.7684
15.7701
15.7718
15.7734
15.7751
15.7768
15.7784
15.7801
15.7818
15.7834
15.7851
15.7868
15.7884
15.7901
15.7918
15.7934
15.7951
15.7968
15.7984
15.8001
15.8018
15.8034
15.8051
15.8068
15.8084
15.8101
15.8118
15.8134
15.8151
15.8168
15.8184
15.8201
15.8218
15.8234
15.8251
15.8268
15.8284
15.8301
15.8318
15.8334
15.8351
15.8368
15.8384
15.8401
15.8418
15.8434
15.8451
15.8468
15.8484
15.8501
15.8518
15.8534
15.8551
15.8568
15.8584
15.8601
15.8618
15.8634
15.8651
15.8668
15.8684
15.8701
15.8718
15.8734
15.8751
15.8768
15.8784
15.8801
15.8818
15.8834
15.8851
15.8868
15.8884
15.8901
15.8918
15.8934
15.8951
15.8968
15.8984
15.9001
15.9018
15.9034
15.9051
15.9068
15.9084
15.9101
15.9118
15.9134
15.9151
15.9168
15.9184
15.9201
15.9218
15.9234
15.9251
15.9268
15.9284
15.9301
15.9318
15.9334
15.9351
15.9368
15.9384
15.9401
15.9418
15.9434
15.9451
15.9468
15.9484
15.9501
15.9518
15.9534
15.9551
15.9568
15.9584
15.9601
15.9618
15.9634
15.9651
15.9668
15.9684
15.9701
15.9718
15.9734
15.9751
15.9768
15.9784
15.9801
15.9818
15.9834
15.9851
15.9868
15.9884
15.9901
15.9918
15.9934
15.9951
15.9968
15.9984
16.0001
16.0018
16.0034
16.0051
16.0068
16.0084
16.0101
16.0118
16.0134
16.0151
16.0168
16.0184
16.0201
16.0218
16.0234
16.0251
16.0268
16.0284
16.0301
16.0318
16.0334
16.0351
16.0368
16.0384
16.0401
16.0418
16.0434
16.0451
16.0468
16.0484
16.0501
16.0518
16.0534
16.0551
16.0568
16.0584
16.0601
16.0618
16.0634
16.0651
16.0668
16.0684
16.0701
16.0718
16.0734
16.0751
16.0768
16.0784
16.0801
16.0818
16.0834
16.0851
16.0868
16.0884
16.0901
16.0918
16.0934
16.0951
16.0968
16.0984
16.1001
16.1018
16.1034
16.1051
16.1068
16.1084
16.1101
16.1118
16.1134
16.1151
16.1168
16.1184
16.1201
16.1218
16.1234
16.1251
16.1268
16.1284
16.1301
16.1318
16.1334
16.1351
16.1368
16.1384
16.1401
16.1418
16.1434
16.1451
16.1468
16.1484
16.1501
16.1518
16.1534
16.1551
16.1568
16.1584
16.1601
16.1618
16.1634
16.1651
16.1668
16.1684
16.1701
16.1718
16.1734
16.1751
16.1768
16.1784
16.1801
16.1818
16.1834
16.1851
16.1868
16.1884
16.1901
16.1918
16.1934
16.1951
16.1968
16.1984
16.2001
16.2018
16.2034
16.2051
16.2068
16.2084
16.2101
16.2118
16.2134
16.2151
16.2168
16.2184
16.2201
16.2218
16.2234
16.2251
16.2268
16.2284
16.2301
16.2318
16.2334
16.2351
16.2368
16.2384
16.2401
16.2418
16.2434
16.2451
16.2468
16.2484
16.2501
16.2518
16.2534
16.2551
16.2568
16.2584
16.2601
16.2618
16.2634
16.2651
16.2668
16.2684
16.2701
16.2718
16.2734
16.2751
16.2768
16.2784
16.2801
16.2818
16.2834
16.2851
16.2868
16.2884
16.2901
16.2918
16.2934
16.2951
16.2968
16.2984
16.3001
16.3018
16.3034
16.3051
16.3068
16.3084
16.3101
16.3118
16.3134
16.3151
16.3168
16.3184
16.3201
16.3218
16.3234
16.3251
16.3268
16.3284
16.3301
16.3318
16.3334
16.3351
16.3368
16.3384
16.3401
16.3418
16.3434
16.3451
16.3468
16.3484
16.3501
16.3518
16.3534
16.3551
16.3568
16.3584
16.3601
16.3618
16.3634
16.3651
16.3668
16.3684
16.3701
16.3718
16.3734
16.3751
16.3768
16.3784
16.3801
16.3818
16.3834
16.3851
16.3868
16.3884
16.3901
16.3918
16.3934
16.3951
16.3968
16.3984
16.4001
16.4018
16.4034
16.4051
16.4068
16.4084
16.4101
16.4118
16.4134
16.4151
16.4168
16.4184
16.4201
16.4218
16.4234
16.4251
16.4268
16.4284
16.4301
16.4318
16.4334
16.4351
16.4368
16.4384
16.4401
16.4418
16.4434
16.4451
16.4468
16.4484
16.4501
16.4518
16.4534
16.4551
16.4568
16.4584
16.4601
16.4618
16.4634
16.4651
16.4668
16.4684
16.4701
16.4718
16.4734
16.4751
16.4768
16.4784
16.4801
16.4818
16.4834
16.4851
16.4868
16.4884
16.4901
16.4918
16.4934
16.4951
16.4968
16.4984
16.5001
16.5018
16.5034
16.5051
16.5068
16.5084
16.5101
16.5118
16.5134
16.5151
16.5168
16.5184
16.5201
16.5218
16.5234
16.5251
16.5268
16.5284
16.5301
16.5318
16.5334
16.5351
16.5368
16.5384
16.5401
16.5418
16.5434
16.5451
16.5468
16.5484
16.5501
16.5518
16.5534
16.5551
16.5568
16.5584
16.5601
16.5618
16.5634
16.5651
16.5668
16.5684
16.5701
16.5718
16.5734
16.5751
16.5768
16.5784
16.5801
16.5818
16.5834
16.5851
16.5868
16.5884
16.5901
16.5918
16.5934
16.5951
16.5968
16.5984
16.6001
16.6018
16.6034
16.6051
16.6068
16.6084
16.6101
16.6118
16.6134
16.6151
16.6168
16.6184
16.6201
16.6218
16.6234
16.6251
16.6268
16.6284
16.6301
16.6318
16.6334
16.6351
16.6368
16.6384
16.6401
16.6418
16.6434
16.6451
16.6468
16.6484
16.6501
16.6518
16.6534
16.6551
16.6568
16.6584
16.6601
16.6618
16.6634
16.6651
16.6668
16.6684
16.6701
16.6718
16.6734
16.6751
16.6768
16.6784
16.6801
16.6818
16.6834
16.6851
16.6868
16.6884
16.6901
16.6918
16.6934
16.6951
16.6968
16.6984
16.7001
16.7018
16.7034
16.7051
16.7068
16.7084
16.7101
16.7118
16.7134
16.7151
16.7168
16.7184
16.7201
16.7218
16.7234
16.7251
16.7268
16.7284
16.7301
16.7318
16.7334
16.7351
16.7368
16.7384
16.7401
16.7418
16.7434
16.7451
16.7468
16.7484
16.7501
16.7518
16.7534
16.7551
16.7568
16.7584
16.7601
16.7618
16.7634
16.7651
16.7668
16.7684
16.7701
16.7718
16.7734
16.7751
16.7768
16.7784
16.7801
16.7818
16.7834
16.7851
16.7868
16.7884
16.7901
16.7918
16.7934
16.7951
16.7968
16.7984
16.8001
16.8018
16.8034
16.8051
16.8068
16.8084
16.8101
16.8118
16.8134
16.8151
16.8168
16.8184
16.8201
16.8218
16.8234
16.8251
16.8268
16.8284
16.8301
16.8318
16.8334
16.8351
16.8368
16.8384
16.8401
16.8418
16.8434
16.8451
16.8468
16.8484
16.8501
16.8518
16.8534
16.8551
16.8568
16.8584
16.8601
16.8618
16.8634
16.8651
16.8668
16.8684
16.8701
16.8718
16.8734
16.8751
16.8768
16.8784
16.8801
16.8818
16.8834
16.8851
16.8868
16.8884
16.8901
16.8918
16.8934
16.8951
16.8968
16.8984
16.9001
16.9018
16.9034
16.9051
16.9068
16.9084
16.9101
16.9118
16.9134
16.9151
16.9168
16.9184
16.9201
16.9218
16.9234
16.9251
16.9268
16.9284
16.9301
16.9318
16.9334
16.9351
16.9368
16.9384
16.9401
16.9418
16.9434
16.9451
16.9468
16.9484
16.9501
16.9518
16.9534
16.9551
16.9568
16.9584
16.9601
16.9618
16.9634
16.9651
16.9668
16.9684
16.9701
16.9718
16.9734
16.9751
16.9768
16.9784
16.9801
16.9818
16.9834
16.9851
16.9868
16.9884
16.9901
16.9918
16.9934
16.9951
16.9968
16.9984
17.0001
17.0018
17.0034
17.0051
17.0068
17.0084
17.0101
17.0118
17.0134
17.0151
17.0168
17.0184
17.0201
17.0218
17.0234
17.0251
17.0268
17.0284
17.0301
17.0318
17.0334
17.0351
17.0368
17.0384
17.0401
17.0418
17.0434
17.0451
17.0468
17.0484
17.0501
17.0518
17.0534
17.0551
17.0568
17.0584
17.0601
17.0618
17.0634
17.0651
17.0668
17.0684
17.0701
17.0718
17.0734
17.0751
17.0768
17.0784
17.0801
17.0818
17.0834
17.0851
17.0868
17.0884
17.0901
17.0918
17.0934
17.0951
17.0968
17.0984
17.1001
17.1018
17.1034
17.1051
17.1068
17.1084
17.1101
17.1118
17.1134
17.1151
17.1168
17.1184
17.1201
17.1218
17.1234
17.1251
17.1268
17.1284
17.1301
17.1318
17.1334
17.1351
17.1368
17.1384
17.1401
17.1418
17.1434
17.1451
17.1468
17.1484
17.1501
17.1518
17.1534
17.1551
17.1568
17.1584
17.1601
17.1618
17.1634
17.1651
17.1668
17.1684
17.1701
17.1718
17.1734
17.1751
17.1768
17.1784
17.1801
17.1818
17.1834
17.1851
17.1868
17.1884
17.1901
17.1918
17.1934
17.1951
17.1968
17.1984
17.2001
17.2018
17.2034
17.2051
17.2068
17.2084
17.2101
17.2118
17.2134
17.2151
17.2168
17.2184
17.2201
17.2218
17.2234
17.2251
17.2268
17.2284
17.2301
17.2318
17.2334
17.2351
17.2368
17.2384
17.2401
17.2418
17.2434
17.2451
17.2468
17.2484
17.2501
17.2518
17.2534
17.2551
17.2568
17.2584
17.2601
17.2618
17.2634
17.2651
17.2668
17.2684
17.2701
17.2718
17.2734
17.2751
17.2768
17.2784
17.2801
17.2818
17.2834
17.2851
17.2868
17.2884
17.2901
17.2918
17.2934
17.2951
17.2968
17.2984
17.3001
17.3018
17.3034
17.3051
17.3068
17.3084
17.3101
17.3118
17.3134
17.3151
17.3168
17.3184
17.3201
17.3218
17.3234
17.3251
17.3268
17.3284
17.3301
17.3318
17.3334
17.3351
17.3368
17.3384
17.3401
17.3418
17.3434
17.3451
17.3468
17.3484
17.3501
17.3518
17.3534
17.3551
17.3568
17.3584
17.3601
17.3618
17.3634
17.3651
17.3668
17.3684
17.3701
17.3718
17.3734
17.3751
17.3768
17.3784
17.3801
17.3818
17.3834
17.3851
17.3868
17.3884
17.3901
17.3918
17.3934
17.3951
17.3968
17.3984
17.4001
17.4018
17.4034
17.4051
17.4068
17.4084
17.4101
17.4118
17.4134
17.4151
17.4168
17.4184
17.4201
17.4218
17.4234
17.4251
17.4268
17.4284
17.4301
17.4318
17.4334
17.4351
17.4368
17.4384
17.4401
17.4418
17.4434
17.4451
17.4468
17.4484
17.4501
17.4518
17.4534
17.4551
17.4568
17.4584
17.4601
17.4618
17.4634
17.4651
17.4668
17.4684
17.4701
17.4718
17.4734
17.4751
17.4768
17.4784
17.4801
17.4818
17.4834
17.4851
17.4868
17.4884
17.4901
17.4918
17.4934
17.4951
17.4968
17.4984
17.5001
17.5018
17.5034
17.5051
17.5068
17.5084
17.5101
17.5118
17.5134
17.5151
17.5168
17.5184
17.5201
17.5218
17.5234
17.5251
17.5268
17.5284
17.5301
17.5318
17.5334
17.5351
17.5368
17.5384
17.5401
17.5418
17.5434
17.5451
17.5468
17.5484
17.5501
17.5518
17.5534
17.5551
17.5568
17.5584
17.5601
17.5618
17.5634
17.5651
17.5668
17.5684
17.5701
17.5718
17.5734
17.5751
17.5768
17.5784
17.5801
17.5818
17.5834
17.5851
17.5868
17.5884
17.5901
17.5918
17.5934
17.5951
17.5968
17.5984
17.6001
17.6018
17.6034
17.6051
17.6068
17.6084
17.6101
17.6118
17.6134
17.6151
17.6168
17.6184
17.6201
17.6218
17.6234
17.6251
17.6268
17.6284
17.6301
17.6318
17.6334
17.6351
17.6368
17.6384
17.6401
17.6418
17.6434
17.6451
17.6468
17.6484
17.6501
17.6518
17.6534
17.6551
17.6568
17.6584
17.6601
17.6618
17.6634
17.6651
17.6668
17.6684
17.6701
17.6718
17.6734
17.6751
17.6768
17.6784
17.6801
17.6818
17.6834
17.6851
17.6868
17.6884
17.6901
17.6918
17.6934
17.6951
17.6968
17.6984
17.7001
17.7018
17.7034
17.7051
17.7068
17.7084
17.7101
17.7118
17.7134
17.7151
17.7168
17.7184
17.7201
17.7218
17.7234
17.7251
17.7268
17.7284
17.7301
17.7318
17.7334
17.7351
17.7368
317.737
SCALARS Branch_id int 1
LOOKUP_TABLE default
0
0
0
0
0
0
0
0
0
0
0
0
0
0
0
0
0
0
0
0
0
0
0
0
0
0
0
0
0
0
0
0
0
0
0
0
0
0
0
0
0
0
0
0
0
0
0
0
0
0
0
0
0
0
0
0
0
0
0
0
0
0
0
0
0
0
0
0
0
0
0
0
0
0
0
0
0
0
0
0
0
0
0
0
0
0
0
0
0
0
0
0
0
0
0
0
0
0
0
0
0
0
0
0
0
0
0
0
0
0
0
0
0
0
0
0
0
0
0
0
0
0
0
0
0
0
0
0
0
0
0
0
0
0
0
0
0
0
0
0
0
0
0
0
0
0
0
0
0
0
0
0
0
0
0
0
0
0
0
0
0
0
0
0
0
0
0
0
0
0
0
0
0
0
0
0
0
0
0
0
0
0
0
0
0
0
0
0
0
0
0
0
0
0
0
0
0
0
0
0
0
0
0
0
0
0
0
0
0
0
0
0
0
0
0
0
0
0
0
0
0
0
0
0
0
0
0
0
0
0
0
0
0
0
0
0
0
0
0
0
0
0
0
0
0
0
0
0
0
0
0
0
0
0
0
0
0
0
0
0
0
0
0
0
0
0
0
0
0
0
0
0
0
0
0
0
0
0
0
0
0
0
0
0
0
0
0
0
0
0
0
0
0
0
0
0
0
0
0
0
0
0
0
0
0
0
0
0
0
0
0
0
0
0
0
0
0
0
0
0
0
0
0
0
0
0
0
0
0
0
0
0
0
0
0
0
0
0
0
0
0
0
0
0
0
0
0
0
0
0
0
0
0
0
0
0
0
0
0
0
0
0
0
0
0
0
0
0
0
0
0
0
0
0
0
0
0
0
0
0
0
0
0
0
0
0
0
0
0
0
0
0
0
0
0
0
0
0
0
0
0
0
0
0
0
0
0
0
0
0
0
0
0
0
0
0
0
0
0
0
0
0
0
0
0
0
0
0
0
0
0
0
0
0
0
0
0
0
0
0
0
0
0
0
0
0
0
0
0
0
0
0
0
0
0
0
0
0
0
0
0
0
0
0
0
0
0
0
0
0
0
0
0
0
0
0
0
0
0
0
0
0
0
0
0
0
0
0
0
0
0
0
0
0
0
0
0
0
0
0
0
0
0
0
0
0
0
0
0
0
0
0
0
0
0
0
0
0
0
0
0
0
0
0
0
0
0
0
0
0
0
0
0
0
0
0
0
0
0
0
0
0
0
0
0
0
0
0
0
0
0
0
0
0
0
0
0
0
0
0
0
0
0
0
0
0
0
0
0
0
0
0
0
0
0
0
0
0
0
0
0
0
0
0
0
0
0
0
0
0
0
0
0
0
0
0
0
0
0
0
0
0
0
0
0
0
0
0
0
0
0
0
0
0
0
0
0
0
0
0
0
0
0
0
0
0
0
0
0
0
0
0
0
0
0
0
0
0
0
0
0
0
0
0
0
0
0
0
0
0
0
0
0
0
0
0
0
0
0
0
0
0
0
0
0
0
0
0
0
0
0
0
0
0
0
0
0
0
0
0
0
0
0
0
0
0
0
0
0
0
0
0
0
0
0
0
0
0
0
0
0
0
0
0
0
0
0
0
0
0
0
0
0
0
0
0
0
0
0
0
0
0
0
0
0
0
0
0
0
0
0
0
0
0
0
0
0
0
0
0
0
0
0
0
0
0
0
0
0
0
0
0
0
0
0
0
0
0
0
0
0
0
0
0
0
0
0
0
0
0
0
0
0
0
0
0
0
0
0
0
0
0
0
0
0
0
0
0
0
0
0
0
0
0
0
0
0
0
0
0
0
0
0
0
0
0
0
0
0
0
0
0
0
0
0
0
0
0
0
0
0
0
0
0
0
0
0
0
0
0
0
0
0
0
0
0
0
0
0
0
0
0
0
0
0
0
0
0
0
0
0
0
0
0
0
0
0
0
0
0
0
0
0
0
0
0
0
0
0
0
0
0
0
0
0
0
0
0
0
0
0
0
0
0
0
0
0
0
0
0
0
0
0
0
0
0
0
0
0
0
0
0
0
0
0
0
0
0
0
0
0
0
0
0
0
0
0
0
0
0
0
0
0
0
0
0
0
0
0
0
0
0
0
0
0
0
0
0
0
0
0
0
0
0
0
0
0
0
0
0
0
0
0
0
0
0
0
0
0
0
0
0
0
0
0
0
0
0
0
0
0
0
0
0
0
0
0
0
0
0
0
0
0
0
0
0
0
0
0
0
0
0
0
0
0
0
0
0
0
0
0
0
0
0
0
0
0
0
0
0
0
0
0
0
0
0
0
0
0
0
0
0
0
0
0
0
0
0
0
0
0
0
0
0
0
0
0
0
0
0
0
0
0
0
0
0
0
0
0
0
0
0
0
0
0
0
0
0
0
0
0
0
0
0
0
0
0
0
0
0
0
0
0
0
0
0
0
0
0
0
0
0
0
0
0
0
0
0
0
0
0
0
0
0
0
0
0
0
0
0
0
0
0
0
0
0
0
0
0
0
0
0
0
0
0
0
0
0
0
0
0
0
0
0
0
0
0
0
0
0
0
0
0
0
0
0
0
0
0
0
0
0
0
0
0
0
0
0
0
0
0
0
0
0
0
0
0
0
0
0
0
0
0
0
0
0
0
0
0
0
0
0
0
0
0
0
0
0
0
0
0
0
0
0
0
0
0
0
0
0
0
0
0
0
0
0
0
0
0
0
0
0
0
0
0
0
0
0
0
0
0
0
0
0
0
0
0
0
0
0
0
0
0
0
0
0
0
0
0
0
0
0
0
0
0
0
0
0
0
0
0
0
0
0
0
0
0
0
0
0
0
0
0
0
0
0
0
0
0
0
0
0
0
0
0
0
0
0
0
0
0
0
0
0
0
0
0
0
0
0
0
0
0
0
0
0
0
0
0
0
0
0
0
0
0
0
0
0
0
0
0
0
0
0
0
0
0
0
0
0
0
0
0
0
0
0
0
0
0
0
0
0
0
0
0
0
0
0
0
0
0
0
0
0
0
0
0
0
0
0
0
0
0
0
0
0
0
0
0
0
0
0
0
0
0
0
0
0
0
0
0
0
0
0
0
0
0
0
0
0
0
0
0
0
0
0
0
0
0
0
0
0
0
0
0
0
0
0
0
0
0
0
0
0
0
0
0
0
0
0
0
0
0
0
0
0
0
0
0
0
0
0
0
0
0
0
0
0
0
0
0
0
0
0
0
0
0
0
0
0
0
0
0
0
0
0
0
0
0
0
0
0
0
0
0
0
0
0
0
0
0
0
0
0
0
0
0
0
0
0
0
0
0
0
0
0
0
0
0
0
0
0
0
0
0
0
0
0
0
0
0
0
0
0
0
0
0
0
0
0
0
0
0
0
0
0
0
0
0
0
0
0
0
0
0
0
0
0
0
0
0
0
0
0
0
0
0
0
0
0
0
0
0
0
0
0
0
0
0
0
0
0
0
0
0
0
0
0
0
0
0
0
0
0
0
0
0
0
0
0
0
0
0
0
0
0
0
0
0
0
0
0
0
0
0
0
0
0
0
0
0
0
0
0
0
0
0
0
0
0
0
0
0
0
0
0
0
0
0
0
0
0
0
0
0
0
0
0
0
0
0
0
0
0
0
0
0
0
0
0
0
0
0
0
0
0
0
0
0
0
0
0
0
0
0
0
0
0
0
0
0
0
0
0
0
0
0
0
0
0
0
0
0
0
0
0
0
0
0
0
0
0
0
0
0
0
0
0
0
0
0
0
0
0
0
0
0
0
0
0
0
0
0
0
0
0
0
0
0
0
0
0
0
0
0
0
0
0
0
0
0
0
0
0
0
0
0
0
0
0
0
0
0
0
0
0
0
0
0
0
0
0
0
0
0
0
0
0
0
0
0
0
0
0
0
0
0
0
0
0
0
0
0
0
0
0
0
0
0
0
0
0
0
0
0
0
0
0
0
0
0
0
0
0
0
0
0
0
0
0
0
0
0
0
0
0
0
0
0
0
0
0
0
0
0
0
0
0
0
0
0
0
0
0
0
0
0
0
0
0
0
0
0
0
0
0
0
0
0
0
0
0
0
0
0
0
0
0
0
0
0
0
0
0
0
0
0
0
0
0
0
0
0
0
0
0
0
0
0
0
0
0
0
0
0
0
0
0
0
0
0
0
0
0
0
0
0
0
0
0
0
0
0
0
0
0
0
0
0
0
0
0
0
0
0
0
0
0
0
0
0
0
0
0
0
0
0
0
0
0
0
0
0
0
0
0
0
0
0
0
0
0
0
0
0
0
0
0
0
0
0
0
0
0
0
0
0
0
0
0
0
0
0
0
0
0
0
0
0
0
0
0
0
0
0
0
0
0
0
0
0
0
0
0
0
0
0
0
0
0
0
0
0
0
0
0
0
0
0
0
0
0
0
0
0
0
0
0
0
0
0
0
0
0
0
0
0
0
0
0
0
0
0
0
0
0
0
0
0
0
0
0
0
0
0
0
0
0
0
0
0
0
0
0
0
0
0
0
0
0
0
0
0
0
0
0
0
0
0
0
0
0
0
0
0
0
0
0
0
0
0
0
0
0
0
0
0
0
0
0
0
0
0
0
0
0
0
0
0
0
0
0
0
0
0
0
0
0
0
0
0
0
0
0
0
0
0
0
0
0
0
0
0
0
0
0
0
0
0
0
0
0
0
0
0
0
0
0
0
0
0
0
0
0
0
0
0
0
0
0
0
0
0
0
0
0
0
0
0
0
0
0
0
0
0
0
0
0
0
0
0
0
0
0
0
0
0
0
0
0
0
0
0
0
0
0
0
0
0
0
0
0
0
0
0
0
0
0
0
0
0
0
0
0
0
0
0
0
0
0
0
0
0
0
0
0
0
0
0
0
0
0
0
0
0
0
0
0
0
0
0
0
0
0
0
0
0
0
0
0
0
0
0
0
0
0
0
0
0
0
0
0
0
0
0
0
0
0
0
0
0
0
0
0
0
0
0
0
0
0
0
0
0
0
0
0
0
0
0
0
0
0
0
0
0
0
0
0
0
0
0
0
0
0
0
0
0
0
0
0
0
0
0
0
0
0
0
0
0
0
0
0
0
0
0
0
0
0
0
0
0
0
0
0
0
0
0
0
0
0
0
0
0
0
0
0
0
0
0
0
0
0
0
0
0
0
0
0
0
0
0
0
0
0
0
0
0
0
0
0
0
0
0
0
0
0
0
0
0
0
0
0
0
0
0
0
0
0
0
0
0
0
0
0
0
0
0
0
0
0
0
0
0
0
0
0
0
0
0
0
0
0
0
0
0
0
0
0
0
0
0
0
0
0
0
0
0
0
0
0
0
0
0
0
0
0
0
0
0
0
0
0
0
0
0
0
0
0
0
0
0
0
0
0
0
0
0
0
0
0
0
0
0
0
0
0
0
0
0
0
0
0
0
0
0
0
0
0
0
0
0
0
0
0
0
0
0
0
0
0
0
0
0
0
0
0
0
0
0
0
0
0
0
0
0
0
0
0
0
0
0
0
0
0
0
0
0
0
0
0
0
0
0
0
0
0
0
0
0
0
0
0
0
0
0
0
0
0
0
0
0
0
0
0
0
0
0
0
0
0
0
0
0
0
0
0
0
0
0
0
0
0
0
0
0
0
0
0
0
0
0
0
0
0
0
0
0
0
0
0
0
0
0
0
0
0
0
0
0
0
0
0
0
0
0
0
0
0
0
0
0
0
0
0
0
0
0
0
0
0
0
0
0
0
0
0
0
0
0
0
0
0
0
0
0
0
0
0
0
0
0
0
0
0
0
0
0
0
0
0
0
0
0
0
0
0
0
0
0
0
0
0
0
0
0
0
0
0
0
0
0
0
0
0
0
0
0
0
0
0
0
0
0
0
0
0
0
0
0
0
0
0
0
0
0
0
0
0
0
0
0
0
0
0
0
0
0
0
0
0
0
0
0
0
0
0
0
0
0
0
0
0
0
0
0
0
0
0
0
0
0
0
0
0
0
0
0
0
0
0
0
0
0
0
0
0
0
0
0
0
0
0
0
0
0
0
0
0
0
0
0
0
0
0
0
0
0
0
0
0
0
0
0
0
0
0
0
0
0
0
0
0
0
0
0
0
0
0
0
0
0
0
0
0
0
0
0
0
0
0
0
0
0
0
0
0
0
0
0
0
0
0
0
0
0
0
0
0
0
0
0
0
0
0
0
0
0
0
0
0
0
0
0
0
0
0
0
0
0
0
0
0
0
0
0
0
0
0
0
0
0
0
0
0
0
0
0
0
0
0
0
0
0
0
0
0
0
0
0
0
0
0
0
0
0
0
0
0
0
0
0
0
0
0
0
0
0
0
0
0
0
0
0
0
0
0
0
0
0
0
0
0
0
0
0
0
0
0
0
0
0
0
0
0
0
0
0
0
0
0
0
0
0
0
0
0
0
0
0
0
0
0
0
0
0
0
0
0
0
0
0
0
0
0
0
0
0
0
0
0
0
0
0
0
0
0
0
0
0
0
0
0
0
0
0
0
0
0
0
0
0
0
0
0
0
0
0
0
0
0
0
0
0
0
0
0
0
0
0
0
0
0
0
0
0
0
0
0
0
0
0
0
0
0
0
0
0
0
0
0
0
0
0
0
0
0
0
0
0
0
0
0
0
0
0
0
0
0
0
0
0
0
0
0
0
0
0
0
0
0
0
0
0
0
0
0
0
0
0
0
0
0
0
0
0
0
0
0
0
0
0
0
0
0
0
0
0
0
0
0
0
0
0
0
0
0
0
0
0
0
0
0
0
0
0
0
0
0
0
0
0
0
0
0
0
0
0
0
0
0
0
0
0
0
0
0
0
0
0
0
0
0
0
0
0
0
0
0
0
0
0
0
0
0
0
0
0
0
0
0
0
0
0
0
0
0
0
0
0
0
0
0
0
0
0
0
0
0
0
0
0
0
0
0
0
0
0
0
0
0
0
0
0
0
0
0
0
0
0
0
0
0
0
0
0
0
0
0
0
0
0
0
0
0
0
0
0
0
0
0
0
0
0
0
0
0
0
0
0
0
0
0
0
0
0
0
0
0
0
0
0
0
0
0
0
0
0
0
0
0
0
0
0
0
0
0
0
0
0
0
0
0
0
0
0
0
0
0
0
0
0
0
0
0
0
0
0
0
0
0
0
0
0
0
0
0
0
0
0
0
0
0
0
0
0
0
0
0
0
0
0
0
0
0
0
0
0
0
0
0
0
0
0
0
0
0
0
0
0
0
0
0
0
0
0
0
0
0
0
0
0
0
0
0
0
0
0
0
0
0
0
0
0
0
0
0
0
0
0
0
0
0
0
0
0
0
0
0
0
0
0
0
0
0
0
0
0
0
0
0
0
0
0
0
0
0
0
0
0
0
0
0
0
0
0
0
0
0
0
0
0
0
0
0
0
0
0
0
0
0
0
0
0
0
0
0
0
0
0
0
0
0
0
0
0
0
0
0
0
0
0
0
0
0
0
0
0
0
0
0
0
0
0
0
0
0
0
0
0
0
0
0
0
0
0
0
0
0
0
0
0
0
0
0
0
0
0
0
0
0
0
0
0
0
0
0
0
0
0
0
0
0
0
0
0
0
0
0
0
0
0
0
0
0
0
0
0
0
0
0
0
0
0
0
0
0
0
0
0
0
0
0
0
0
0
0
0
0
0
0
0
0
0
0
0
0
0
0
0
0
0
0
0
0
0
0
0
0
0
0
0
0
0
0
0
0
0
0
0
0
0
0
0
0
0
0
0
0
0
0
0
0
0
0
0
0
0
0
0
0
0
0
0
0
0
0
0
0
0
0
0
0
0
0
0
0
0
0
0
0
0
0
0
0
0
0
0
0
0
0
0
0
0
0
0
0
0
0
0
0
0
0
0
0
0
0
0
0
0
0
0
0
0
0
0
0
0
0
0
0
0
0
0
0
0
0
0
0
0
0
0
0
0
0
0
0
0
0
0
0
0
0
0
0
0
0
0
0
0
0
0
0
0
0
0
0
0
0
0
0
0
0
0
0
0
0
0
0
0
0
0
0
0
0
0
0
0
0
0
0
0
0
0
0
0
0
0
0
0
0
0
0
0
0
0
0
0
0
0
0
0
0
0
0
0
0
0
0
0
0
0
0
0
0
0
0
0
0
0
0
0
0
0
0
0
0
0
0
0
0
0
0
0
0
0
0
0
0
0
0
0
0
0
0
0
0
0
0
0
0
0
0
0
0
0
0
0
0
0
0
0
0
0
0
0
0
0
0
0
0
0
0
0
0
0
0
0
0
0
0
0
0
0
0
0
0
0
0
0
0
0
0
0
0
0
0
0
0
0
0
0
0
0
0
0
0
0
0
0
0
0
0
0
0
0
0
0
0
0
0
0
0
0
0
0
0
0
0
0
0
0
0
0
0
0
0
0
0
0
0
0
0
0
0
0
0
0
0
0
0
0
0
0
0
0
0
0
0
0
0
0
0
0
0
0
0
0
0
0
0
0
0
0
0
0
0
0
0
0
0
0
0
0
0
0
0
0
0
0
0
0
0
0
0
0
0
0
0
0
0
0
0
0
0
0
0
0
0
0
0
0
0
0
0
0
0
0
0
0
0
0
0
0
0
0
0
0
0
0
0
0
0
0
0
0
0
0
0
0
0
0
0
0
0
0
0
0
0
0
0
0
0
0
0
0
0
0
0
0
0
0
0
0
0
0
0
0
0
0
0
0
0
0
0
0
0
0
0
0
0
0
0
0
0
0
0
0
0
0
0
0
0
0
0
0
0
0
0
0
0
0
0
0
0
0
0
0
0
0
0
0
0
0
0
0
0
0
0
0
0
0
0
0
0
0
0
0
0
0
0
0
0
0
0
0
0
0
0
0
0
0
0
0
0
0
0
0
0
0
0
0
0
0
0
0
0
0
0
0
0
0
0
0
0
0
0
0
0
0
0
0
0
0
0
0
0
0
0
0
0
0
0
0
0
0
0
0
0
0
0
0
0
0
0
0
0
0
0
0
0
0
0
0
0
0
0
0
0
0
0
0
0
0
0
0
0
0
0
0
0
0
0
0
0
0
0
0
0
0
0
0
0
0
0
0
0
0
0
0
0
0
0
0
0
0
0
0
0
0
0
0
0
0
0
0
0
0
0
0
0
0
0
0
0
0
0
0
0
0
0
0
0
0
0
0
0
0
0
0
0
0
0
0
0
0
0
0
0
0
0
0
0
0
0
0
0
0
0
0
0
0
0
0
0
0
0
0
0
0
0
0
0
0
0
0
0
0
0
0
0
0
0
0
0
0
0
0
0
0
0
0
0
0
0
0
0
0
0
0
0
0
0
0
0
0
0
0
0
0
0
0
0
0
0
0
0
0
0
0
0
0
0
0
0
0
0
0
0
0
0
0
0
0
0
0
0
0
0
0
0
0
0
0
0
0
0
0
0
0
0
0
0
0
0
0
0
0
0
0
0
0
0
0
0
0
0
0
0
0
0
0
0
0
0
0
0
0
0
0
0
0
0
0
0
0
0
0
0
0
0
0
0
0
0
0
0
0
0
0
0
0
0
0
0
0
0
0
0
0
0
0
0
0
0
0
0
0
0
0
0
0
0
0
0
0
0
0
0
0
0
0
0
0
0
0
0
0
0
0
0
0
0
0
0
0
0
0
0
0
0
0
0
0
0
0
0
0
0
0
0
0
0
0
0
0
0
0
0
0
0
0
0
0
0
0
0
0
0
0
0
0
0
0
0
0
0
0
0
0
0
0
0
0
0
0
0
0
0
0
0
0
0
0
0
0
0
0
0
0
0
0
0
0
0
0
0
0
0
0
0
0
0
0
0
0
0
0
0
0
0
0
0
0
0
0
0
0
0
0
0
0
0
0
0
0
0
0
0
0
0
0
0
0
0
0
0
0
0
0
0
0
0
0
0
0
0
0
0
0
0
0
0
0
0
0
0
0
0
0
0
0
0
0
0
0
0
0
0
0
0
0
0
0
0
0
0
0
0
0
0
0
0
0
0
0
0
0
0
0
0
0
0
0
0
0
0
0
0
0
0
0
0
0
0
0
0
0
0
0
0
0
0
0
0
0
0
0
0
0
0
0
0
0
0
0
0
0
0
0
0
0
0
0
0
0
0
0
0
0
0
0
0
0
0
0
0
0
0
0
0
0
0
0
0
0
0
0
0
0
0
0
0
0
0
0
0
0
0
0
0
0
0
0
0
0
0
0
0
0
0
0
0
0
0
0
0
0
0
0
0
0
0
0
0
0
0
0
0
0
0
0
0
0
0
0
0
0
0
0
0
0
0
0
0
0
0
0
0
0
0
0
0
0
0
0
0
0
0
0
0
0
0
0
0
0
0
0
0
0
0
0
0
0
0
0
0
0
0
0
0
0
0
0
0
0
0
0
0
0
0
0
0
0
0
0
0
0
0
0
0
0
0
0
0
0
0
0
0
0
0
0
0
0
0
0
0
0
0
0
0
0
0
0
0
0
0
0
0
0
0
0
0
0
0
0
0
0
0
0
0
0
0
0
0
0
0
0
0
0
0
0
0
0
0
0
0
0
0
0
0
0
0
0
0
0
0
0
0
0
0
0
0
0
0
0
0
0
0
0
0
0
0
0
0
0
0
0
0
0
0
0
0
0
0
0
0
0
0
0
0
0
0
0
0
0
0
0
0
0
0
0
0
0
0
0
0
0
0
0
0
0
0
0
0
0
0
0
0
0
0
0
0
0
0
0
0
0
0
0
0
0
0
0
0
0
0
0
0
0
0
0
0
0
0
0
0
0
0
0
0
0
0
0
0
0
0
0
0
0
0
0
0
0
0
0
0
0
0
0
0
0
0
0
0
0
0
0
0
0
0
0
0
0
0
0
0
0
0
0
0
0
0
0
0
0
0
0
0
0
0
0
0
0
0
0
0
0
0
0
0
0
0
0
0
0
0
0
0
0
0
0
0
0
0
0
0
0
0
0
0
0
0
0
0
0
0
0
0
0
0
0
0
0
0
0
0
0
0
0
0
0
0
0
0
0
0
0
0
0
0
0
0
0
0
0
0
0
0
0
0
0
0
0
0
0
0
0
0
0
0
0
0
0
0
0
0
0
0
0
0
0
0
0
0
0
0
0
0
0
0
0
0
0
0
0
0
0
0
0
0
0
0
0
0
0
0
0
0
0
0
0
0
0
0
0
0
0
0
0
0
0
0
0
0
0
0
0
0
0
0
0
0
0
0
0
0
0
0
0
0
0
0
0
0
0
0
0
0
0
0
0
0
0
0
0
0
0
0
0
0
0
0
0
0
0
0
0
0
0
0
0
0
0
0
0
0
0
0
0
0
0
0
0
0
0
0
0
0
0
0
0
0
0
0
0
0
0
0
0
0
0
0
0
0
0
0
0
0
0
0
0
0
0
0
0
0
0
0
0
0
0
0
0
0
0
0
0
0
0
0
0
0
0
0
0
0
0
0
0
0
0
0
0
0
0
0
0
0
0
0
0
0
0
0
0
0
0
0
0
0
0
0
0
0
0
0
0
0
0
0
0
0
0
0
0
0
0
0
0
0
0
0
0
0
0
0
0
0
0
0
0
0
0
0
0
0
0
0
0
0
0
0
0
0
0
0
0
0
0
0
0
0
0
0
0
0
0
0
0
0
0
0
0
0
0
0
0
0
0
0
0
0
0
0
0
0
0
0
0
0
0
0
0
0
0
0
0
0
0
0
0
0
0
0
0
0
0
0
0
0
0
0
0
0
0
0
0
0
0
0
0
0
0
0
0
0
0
0
0
0
0
0
0
0
0
0
0
0
0
0
0
0
0
0
0
0
0
0
0
0
0
0
0
0
0
0
0
0
0
0
0
0
0
0
0
0
0
0
0
0
0
0
0
0
0
0
0
0
0
0
0
0
0
0
0
0
0
0
0
0
0
0
0
0
0
0
0
0
0
0
0
0
0
0
0
0
0
0
0
0
0
0
0
0
0
0
0
0
0
0
0
0
0
0
0
0
0
0
0
0
0
0
0
0
0
0
0
0
0
0
0
0
0
0
0
0
0
0
0
0
0
0
0
0
0
0
0
0
0
0
0
0
0
0
0
0
0
0
0
0
0
0
0
0
0
0
0
0
0
0
0
0
0
0
0
0
0
0
0
0
0
0
0
0
0
0
0
0
0
0
0
0
0
0
0
0
0
0
0
0
0
0
0
0
0
0
0
0
0
0
0
0
0
0
0
0
0
0
0
0
0
0
0
0
0
0
0
0
0
0
0
0
0
0
0
0
0
0
0
0
0
0
0
0
0
0
0
0
0
0
0
0
0
0
0
0
0
0
0
0
0
0
0
0
0
0
0
0
0
0
0
0
0
0
0
0
0
0
0
0
0
0
0
0
0
0
0
0
0
0
0
0
0
0
0
0
0
0
0
0
0
0
0
0
0
0
0
0
0
0
0
0
0
0
0
0
0
0
0
0
0
0
0
0
0
0
0
0
0
0
0
0
0
0
0
0
0
0
0
0
0
0
0
0
0
0
0
0
0
0
0
0
0
0
0
0
0
0
0
0
0
0
0
0
0
0
0
0
0
0
0
0
0
0
0
0
0
0
0
0
0
0
0
0
0
0
0
0
0
0
0
0
0
0
0
0
0
0
0
0
0
0
0
0
0
0
0
0
0
0
0
0
0
0
0
0
0
0
0
0
0
0
0
0
0
0
0
0
0
0
0
0
0
0
0
0
0
0
0
0
0
0
0
0
0
0
0
0
0
0
0
0
0
0
0
0
0
0
0
0
0
0
0
0
0
0
0
0
0
0
0
0
0
0
0
0
0
0
0
0
0
0
0
0
0
0
0
0
0
0
0
0
0
0
0
0
0
0
0
0
0
0
0
0
0
0
0
0
0
0
0
0
0
0
0
0
0
0
0
0
0
0
0
0
0
0
0
0
0
0
0
0
0
0
0
0
0
0
0
0
0
0
0
0
0
0
0
0
0
0
0
0
0
0
0
0
0
0
0
0
0
0
0
0
0
0
0
0
0
0
0
0
0
0
0
0
0
0
0
0
0
0
0
0
0
0
0
0
0
0
0
0
0
0
0
0
0
0
0
0
0
0
0
0
0
0
0
0
0
0
0
0
0
0
0
0
0
0
0
0
0
0
0
0
0
0
0
0
0
0
0
0
0
0
0
0
0
0
0
0
0
0
0
0
0
0
0
0
0
0
0
0
0
0
0
0
0
0
0
0
0
0
0
0
0
0
0
0
0
0
0
0
0
0
0
0
0
0
0
0
0
0
0
0
0
0
0
0
0
0
0
0
0
0
0
0
0
0
0
0
0
0
0
0
0
0
0
0
0
0
0
0
0
0
0
0
0
0
0
0
0
0
0
0
0
0
0
0
0
0
0
0
0
0
0
0
0
0
0
0
0
0
0
0
0
0
0
0
0
0
0
0
0
0
0
0
0
0
0
0
0
0
0
0
0
0
0
0
0
0
0
0
0
0
0
0
0
0
0
0
0
0
0
0
0
0
0
0
0
0
0
0
0
0
0
0
0
0
0
0
0
0
0
0
0
0
0
0
0
0
0
0
0
0
0
0
0
0
0
0
0
0
0
0
0
0
0
0
0
0
0
0
0
0
0
0
0
0
0
0
0
0
0
0
0
0
0
0
0
0
0
0
0
0
0
0
0
0
0
0
0
0
0
0
0
0
0
0
0
0
0
0
0
0
0
0
0
0
0
0
0
0
0
0
0
0
0
0
0
0
0
0
0
0
0
0
0
0
0
0
0
0
0
0
0
0
0
0
0
0
0
0
0
0
0
0
0
0
0
0
0
0
0
0
0
0
0
0
0
0
0
0
0
0
0
0
0
0
0
0
0
0
0
0
0
0
0
0
0
0
0
0
0
0
0
0
0
0
0
0
0
0
0
0
0
0
0
0
0
0
0
0
0
0
0
0
0
0
0
0
0
0
0
0
0
0
0
0
0
0
0
0
0
0
0
0
0
0
0
0
0
0
0
0
0
0
0
0
0
0
0
0
0
0
0
0
0
0
0
0
0
0
0
0
0
0
0
0
0
0
0
0
0
0
0
0
0
0
0
0
0
0
0
0
0
0
0
0
0
0
0
0
0
0
0
0
0
0
0
0
0
0
0
0
0
0
0
0
0
0
0
0
0
0
0
0
0
0
0
0
0
0
0
0
0
0
0
0
0
0
0
0
0
0
0
0
0
0
0
0
0
0
0
0
0
0
0
0
0
0
0
0
0
0
0
0
0
0
0
0
0
0
0
0
0
0
0
0
0
0
0
0
0
0
0
0
0
0
0
0
0
0
0
0
0
0
0
0
0
0
0
0
0
0
0
0
0
0
0
0
0
0
0
0
0
0
0
0
0
0
0
0
0
0
0
0
0
0
0
0
0
0
0
0
0
0
0
0
0
0
0
0
0
0
0
0
0
0
0
0
0
0
0
0
0
0
0
0
0
0
0
0
0
0
0
0
0
0
0
0
0
0
0
0
0
0
0
0
0
0
0
0
0
0
0
0
0
0
0
0
0
0
0
0
0
0
0
0
0
0
0
0
0
0
0
0
0
0
0
0
0
0
0
0
0
0
0
0
0
0
0
0
0
0
0
0
0
0
0
0
0
0
0
0
0
0
0
0
0
0
0
0
0
0
0
0
0
0
0
0
0
0
0
0
0
0
0
0
0
0
0
0
0
0
0
0
0
0
0
0
0
0
0
0
0
0
0
0
0
0
0
0
0
0
0
0
0
0
0
0
0
0
0
0
0
0
0
0
0
0
0
0
0
0
0
0
0
0
0
0
0
0
0
0
0
0
0
0
0
0
0
0
0
0
0
0
0
0
0
0
0
0
0
0
0
0
0
0
0
0
0
0
0
0
0
0
0
0
0
0
0
0
0
0
0
0
0
0
0
0
0
0
0
0
0
0
0
0
0
0
0
0
0
0
0
0
0
0
0
0
0
0
0
0
0
0
0
0
0
0
0
0
0
0
0
0
0
0
0
0
0
0
0
0
0
0
0
0
0
0
0
0
0
0
0
0
0
0
0
0
0
0
0
0
0
0
0
0
0
0
0
0
0
0
0
0
0
0
0
0
0
0
0
0
0
0
0
0
0
0
0
0
0
0
0
0
0
0
0
0
0
0
0
0
0
0
0
0
0
0
0
0
0
0
0
0
0
0
0
0
0
0
0
0
0
0
0
0
0
0
0
0
0
0
0
0
0
0
0
0
0
0
0
0
0
0
0
0
0
0
0
0
0
0
0
0
0
0
0
0
0
0
0
0
0
0
0
0
0
0
0
0
0
0
0
0
0
0
0
0
0
0
0
0
0
0
0
0
0
0
0
0
0
0
0
0
0
0
0
0
0
0
0
0
0
0
0
0
0
0
0
0
0
0
0
0
0
0
0
0
0
0
0
0
0
0
0
0
0
0
0
0
0
0
0
0
0
0
0
0
0
0
0
0
0
0
0
0
0
0
0
0
0
0
0
0
0
0
0
0
0
0
0
0
0
0
0
0
0
0
0
0
0
0
0
0
0
0
0
0
0
0
0
0
0
0
0
0
0
0
0
0
0
0
0
0
0
0
0
0
0
0
0
0
0
0
0
0
0
0
0
0
0
0
0
0
0
0
0
0
0
0
0
0
0
0
0
0
0
0
0
0
0
0
0
0
0
0
0
0
0
0
0
0
0
0
0
0
0
0
0
0
0
0
0
0
0
0
0
0
0
0
0
0
0
0
0
0
0
0
0
0
0
0
0
0
0
0
0
0
0
0
0
0
0
0
0
0
0
0
0
0
0
0
0
0
0
0
0
0
0
0
0
0
0
0
0
0
0
0
0
0
0
0
0
0
0
0
0
0
0
0
0
0
0
0
0
0
0
0
0
0
0
0
0
0
0
0
0
0
0
0
0
0
0
0
0
0
0
0
0
0
0
0
0
0
0
0
0
0
0
0
0
0
0
0
0
0
0
0
0
0
0
0
0
0
0
0
0
0
0
0
0
0
0
0
0
0
0
0
0
0
0
0
0
0
0
0
0
0
0
0
0
0
0
0
0
0
0
0
0
0
0
0
0
0
0
0
0
0
0
0
0
0
0
0
0
0
0
0
0
0
0
0
0
0
0
0
0
0
0
0
0
0
0
0
0
0
0
0
0
0
0
0
0
0
0
0
0
0
0
0
0
0
0
0
0
0
0
0
0
0
0
0
0
0
0
0
0
0
0
0
0
0
0
0
0
0
0
0
0
0
0
0
0
0
0
0
0
0
0
0
0
0
0
0
0
0
0
0
0
0
0
0
0
0
0
0
0
0
0
0
0
0
0
0
0
0
0
0
0
0
0
0
0
0
0
0
0
0
0
0
0
0
0
0
0
0
0
0
0
0
0
0
0
0
0
0
0
0
0
0
0
0
0
0
0
0
0
0
0
0
0
0
0
0
0
0
0
0
0
0
0
0
0
0
0
0
0
0
0
0
0
0
0
0
0
0
0
0
0
0
0
0
0
0
0
0
0
0
0
0
0
0
0
0
0
0
0
0
0
0
0
0
0
0
0
0
0
0
0
0
0
0
0
0
0
0
0
0
0
0
0
0
0
0
0
0
0
0
0
0
0
0
0
0
0
0
0
0
0
0
0
0
0
0
0
0
0
0
0
0
0
0
0
0
0
0
0
0
0
0
0
0
0
0
0
0
0
0
0
0
0
0
0
0
0
0
0
0
0
0
0
0
0
0
0
0
0
0
0
0
0
0
0
0
0
0
0
0
0
0
0
0
0
0
0
0
0
0
0
0
0
0
0
0
0
0
0
0
0
0
0
0
0
0
0
0
0
0
0
0
0
0
0
0
0
0
0
0
0
0
0
0
0
0
0
0
0
0
0
0
0
0
0
0
0
0
0
0
0
0
0
0
0
0
0
0
0
0
0
0
0
0
0
0
0
0
0
0
0
0
0
0
0
0
0
0
0
0
0
0
0
0
0
0
0
0
0
0
0
0
0
0
0
0
0
0
0
0
0
0
0
0
0
0
0
0
0
0
0
0
0
0
0
0
0
0
0
0
0
0
0
0
0
0
0
0
0
0
0
0
0
0
0
0
0
0
0
0
0
0
0
0
0
0
0
0
0
0
0
0
0
0
0
0
0
0
0
0
0
0
0
0
0
0
0
0
0
0
0
0
0
0
0
0
0
0
0
0
0
0
0
0
0
0
0
0
0
0
0
0
0
0
0
0
0
0
0
0
0
0
0
0
0
0
0
0
0
0
0
0
0
0
0
0
0
0
0
0
0
0
0
0
0
0
0
0
0
0
0
0
0
0
0
0
0
0
0
0
0
0
0
0
0
0
0
0
0
0
0
0
0
0
0
0
0
0
0
0
0
0
0
0
0
0
0
0
0
0
0
0
0
0
0
0
0
0
0
0
0
0
0
0
0
0
0
0
0
0
0
0
0
0
0
0
0
0
0
0
0
0
0
0
0
0
0
0
0
0
0
0
0
0
0
0
0
0
0
0
0
0
0
0
0
0
0
0
0
0
0
0
0
0
0
0
0
0
0
0
0
0
0
0
0
0
0
0
0
0
0
0
0
0
0
0
0
0
0
0
0
0
0
0
0
0
0
0
0
0
0
0
0
0
0
0
0
0
0
0
0
0
0
0
0
0
0
0
0
0
0
0
0
0
0
0
0
0
0
0
0
0
0
0
0
0
0
0
0
0
0
0
0
0
0
0
0
0
0
0
0
0
0
0
0
0
0
0
0
0
0
0
0
0
0
0
0
0
0
0
0
0
0
0
0
0
0
0
0
0
0
0
0
0
0
0
0
0
0
0
0
0
0
0
0
0
0
0
0
0
0
0
0
0
0
0
0
0
0
0
0
0
0
0
0
0
0
0
0
0
0
0
0
0
0
0
0
0
0
0
0
0
0
0
0
0
0
0
0
0
0
0
0
0
0
0
0
0
0
0
0
0
0
0
0
0
0
0
0
0
0
0
0
0
0
0
0
0
0
0
0
0
0
0
0
0
0
0
0
0
0
0
0
0
0
0
0
0
0
0
0
0
0
0
0
0
0
0
0
0
0
0
0
0
0
0
0
0
0
0
0
0
0
0
0
0
0
0
0
0
0
0
0
0
0
0
0
0
0
0
0
0
0
0
0
0
0
0
0
0
0
0
0
0
0
0
0
0
0
0
0
0
0
0
0
0
0
0
0
0
0
0
0
0
0
0
0
0
0
0
0
0
0
0
0
0
0
0
0
0
0
0
0
0
0
0
0
0
0
0
0
0
0
0
0
0
0
0
0
0
0
0
0
0
0
0
0
0
0
0
0
0
0
0
0
0
0
0
0
0
0
0
0
0
0
0
0
0
0
0
0
0
0
0
0
0
0
0
0
0
0
0
0
0
0
0
0
0
0
0
0
0
0
0
0
0
0
0
0
0
0
0
0
0
0
0
0
0
0
0
0
0
0
0
0
0
0
0
0
0
0
0
0
0
0
0
0
0
0
0
0
0
0
0
0
0
0
0
0
0
0
0
0
0
0
0
0
0
0
0
0
0
0
0
0
0
0
0
0
0
0
0
0
0
0
0
0
0
0
0
0
0
0
0
0
0
0
0
0
0
0
0
0
0
0
0
0
0
0
0
0
0
0
0
0
0
0
0
0
0
0
0
0
0
0
0
0
0
0
0
0
0
0
0
0
0
0
0
0
0
0
0
0
0
0
0
0
0
0
0
0
0
0
0
0
0
0
0
0
0
0
0
0
0
0
0
0
0
0
0
0
0
0
0
0
0
0
0
0
0
0
0
0
0
0
0
0
0
0
0
0
0
0
0
0
0
0
0
0
0
0
0
0
0
0
0
0
0
0
0
0
0
0
0
0
0
0
0
0
0
0
0
0
0
0
0
0
0
0
0
0
0
0
0
0
0
0
0
0
0
0
0
0
0
0
0
0
0
0
0
0
0
0
0
0
0
0
0
0
0
0
0
0
0
0
0
0
0
0
0
0
0
0
0
0
0
0
0
0
0
0
0
0
0
0
0
0
0
0
0
0
0
0
0
0
0
0
0
0
0
0
0
0
0
0
0
0
0
0
0
0
0
0
0
0
0
0
0
0
0
0
0
0
0
0
0
0
0
0
0
0
0
0
0
0
0
0
0
0
0
0
0
0
0
0
0
0
0
0
0
0
0
0
0
0
0
0
0
0
0
0
0
0
0
0
0
0
0
0
0
0
0
0
0
0
0
0
0
0
0
0
0
0
0
0
0
0
0
0
0
0
0
0
0
0
0
0
0
0
0
0
0
0
0
0
0
0
0
0
0
0
0
0
0
0
0
0
0
0
0
0
0
0
0
0
0
0
0
0
0
0
0
0
0
0
0
0
0
0
0
0
0
0
0
0
0
0
0
0
0
0
0
0
0
0
0
0
0
0
0
0
0
0
0
0
0
0
0
0
0
0
0
0
0
0
0
0
0
0
0
0
0
0
0
0
0
0
0
0
0
0
0
0
0
0
0
0
0
0
0
0
0
0
0
0
0
0
0
0
0
0
0
0
0
0
0
0
0
0
0
0
0
0
0
0
0
0
0
0
0
0
0
0
0
0
0
0
0
0
0
0
0
0
0
0
0
0
0
0
0
0
0
0
0
0
0
0
0
0
0
0
0
0
0
0
0
0
0
0
0
0
0
0
0
0
0
0
0
0
0
0
0
0
0
0
0
0
0
0
0
0
0
0
0
0
0
0
0
0
0
0
0
0
0
0
0
0
0
0
0
0
0
0
0
0
0
0
0
0
0
0
0
0
0
0
0
0
0
0
0
0
0
0
0
0
0
0
0
0
0
0
0
0
0
0
0
0
0
0
0
0
0
0
0
0
0
0
0
0
0
0
0
0
0
0
0
0
0
0
0
0
0
0
0
0
0
0
0
0
0
0
0
0
0
0
0
0
0
0
0
0
0
0
0
0
0
0
0
0
0
0
0
0
0
0
0
0
0
0
0
0
0
0
0
0
0
0
0
0
0
0
0
0
0
0
0
0
0
0
0
0
0
0
0
0
0
0
0
0
0
0
0
0
0
0
0
0
0
0
0
0
0
0
0
0
0
0
0
0
0
0
0
0
0
0
0
0
0
0
0
0
0
0
0
0
0
0
0
0
0
0
0
0
0
0
0
0
0
0
0
0
0
0
0
0
0
0
0
0
0
0
0
0
0
0
0
0
0
0
0
0
0
0
0
0
0
0
0
0
0
0
0
0
0
0
0
0
0
0
0
0
0
0
0
0
0
0
0
0
0
0
0
0
0
0
0
0
0
0
0
0
0
0
0
0
0
0
0
0
0
0
0
0
0
0
0
0
0
0
0
0
0
0
0
0
0
0
0
0
0
0
0
0
0
0
0
0
0
0
0
0
0
0
0
0
0
0
0
0
0
0
0
0
0
0
0
0
0
0
0
0
0
0
0
0
0
0
0
0
0
0
0
0
0
0
0
0
0
0
0
0
0
0
0
0
0
0
0
0
0
0
0
0
0
0
0
0
0
0
0
0
0
0
0
0
0
0
0
0
0
0
0
0
0
0
0
0
0
0
0
0
0
0
0
0
0
0
0
0
0
0
0
0
0
0
0
0
0
0
0
0
0
0
0
0
0
0
0
0
0
0
0
0
0
0
0
0
0
0
0
0
0
0
0
0
0
0
0
0
0
0
0
0
0
0
0
0
0
0
0
0
0
0
0
0
0
0
0
0
0
0
0
0
0
0
0
0
0
0
0
0
0
0
0
0
0
0
0
0
0
0
0
0
0
0
0
0
0
0
0
0
0
0
0
0
0
0
0
0
0
0
0
0
0
0
0
0
0
0
0
0
0
0
0
0
0
0
0
0
0
0
0
0
0
0
0
0
0
0
0
0
0
0
0
0
0
0
0
0
0
0
0
0
0
0
0
0
0
0
0
0
0
0
0
0
0
0
0
0
0
0
0
0
0
0
0
0
0
0
0
0
0
0
0
0
0
0
0
0
0
0
0
0
0
0
0
0
0
0
0
0
0
0
0
0
0
0
0
0
0
0
0
0
0
0
0
0
0
0
0
0
0
0
0
0
0
0
0
0
0
0
0
0
0
0
0
0
0
0
0
0
0
0
0
0
0
0
0
0
0
0
0
0
0
0
0
0
0
0
0
0
0
0
0
0
0
0
0
0
0
0
0
0
0
0
0
0
0
0
0
0
0
0
0
0
0
0
0
0
0
0
0
0
0
0
0
0
0
0
0
0
0
0
0
0
0
0
0
0
0
0
0
0
0
0
0
0
0
0
0
0
0
0
0
0
0
0
0
0
0
0
0
0
0
0
0
0
0
0
0
0
0
0
0
0
0
0
0
0
0
0
0
0
0
0
0
0
0
0
0
0
0
0
0
0
0
0
0
0
0
0
0
0
0
0
0
0
0
0
0
0
0
0
0
0
0
0
0
0
0
0
0
0
0
0
0
0
0
0
0
0
0
0
0
0
0
0
0
0
0
0
0
0
0
0
0
0
0
0
0
0
0
0
0
0
0
0
0
0
0
0
0
0
0
0
0
0
0
0
0
0
0
0
0
0
0
0
0
0
0
0
0
0
0
0
0
0
0
0
0
0
0
0
0
0
0
0
0
0
0
0
0
0
0
0
0
0
0
0
0
0
0
0
0
0
0
0
0
0
0
0
0
0
0
0
0
0
0
0
0
0
0
0
0
0
0
0
0
0
0
0
0
0
0
0
0
0
0
0
0
0
0
0
0
0
0
0
0
0
0
0
0
0
0
0
0
0
0
0
0
0
0
0
0
0
0
0
0
0
0
0
0
0
0
0
0
0
0
0
0
0
0
0
0
0
0
0
0
0
0
0
0
0
0
0
0
0
0
0
0
0
0
0
0
0
0
0
0
0
0
0
0
0
0
0
0
0
0
0
0
0
0
0
0
0
0
0
0
0
0
0
0
0
0
0
0
0
0
0
0
0
0
0
0
0
0
0
0
0
0
0
0
0
0
0
0
0
0
0
0
0
0
0
0
0
0
0
0
0
0
0
0
0
0
0
0
0
0
0
0
0
0
0
0
0
0
0
0
0
0
0
0
0
0
0
0
0
0
0
0
0
0
0
0
0
0
0
0
0
0
0
0
0
0
0
0
0
0
0
0
0
0
0
0
0
0
0
0
0
0
0
0
0
0
0
0
0
0
0
0
0
0
0
0
0
0
0
0
0
0
0
0
0
0
0
0
0
0
0
0
0
0
0
0
0
0
0
0
0
0
0
0
0
0
0
0
0
0
0
0
0
0
0
0
0
0
0
0
0
0
0
0
0
0
0
0
0
0
0
0
0
0
0
0
0
0
0
0
0
0
0
0
0
0
0
0
0
0
0
0
0
0
0
0
0
0
0
0
0
0
0
0
0
0
0
0
0
0
0
0
0
0
0
0
0
0
0
0
0
0
0
0
0
0
0
0
0
0
0
0
0
0
0
0
0
0
0
0
0
0
0
0
0
0
0
0
0
0
0
0
0
0
0
0
0
0
0
0
0
0
0
0
0
0
0
0
0
0
0
0
0
0
0
0
0
0
0
0
0
0
0
0
0
0
0
0
0
0
0
0
0
0
0
0
0
0
0
0
0
0
0
0
0
0
0
0
0
0
0
0
0
0
0
0
0
0
0
0
0
0
0
0
0
0
0
0
0
0
0
0
0
0
0
0
0
0
0
0
0
0
0
0
0
0
0
0
0
0
0
0
0
0
0
0
0
0
0
0
0
0
0
0
0
0
0
0
0
0
0
0
0
0
0
0
0
0
0
0
0
0
0
0
0
0
0
0
0
0
0
0
0
0
0
0
0
0
0
0
0
0
0
0
0
0
0
0
0
0
0
0
0
0
0
0
0
0
0
0
0
0
0
0
0
0
0
0
0
0
0
0
0
0
0
0
0
0
0
0
0
0
0
0
0
0
0
0
0
0
0
0
0
0
0
0
0
0
0
0
0
0
0
0
0
0
0
0
0
0
0
0
0
0
0
0
0
0
0
0
0
0
0
0
0
0
0
0
0
0
0
0
0
0
0
0
0
0
0
0
0
0
0
0
0
0
0
0
0
0
0
0
0
0
0
0
0
0
0
0
0
0
0
0
0
0
0
0
0
0
0
0
0
0
0
0
0
0
0
0
0
0
0
0
0
0
0
0
0
0
0
0
0
0
0
0
0
0
0
0
0
0
0
0
0
0
0
0
0
0
0
0
0
0
0
0
0
0
0
0
0
0
0
0
0
0
0
0
0
0
0
0
0
0
0
0
0
0
0
0
0
0
0
0
0
0
0
0
0
0
0
0
0
0
0
0
0
0
0
0
0
0
0
0
0
0
0
0
0
0
0
0
0
0
0
0
0
0
0
0
0
0
0
0
0
0
0
0
0
0
0
0
0
0
0
0
0
0
0
0
0
0
0
0
0
0
0
0
0
0
0
0
0
0
0
0
0
0
0
0
0
0
0
0
0
0
0
0
0
0
0
0
0
0
0
0
0
0
0
0
0
0
0
0
0
0
0
0
0
0
0
0
0
0
0
0
0
0
0
0
0
0
0
0
0
0
0
0
0
0
0
0
0
0
0
0
0
0
0
0
0
0
0
0
0
0
0
0
0
0
0
0
0
0
0
0
0
0
0
0
0
0
0
0
0
0
0
0
0
0
0
0
0
0
0
0
0
0
0
0
0
0
0
0
0
0
0
0
0
0
0
0
0
0
0
0
0
0
0
0
0
0
0
0
0
0
0
0
0
0
0
0
0
0
0
0
0
0
0
0
0
0
0
0
0
0
0
0
0
0
0
0
0
0
0
0
0
0
0
0
0
0
0
0
0
0
0
0
0
0
0
0
0
0
0
0
0
0
0
0
0
0
0
0
0
0
0
0
0
0
0
0
0
0
0
0
0
0
0
0
0
0
0
0
0
0
0
0
0
0
0
0
0
0
0
0
0
0
0
0
0
0
0
0
0
0
0
0
0
0
