# vtk DataFile Version 2.0
Heat path
ASCII
DATASET POLYDATA
POINTS 7776 double
0.5 0.5 0.5
0.494783 0.491743 0.502144
0.490977 0.482566 0.501003
0.494097 0.487366 0.492804
0.50156 0.486812 0.486172
0.500751 0.489081 0.495878
0.494577 0.487677 0.488137
0.496591 0.495073 0.481715
0.500944 0.493567 0.490591
0.50769 0.499921 0.486833
0.515673 0.501462 0.481011
0.519345 0.496372 0.488797
0.524344 0.489012 0.484231
0.520704 0.492356 0.475538
0.521207 0.494976 0.485175
0.529038 0.49538 0.47897
0.523921 0.494137 0.487471
0.532451 0.494771 0.48229
0.542416 0.494371 0.483019
0.542186 0.504276 0.481667
0.535078 0.511296 0.481241
0.541185 0.503416 0.480463
0.532806 0.498358 0.482511
0.537836 0.491084 0.477843
0.534565 0.500285 0.479996
0.5304 0.491373 0.4782
0.535286 0.484887 0.472364
0.542363 0.486531 0.479235
0.53845 0.490271 0.487643
0.530463 0.49504 0.491315
0.529564 0.492844 0.481601
0.52415 0.500864 0.47908
0.530409 0.49335 0.481169
0.521005 0.496598 0.48016
0.528122 0.490087 0.482798
0.536136 0.490791 0.488738
0.540196 0.482054 0.48606
0.546143 0.483472 0.493973
0.552882 0.479135 0.487992
0.553975 0.469608 0.490828
0.545614 0.469754 0.496311
0.538127 0.463136 0.495941
0.536856 0.456679 0.50347
0.533181 0.451456 0.495775
0.541102 0.446001 0.498514
0.53433 0.451415 0.503498
0.537452 0.442462 0.506673
0.531659 0.450597 0.507186
0.532447 0.459351 0.511955
0.525625 0.453834 0.516753
0.522564 0.462782 0.513504
0.52775 0.465157 0.505291
0.528776 0.467813 0.495705
0.527666 0.460846 0.502792
0.524835 0.462957 0.493436
0.519326 0.454686 0.492319
0.520772 0.445128 0.489757
0.52042 0.445378 0.499748
0.515495 0.440077 0.50665
0.515436 0.449925 0.508385
0.515907 0.442161 0.502101
0.521704 0.434067 0.503046
0.528871 0.441011 0.502396
0.522712 0.433666 0.505245
0.528827 0.425933 0.506921
0.524439 0.433316 0.512044
0.515564 0.436874 0.514973
0.512319 0.431964 0.506889
0.503634 0.429806 0.502425
0.509276 0.430734 0.494221
0.513023 0.438617 0.499101
0.519171 0.434289 0.492508
0.525318 0.427589 0.496671
0.518402 0.433774 0.5004
0.512332 0.431146 0.5079
0.507849 0.438594 0.502958
0.517811 0.438142 0.503705
0.525308 0.440153 0.4974
0.528887 0.447829 0.502717
0.535257 0.454078 0.498204
0.540996 0.447575 0.50318
0.543151 0.438721 0.507298
0.536876 0.444163 0.512866
0.534216 0.453767 0.512036
0.539594 0.46194 0.509971
0.548983 0.459899 0.507198
0.557792 0.455547 0.509058
0.567101 0.458546 0.506972
0.560184 0.465733 0.506268
0.555779 0.459262 0.500045
0.562942 0.452821 0.497357
0.560492 0.443264 0.49573
0.564649 0.452053 0.498065
0.561841 0.459182 0.504492
0.554776 0.460652 0.511414
0.546975 0.455117 0.508497
0.556153 0.451215 0.507772
0.564466 0.448315 0.50303
0.557979 0.455446 0.505688
0.554195 0.464653 0.506642
0.557144 0.471962 0.500487
0.55199 0.478438 0.5061
0.551565 0.487203 0.510895
0.549686 0.493879 0.5181
0.542279 0.500503 0.519217
0.533404 0.504182 0.521993
0.537078 0.495998 0.526411
0.529521 0.501944 0.529155
0.527785 0.492329 0.527027
0.526508 0.487397 0.518422
0.528081 0.495418 0.512661
0.533851 0.499774 0.505752
0.531515 0.500592 0.515441
0.529501 0.507014 0.522837
0.535515 0.513698 0.527215
0.5429 0.509879 0.521657
0.535264 0.516313 0.52219
0.539847 0.50795 0.519183
0.546261 0.500545 0.517174
0.551392 0.492892 0.521059
0.551758 0.483844 0.516815
0.561458 0.486236 0.517245
0.563066 0.479302 0.524269
0.567337 0.476826 0.532966
0.572184 0.476773 0.541712
0.562187 0.47673 0.541484
0.554536 0.47169 0.545491
0.55194 0.463281 0.540741
0.554867 0.471998 0.544672
0.560537 0.463845 0.545842
0.564869 0.462177 0.554699
0.567113 0.469855 0.548697
0.56761 0.473619 0.557949
0.572358 0.474518 0.549194
0.573822 0.467413 0.556077
0.575602 0.457683 0.557547
0.578125 0.4653 0.551578
0.581987 0.467258 0.560592
0.587745 0.460495 0.565188
0.587509 0.452469 0.559228
0.583664 0.451571 0.55004
0.586488 0.453531 0.559431
0.594612 0.448313 0.556829
0.596837 0.453266 0.548431
0.589625 0.456672 0.554463
0.583767 0.459618 0.546913
0.58882 0.465572 0.553159
0.59188 0.456995 0.557293
0.600953 0.453714 0.554663
0.5934 0.447826 0.551784
0.594805 0.443355 0.542951
0.588355 0.441945 0.53544
0.586524 0.44819 0.527847
0.577435 0.444022 0.527675
0.58429 0.436801 0.528612
0.587916 0.430934 0.535852
0.596683 0.428987 0.531455
0.60665 0.428486 0.532104
0.605806 0.436144 0.525728
0.599617 0.440635 0.519285
0.609135 0.441597 0.516372
0.599527 0.444339 0.515963
0.603274 0.435075 0.516325
0.604638 0.437172 0.506643
0.599032 0.442589 0.50038
0.604877 0.447781 0.494145
0.609954 0.455241 0.489837
0.608316 0.46493 0.487979
0.612888 0.472267 0.482952
0.619894 0.46514 0.482608
0.614173 0.456939 0.482695
0.623566 0.453514 0.482468
0.628269 0.444953 0.480326
0.627348 0.443913 0.470423
0.628033 0.434028 0.469071
0.61906 0.432339 0.464994
0.614632 0.437762 0.457853
0.605161 0.439286 0.460678
0.602574 0.446337 0.46728
0.603922 0.441464 0.475908
0.598429 0.433308 0.47409
0.596072 0.428899 0.482751
0.599906 0.432956 0.491048
0.598344 0.423977 0.495163
0.60819 0.425524 0.49435
0.600833 0.426513 0.48765
0.595792 0.41815 0.489805
0.603111 0.411436 0.488641
0.598013 0.415039 0.496453
0.589699 0.420075 0.494103
0.590932 0.425407 0.502473
0.597632 0.4252 0.495053
0.5954 0.430751 0.503066
0.589937 0.43877 0.505487
0.596513 0.432066 0.502049
0.603454 0.425398 0.50476
0.609642 0.432957 0.502623
0.614158 0.425998 0.508207
0.616942 0.434623 0.503979
0.614463 0.44051 0.511673
0.606929 0.43731 0.505928
0.604836 0.447082 0.506301
0.603902 0.450992 0.497144
0.595788 0.456816 0.497631
0.593548 0.465667 0.50171
0.588381 0.472747 0.496896
0.581913 0.465306 0.49857
0.577488 0.456364 0.499249
0.583979 0.449496 0.495979
0.588434 0.457293 0.500378
0.596313 0.452552 0.504308
0.594245 0.460246 0.498265
0.586214 0.463784 0.49347
0.577886 0.459307 0.490214
0.571694 0.462916 0.48324
0.56793 0.46579 0.492048
0.564964 0.457278 0.487718
0.567271 0.4593 0.497236
0.572427 0.456546 0.489123
0.563436 0.453482 0.485996
0.568057 0.458952 0.492976
0.570449 0.452944 0.485349
0.564336 0.447234 0.490829
0.560724 0.455104 0.485827
0.560051 0.457788 0.476218
0.568266 0.46112 0.471591
0.573188 0.456643 0.479057
0.573571 0.460139 0.488418
0.5789 0.452055 0.490918
0.580315 0.450079 0.500618
0.573266 0.456449 0.497499
0.570008 0.45181 0.505736
0.57913 0.450367 0.50957
0.576913 0.445928 0.500888
0.574393 0.450642 0.492437
0.573876 0.45574 0.501024
0.574442 0.462103 0.508717
0.572068 0.46761 0.500715
0.580611 0.471881 0.503675
0.578751 0.462179 0.502124
0.572422 0.460309 0.509637
0.577025 0.4587 0.500906
0.581938 0.463629 0.493725
0.573732 0.458761 0.496717
0.571947 0.464132 0.504961
0.564732 0.469837 0.501038
0.567032 0.461453 0.496096
0.558476 0.462028 0.490952
0.56825 0.463811 0.492085
0.576211 0.458539 0.495057
0.582862 0.459236 0.502492
0.584172 0.469128 0.501827
0.578077 0.461338 0.500355
0.582693 0.454862 0.506418
0.591323 0.450424 0.508833
0.592584 0.441576 0.504348
0.584075 0.438221 0.500306
0.587721 0.442259 0.491915
0.592633 0.441423 0.483245
0.596132 0.43232 0.481033
0.602898 0.435959 0.487434
0.611535 0.436444 0.482418
0.617818 0.428781 0.481072
0.612679 0.425954 0.472973
0.602727 0.426931 0.47307
0.603016 0.428618 0.482922
0.596777 0.421436 0.479841
0.592911 0.430657 0.480012
0.601799 0.427879 0.483657
0.604933 0.43493 0.477297
0.603253 0.427611 0.470694
0.601984 0.430791 0.461298
0.603152 0.421055 0.463258
0.59898 0.413386 0.458382
0.591317 0.419725 0.457331
0.589998 0.415724 0.4664
0.584545 0.409099 0.471536
0.575808 0.407943 0.476261
0.580455 0.414839 0.481815
0.587241 0.417634 0.475022
0.581551 0.425265 0.471956
0.581125 0.43045 0.480496
0.585634 0.422949 0.485333
0.585931 0.413163 0.483297
0.591423 0.41727 0.490575
0.586288 0.425366 0.49342
0.59204 0.429115 0.48615
0.602012 0.428583 0.485613
0.609343 0.430909 0.492004
0.610757 0.43484 0.501089
0.61286 0.442719 0.495301
0.604635 0.44792 0.492997
0.613081 0.447456 0.498331
0.621707 0.442617 0.499806
0.627935 0.44048 0.492279
0.631317 0.441099 0.482889
0.622069 0.438328 0.485493
0.620471 0.42901 0.482232
0.617449 0.436916 0.487558
0.614538 0.431898 0.495704
0.610344 0.424383 0.500797
0.618007 0.430099 0.497862
0.627037 0.434366 0.498362
0.617469 0.432398 0.496223
0.613819 0.440805 0.492223
0.618363 0.448967 0.49579
0.613866 0.4475 0.504601
0.616116 0.43898 0.499874
0.606575 0.43601 0.499483
0.60829 0.428045 0.505282
0.616682 0.433176 0.507086
0.609645 0.426142 0.506088
0.601233 0.423154 0.510595
0.593925 0.42725 0.516056
0.596469 0.425437 0.525556
0.59816 0.417454 0.531335
0.599697 0.425535 0.537022
0.607046 0.431771 0.534356
0.602808 0.424465 0.529001
0.611317 0.429084 0.526498
0.619136 0.426985 0.532368
0.628383 0.43075 0.532936
0.622277 0.422834 0.533179
0.625183 0.43229 0.531719
0.620104 0.426249 0.525578
0.62733 0.426528 0.532484
0.618944 0.431353 0.529955
0.620373 0.423971 0.523362
0.621393 0.424449 0.513425
0.624883 0.41701 0.507727
0.632628 0.417125 0.514052
0.624953 0.417163 0.520462
0.628413 0.411962 0.512654
0.61947 0.416269 0.513864
0.619384 0.415683 0.523846
0.624042 0.411745 0.531771
0.631018 0.41212 0.538925
0.632553 0.40391 0.544424
0.633191 0.396811 0.551438
0.640611 0.392451 0.546346
0.650509 0.391593 0.547486
0.648764 0.39865 0.554353
0.648625 0.389841 0.559084
0.644454 0.381836 0.554779
0.652831 0.38161 0.560234
0.654389 0.38866 0.567154
0.660304 0.38128 0.563906
0.657723 0.383128 0.554424
0.664822 0.380622 0.561006
0.659584 0.376031 0.568182
0.667512 0.381375 0.571113
0.66101 0.383774 0.563904
0.660952 0.386103 0.554179
0.666458 0.382713 0.546551
0.666078 0.381704 0.536609
0.669996 0.376271 0.544034
0.662793 0.36938 0.543234
0.663472 0.368637 0.533284
0.670416 0.36188 0.530811
0.668588 0.371568 0.529143
0.677272 0.376446 0.530034
0.686073 0.376167 0.525294
0.692954 0.382831 0.528166
0.686803 0.390106 0.525126
0.684162 0.381363 0.529197
0.691961 0.38051 0.522996
0.689438 0.388846 0.52791
0.682205 0.384853 0.522276
0.67578 0.384642 0.514616
0.68235 0.378953 0.519564
0.6875 0.385196 0.525438
0.684892 0.392763 0.531433
0.686759 0.401169 0.526348
0.687914 0.408749 0.532767
0.683019 0.41398 0.539744
0.682588 0.413255 0.549708
0.68741 0.406727 0.555549
0.695439 0.410685 0.560007
0.695851 0.402136 0.554835
0.689818 0.394289 0.556258
0.698849 0.397095 0.559509
0.692475 0.404686 0.56083
0.69106 0.396795 0.566806
0.684051 0.390551 0.570255
0.683102 0.38088 0.567897
0.691937 0.376722 0.565736
0.688225 0.36972 0.559637
0.683123 0.377696 0.562855
0.688743 0.370524 0.558735
0.686436 0.37904 0.563443
0.687096 0.369581 0.560266
0.693555 0.367486 0.552924
0.690543 0.361162 0.560061
0.681269 0.357696 0.561468
0.679833 0.363837 0.553708
0.674009 0.371079 0.5574
0.678097 0.368157 0.566045
0.674244 0.364479 0.574509
0.671361 0.363408 0.584024
0.671261 0.358312 0.592628
0.673856 0.366217 0.598175
0.672446 0.375945 0.600012
0.678973 0.373169 0.592963
0.674378 0.375988 0.601386
0.666053 0.373925 0.606526
0.659427 0.378158 0.612705
0.661651 0.387907 0.61277
0.658748 0.386463 0.603311
0.651474 0.392614 0.600267
0.654892 0.40196 0.599285
0.653415 0.397519 0.590448
0.660632 0.39698 0.597349
0.668577 0.401635 0.593448
0.661721 0.399178 0.586595
0.6587 0.396023 0.577599
0.65255 0.395535 0.56973
0.643659 0.39971 0.567853
0.636712 0.401305 0.574866
0.626934 0.399461 0.573862
0.632159 0.407573 0.571238
0.628356 0.412289 0.579194
0.618748 0.411439 0.581833
0.615828 0.420889 0.58331
0.612781 0.416463 0.591744
0.604912 0.411036 0.588807
0.602453 0.419797 0.592954
0.602052 0.418569 0.60287
0.594699 0.425031 0.600827
0.593893 0.423449 0.610668
0.589183 0.431537 0.614189
0.581472 0.437902 0.614341
0.581658 0.428747 0.610322
0.582778 0.434318 0.602093
0.584875 0.429965 0.593338
0.584972 0.439823 0.595014
0.583317 0.448837 0.591013
0.586963 0.458141 0.591389
0.579673 0.453215 0.586636
0.583703 0.455188 0.595573
0.590221 0.462674 0.594363
0.59743 0.461494 0.601193
0.605409 0.466101 0.597307
0.607234 0.475507 0.594443
0.616057 0.47164 0.59176
0.621469 0.472505 0.600124
0.6261 0.467799 0.592614
0.628836 0.472742 0.584363
0.621265 0.479141 0.583048
0.617076 0.487104 0.587412
0.609496 0.489963 0.58155
0.607611 0.490441 0.571741
0.611966 0.483816 0.577835
0.620516 0.487695 0.574393
0.614343 0.494071 0.569784
0.614341 0.503682 0.572543
0.60674 0.497191 0.572843
0.608205 0.505146 0.566965
0.615442 0.505278 0.560064
0.617033 0.514959 0.558128
0.612097 0.509563 0.564948
0.618517 0.502039 0.563473
0.623628 0.509202 0.558722
0.633253 0.509515 0.556026
0.640227 0.506913 0.549348
0.647045 0.512528 0.54466
0.656504 0.513825 0.541685
0.653067 0.505515 0.54606
0.655588 0.512691 0.539568
0.65114 0.518856 0.546065
0.646007 0.523184 0.538654
0.63972 0.529189 0.533713
0.642891 0.537248 0.528714
0.634596 0.542493 0.530634
0.633886 0.539498 0.540148
0.633323 0.538527 0.550085
0.641334 0.538085 0.556053
0.636021 0.544531 0.550556
0.63949 0.538999 0.55813
0.639614 0.548994 0.55843
0.64848 0.553274 0.556675
0.641209 0.559579 0.559392
0.641139 0.568152 0.554245
0.631328 0.569998 0.553669
0.631205 0.564466 0.561998
0.637696 0.567671 0.555099
0.6304 0.564682 0.56125
0.628499 0.555353 0.564306
0.632034 0.557495 0.5552
0.636852 0.553202 0.547562
0.644881 0.559163 0.54767
0.652627 0.555865 0.553066
0.653838 0.547256 0.558007
0.646768 0.552787 0.562415
0.650511 0.56155 0.559382
0.658012 0.555053 0.558143
0.655872 0.559589 0.549491
0.654387 0.561852 0.559118
0.653296 0.556265 0.550897
0.643651 0.55377 0.551771
0.635567 0.54856 0.549033
0.625844 0.550273 0.550624
0.630714 0.557089 0.556086
0.633533 0.566663 0.555462
0.625239 0.571844 0.55755
0.621003 0.562787 0.557701
0.622474 0.565493 0.567215
0.615749 0.572815 0.566138
0.61314 0.575391 0.575441
0.610446 0.566246 0.572422
0.613407 0.567156 0.58193
0.604252 0.563621 0.583851
0.609905 0.562793 0.575644
0.619665 0.562264 0.573532
0.626383 0.56144 0.580893
0.636256 0.561785 0.582441
0.627318 0.566245 0.582901
0.621871 0.558114 0.580847
0.629158 0.563265 0.576333
0.630323 0.553728 0.573561
0.625039 0.547295 0.56802
0.616983 0.55256 0.565301
0.623972 0.557075 0.559753
0.61741 0.562403 0.554409
0.607712 0.561773 0.552052
0.598544 0.558806 0.54938
0.603201 0.552364 0.555447
0.607379 0.561282 0.55371
0.598198 0.565243 0.553564
0.594515 0.556739 0.557322
0.601164 0.562498 0.552565
0.595844 0.559143 0.544791
0.602559 0.55181 0.545852
0.605598 0.542524 0.547985
0.598972 0.547877 0.542746
0.600515 0.542039 0.550717
0.601193 0.542107 0.560694
0.609991 0.540162 0.565031
0.616634 0.534172 0.569502
0.616585 0.525987 0.575247
0.625563 0.521725 0.574139
0.62332 0.51404 0.580131
0.628052 0.520208 0.573841
0.637267 0.518965 0.570162
0.628529 0.515964 0.566335
0.631299 0.506376 0.565698
0.629688 0.504295 0.556051
0.623564 0.496462 0.554988
0.632956 0.499321 0.556891
0.627606 0.491055 0.555142
0.618501 0.4942 0.552456
0.620159 0.49542 0.562242
0.612779 0.496028 0.555521
0.615844 0.492802 0.564476
0.615753 0.494941 0.554708
0.621129 0.499286 0.561935
0.623447 0.490742 0.566585
0.621707 0.500055 0.569784
0.624256 0.500901 0.579417
0.622294 0.500733 0.589221
0.623769 0.49089 0.588254
0.630592 0.489077 0.581172
0.631744 0.481143 0.575195
0.632382 0.484603 0.584556
0.632891 0.491971 0.577814
0.631547 0.501853 0.577076
0.640964 0.498487 0.577158
0.640413 0.5084 0.578355
0.647996 0.502797 0.581686
0.652585 0.494419 0.578726
0.647561 0.487254 0.583566
0.643481 0.495315 0.587852
0.635281 0.493266 0.593196
0.643634 0.497648 0.596515
0.646971 0.502774 0.588604
0.652492 0.509381 0.59369
0.646643 0.504157 0.587485
0.648433 0.504793 0.597303
0.639621 0.508612 0.600088
0.631149 0.511967 0.59597
0.635369 0.505669 0.602491
0.62962 0.502087 0.595134
0.625063 0.494049 0.598958
0.631497 0.48974 0.592631
0.639908 0.491956 0.587698
0.643777 0.487121 0.59555
0.648147 0.483414 0.603745
0.646734 0.488121 0.595036
0.642776 0.482218 0.602071
0.635403 0.477877 0.596894
0.638497 0.469536 0.601461
0.635292 0.473529 0.592871
0.629048 0.481279 0.591892
0.62382 0.47276 0.591591
0.619926 0.480392 0.586434
0.612027 0.474343 0.585429
0.617559 0.466046 0.58618
0.608935 0.468529 0.581768
0.609782 0.473099 0.590622
0.617973 0.475978 0.585661
0.609698 0.479887 0.589692
0.602843 0.479872 0.596972
0.609608 0.47259 0.595872
0.611505 0.481808 0.592491
0.619257 0.487151 0.59586
0.621844 0.490609 0.586841
0.628594 0.486833 0.593179
0.63508 0.489682 0.586122
0.635127 0.48247 0.593049
0.627661 0.475821 0.592793
0.629562 0.484451 0.597475
0.635932 0.482291 0.590074
0.641178 0.477319 0.583163
0.644262 0.474768 0.592327
0.652299 0.470764 0.59673
0.647742 0.476151 0.589644
0.657219 0.476952 0.586557
0.666082 0.472444 0.58762
0.666414 0.47352 0.597557
0.673497 0.466849 0.595249
0.664264 0.4638 0.597586
0.661871 0.461774 0.607081
0.669085 0.467236 0.602827
0.675169 0.462831 0.596224
0.670436 0.456088 0.601893
0.664777 0.463807 0.60479
0.657182 0.470165 0.606169
0.651289 0.464325 0.600586
0.651348 0.460078 0.591533
0.651653 0.469666 0.588707
0.642111 0.472614 0.588212
0.635805 0.465809 0.591945
0.638073 0.47554 0.591543
0.639458 0.483769 0.597055
0.645252 0.491887 0.597781
0.64074 0.495918 0.589819
0.650596 0.496911 0.588455
0.655199 0.504692 0.58418
0.654538 0.510326 0.592416
0.657299 0.509897 0.582814
0.662442 0.517263 0.587206
0.653596 0.512649 0.586525
0.663439 0.51276 0.584761
0.656877 0.515321 0.577663
0.666634 0.517349 0.578492
0.660974 0.524269 0.574011
0.653075 0.521528 0.579496
0.643142 0.520378 0.57934
0.633206 0.519519 0.578618
0.627202 0.517988 0.586467
0.633303 0.519275 0.594285
0.630963 0.528926 0.595454
0.627266 0.537531 0.591948
0.61922 0.535878 0.597652
0.611298 0.541977 0.597442
0.606527 0.539824 0.605962
0.615499 0.536538 0.608916
0.612417 0.532907 0.617709
0.608015 0.541876 0.618142
0.604706 0.550955 0.620717
0.599029 0.558755 0.618088
0.591996 0.565832 0.618777
0.593271 0.568391 0.609195
0.594708 0.569953 0.618967
0.599376 0.562832 0.613724
0.592362 0.563629 0.620807
0.599596 0.565523 0.614167
0.59588 0.574804 0.614399
0.588865 0.581439 0.617001
0.582341 0.57885 0.609879
0.589289 0.585636 0.612258
0.58617 0.577904 0.617778
0.58656 0.568429 0.620953
0.58051 0.576184 0.619146
0.585736 0.573167 0.611171
0.583723 0.577238 0.602262
0.582235 0.577267 0.592373
0.576368 0.574363 0.584813
0.58609 0.575829 0.586639
0.583666 0.566656 0.58348
0.577668 0.559521 0.587101
0.577626 0.564304 0.595883
0.583132 0.563773 0.587552
0.579592 0.557178 0.580921
0.587212 0.55214 0.584989
0.595503 0.556886 0.582032
0.590848 0.565186 0.585107
0.595704 0.572488 0.580301
0.592757 0.581645 0.583033
0.598722 0.582113 0.57502
0.603785 0.584832 0.583204
0.601852 0.586693 0.592838
0.601424 0.577621 0.597024
0.604836 0.568583 0.594441
0.611952 0.562519 0.597989
0.609198 0.556742 0.590306
0.614639 0.56318 0.595687
0.613078 0.556948 0.588024
0.607989 0.5651 0.58526
0.601394 0.572145 0.582637
0.599458 0.562359 0.581947
0.605024 0.56918 0.586689
0.604069 0.567316 0.596467
0.602259 0.5765 0.592949
0.60694 0.5749 0.584258
0.612037 0.581773 0.579083
0.610544 0.590333 0.574133
0.610152 0.593945 0.583449
0.606024 0.588701 0.576002
0.599861 0.588824 0.583876
0.608165 0.59012 0.578457
0.608495 0.580293 0.580279
0.599513 0.577634 0.58378
0.593303 0.570783 0.587588
0.598801 0.571856 0.595872
0.607379 0.576674 0.59766
0.608835 0.580594 0.606744
0.618624 0.582582 0.607204
0.621125 0.572915 0.60666
0.615636 0.570881 0.614767
0.612077 0.57748 0.608151
0.603688 0.572621 0.610607
0.600225 0.56352 0.612882
0.610015 0.564046 0.614852
0.616702 0.556707 0.613656
0.616986 0.563412 0.62107
0.617603 0.561451 0.630857
0.618493 0.571108 0.633297
0.625818 0.565551 0.637231
0.626458 0.561566 0.628082
0.617898 0.561834 0.622919
0.622477 0.565744 0.630903
0.623244 0.556069 0.628495
0.63067 0.551597 0.623508
0.637132 0.558677 0.626355
0.634521 0.568138 0.628272
0.629839 0.576879 0.626974
0.637735 0.576008 0.6209
0.637908 0.585483 0.617708
0.644277 0.587723 0.625085
0.653655 0.58655 0.621816
0.647857 0.581387 0.615513
0.645442 0.573056 0.620489
0.647602 0.582761 0.62156
0.64818 0.572898 0.623107
0.652096 0.580183 0.628728
0.654344 0.581728 0.638349
0.651185 0.578495 0.647269
0.648779 0.573346 0.655497
0.639763 0.570444 0.65229
0.632735 0.563393 0.653232
0.634034 0.572622 0.649609
0.637665 0.569995 0.640669
0.630912 0.57623 0.636729
0.631254 0.577381 0.626801
0.624396 0.584575 0.627907
0.62044 0.593204 0.624763
0.620602 0.584189 0.620438
0.623959 0.582687 0.629738
0.622943 0.592133 0.632857
0.619468 0.593616 0.623598
0.621764 0.598944 0.615453
0.629631 0.605094 0.615991
0.631555 0.613642 0.611172
0.630237 0.604169 0.614092
0.62758 0.613658 0.615794
0.622173 0.608873 0.608875
0.615404 0.610053 0.61614
0.618025 0.600803 0.613388
0.609759 0.597069 0.609178
0.604497 0.593673 0.601382
0.601637 0.603255 0.601314
0.607337 0.611136 0.598986
0.602099 0.602875 0.596906
0.603001 0.592922 0.59655
0.59473 0.59392 0.602082
0.590803 0.599914 0.609056
0.591473 0.609864 0.609801
0.581499 0.609396 0.609252
0.591498 0.609326 0.609155
0.583872 0.61116 0.602951
0.576778 0.608139 0.609319
0.585384 0.606643 0.614188
0.591938 0.603229 0.620925
0.596866 0.608446 0.613961
0.594935 0.600018 0.618985
0.597283 0.605812 0.61118
0.605735 0.602209 0.615129
0.613269 0.608784 0.615123
0.603516 0.609619 0.617168
0.609165 0.604991 0.624001
0.603879 0.611534 0.618592
0.610446 0.616089 0.612581
0.616424 0.608378 0.610388
0.619437 0.601432 0.603856
0.617854 0.605058 0.61304
0.624984 0.611613 0.610549
0.616279 0.611488 0.605629
0.623331 0.605118 0.60874
0.617682 0.61267 0.605416
0.60809 0.612143 0.608192
0.599267 0.611587 0.612866
0.593051 0.608435 0.620038
0.585006 0.608941 0.61412
0.586981 0.61849 0.616337
0.584422 0.618319 0.626003
0.590639 0.624034 0.620647
0.582463 0.625314 0.62626
0.584921 0.634653 0.628856
0.587964 0.641788 0.635168
0.58369 0.633364 0.631885
0.592022 0.627945 0.632979
0.588767 0.63678 0.636347
0.597684 0.63291 0.633999
0.606797 0.635097 0.630511
0.603346 0.633142 0.621331
0.599133 0.624239 0.619603
0.605652 0.616699 0.620409
0.605531 0.622453 0.628587
0.606724 0.630773 0.623168
0.601612 0.625799 0.616159
0.605842 0.628105 0.624922
0.607557 0.618755 0.628027
0.603278 0.618163 0.637045
0.596363 0.611586 0.634055
0.592534 0.614266 0.642896
0.58999 0.60637 0.648479
0.580998 0.609448 0.651589
0.578978 0.617819 0.656673
0.574244 0.613651 0.664433
0.575597 0.621196 0.658012
0.566814 0.625977 0.658007
0.562901 0.635177 0.658227
0.553594 0.637084 0.655104
0.562543 0.637804 0.659509
0.566608 0.628695 0.660219
0.5606 0.633039 0.66693
0.555557 0.637628 0.659615
0.547683 0.631568 0.660739
0.540525 0.63855 0.660864
0.53306 0.640214 0.667306
0.537656 0.63195 0.664052
0.538432 0.636759 0.672785
0.538208 0.635377 0.662884
0.541629 0.628584 0.669377
0.538962 0.619257 0.66695
0.531477 0.621805 0.660829
0.533606 0.618544 0.651619
0.533863 0.610908 0.645167
0.526811 0.604026 0.643461
0.522679 0.597602 0.637007
0.53062 0.601378 0.632244
0.531813 0.611091 0.630188
0.53591 0.602129 0.631888
0.534647 0.608756 0.639269
0.533704 0.599363 0.642566
0.528268 0.607166 0.64566
0.535703 0.606477 0.639007
0.545225 0.603446 0.639389
0.55314 0.608583 0.6427
0.552401 0.610494 0.652487
0.550734 0.620354 0.652608
0.541019 0.619711 0.650323
0.543301 0.613525 0.642804
0.548499 0.604982 0.642823
0.543398 0.599087 0.649087
0.550825 0.594876 0.643879
0.542737 0.600665 0.644914
0.536007 0.608059 0.644702
0.543734 0.611204 0.650217
0.537437 0.617268 0.655074
0.542987 0.61267 0.662007
0.548244 0.611589 0.670444
0.554864 0.619013 0.669414
0.558537 0.61315 0.662193
0.564201 0.609321 0.654896
0.571072 0.604182 0.660032
0.561862 0.603914 0.656145
0.567939 0.606034 0.648491
0.56443 0.611744 0.655914
0.558274 0.604612 0.659265
0.557168 0.594953 0.661606
0.560446 0.596835 0.652348
0.56824 0.590708 0.653658
0.577025 0.591782 0.649004
0.568017 0.593932 0.645232
0.571587 0.584878 0.647528
0.566573 0.580567 0.640026
0.566773 0.583709 0.649518
0.572325 0.576022 0.646342
0.568357 0.584443 0.642688
0.558592 0.585437 0.644597
0.553809 0.594212 0.644235
0.55778 0.588133 0.637359
0.561781 0.58158 0.630952
0.562461 0.590429 0.626344
0.571358 0.58839 0.622258
0.570949 0.596549 0.61649
0.577196 0.596844 0.608687
0.573989 0.588941 0.603467
0.583537 0.590484 0.600926
0.587273 0.599675 0.599674
0.588278 0.609284 0.597095
0.594936 0.604117 0.591713
0.586725 0.603397 0.597374
0.578033 0.601452 0.592826
0.569201 0.5994 0.597042
0.56449 0.605187 0.590385
0.556044 0.608023 0.594927
0.552754 0.615744 0.589489
0.54646 0.61337 0.58209
0.554571 0.615368 0.587587
0.549882 0.60677 0.589606
0.541447 0.611752 0.587599
0.533653 0.617408 0.590295
0.540285 0.610938 0.594058
0.541474 0.601279 0.596355
0.54071 0.591342 0.595532
0.535239 0.593695 0.587499
0.543656 0.598495 0.585027
0.538629 0.59004 0.583226
0.534587 0.581957 0.578944
0.525937 0.57889 0.574974
0.530091 0.586812 0.570503
0.532676 0.596471 0.570623
0.533486 0.597169 0.580565
0.533794 0.607073 0.581912
0.542591 0.607616 0.577188
0.54535 0.600036 0.571277
0.548937 0.609367 0.571033
0.546884 0.607822 0.561369
0.549142 0.606726 0.551689
0.549899 0.597758 0.556047
0.554208 0.591641 0.549412
0.551462 0.588867 0.540206
0.549285 0.586857 0.549757
0.544339 0.594981 0.552845
0.538759 0.598086 0.560541
0.533797 0.603716 0.553932
0.53553 0.611592 0.548018
0.542483 0.617462 0.543871
0.551405 0.61359 0.546198
0.556151 0.610741 0.53787
0.556931 0.609779 0.527947
0.551714 0.604956 0.534984
0.545821 0.60678 0.542854
0.55567 0.608508 0.542937
0.55573 0.611707 0.533463
0.564805 0.615744 0.53463
0.562151 0.621584 0.542302
0.563842 0.615857 0.550323
0.56754 0.624933 0.548339
0.569635 0.632428 0.542059
0.575311 0.630237 0.534122
0.577971 0.639599 0.531825
0.57583 0.637641 0.522255
0.577285 0.632377 0.530632
0.573003 0.628399 0.538746
0.56751 0.622433 0.544597
0.56314 0.613439 0.544763
0.560898 0.608117 0.536599
0.561179 0.603038 0.545209
0.56017 0.600465 0.554819
0.554203 0.593205 0.558238
0.548313 0.585927 0.561751
0.551796 0.595145 0.560049
0.548456 0.604169 0.562772
0.54007 0.602739 0.568028
0.533123 0.598179 0.573591
0.53699 0.605131 0.57965
0.541857 0.61156 0.585566
0.546045 0.607849 0.577278
0.55267 0.613695 0.572595
0.552533 0.6084 0.581077
0.549956 0.60273 0.5889
0.556687 0.6011 0.581686
0.549134 0.594661 0.580465
0.547495 0.597098 0.570906
0.543056 0.593962 0.5793
0.54949 0.589294 0.573232
0.543947 0.59403 0.580077
0.536252 0.598897 0.584212
0.536137 0.590358 0.579008
0.526712 0.587112 0.578215
0.521511 0.578582 0.578632
0.519851 0.568742 0.577981
0.513474 0.574321 0.583291
0.517848 0.568186 0.589867
0.519537 0.562333 0.597796
0.527189 0.561648 0.591395
0.53102 0.568899 0.597118
0.527017 0.574575 0.589923
0.518853 0.577164 0.584762
0.512506 0.582714 0.579384
0.504091 0.577513 0.577923
0.506227 0.570424 0.571201
0.49856 0.57411 0.576458
0.502527 0.564932 0.576273
0.50655 0.571765 0.570179
0.499118 0.566361 0.566233
0.497284 0.558479 0.572108
0.500379 0.550517 0.577306
0.493788 0.553328 0.57033
0.503307 0.552103 0.567521
0.495766 0.555408 0.573196
0.495817 0.565153 0.57095
0.49397 0.572395 0.564306
0.491658 0.573702 0.573947
0.487759 0.571865 0.58297
0.49103 0.565185 0.576286
0.495227 0.557112 0.572136
0.486931 0.562243 0.56993
0.495431 0.56453 0.565184
0.49562 0.555627 0.560634
0.494315 0.565361 0.562521
0.493658 0.555543 0.560734
0.493183 0.564677 0.564778
0.491411 0.574439 0.566026
0.484402 0.578227 0.572069
0.47478 0.577507 0.569444
0.482558 0.576577 0.563228
0.490574 0.571244 0.56593
0.493859 0.578217 0.55956
0.489403 0.569704 0.556793
0.49363 0.560648 0.556438
0.489676 0.56699 0.549794
0.485224 0.565308 0.540999
0.475964 0.568604 0.542841
0.479784 0.572118 0.534293
0.487987 0.566584 0.53574
0.496746 0.566933 0.540551
0.495208 0.570827 0.549633
0.500812 0.56277 0.551552
0.490944 0.561962 0.552957
0.49768 0.569114 0.554823
0.495287 0.577498 0.559721
0.491047 0.569035 0.556495
0.500745 0.566617 0.556814
0.49454 0.574457 0.556996
0.499934 0.576982 0.548963
0.494557 0.585362 0.549896
0.49467 0.591201 0.541779
0.49445 0.584226 0.548941
0.493258 0.586932 0.558493
0.484694 0.587011 0.55333
0.494251 0.587395 0.550411
0.49332 0.589545 0.540689
0.497513 0.587442 0.531857
0.500453 0.585228 0.541155
0.505641 0.583465 0.54952
0.502013 0.583621 0.558837
0.500801 0.582834 0.568733
0.503694 0.577577 0.576732
0.496864 0.584308 0.573895
0.498967 0.585668 0.564214
0.499217 0.586608 0.574166
0.491997 0.589926 0.568094
0.497939 0.590026 0.560052
0.504257 0.597661 0.561391
0.50611 0.602382 0.570009
0.496151 0.60314 0.569509
0.489475 0.598347 0.563813
0.498534 0.602572 0.563545
0.490741 0.601643 0.557347
0.480998 0.603851 0.556901
0.47636 0.611042 0.562075
0.48548 0.612102 0.558111
0.482334 0.610402 0.56745
0.476265 0.618098 0.565462
0.470198 0.611092 0.569219
0.463491 0.61236 0.561911
0.463077 0.614257 0.57172
0.465827 0.611292 0.562574
0.45947 0.608525 0.555368
0.461406 0.612291 0.564427
0.460664 0.620864 0.569522
0.4508 0.619419 0.570308
0.447204 0.622189 0.561397
0.449132 0.625605 0.570596
0.458014 0.62984 0.572379
0.458649 0.620531 0.575977
0.449218 0.622668 0.578523
0.457276 0.618151 0.582353
0.453039 0.622211 0.574256
0.452814 0.621645 0.584237
0.446899 0.614299 0.58756
0.447469 0.615345 0.577632
0.451396 0.623734 0.573864
0.445606 0.631671 0.575736
0.436375 0.635487 0.576205
0.432198 0.629059 0.582626
0.433459 0.638066 0.586783
0.432243 0.645154 0.579833
0.429414 0.639313 0.572225
0.419641 0.638537 0.570256
0.423692 0.644705 0.577005
0.422664 0.639735 0.568389
0.422945 0.647332 0.561893
0.413944 0.643452 0.55991
0.406356 0.647422 0.565073
0.415102 0.642573 0.56501
0.407292 0.641074 0.558947
0.410336 0.636856 0.550407
0.413214 0.630477 0.543263
0.422943 0.629759 0.541063
0.413408 0.6271 0.542486
0.411502 0.629844 0.53306
0.409145 0.626934 0.523788
0.413071 0.62264 0.531922
0.418198 0.628799 0.537904
0.414523 0.623079 0.545237
0.412648 0.632556 0.542655
0.412762 0.627928 0.551519
0.403701 0.632093 0.55078
0.400328 0.623216 0.553914
0.404455 0.621543 0.562868
0.397391 0.61744 0.5571
0.38806 0.620905 0.558057
0.384594 0.62733 0.551223
0.37986 0.622984 0.543561
0.385917 0.616463 0.539001
0.386036 0.613542 0.548564
0.377389 0.618563 0.548411
0.384076 0.622482 0.542092
0.388103 0.631579 0.54311
0.390556 0.632096 0.53343
0.392675 0.64186 0.532998
0.398001 0.649441 0.529236
0.396078 0.657649 0.523858
0.401107 0.649096 0.522611
0.404368 0.640389 0.526292
0.40161 0.649577 0.529118
0.397969 0.657353 0.534244
0.399689 0.659507 0.543856
0.398941 0.657752 0.53404
0.396797 0.66742 0.532645
0.397447 0.675315 0.526543
0.402095 0.666532 0.527662
0.403979 0.67234 0.519741
0.39643 0.666569 0.516623
0.391165 0.670308 0.508988
0.395101 0.67583 0.501638
0.396954 0.681017 0.493292
0.389116 0.686539 0.496132
0.380794 0.691964 0.494985
0.373383 0.695722 0.489422
0.379851 0.688211 0.490739
0.381844 0.687022 0.500466
0.372883 0.68937 0.496701
0.368464 0.685052 0.504564
0.363127 0.681068 0.497105
0.356125 0.675465 0.50153
0.362466 0.66831 0.498598
0.356433 0.6712 0.491164
0.359799 0.661914 0.492728
0.350752 0.661491 0.496966
0.348683 0.65559 0.50477
0.35181 0.65334 0.495542
0.34387 0.647863 0.492905
0.346999 0.65667 0.496461
0.35231 0.654746 0.488209
0.358254 0.651757 0.480743
0.362562 0.648651 0.489216
0.36306 0.639879 0.48444
0.355543 0.639784 0.477845
0.35834 0.630763 0.474559
0.358922 0.631096 0.484536
0.366783 0.63486 0.489438
0.372426 0.634755 0.481183
0.376 0.64236 0.475761
0.379661 0.633395 0.478256
0.385208 0.639448 0.472548
0.39211 0.633416 0.476546
0.384861 0.635841 0.482994
0.376651 0.630434 0.481159
0.383262 0.627385 0.488015
0.378822 0.622253 0.48067
0.376471 0.625796 0.471619
0.370997 0.629349 0.479196
0.376544 0.635018 0.473105
0.378653 0.629996 0.481492
0.37219 0.636056 0.48613
0.378145 0.628588 0.483168
0.386876 0.628997 0.488027
0.380119 0.626168 0.494835
0.378452 0.616957 0.491316
0.379994 0.607095 0.491919
0.380856 0.600364 0.499264
0.382221 0.60979 0.50231
0.39043 0.615018 0.50461
0.386631 0.613908 0.513794
0.380298 0.60837 0.519199
0.389638 0.604834 0.518686
0.39336 0.595646 0.520001
0.397435 0.595056 0.529114
0.401791 0.588967 0.522485
0.396655 0.580387 0.522598
0.403758 0.586529 0.51916
0.413668 0.585264 0.519612
0.420106 0.592915 0.519704
0.427461 0.599128 0.522404
0.435366 0.601608 0.528004
0.430663 0.593476 0.524575
0.428885 0.595631 0.514973
0.43049 0.605499 0.514806
0.421134 0.607397 0.511829
0.414348 0.614742 0.511927
0.411138 0.620253 0.519629
0.410246 0.629013 0.51489
0.405025 0.624754 0.522279
0.399341 0.624663 0.530505
0.405063 0.631124 0.535557
0.414519 0.634272 0.534734
0.410695 0.637643 0.526131
0.414587 0.646598 0.528289
0.409928 0.655233 0.526357
0.405617 0.663322 0.530355
0.413949 0.657875 0.531309
0.409988 0.650288 0.526137
0.40839 0.640476 0.525055
0.399735 0.635904 0.5271
0.403578 0.627133 0.524216
0.409453 0.621863 0.518076
0.410263 0.627945 0.525973
0.402846 0.634542 0.52718
0.412205 0.632987 0.524021
0.419342 0.626907 0.520543
0.423017 0.618572 0.516417
0.431527 0.618652 0.511166
0.437116 0.611605 0.506795
0.443652 0.607133 0.512902
0.442544 0.610741 0.522163
0.436675 0.618735 0.520881
0.441237 0.620752 0.529548
0.450276 0.616473 0.529499
0.440711 0.616015 0.532381
0.440214 0.610959 0.523768
0.444357 0.6182 0.529281
0.439468 0.609486 0.528869
0.432006 0.60285 0.529392
0.422765 0.603325 0.5256
0.41372 0.604783 0.521593
0.412473 0.60982 0.513045
0.406223 0.609875 0.50524
0.405177 0.602152 0.511506
0.398915 0.605352 0.518615
0.4034 0.599611 0.511765
0.401084 0.59584 0.520732
0.405304 0.603915 0.516613
0.412409 0.600613 0.522828
0.413359 0.591072 0.519989
0.411568 0.600891 0.51937
0.40359 0.595854 0.516056
0.413377 0.597401 0.517406
0.4063 0.593399 0.511583
0.399063 0.591226 0.505033
0.407943 0.594573 0.501882
0.401736 0.588605 0.506966
0.404051 0.592643 0.498115
0.411657 0.599127 0.497784
0.40792 0.608378 0.497108
0.413307 0.603885 0.504236
0.410505 0.610454 0.511236
0.415876 0.615245 0.504293
0.406395 0.613203 0.506729
0.399466 0.611378 0.499753
0.393558 0.619396 0.498861
0.399502 0.611734 0.496422
0.403646 0.604205 0.501537
0.397512 0.609748 0.49591
0.392364 0.617962 0.498364
0.388702 0.608657 0.498401
0.395296 0.611627 0.505307
0.399662 0.618826 0.499912
0.401639 0.621558 0.490498
0.399491 0.627416 0.498312
0.400918 0.633329 0.490375
0.40006 0.633963 0.480432
0.390592 0.63634 0.478263
0.38847 0.628771 0.484443
0.398338 0.629979 0.485519
0.397676 0.621486 0.480283
0.396157 0.618784 0.48979
0.393369 0.6103 0.49429
0.390159 0.611016 0.503734
0.390736 0.604433 0.511239
0.390109 0.612757 0.505733
0.391358 0.621844 0.501751
0.397237 0.623268 0.509714
0.398131 0.632418 0.513647
0.40202 0.62675 0.506384
0.394262 0.627202 0.512678
0.403944 0.624702 0.512818
0.394031 0.625381 0.511683
0.399827 0.621513 0.518856
0.409525 0.619302 0.519887
0.419341 0.618176 0.521424
0.412282 0.621074 0.514962
0.408275 0.629501 0.511366
0.407362 0.630445 0.501453
0.405337 0.633175 0.492048
0.399522 0.625442 0.494574
0.40213 0.633058 0.500506
0.394205 0.639134 0.499988
0.389105 0.638759 0.508581
0.390534 0.630517 0.503101
0.397875 0.635288 0.507934
0.402564 0.63385 0.49922
0.411263 0.637653 0.496078
0.408319 0.641432 0.4873
0.399438 0.642233 0.482775
0.404698 0.636397 0.476588
0.410077 0.636222 0.46816
0.409621 0.629369 0.475428
0.418546 0.624872 0.475766
0.428461 0.624907 0.474468
0.434776 0.617844 0.477668
0.433159 0.614989 0.468221
0.439781 0.621697 0.47156
0.433082 0.626836 0.466202
0.434327 0.63187 0.474752
0.443843 0.634896 0.475286
0.450777 0.64102 0.47149
0.45615 0.634998 0.465585
0.454786 0.639813 0.474243
0.451886 0.632972 0.467551
0.443493 0.63737 0.464355
0.441657 0.646086 0.4689
0.435146 0.652292 0.464531
0.440265 0.644217 0.461598
0.440044 0.643108 0.451662
0.442097 0.646146 0.442359
0.450829 0.648321 0.437998
0.440892 0.647593 0.437145
0.444067 0.656477 0.440463
0.437488 0.649363 0.43799
0.429507 0.646051 0.432958
0.432441 0.639406 0.426085
0.422925 0.639625 0.429151
0.421656 0.642529 0.438635
0.416297 0.63737 0.445318
0.406791 0.639667 0.443229
0.414261 0.645072 0.447099
0.420669 0.637567 0.448716
0.412411 0.640919 0.453249
0.402603 0.641419 0.455139
0.398265 0.642659 0.464063
0.397073 0.632745 0.464603
0.396959 0.637514 0.473392
0.39232 0.641681 0.48121
0.399837 0.635754 0.484103
0.401255 0.641863 0.476314
0.3964 0.633881 0.472751
0.395949 0.64354 0.470203
0.393414 0.643795 0.479873
0.391859 0.63589 0.485797
0.392908 0.630503 0.494157
0.402725 0.630456 0.496062
0.395347 0.624446 0.492989
0.388281 0.617479 0.494231
0.390095 0.626166 0.489621
0.383073 0.619158 0.488368
0.379426 0.615533 0.479792
0.378698 0.605568 0.479396
0.372888 0.613693 0.478904
0.378713 0.606483 0.48266
0.386915 0.601142 0.48061
0.390975 0.592004 0.480662
0.382152 0.596569 0.481808
0.385434 0.592117 0.490139
0.38789 0.5992 0.496756
0.396199 0.593893 0.49508
0.401284 0.59558 0.503524
0.396432 0.595927 0.512261
0.40296 0.591377 0.518318
0.405012 0.601163 0.51811
0.407994 0.604276 0.527133
0.399866 0.603542 0.532912
0.397246 0.594668 0.529118
0.394271 0.589491 0.53714
0.386706 0.594413 0.541446
0.385128 0.587137 0.53477
0.388463 0.578751 0.539078
0.39509 0.584809 0.543481
0.391979 0.584287 0.533992
0.391315 0.585036 0.524042
0.399379 0.58236 0.529315
0.393832 0.574196 0.530917
0.390503 0.572535 0.521635
0.381093 0.575287 0.519667
0.384091 0.578848 0.528517
0.374831 0.578625 0.524748
0.368231 0.5731 0.519657
0.366173 0.571352 0.510029
0.364227 0.571724 0.500227
0.373181 0.57455 0.496785
0.372492 0.575428 0.486848
0.366947 0.568269 0.491091
0.373811 0.57053 0.484179
0.368818 0.577774 0.488932
0.364698 0.585552 0.484185
0.357189 0.582021 0.489765
0.358286 0.590398 0.495113
0.367196 0.586082 0.493708
0.357198 0.585955 0.493567
0.357216 0.594873 0.489041
0.353711 0.599255 0.480764
0.356021 0.589651 0.479204
0.356182 0.582732 0.486423
0.363572 0.577743 0.481896
0.368318 0.586137 0.484546
0.360767 0.592048 0.481709
0.367321 0.584923 0.484216
0.358741 0.589324 0.486864
0.365445 0.583279 0.48256
0.363121 0.592603 0.479792
0.367354 0.586244 0.473339
0.37456 0.590445 0.467823
0.379451 0.597096 0.473465
0.371689 0.603394 0.473156
0.370762 0.597024 0.465503
0.362798 0.591051 0.466452
0.367744 0.589115 0.457979
0.361778 0.590711 0.465844
0.353523 0.596254 0.464784
0.359753 0.602511 0.469478
0.355892 0.611607 0.471013
0.359294 0.609878 0.480256
0.36858 0.610618 0.476621
0.371721 0.620098 0.477149
0.379633 0.614144 0.475753
0.37803 0.606438 0.481922
0.374743 0.597175 0.483763
0.375244 0.606331 0.479773
0.37935 0.609438 0.471201
0.37275 0.602607 0.474328
0.363303 0.604283 0.477147
0.367881 0.613039 0.475604
0.358951 0.611139 0.471524
0.357858 0.617201 0.479402
0.3576 0.615703 0.469519
0.355716 0.622173 0.462129
0.351415 0.613352 0.460209
0.349468 0.623155 0.460525
0.354683 0.621052 0.468795
0.350361 0.612058 0.468145
0.345125 0.603538 0.468183
0.34071 0.595799 0.472724
0.345394 0.600748 0.480043
0.344053 0.610624 0.479234
0.338289 0.618767 0.478545
0.336387 0.628176 0.475743
0.346162 0.626269 0.476643
0.336621 0.627651 0.473985
0.346534 0.628659 0.474838
0.353643 0.621851 0.473075
0.363109 0.619889 0.470518
0.358812 0.618982 0.461534
0.366111 0.625468 0.463691
0.358271 0.631578 0.46259
0.368183 0.630885 0.461462
0.359522 0.635531 0.459617
0.356184 0.644946 0.460084
0.360705 0.65265 0.46458
0.360081 0.661172 0.459387
0.354579 0.669445 0.460526
0.363519 0.67123 0.456416
0.362573 0.661435 0.454633
0.366158 0.657842 0.446017
0.369345 0.648819 0.448921
0.372954 0.639509 0.448372
0.371409 0.63133 0.453915
0.372891 0.636047 0.445222
0.368766 0.627515 0.448415
0.368511 0.637138 0.44571
0.363923 0.645729 0.44344
0.367585 0.645969 0.452742
0.375169 0.640499 0.449195
0.377403 0.632803 0.455175
0.369201 0.635509 0.450135
0.363677 0.641878 0.455513
0.354229 0.644955 0.456637
0.359588 0.636581 0.457706
0.358661 0.631246 0.449299
0.354915 0.632468 0.440107
0.348026 0.639393 0.437965
0.350296 0.648968 0.439739
0.350749 0.655668 0.432329
0.355545 0.664409 0.433101
0.350304 0.662618 0.441428
0.350598 0.664993 0.451137
0.351657 0.656083 0.45555
0.357381 0.648065 0.457267
0.350183 0.654174 0.453972
0.349607 0.651469 0.444362
0.346853 0.65069 0.453944
0.340897 0.647012 0.446803
0.331107 0.645634 0.445299
0.330325 0.644463 0.455199
0.328001 0.642715 0.445631
0.320079 0.648072 0.442709
0.317803 0.655424 0.449094
0.315528 0.665157 0.448762
0.322394 0.661935 0.45528
0.318786 0.654308 0.449913
0.324587 0.648636 0.444067
0.32403 0.639074 0.441194
0.316313 0.633085 0.443337
0.306686 0.630819 0.44186
0.312588 0.638086 0.445375
0.313217 0.636891 0.455284
0.308203 0.643956 0.460278
0.301621 0.636529 0.46151
0.296489 0.638685 0.469818
0.300245 0.640435 0.460716
0.29703 0.64883 0.456336
0.291486 0.653952 0.449776
0.297269 0.654992 0.457867
0.293088 0.663456 0.461166
0.297606 0.667043 0.469334
0.297231 0.671516 0.460398
0.304686 0.672321 0.467014
0.3048 0.662322 0.466945
0.306503 0.671879 0.464546
0.307516 0.681787 0.465451
0.301643 0.677417 0.472264
0.310423 0.681067 0.469168
0.314418 0.681604 0.460016
0.309044 0.677395 0.467324
0.300838 0.676279 0.472928
0.309772 0.676179 0.468437
0.316744 0.669068 0.467526
0.313383 0.659707 0.468562
0.323201 0.660872 0.470057
0.320389 0.651276 0.469924
0.319747 0.659295 0.463983
0.327662 0.65388 0.466816
0.321916 0.645739 0.465965
0.321872 0.645035 0.475941
0.319893 0.646242 0.485668
0.318902 0.647431 0.475789
0.311474 0.653425 0.47877
0.302776 0.658132 0.480251
0.305833 0.65772 0.470738
0.304454 0.658388 0.460856
0.304555 0.657752 0.450877
0.301852 0.660912 0.441783
0.299785 0.655086 0.449643
0.29572 0.658427 0.458147
0.296625 0.660733 0.467835
0.303885 0.654503 0.470748
0.310999 0.661076 0.473233
0.313376 0.658422 0.463889
0.315211 0.665487 0.457055
0.31541 0.659236 0.464858
0.306833 0.664377 0.46498
0.300336 0.671972 0.464654
0.296963 0.674483 0.455581
0.294203 0.664904 0.454793
0.292247 0.67471 0.454637
0.291557 0.66684 0.460769
0.293653 0.674383 0.454547
0.298304 0.678726 0.446833
0.299402 0.683412 0.438067
0.302435 0.689189 0.445646
0.299128 0.690588 0.454979
0.30439 0.694058 0.447215
0.296539 0.700006 0.448946
0.302199 0.706178 0.454411
0.311053 0.704074 0.450266
0.315047 0.709933 0.443215
0.308596 0.714418 0.449401
0.315207 0.71521 0.456862
0.311539 0.714408 0.447594
0.307672 0.717458 0.456297
0.312163 0.708569 0.455402
0.320491 0.706097 0.460355
0.312747 0.708124 0.454363
0.318875 0.702379 0.459787
0.317841 0.699891 0.469418
0.322524 0.706711 0.4638
0.318537 0.700473 0.457078
0.318264 0.69878 0.447226
0.316101 0.689019 0.447447
0.316783 0.679094 0.446435
0.313425 0.672402 0.453064
0.322613 0.676304 0.452473
0.324142 0.67967 0.443181
0.331484 0.684068 0.438009
0.32633 0.68291 0.4465
0.330214 0.688864 0.439467
0.326995 0.692965 0.448
0.330636 0.694501 0.438814
0.324291 0.693676 0.446498
0.318805 0.685412 0.447762
0.322966 0.694319 0.449592
0.315457 0.689595 0.454207
0.308436 0.689738 0.461326
0.307933 0.697958 0.455653
0.298681 0.695312 0.458372
0.290066 0.700056 0.456559
0.284182 0.701794 0.448662
0.287098 0.693033 0.444823
0.279959 0.687595 0.440412
0.271971 0.681583 0.440188
0.265921 0.67394 0.437955
0.269778 0.669703 0.429759
0.259956 0.66803 0.42891
0.261722 0.67755 0.42641
0.252009 0.679925 0.426532
0.261081 0.680016 0.430739
0.260483 0.671017 0.42642
0.2531 0.676485 0.422472
0.262744 0.679121 0.422677
0.267221 0.672333 0.428498
0.276546 0.669345 0.42647
0.277881 0.678821 0.429372
0.282725 0.672055 0.434917
0.280018 0.666045 0.442437
0.276871 0.673492 0.436552
0.279729 0.665933 0.430662
0.276464 0.669148 0.421774
0.27055 0.663056 0.41649
0.274969 0.661349 0.407683
0.270987 0.66835 0.401756
0.270161 0.668814 0.411711
0.278184 0.663418 0.414261
0.273814 0.672261 0.412619
0.282966 0.668683 0.410761
0.27961 0.673024 0.419121
0.271138 0.667859 0.420359
0.269444 0.66124 0.427661
0.265127 0.669761 0.430619
0.267944 0.660441 0.432898
0.271322 0.669216 0.436303
0.274474 0.676349 0.442562
0.267848 0.673092 0.449306
0.277069 0.669227 0.449095
0.273699 0.659836 0.449767
0.278644 0.668515 0.450238
0.280916 0.67353 0.44189
0.283928 0.674907 0.451325
0.291587 0.678966 0.446339
0.298527 0.685947 0.444579
0.298214 0.675965 0.445075
0.289765 0.676789 0.450359
0.288217 0.677897 0.440542
0.288973 0.669412 0.44578
0.293884 0.677565 0.44271
0.297231 0.668684 0.439558
0.298483 0.667197 0.449367
0.296518 0.657393 0.449491
0.29394 0.648021 0.45184
0.301649 0.65433 0.450971
0.293008 0.652543 0.455674
0.298418 0.64483 0.452321
0.296312 0.641552 0.461531
0.29828 0.633087 0.466478
0.292696 0.641037 0.464109
0.297838 0.63817 0.456026
0.296038 0.635326 0.446609
0.301919 0.641186 0.441036
0.304058 0.634409 0.434001
0.313615 0.637337 0.434317
0.323245 0.639094 0.432274
0.323917 0.633463 0.424037
0.33287 0.630295 0.427169
0.334986 0.632499 0.417647
0.330922 0.628004 0.425602
0.334604 0.619636 0.429653
0.326061 0.616034 0.425907
0.320074 0.608417 0.42343
0.316323 0.603251 0.431127
0.31075 0.59743 0.437048
0.301701 0.598901 0.433054
0.30129 0.593351 0.424745
0.299187 0.590771 0.434174
0.291698 0.589043 0.427777
0.297004 0.594958 0.433848
0.299042 0.602133 0.440508
0.301758 0.594323 0.434884
0.301459 0.599682 0.443322
0.311201 0.601399 0.441857
0.30281 0.602867 0.447095
0.310465 0.598274 0.44259
0.304503 0.602741 0.449261
0.304766 0.61168 0.453735
0.307464 0.610872 0.46333
0.309116 0.612567 0.453614
0.313952 0.615888 0.445516
0.323624 0.613587 0.444444
0.328756 0.61732 0.452173
0.336479 0.623633 0.451458
0.335329 0.617971 0.45962
0.329958 0.61541 0.451583
0.3321 0.61534 0.46135
0.327964 0.60899 0.454826
0.328245 0.608335 0.444851
0.332171 0.615943 0.439684
0.330379 0.622717 0.446818
0.338958 0.622348 0.441694
0.337471 0.616565 0.433672
0.328509 0.614955 0.437805
0.326576 0.612431 0.447286
0.324585 0.602885 0.449504
0.330157 0.597687 0.443029
0.327415 0.607041 0.440799
0.333783 0.613142 0.436084
0.33995 0.611602 0.443803
0.340476 0.60436 0.436928
0.34325 0.601477 0.427763
0.346738 0.609706 0.432248
0.340299 0.615168 0.437606
0.339427 0.624795 0.435047
0.337725 0.632733 0.440886
0.334124 0.640573 0.445942
0.328072 0.646564 0.4407
0.33017 0.655881 0.437736
0.331581 0.660212 0.428834
0.329383 0.656095 0.437678
0.324606 0.661475 0.444624
0.332771 0.666802 0.446849
0.331097 0.672751 0.454711
0.326053 0.664254 0.456243
0.332902 0.657115 0.457699
0.335494 0.656341 0.448072
0.335631 0.664809 0.453389
0.332487 0.671365 0.446524
0.338539 0.678816 0.44372
0.339028 0.670667 0.437944
0.34295 0.671702 0.428803
0.33832 0.675763 0.436683
0.341133 0.667491 0.441548
0.349753 0.669755 0.446083
0.346494 0.669947 0.436631
0.341141 0.677175 0.43226
0.334486 0.676024 0.439635
0.331961 0.66701 0.436117
0.337962 0.67056 0.443285
0.341189 0.666103 0.451634
0.338433 0.66466 0.442131
0.337732 0.663024 0.451971
0.331763 0.655546 0.454879
0.323708 0.650065 0.452625
0.333401 0.652171 0.453893
0.328839 0.650255 0.462583
0.324277 0.653623 0.47082
0.330813 0.648138 0.476034
0.331811 0.65337 0.484498
0.326809 0.657328 0.476796
0.332331 0.65897 0.468622
0.324435 0.654428 0.472748
0.322981 0.645278 0.468986
0.32662 0.637375 0.464055
0.331024 0.632931 0.471856
0.325412 0.636401 0.464342
0.324734 0.630153 0.47212
0.320909 0.629372 0.462914
0.314706 0.623141 0.45815
0.323606 0.618604 0.457689
0.317472 0.612435 0.452757
0.32335 0.604389 0.453598
0.330861 0.599466 0.457999
0.336807 0.607345 0.456396
0.3274 0.608059 0.45971
0.333369 0.601025 0.463571
0.327386 0.608921 0.462202
0.331354 0.600565 0.458401
0.333536 0.607654 0.465108
0.327847 0.609229 0.457036
0.328272 0.619106 0.455533
0.324729 0.6119 0.449573
0.320603 0.609802 0.458437
0.325358 0.614942 0.465577
0.322391 0.61198 0.474656
0.325725 0.609127 0.483641
0.319523 0.616926 0.48448
0.310759 0.620703 0.487466
0.316323 0.626767 0.493147
0.322162 0.634544 0.490815
0.313041 0.631182 0.493163
0.307652 0.622968 0.495028
0.299618 0.627681 0.491389
0.289747 0.628883 0.490337
0.293784 0.619879 0.491962
0.283864 0.61867 0.492315
0.293379 0.619933 0.48951
0.283952 0.616611 0.489819
0.274312 0.615156 0.492046
0.271577 0.613512 0.482569
0.274578 0.613588 0.492108
0.282938 0.608322 0.493652
0.274574 0.604144 0.497201
0.280573 0.607277 0.504563
0.286124 0.602943 0.511662
0.289622 0.595538 0.517401
0.283268 0.588458 0.520482
0.27683 0.58088 0.521542
0.277528 0.589247 0.51611
0.269892 0.582971 0.514592
0.268997 0.587388 0.523519
0.278983 0.587887 0.523343
0.280047 0.592865 0.514735
0.27009 0.59297 0.513814
0.265948 0.591407 0.522781
0.25863 0.5876 0.517129
0.259607 0.585912 0.507321
0.254324 0.583947 0.515581
0.255494 0.593656 0.513492
0.254116 0.584106 0.516118
0.247096 0.580123 0.510214
0.251379 0.583844 0.518449
0.247364 0.585416 0.527471
0.25358 0.592181 0.53142
0.254924 0.584334 0.537472
0.257574 0.591665 0.543736
0.251702 0.584125 0.54079
0.245465 0.578401 0.546113
0.252268 0.575569 0.539353
0.243463 0.572509 0.542973
0.241287 0.566492 0.550658
0.235442 0.573618 0.546777
0.239407 0.582713 0.548025
0.245182 0.586507 0.555254
0.241243 0.595695 0.555539
0.240773 0.60554 0.553851
0.240496 0.595546 0.55362
0.236642 0.586945 0.55028
0.235485 0.595245 0.544824
0.242918 0.600246 0.549268
0.24626 0.593034 0.555335
0.237744 0.592131 0.550172
0.236787 0.58248 0.547734
0.246544 0.580531 0.548738
0.249672 0.572823 0.543188
0.251438 0.56954 0.552467
0.256282 0.564845 0.545085
0.265462 0.56117 0.543597
0.270428 0.553017 0.546575
0.279487 0.550211 0.549748
0.27973 0.540218 0.550033
0.287042 0.533509 0.548798
0.283126 0.52553 0.544215
0.291235 0.51983 0.542888
0.28596 0.524974 0.549649
0.285461 0.525158 0.539663
0.287167 0.533175 0.545392
0.288499 0.528961 0.554362
0.284911 0.538253 0.553481
0.292871 0.535634 0.548024
0.289744 0.532816 0.557096
0.291714 0.525706 0.563845
0.298434 0.519745 0.56824
0.296181 0.528195 0.57309
0.296112 0.527756 0.58308
0.305296 0.525249 0.586139
0.304691 0.535118 0.587631
0.296932 0.538005 0.593241
0.288359 0.541182 0.58919
0.284442 0.536893 0.58105
0.278442 0.535886 0.573114
0.285903 0.538339 0.579303
0.288226 0.52947 0.583297
0.288101 0.52763 0.573468
0.291003 0.518118 0.572423
0.29241 0.514449 0.563227
0.291915 0.507117 0.556445
0.294595 0.508336 0.566002
0.285561 0.509589 0.561902
0.284195 0.503277 0.569536
0.282172 0.493586 0.568128
0.282033 0.485166 0.562734
0.290908 0.483233 0.566916
0.292724 0.48534 0.576521
0.285586 0.487734 0.583103
0.29493 0.488388 0.5796
0.302784 0.489984 0.57362
0.302963 0.499414 0.576942
0.295734 0.494252 0.572349
0.298741 0.502442 0.567462
0.307021 0.507981 0.566592
0.301581 0.506095 0.558416
0.302113 0.498047 0.564327
0.299841 0.503331 0.556147
0.299289 0.513081 0.553994
0.29995 0.503698 0.550598
0.305207 0.506405 0.542534
0.307616 0.503962 0.551927
0.311725 0.499803 0.543814
0.316737 0.502873 0.535723
0.321861 0.503189 0.544305
0.313951 0.498714 0.540133
0.320277 0.496256 0.532789
0.323712 0.493067 0.541623
0.318332 0.494874 0.549857
0.326462 0.49817 0.554657
0.335685 0.499901 0.558112
0.337418 0.498412 0.548377
0.331072 0.506067 0.54944
0.332254 0.496146 0.549014
0.331062 0.490331 0.540966
0.325333 0.497783 0.537555
0.334904 0.495558 0.53941
0.338304 0.496739 0.530081
0.331086 0.50296 0.533115
0.333341 0.496536 0.52579
0.326031 0.501734 0.521369
0.325215 0.511596 0.519931
0.318206 0.509202 0.526649
0.327363 0.513169 0.52601
0.336201 0.514092 0.530598
0.344234 0.519211 0.533641
0.341244 0.515921 0.542599
0.339841 0.525474 0.545201
0.332576 0.521804 0.539391
0.336165 0.527527 0.532017
0.345456 0.524045 0.533259
0.346543 0.515956 0.539037
0.342004 0.524827 0.538202
0.335174 0.517625 0.539419
0.326081 0.519128 0.535538
0.322775 0.522059 0.54451
0.318563 0.514748 0.539143
0.313085 0.508488 0.544693
0.312153 0.507493 0.534787
0.304904 0.501893 0.530775
0.30086 0.510542 0.533747
0.302718 0.517392 0.540792
0.29855 0.519157 0.549709
0.295955 0.510543 0.545343
0.291146 0.518698 0.548562
0.284699 0.525223 0.552546
0.289849 0.531908 0.557912
0.288675 0.535555 0.548675
0.296371 0.533589 0.5426
0.29576 0.524701 0.538057
0.287228 0.520605 0.541285
0.289784 0.52783 0.534862
0.293482 0.526836 0.525624
0.287117 0.519128 0.525875
0.293477 0.512419 0.522061
0.301045 0.512145 0.528591
0.294557 0.504766 0.526732
0.295396 0.513069 0.532241
0.291404 0.513733 0.523097
0.300985 0.511932 0.525323
0.310155 0.515919 0.525485
0.301724 0.516609 0.530819
0.298341 0.525475 0.527666
0.300392 0.535245 0.528255
0.305515 0.532298 0.536322
0.299909 0.531079 0.528131
0.296327 0.522332 0.531394
0.294718 0.522924 0.521543
0.291797 0.529736 0.528256
0.298247 0.537304 0.527201
0.299835 0.5331 0.518268
0.292039 0.534108 0.524449
0.285367 0.537524 0.531069
0.276141 0.537605 0.534924
0.270014 0.54293 0.529083
0.261067 0.546482 0.526374
0.26072 0.550194 0.517095
0.269281 0.547577 0.512639
0.272353 0.546892 0.503147
0.263124 0.544148 0.50585
0.264407 0.553118 0.51008
0.261561 0.544137 0.506728
0.253938 0.550597 0.506341
0.2522 0.543131 0.499919
0.257543 0.535598 0.496084
0.265678 0.531778 0.500469
0.263596 0.538346 0.493222
0.27306 0.535171 0.492635
0.271317 0.526186 0.488607
0.262606 0.521452 0.4873
0.253915 0.524064 0.483099
0.251811 0.525017 0.473369
0.248373 0.523201 0.464156
0.25815 0.525275 0.463813
0.261136 0.53481 0.464221
0.264232 0.540938 0.471492
0.259858 0.539174 0.462674
0.25236 0.539142 0.46929
0.247928 0.533069 0.475883
0.253683 0.533585 0.467721
0.245589 0.530649 0.472808
0.244137 0.520821 0.473951
0.236936 0.520336 0.480872
0.23378 0.521503 0.490289
0.22916 0.514027 0.495061
0.220818 0.511326 0.499868
0.219876 0.502024 0.496321
0.220999 0.493592 0.491062
0.218799 0.4991 0.483011
0.213968 0.490668 0.480653
0.215683 0.494416 0.471542
0.20786 0.495865 0.4776
0.211998 0.494998 0.486662
0.217711 0.495496 0.47847
0.210793 0.488505 0.480283
0.207412 0.483996 0.488543
0.210821 0.480323 0.497197
0.212898 0.489891 0.499232
0.21434 0.481348 0.504226
0.211819 0.490755 0.501954
0.213146 0.481546 0.498287
0.204183 0.485877 0.499247
0.19434 0.485784 0.497488
0.201612 0.483069 0.503791
0.195735 0.489307 0.508943
0.193027 0.49759 0.513847
0.19171 0.496473 0.523697
0.191969 0.487245 0.52754
0.19405 0.496483 0.530753
0.200542 0.491672 0.536644
0.209504 0.496035 0.535846
0.210359 0.503854 0.542021
0.217564 0.499409 0.547344
0.217925 0.490104 0.550989
0.211033 0.495146 0.545785
0.217998 0.488815 0.542406
0.226557 0.489429 0.537272
0.220651 0.482271 0.540998
0.220377 0.472276 0.541167
0.228658 0.477774 0.542268
0.233443 0.475713 0.550803
0.235166 0.466128 0.548528
0.24141 0.47393 0.548135
0.241627 0.469456 0.539194
0.242265 0.477805 0.544661
0.249361 0.47569 0.551382
0.24808 0.475025 0.541487
0.24939 0.477045 0.531781
0.24311 0.46985 0.528816
0.248846 0.473216 0.536284
0.242002 0.476643 0.542719
0.23421 0.481999 0.539463
0.225817 0.486794 0.536902
0.233422 0.490496 0.531568
0.236507 0.494741 0.540081
0.228811 0.494774 0.533697
0.22446 0.491177 0.525442
0.22211 0.500867 0.526201
0.220352 0.502109 0.535967
0.216593 0.507208 0.528229
0.206815 0.5092 0.527579
0.210832 0.506309 0.536268
0.218377 0.510998 0.531676
0.219211 0.520942 0.531028
0.226619 0.514976 0.52794
0.222474 0.514517 0.537029
0.213817 0.510168 0.534553
0.21577 0.519633 0.53712
0.212183 0.528111 0.541027
0.211611 0.519779 0.546526
0.211909 0.52327 0.53716
0.221608 0.525533 0.536262
0.219231 0.530737 0.528061
0.216608 0.5224 0.523201
0.218737 0.513149 0.520058
0.222962 0.504758 0.523485
0.218301 0.495915 0.523228
0.218927 0.50417 0.528838
0.216356 0.509422 0.53695
0.22559 0.508629 0.540705
0.227419 0.500642 0.546438
0.235485 0.502066 0.540702
0.235433 0.492112 0.54166
0.242166 0.489676 0.548641
0.23341 0.484845 0.548525
0.22569 0.491133 0.547598
0.227811 0.486195 0.556031
0.22536 0.482583 0.565029
0.229819 0.488244 0.571962
0.228567 0.49005 0.562206
0.232624 0.481506 0.55896
0.231142 0.474152 0.552347
0.225864 0.465677 0.551785
0.220162 0.47025 0.55861
0.228172 0.471332 0.552722
0.220508 0.465883 0.556125
0.217339 0.470199 0.56457
0.2142 0.464258 0.571977
0.207766 0.470369 0.567366
0.208774 0.463392 0.560274
0.208005 0.472323 0.555843
0.205529 0.47428 0.546354
0.210897 0.482316 0.543784
0.215163 0.484354 0.552596
0.217957 0.4857 0.543089
0.215599 0.477535 0.537819
0.22277 0.478574 0.54471
0.228817 0.476083 0.537146
0.231018 0.475164 0.546857
0.239736 0.476273 0.551628
0.237832 0.483494 0.544977
0.235912 0.486734 0.554241
0.227788 0.491016 0.550284
0.230146 0.493695 0.540942
0.229475 0.484481 0.544769
0.232934 0.477352 0.550869
0.233727 0.486529 0.554761
0.240331 0.484547 0.562004
0.234174 0.486348 0.569674
0.230901 0.479978 0.576653
0.240434 0.477241 0.577931
0.239293 0.487169 0.577551
0.238471 0.478726 0.582846
0.244156 0.485904 0.578828
0.247813 0.47778 0.58337
0.24239 0.472389 0.576926
0.24353 0.482314 0.577352
0.248719 0.473776 0.576934
0.239887 0.477638 0.574272
0.246953 0.47126 0.571205
0.243555 0.463351 0.576294
0.253547 0.463376 0.575898
0.246173 0.458438 0.580507
0.244195 0.455371 0.589817
0.2362 0.457475 0.595443
0.24187 0.452007 0.601603
0.244733 0.455872 0.592836
0.237684 0.461889 0.59659
0.24412 0.467131 0.602168
0.251773 0.472229 0.606097
0.245228 0.474352 0.613353
0.239141 0.46828 0.608246
0.23216 0.474967 0.605688
0.234122 0.465481 0.603207
0.238581 0.461336 0.61114
0.233612 0.461902 0.6198
0.228499 0.45527 0.625266
0.23242 0.446159 0.626535
0.22626 0.441303 0.632738
0.223408 0.44808 0.62596
0.233366 0.447327 0.626476
0.239142 0.44277 0.633249
0.248192 0.443165 0.629012
0.248327 0.45177 0.634105
0.24741 0.442753 0.638328
0.253348 0.449084 0.643294
0.247873 0.451342 0.651352
0.25068 0.444345 0.657922
0.256637 0.436318 0.658191
0.260738 0.434135 0.649335
0.265268 0.435279 0.640494
0.257006 0.436495 0.645994
0.257868 0.441587 0.654557
0.257184 0.444342 0.664146
0.257196 0.439334 0.65549
0.256483 0.431238 0.661316
0.250438 0.430266 0.653409
0.258378 0.42885 0.647497
0.267015 0.424843 0.644439
0.261536 0.420972 0.637023
0.254615 0.420242 0.629843
0.254578 0.410795 0.626565
0.251709 0.40767 0.635621
0.243596 0.40201 0.637088
0.244152 0.396036 0.645087
0.243637 0.386238 0.647019
0.252074 0.390108 0.65074
0.251813 0.393885 0.641484
0.246453 0.393239 0.649901
0.236669 0.394243 0.648093
0.237762 0.402421 0.642442
0.240158 0.398155 0.651164
0.248081 0.404084 0.64972
0.251156 0.403329 0.640235
0.243981 0.409415 0.636847
0.238238 0.401986 0.633407
0.230771 0.401273 0.626794
0.23463 0.396979 0.618629
0.232239 0.400055 0.609419
0.231084 0.392874 0.602556
0.222088 0.39653 0.600169
0.229409 0.399282 0.593937
0.23075 0.408999 0.591991
0.229689 0.400741 0.59753
0.230032 0.39288 0.603701
0.231087 0.387533 0.595317
0.24027 0.391489 0.595401
0.238586 0.38708 0.604217
0.237064 0.388595 0.613983
0.229305 0.388732 0.62029
0.230542 0.393991 0.628705
0.225133 0.401993 0.626113
0.226476 0.40222 0.616206
0.218754 0.407276 0.612358
0.210183 0.405127 0.61704
0.211989 0.403808 0.607294
0.218723 0.39708 0.60423
0.216433 0.390867 0.611724
0.212627 0.396705 0.618895
0.205441 0.402668 0.615316
0.211641 0.39832 0.608784
0.207409 0.400771 0.600061
0.215321 0.405208 0.595851
0.222268 0.408527 0.602232
0.227441 0.406859 0.610627
0.234584 0.402588 0.616171
0.226893 0.405339 0.610401
0.23585 0.406225 0.614758
0.243775 0.404628 0.608871
0.245666 0.40541 0.599083
0.249771 0.412694 0.604569
0.240515 0.411135 0.608017
0.233552 0.417945 0.610282
0.235374 0.420531 0.619769
0.241218 0.428208 0.617141
0.236561 0.435249 0.611779
0.241294 0.427791 0.616468
0.238239 0.423607 0.607914
0.244299 0.429103 0.602164
0.243613 0.429499 0.592195
0.24048 0.436509 0.598602
0.249376 0.436457 0.603168
0.257322 0.432494 0.607768
0.24908 0.437904 0.606093
0.251818 0.432654 0.598035
0.261675 0.434148 0.59881
0.259018 0.43664 0.608123
0.254147 0.432214 0.615652
0.258148 0.425613 0.609295
0.255998 0.418205 0.61566
0.261548 0.41906 0.607385
0.257537 0.4113 0.612252
0.249555 0.417129 0.613775
0.256027 0.423322 0.618221
0.263361 0.421601 0.624797
0.256867 0.423267 0.617377
0.26259 0.416045 0.613492
0.253249 0.41693 0.61695
0.261293 0.41363 0.62189
0.26409 0.419848 0.614575
0.25629 0.418325 0.608506
0.265023 0.420741 0.604276
0.258748 0.426856 0.599457
0.267832 0.426465 0.603619
0.273885 0.419555 0.599666
0.273711 0.42942 0.601297
0.278543 0.432648 0.609435
0.285557 0.430689 0.616288
0.290515 0.430376 0.624967
0.289366 0.420749 0.627417
0.290303 0.430227 0.624368
0.281124 0.42764 0.627378
0.285618 0.428224 0.636292
0.291496 0.421223 0.640347
0.295003 0.417139 0.63192
0.285569 0.415945 0.635013
0.292092 0.409925 0.630407
0.284743 0.40418 0.63401
0.286135 0.399735 0.642858
0.287189 0.391047 0.647698
0.290184 0.392295 0.638239
0.289369 0.400309 0.632313
0.288751 0.409528 0.62849
0.29402 0.417466 0.625452
0.284203 0.418585 0.623915
0.280111 0.427691 0.624498
0.282002 0.421913 0.632438
0.279211 0.412603 0.634791
0.272286 0.405754 0.632525
0.27016 0.415483 0.631617
0.26059 0.416475 0.628892
0.256487 0.408259 0.624934
0.247775 0.403403 0.625653
0.256111 0.405305 0.630838
0.261691 0.410074 0.63763
0.270089 0.415398 0.636571
0.266295 0.406146 0.636583
0.269222 0.406634 0.627034
0.264533 0.399019 0.631508
0.255704 0.394842 0.633656
0.247016 0.396162 0.628884
0.250146 0.391977 0.620359
0.245081 0.385716 0.61443
0.236987 0.3868 0.620202
0.238479 0.382479 0.611308
0.244475 0.386655 0.604481
0.248303 0.395592 0.602142
0.241348 0.392273 0.595768
0.242739 0.390492 0.60551
0.248204 0.382213 0.606764
0.257517 0.384405 0.609673
0.251853 0.378619 0.603805
0.254021 0.377204 0.613464
0.262723 0.372953 0.610974
0.263318 0.3815 0.616131
0.258665 0.372859 0.618054
0.266227 0.378833 0.615382
0.25791 0.384109 0.617112
0.252446 0.388184 0.624429
0.244654 0.383938 0.629039
0.24262 0.393415 0.631497
0.245496 0.383908 0.632652
0.248256 0.374532 0.63477
0.241536 0.372679 0.64194
0.233456 0.366872 0.640944
0.226376 0.37393 0.640714
0.217991 0.379341 0.640072
0.223155 0.372359 0.64503
0.223987 0.365148 0.651908
0.231667 0.371524 0.651306
0.228572 0.374161 0.660443
0.234825 0.368202 0.665481
0.24183 0.363268 0.660324
0.234675 0.370049 0.658644
0.231621 0.375694 0.666314
0.223536 0.372727 0.671396
0.227917 0.375092 0.662724
0.224206 0.366145 0.665213
0.222023 0.356978 0.668557
0.221715 0.363721 0.675935
0.220933 0.369173 0.684282
0.212616 0.371768 0.679374
0.20593 0.377571 0.684024
0.204784 0.369393 0.689663
0.213548 0.374199 0.689968
0.222628 0.373989 0.694153
0.222982 0.368125 0.702246
0.219273 0.371497 0.693593
0.221488 0.362939 0.698267
0.231148 0.365279 0.69937
0.22338 0.361788 0.694128
0.216166 0.366484 0.689038
0.206924 0.369962 0.690614
0.205419 0.370348 0.680735
0.196092 0.366809 0.680041
0.19355 0.375347 0.675498
0.192318 0.373671 0.665716
0.18563 0.380465 0.668738
0.19249 0.37645 0.674807
0.192036 0.381418 0.666141
0.182819 0.382508 0.662417
0.184644 0.387893 0.670643
0.191056 0.382023 0.665701
0.200076 0.381395 0.669972
0.206438 0.377683 0.663208
0.199696 0.384439 0.660223
0.207504 0.378499 0.658284
0.207767 0.382548 0.649145
0.209668 0.376368 0.641516
0.21703 0.382664 0.639034
0.22496 0.382331 0.645117
0.227029 0.392078 0.645966
0.22504 0.383244 0.65021
0.233331 0.379888 0.64574
0.243105 0.377776 0.645619
0.249221 0.374007 0.652574
0.252704 0.38294 0.655415
0.258175 0.388767 0.661425
0.263251 0.389444 0.652835
0.254305 0.392403 0.656185
0.250811 0.397047 0.664322
0.246121 0.404467 0.669113
0.239585 0.410807 0.664981
0.241265 0.411992 0.655195
0.235687 0.416085 0.662415
0.226137 0.41391 0.664432
0.231858 0.40622 0.661578
0.224822 0.402401 0.66757
0.230655 0.394279 0.667598
0.237037 0.386595 0.668076
0.22888 0.380862 0.667299
0.221303 0.383264 0.673368
0.215831 0.378614 0.680328
0.211619 0.369624 0.679127
0.216436 0.378188 0.680983
0.213086 0.378635 0.690395
0.207645 0.381824 0.682634
0.206709 0.391733 0.681672
0.207774 0.399432 0.675379
0.208257 0.39635 0.68488
0.205738 0.389288 0.678263
0.202791 0.381908 0.684334
0.205381 0.374104 0.690026
0.211113 0.376689 0.682251
0.208232 0.385429 0.678338
0.209162 0.379028 0.670712
0.206321 0.381665 0.67993
0.210278 0.384587 0.688637
0.213785 0.381765 0.697566
0.21555 0.376626 0.705961
0.205662 0.378113 0.706118
0.204158 0.368507 0.708456
0.197488 0.367314 0.71581
0.189465 0.363739 0.711029
0.187543 0.367702 0.720007
0.179335 0.373238 0.718594
0.184613 0.368175 0.725413
0.175579 0.372376 0.726272
0.178442 0.380121 0.731914
0.184007 0.377337 0.739742
0.177443 0.384574 0.741874
0.183036 0.39278 0.740695
0.186242 0.383398 0.741998
0.183814 0.379491 0.733118
0.176838 0.37606 0.726829
0.183507 0.369113 0.729525
0.192178 0.367814 0.734334
0.197622 0.367952 0.725948
0.194222 0.376566 0.729723
0.195744 0.382965 0.737255
0.199744 0.374621 0.733465
0.206497 0.374861 0.740836
0.201668 0.366104 0.740836
0.198161 0.372398 0.733902
0.206347 0.367071 0.731753
0.203811 0.368663 0.741294
0.194921 0.369701 0.745753
0.201911 0.375086 0.750458
0.195688 0.381157 0.745517
0.193426 0.378892 0.736043
0.184984 0.382785 0.739727
0.18564 0.372886 0.738475
0.187219 0.377536 0.729764
0.189385 0.384866 0.736213
0.183822 0.376563 0.735852
0.190264 0.381899 0.730372
0.1811 0.378046 0.731453
0.183028 0.368299 0.732585
0.177796 0.360057 0.730421
0.17465 0.352032 0.735491
0.171584 0.359345 0.741584
0.165453 0.355363 0.748407
0.175378 0.356137 0.747462
0.176144 0.36115 0.756081
0.182849 0.354654 0.752494
0.186876 0.351456 0.743917
0.184102 0.341879 0.744683
0.178798 0.349145 0.740316
0.176456 0.354565 0.732245
0.184564 0.354073 0.738077
0.192114 0.348165 0.735233
0.189577 0.356935 0.731153
0.183929 0.350938 0.736822
0.175201 0.350617 0.731952
0.182423 0.346455 0.726428
0.188716 0.342448 0.733088
0.190174 0.349281 0.725933
0.182223 0.352638 0.720883
0.177221 0.354519 0.729335
0.182326 0.362532 0.726219
0.189293 0.368422 0.722121
0.183582 0.370923 0.72994
0.185627 0.362228 0.734436
0.1893 0.368576 0.727638
0.185544 0.376591 0.732292
0.181248 0.36837 0.728555
0.17815 0.362215 0.721309
0.176849 0.363003 0.711425
0.178299 0.354527 0.71653
0.186113 0.348447 0.715123
0.182367 0.340114 0.71919
0.184376 0.349169 0.722929
0.188299 0.358118 0.720803
0.195604 0.356779 0.727498
0.204 0.357399 0.722102
0.202397 0.347546 0.721524
0.211308 0.351847 0.720081
0.218029 0.3472 0.714316
0.213196 0.33918 0.710806
0.2219 0.334639 0.708899
0.222052 0.333535 0.698962
0.212535 0.335965 0.700837
0.222319 0.336534 0.702822
0.217387 0.341224 0.710148
0.210736 0.342795 0.702847
0.217035 0.344815 0.710346
0.209605 0.344974 0.703655
0.211009 0.34861 0.712864
0.20604 0.340612 0.709498
0.206942 0.332823 0.715704
0.197919 0.331082 0.719648
0.206914 0.335279 0.718431
0.203281 0.326536 0.72165
0.200613 0.316902 0.721387
0.195214 0.316117 0.713007
0.195853 0.317061 0.722942
0.198707 0.312416 0.731325
0.191126 0.306 0.732493
0.183994 0.309695 0.738449
0.180393 0.308912 0.729153
0.187259 0.30166 0.728631
0.177336 0.302063 0.729803
0.184402 0.300567 0.722887
0.177646 0.301271 0.715547
0.181088 0.310427 0.717626
0.185084 0.304698 0.71047
0.179685 0.306966 0.718576
0.181051 0.29706 0.718698
0.188314 0.295432 0.725376
0.186761 0.300946 0.71718
0.187972 0.301724 0.707284
0.186043 0.306972 0.715575
0.186448 0.297386 0.718392
0.192669 0.305105 0.719699
0.18766 0.29859 0.714002
0.186306 0.307144 0.719002
0.189493 0.297819 0.720703
0.19496 0.305921 0.722815
0.187907 0.300106 0.718761
0.188483 0.293671 0.726394
0.192943 0.286732 0.732048
0.187819 0.290568 0.724365
0.178538 0.294273 0.723988
0.178613 0.302428 0.729775
0.169953 0.297728 0.72807
0.177627 0.302067 0.72335
0.168315 0.305464 0.722023
0.17123 0.307621 0.712703
0.161496 0.308491 0.710585
0.163779 0.312585 0.719419
0.15816 0.320395 0.722145
0.152854 0.328752 0.72073
0.143574 0.327196 0.717345
0.151303 0.320991 0.718675
0.154451 0.32927 0.723317
0.162675 0.326001 0.718659
0.16457 0.326913 0.708883
0.173989 0.32358 0.709289
0.183612 0.321168 0.710544
0.185335 0.311521 0.708552
0.187559 0.301772 0.708423
0.18266 0.301581 0.717139
0.185104 0.311211 0.718282
0.182193 0.308032 0.727306
0.187828 0.301683 0.72202
0.195811 0.303589 0.716308
0.194495 0.294031 0.713681
0.186319 0.296578 0.718844
0.1846 0.301777 0.727212
0.176743 0.297046 0.731199
0.183106 0.294587 0.738511
0.179592 0.303779 0.740288
0.187231 0.300473 0.734745
0.184928 0.293878 0.741901
0.178264 0.298375 0.747848
0.177521 0.295119 0.738423
0.168776 0.293879 0.743113
0.165704 0.301808 0.748374
0.155992 0.300676 0.750469
0.150821 0.300441 0.741913
0.148431 0.309919 0.739802
0.157351 0.314423 0.739415
0.159952 0.32278 0.744251
0.157604 0.313223 0.742479
0.152273 0.311139 0.734279
0.154768 0.304058 0.740885
0.145264 0.305921 0.743375
0.152529 0.304467 0.736659
0.146318 0.302769 0.729008
0.141882 0.298692 0.721027
0.14502 0.289756 0.717817
0.141208 0.281527 0.713603
0.146829 0.273855 0.710514
0.156027 0.273764 0.706589
0.162831 0.266605 0.708154
0.164364 0.276186 0.710574
0.163027 0.2743 0.720303
0.155916 0.280747 0.723108
0.151191 0.27758 0.731333
0.142854 0.273662 0.735224
0.146094 0.26669 0.741619
0.138803 0.263095 0.735796
0.137048 0.272926 0.735279
0.138032 0.28222 0.731722
0.134246 0.281861 0.722473
0.128242 0.284406 0.714892
0.12056 0.290398 0.717146
0.121778 0.288213 0.707464
0.122338 0.295331 0.714465
0.117394 0.289165 0.720593
0.112972 0.28245 0.726538
0.105492 0.28431 0.732909
0.104851 0.275971 0.727428
0.109417 0.283546 0.722762
0.110576 0.278384 0.714276
0.113596 0.276882 0.72369
0.123395 0.275917 0.721945
0.13238 0.27666 0.726272
0.131743 0.276974 0.716297
0.13334 0.268896 0.721971
0.141573 0.264885 0.725988
0.151525 0.264111 0.726594
0.152226 0.261233 0.717043
0.152973 0.271188 0.716472
0.160688 0.275246 0.721373
0.155257 0.266975 0.722822
0.163382 0.266063 0.717065
0.165719 0.274689 0.712578
0.168797 0.265244 0.711431
0.161437 0.263655 0.704851
0.164814 0.26648 0.71383
0.169367 0.273204 0.719665
0.163341 0.277529 0.712958
0.171321 0.275762 0.71872
0.171541 0.265795 0.7195
0.17565 0.257138 0.72236
0.180112 0.265395 0.725809
0.181555 0.271534 0.73357
0.188757 0.278107 0.731349
0.184719 0.269762 0.727601
0.185727 0.259829 0.727034
0.194531 0.264572 0.726987
0.192157 0.273345 0.722817
0.196942 0.282003 0.721355
0.198516 0.287939 0.713462
0.205578 0.282067 0.717418
0.195741 0.280628 0.718499
0.187103 0.281317 0.723489
0.179864 0.283055 0.716813
0.18227 0.287919 0.725213
0.189944 0.2861 0.73136
0.186845 0.280221 0.738832
0.182446 0.288342 0.734998
0.186522 0.296799 0.731554
0.190133 0.300932 0.739914
0.19931 0.304671 0.738577
0.206462 0.298826 0.742409
0.211573 0.299745 0.733864
0.213691 0.292315 0.727514
0.207078 0.292497 0.735013
0.215168 0.298179 0.736521
0.223757 0.30327 0.735963
0.218928 0.304558 0.744624
0.218027 0.294779 0.742736
0.219813 0.300157 0.734497
0.20999 0.299824 0.732658
0.208485 0.29022 0.735005
0.216001 0.286388 0.729637
0.22043 0.277712 0.727379
0.228975 0.282162 0.730058
0.220869 0.285634 0.725343
0.215886 0.285424 0.73401
0.22104 0.288482 0.726005
0.225224 0.287726 0.716954
0.230841 0.283566 0.709803
0.224646 0.289886 0.714458
0.232593 0.284805 0.717777
0.227053 0.289281 0.724797
0.230069 0.296583 0.718667
0.221296 0.300632 0.721242
0.213412 0.298505 0.727014
0.210578 0.307419 0.730552
0.214861 0.298387 0.730815
0.218916 0.300409 0.73973
0.220597 0.306403 0.747555
0.224357 0.311488 0.739809
0.228183 0.302814 0.736628
0.229405 0.299742 0.727191
0.234287 0.304478 0.734522
0.231029 0.302618 0.725252
0.23536 0.295036 0.720377
0.22875 0.298056 0.713507
0.235188 0.30026 0.706178
0.237046 0.309596 0.703114
0.233517 0.317582 0.70799
0.23331 0.317626 0.717987
0.233326 0.316361 0.727907
0.224784 0.321488 0.727038
0.218281 0.320357 0.73455
0.220465 0.321857 0.724907
0.216712 0.32563 0.733374
0.217845 0.327617 0.723639
0.225055 0.325114 0.717177
0.22253 0.332606 0.7233
0.230378 0.335098 0.728974
0.239616 0.335632 0.725181
0.245493 0.341914 0.720082
0.237805 0.335598 0.721085
0.2366 0.34547 0.720037
0.232332 0.338002 0.725138
0.233696 0.345394 0.718542
0.232622 0.344346 0.728429
0.223518 0.345794 0.732305
0.21629 0.339967 0.728589
0.217845 0.349008 0.724608
0.220623 0.340964 0.719357
0.230486 0.340286 0.717858
0.230892 0.345878 0.726139
0.230644 0.351838 0.734164
0.23084 0.342103 0.731887
0.225427 0.337031 0.738594
0.231504 0.343401 0.733852
0.241138 0.343328 0.731172
0.237959 0.351795 0.735439
0.23431 0.360519 0.732187
0.241026 0.362487 0.725044
0.244349 0.355622 0.731512
0.246388 0.348613 0.724677
0.249658 0.356284 0.730198
0.24016 0.353275 0.731061
0.244436 0.361323 0.735176
0.244142 0.359681 0.725316
0.238258 0.365242 0.719446
0.2467 0.360306 0.717355
0.240895 0.357174 0.709839
0.234127 0.357863 0.717168
0.230474 0.364702 0.710853
0.229771 0.356886 0.704656
0.222611 0.363171 0.701618
0.228508 0.366965 0.694489
0.226406 0.372316 0.686306
0.220374 0.374081 0.694084
0.229484 0.369957 0.694125
0.234228 0.376875 0.699569
0.236041 0.370223 0.692326
0.23659 0.37859 0.686877
0.244306 0.384934 0.687333
0.237736 0.37766 0.689313
0.229363 0.378439 0.6839
0.236038 0.385876 0.684276
0.240247 0.386979 0.693279
0.232962 0.383425 0.687423
0.236783 0.383983 0.696647
0.236604 0.383764 0.706643
0.245032 0.37878 0.708675
0.254106 0.374657 0.709491
0.245078 0.37253 0.705752
0.254551 0.369337 0.705487
0.260164 0.370328 0.713703
0.26097 0.37752 0.706802
0.257625 0.370628 0.71323
0.264988 0.363973 0.714452
0.263885 0.373575 0.711886
0.264886 0.367969 0.703667
0.256124 0.364436 0.700387
0.256653 0.365195 0.69043
0.263335 0.370333 0.685049
0.26134 0.368962 0.694751
0.270706 0.368533 0.698229
0.276406 0.371146 0.706018
0.277635 0.366602 0.714841
0.269995 0.362988 0.709496
0.273789 0.361343 0.700391
0.270179 0.360909 0.709706
0.275179 0.355226 0.716241
0.276649 0.348182 0.709298
0.276437 0.351585 0.718698
0.282595 0.352897 0.726467
0.279235 0.360917 0.731406
0.27692 0.351274 0.732696
0.267232 0.350862 0.735141
0.259947 0.344627 0.732307
0.251938 0.345681 0.726412
0.243572 0.346273 0.720967
0.249116 0.345547 0.729257
0.242436 0.347026 0.736551
0.245884 0.348668 0.727309
0.255564 0.346947 0.729133
0.25835 0.353776 0.735886
0.264418 0.360356 0.731427
0.261212 0.36145 0.740836
0.256587 0.357242 0.74864
0.259314 0.365552 0.753489
0.250519 0.369156 0.756599
0.242463 0.37487 0.75816
0.233755 0.377284 0.753875
0.231241 0.38594 0.758204
0.224669 0.383739 0.750995
0.22553 0.390153 0.743371
0.232859 0.396363 0.740592
0.226095 0.403647 0.739499
0.233049 0.39941 0.733695
0.233161 0.409104 0.73615
0.232473 0.404065 0.74476
0.238499 0.406853 0.752238
0.232425 0.408048 0.744385
0.242143 0.410397 0.744572
0.24676 0.410674 0.753439
0.251503 0.404752 0.759953
0.256545 0.408772 0.75231
0.265886 0.411742 0.754292
0.269681 0.413523 0.745213
0.26485 0.416028 0.736824
0.259323 0.423407 0.740697
0.256198 0.432263 0.744133
0.261332 0.425173 0.739297
0.27065 0.423497 0.742514
0.265507 0.416927 0.748025
0.267177 0.413751 0.757359
0.27075 0.413872 0.74802
0.266546 0.404799 0.74804
0.257926 0.402406 0.743572
0.259074 0.41233 0.744032
0.267985 0.411467 0.739577
0.260881 0.408001 0.745701
0.267128 0.41307 0.739762
0.258452 0.410428 0.743974
0.257053 0.417339 0.736883
0.254846 0.408642 0.732467
0.250909 0.410533 0.741463
0.255791 0.41632 0.747995
0.248557 0.419205 0.741722
0.238799 0.420563 0.743438
0.247662 0.419963 0.738846
0.24928 0.420585 0.748695
0.246758 0.430056 0.746709
0.254992 0.431264 0.752253
0.253333 0.4252 0.760029
0.254358 0.434752 0.762802
0.260586 0.427483 0.765694
0.262184 0.431608 0.774663
0.255425 0.438435 0.777439
0.263583 0.443711 0.775071
0.267558 0.446981 0.766497
0.264041 0.456098 0.764371
0.271571 0.449671 0.762956
0.271749 0.450728 0.753014
0.262037 0.453044 0.752442
0.262756 0.447029 0.744485
0.254452 0.447481 0.750039
0.2452 0.450959 0.75156
0.241528 0.452335 0.742361
0.245699 0.46047 0.746412
0.249063 0.468782 0.741986
0.242135 0.462274 0.745091
0.236424 0.456554 0.750978
0.243763 0.461057 0.745893
0.250074 0.45923 0.738354
0.244979 0.460943 0.746786
0.247909 0.469284 0.742113
0.257168 0.46732 0.74534
0.259811 0.458204 0.742192
0.249979 0.458499 0.743998
0.247357 0.448866 0.743419
0.248626 0.45203 0.734018
0.252519 0.461177 0.732929
0.251512 0.46444 0.742328
0.247729 0.455989 0.746107
0.252132 0.455405 0.755066
0.243326 0.452074 0.751697
0.251735 0.446727 0.750863
0.261217 0.444055 0.749142
0.253131 0.441448 0.754417
0.260611 0.446963 0.75811
0.265798 0.445629 0.766555
0.267404 0.440945 0.775243
0.272548 0.442777 0.78362
0.278742 0.44991 0.786898
0.274527 0.457134 0.792381
0.2735 0.459078 0.802136
0.276936 0.455653 0.81088
0.282244 0.457807 0.802684
0.272526 0.456251 0.804458
0.276898 0.450187 0.797817
0.268116 0.447959 0.802048
0.264213 0.439989 0.797437
0.259294 0.448672 0.798087
0.250976 0.446376 0.80314
0.257627 0.443572 0.796218
0.265394 0.438847 0.800383
0.263866 0.429691 0.796666
0.273003 0.432204 0.793473
0.271533 0.42885 0.802779
0.262744 0.427115 0.798335
0.267834 0.423203 0.790668
0.265904 0.432967 0.791635
0.27531 0.435366 0.789231
0.282913 0.436659 0.795598
0.280942 0.430312 0.803069
0.277985 0.437695 0.797007
0.284968 0.436975 0.804129
0.282233 0.429927 0.797583
0.283978 0.431514 0.807301
0.276859 0.432878 0.81419
0.277337 0.423296 0.811369
0.277796 0.433285 0.811299
0.273034 0.441567 0.808345
0.275171 0.450866 0.811338
0.276091 0.448049 0.801788
0.271709 0.444938 0.810221
0.265501 0.441866 0.817433
0.270253 0.450457 0.819335
0.261831 0.445546 0.817108
0.262723 0.442178 0.807735
0.267735 0.437694 0.815136
0.275635 0.443546 0.813309
0.279564 0.437293 0.806567
0.288648 0.440742 0.804201
0.279502 0.443419 0.807232
0.284563 0.435058 0.805112
0.288146 0.440962 0.812344
0.293812 0.432726 0.812086
0.289067 0.427999 0.819512
0.29301 0.435573 0.814308
0.289264 0.441101 0.821751
0.298976 0.4388 0.822368
0.289606 0.435707 0.823991
0.299395 0.436511 0.822114
0.300633 0.446433 0.822231
0.293928 0.45083 0.828207
0.29332 0.447779 0.818703
0.303082 0.448278 0.816593
0.303291 0.450116 0.82642
0.306459 0.446941 0.817483
0.304697 0.452333 0.825718
0.309152 0.444506 0.821372
0.317552 0.444248 0.815951
0.314272 0.453458 0.818055
0.305492 0.458039 0.81667
0.303753 0.457192 0.806859
0.299339 0.457057 0.815832
0.299144 0.450855 0.807989
0.30122 0.457533 0.815137
0.306471 0.454971 0.823252
0.301413 0.455225 0.831875
0.297339 0.460748 0.839148
0.307256 0.45947 0.839052
0.315612 0.462522 0.834484
0.321646 0.465542 0.841864
0.314581 0.460346 0.846669
0.314646 0.46698 0.839186
0.314175 0.474448 0.845819
0.314064 0.464552 0.844392
0.321989 0.468546 0.849
0.319205 0.477001 0.844445
0.326125 0.484093 0.845797
0.330439 0.475098 0.845095
0.334915 0.483271 0.841467
0.341813 0.476909 0.844922
0.350093 0.475615 0.839466
0.356394 0.474481 0.831784
0.356488 0.470734 0.841055
0.357566 0.465428 0.849463
0.366851 0.469138 0.849295
0.369813 0.461263 0.843891
0.36867 0.45856 0.853451
0.367692 0.457932 0.863383
0.358953 0.456044 0.867862
0.353926 0.450399 0.861315
0.36213 0.444801 0.860148
0.361332 0.44496 0.850181
0.36753 0.446592 0.857858
0.375932 0.451861 0.859137
0.377685 0.457042 0.867508
0.384643 0.463935 0.869526
0.3872 0.470936 0.876193
0.395572 0.471495 0.881634
0.395057 0.474917 0.872252
0.402114 0.467986 0.873724
0.394863 0.473979 0.870333
0.393012 0.482644 0.874969
0.402823 0.483801 0.87652
0.396141 0.490626 0.879481
0.386289 0.48896 0.879882
0.379103 0.493661 0.874757
0.383492 0.499379 0.867826
0.390766 0.494172 0.863358
0.396531 0.502048 0.865533
0.397742 0.503659 0.875328
0.398709 0.511621 0.8813
0.392372 0.513498 0.888805
0.393958 0.507982 0.880616
0.396641 0.503751 0.88927
0.387101 0.500762 0.889473
0.392887 0.49773 0.881902
0.388216 0.49155 0.875578
0.388041 0.491814 0.885573
0.39784 0.489849 0.885236
0.402119 0.497883 0.881096
0.40867 0.502239 0.88727
0.403041 0.508501 0.881875
0.405034 0.516771 0.87662
0.404338 0.513413 0.886013
0.39545 0.508892 0.885267
0.389884 0.501742 0.889498
0.389943 0.510712 0.893917
0.386915 0.518651 0.899189
0.39408 0.523029 0.904619
0.388411 0.518978 0.911792
0.394434 0.526954 0.912138
0.399627 0.528785 0.920485
0.403395 0.538047 0.920325
0.396001 0.542738 0.915497
0.39896 0.534098 0.919569
0.402001 0.531102 0.910526
0.403256 0.530285 0.920413
0.41255 0.530785 0.924069
0.406095 0.529027 0.931502
0.406288 0.519052 0.93081
0.403863 0.515404 0.9398
0.40404 0.5055 0.941172
0.408903 0.499548 0.94757
0.404847 0.493891 0.954749
0.400978 0.490102 0.963156
0.409038 0.484259 0.962208
0.403149 0.484246 0.970289
0.403312 0.491895 0.976729
0.408324 0.484036 0.973109
0.404907 0.491599 0.978688
0.412396 0.49816 0.977759
0.416421 0.501231 0.969135
0.42639 0.501231 0.968348
0.424491 0.494793 0.97576
0.430932 0.501131 0.980043
0.421287 0.498497 0.979866
0.427211 0.499907 0.987798
0.422633 0.491115 0.98912
0.431318 0.494039 0.993124
0.441158 0.494117 0.991346
0.432124 0.49724 0.994284
0.422251 0.498721 0.99486
0.415462 0.504733 0.990646
0.413686 0.499691 0.982195
0.414946 0.499054 0.972295
0.419698 0.499555 0.98108
0.428301 0.50403 0.978637
0.429156 0.499386 0.987452
0.423151 0.505424 0.992695
0.413192 0.50633 0.992664
0.420738 0.508963 0.986654
0.421494 0.514879 0.994681
0.428515 0.50989 0.9896
0.420503 0.515654 0.987991
0.428355 0.518573 0.98253
0.425938 0.510431 0.97725
0.430209 0.511081 0.968232
0.424131 0.506253 0.974537
0.420046 0.501203 0.966934
0.415021 0.506508 0.960107
0.422498 0.512744 0.962389
0.42925 0.513055 0.955018
0.430806 0.5041 0.950848
0.432907 0.51022 0.943224
0.438429 0.505116 0.936632
0.430263 0.507718 0.931479
0.433477 0.516044 0.93599
0.436318 0.506507 0.93698
0.441632 0.499031 0.940962
0.439612 0.49079 0.946255
0.440236 0.494623 0.95547
0.435896 0.500753 0.948867
0.436738 0.508323 0.942387
0.433766 0.516211 0.947767
0.432022 0.517911 0.957466
0.433279 0.510269 0.95114
0.428723 0.517537 0.945999
0.427389 0.510624 0.938898
0.433041 0.507095 0.931441
0.429239 0.508065 0.922243
0.421117 0.503452 0.925816
0.430381 0.506032 0.928561
0.42195 0.500707 0.927811
0.424325 0.505354 0.919281
0.422672 0.495589 0.917899
0.431999 0.499038 0.918959
0.438373 0.503682 0.912811
0.441197 0.512367 0.908736
0.440192 0.521288 0.913141
0.436746 0.511907 0.91278
0.446716 0.511759 0.912013
0.449714 0.518063 0.904853
0.455956 0.510401 0.90333
0.462739 0.503068 0.903815
0.472271 0.500346 0.905129
0.463707 0.505112 0.907112
0.457039 0.511996 0.909969
0.458612 0.506974 0.918472
0.464207 0.515108 0.916884
0.460743 0.506901 0.912342
0.464845 0.498121 0.909873
0.45627 0.493076 0.90886
0.45061 0.501229 0.910081
0.449106 0.510347 0.90626
0.440025 0.511632 0.902273
0.447373 0.517781 0.905138
0.453632 0.521693 0.911885
0.448398 0.521617 0.920406
0.44497 0.512273 0.921375
0.444821 0.521741 0.924589
0.437345 0.516834 0.920112
0.445168 0.51802 0.913997
0.447452 0.518089 0.923732
0.450303 0.52145 0.914756
0.455297 0.529987 0.913281
0.448276 0.523202 0.911121
0.444123 0.520856 0.919911
0.447433 0.527501 0.926611
0.451571 0.518571 0.928384
0.447235 0.526501 0.924104
0.450941 0.520481 0.917032
0.442815 0.520525 0.911205
0.443475 0.512152 0.916634
0.439519 0.512219 0.90745
0.448442 0.507717 0.907771
0.449384 0.517622 0.906777
0.443959 0.519637 0.914932
0.434335 0.519323 0.912233
0.427241 0.517203 0.905511
0.424658 0.525636 0.910223
0.428441 0.519106 0.916784
0.427747 0.517265 0.90698
0.434405 0.513351 0.913332
0.438067 0.516878 0.904721
0.433377 0.525684 0.905392
0.44208 0.521778 0.902393
0.445169 0.526877 0.910421
0.440553 0.528921 0.901789
0.431378 0.532827 0.90254
0.440698 0.53384 0.906019
0.433832 0.526613 0.906805
0.442837 0.524298 0.910488
0.434833 0.528504 0.91476
0.429468 0.535663 0.910292
0.435224 0.542796 0.91429
0.43915 0.543906 0.905161
0.448685 0.546444 0.906788
0.458006 0.544912 0.903506
0.457848 0.543346 0.913381
0.457443 0.55266 0.909764
0.453353 0.548281 0.901758
0.451375 0.541881 0.894334
0.448104 0.550103 0.898992
0.44444 0.559014 0.896317
0.436516 0.564392 0.893436
0.438928 0.555437 0.897177
0.440001 0.547826 0.903574
0.446339 0.540099 0.903946
0.445586 0.543948 0.894747
0.444484 0.546682 0.885191
0.453324 0.546018 0.889818
0.454669 0.54483 0.899656
0.457515 0.540507 0.8911
0.449081 0.542287 0.88603
0.443575 0.547771 0.879737
0.440574 0.557126 0.881598
0.439975 0.552421 0.872794
0.434001 0.554523 0.865055
0.430535 0.553444 0.855738
0.431286 0.555216 0.845925
0.430006 0.559724 0.854759
0.422951 0.555237 0.860245
0.420254 0.550616 0.851797
0.419955 0.553865 0.842344
0.428729 0.557196 0.845797
0.435554 0.553291 0.851975
0.443995 0.556609 0.847762
0.439779 0.563552 0.841929
0.435218 0.572295 0.840269
0.430662 0.580658 0.837219
0.434177 0.589699 0.839648
0.427063 0.582671 0.839677
0.417199 0.583891 0.840779
0.424912 0.589484 0.83774
0.431961 0.582901 0.8351
0.430463 0.574061 0.830671
0.438082 0.579757 0.827588
0.446862 0.577569 0.82333
0.446315 0.568153 0.826653
0.454318 0.571965 0.831281
0.458938 0.567398 0.838884
0.458008 0.559118 0.833354
0.453974 0.563768 0.825474
0.457875 0.570912 0.831283
0.455197 0.56312 0.825616
0.445964 0.560283 0.828204
0.442273 0.568519 0.832509
0.439969 0.576496 0.838082
0.436751 0.578944 0.828936
0.437553 0.57525 0.819679
0.445239 0.578149 0.825382
0.437113 0.581986 0.829768
0.428502 0.587068 0.829603
0.424003 0.581524 0.822601
0.415721 0.586355 0.825442
0.424224 0.591611 0.825174
0.425487 0.582544 0.82115
0.432477 0.575637 0.819301
0.430091 0.577782 0.828772
0.428342 0.570381 0.822279
0.424109 0.562505 0.8178
0.431507 0.569194 0.817075
0.441079 0.566482 0.818089
0.441129 0.560869 0.809813
0.44508 0.55892 0.800836
0.439424 0.55429 0.80766
0.432807 0.555075 0.815116
0.430715 0.559659 0.823754
0.428528 0.566298 0.816602
0.427355 0.567055 0.8067
0.431001 0.56652 0.797403
0.432721 0.556823 0.799137
0.440469 0.560081 0.793719
0.450273 0.558163 0.793265
0.447079 0.556885 0.802655
0.455451 0.561835 0.800328
0.452854 0.555843 0.807901
0.461935 0.557637 0.804119
0.460109 0.552608 0.812567
0.463673 0.551658 0.821862
0.456473 0.547224 0.816522
0.459651 0.539655 0.822233
0.451065 0.537361 0.817649
0.447503 0.535397 0.826784
0.445564 0.53776 0.817263
0.438323 0.537428 0.824152
0.430351 0.542251 0.820522
0.421814 0.542157 0.825728
0.41208 0.543084 0.82363
0.420933 0.538434 0.823749
0.419628 0.545867 0.817188
0.420762 0.551527 0.825353
0.416617 0.560207 0.828088
0.40964 0.555139 0.83315
0.406758 0.560052 0.824931
0.411134 0.55726 0.833479
0.417221 0.549418 0.834681
0.418119 0.558997 0.831951
0.419507 0.561631 0.841497
0.424492 0.552963 0.84167
0.420242 0.558519 0.848817
0.421164 0.55952 0.83891
0.41475 0.566515 0.83576
0.419489 0.566477 0.844566
0.426558 0.561977 0.850022
0.422284 0.56949 0.844995
0.420496 0.576789 0.838397
0.421948 0.573189 0.829181
0.412383 0.570423 0.828247
0.420312 0.575938 0.830843
0.412893 0.578387 0.837085
0.407735 0.58663 0.839418
0.415611 0.585365 0.833387
0.409257 0.592451 0.830318
0.414895 0.589063 0.837851
0.422028 0.586965 0.844537
0.422109 0.57722 0.842294
0.416008 0.574213 0.849624
0.40942 0.571978 0.84244
0.417198 0.57826 0.842242
0.414773 0.585036 0.835299
0.413205 0.583451 0.845047
0.418118 0.589667 0.838946
0.42095 0.590108 0.848527
0.424938 0.59923 0.847593
0.424521 0.601836 0.837947
0.423565 0.608295 0.830373
0.429597 0.611955 0.837459
0.435666 0.613291 0.829625
0.44035 0.610936 0.838141
0.448371 0.607293 0.83341
0.445134 0.604883 0.842559
0.442325 0.612909 0.847821
0.44222 0.621939 0.843527
0.451456 0.620825 0.847196
0.459189 0.621337 0.840877
0.465018 0.628135 0.845328
0.458952 0.625238 0.852731
0.460463 0.625821 0.862599
0.461928 0.622537 0.87193
0.467474 0.614307 0.873155
0.46743 0.604542 0.875313
0.463356 0.609571 0.867689
0.459848 0.604865 0.875786
0.45075 0.608818 0.877052
0.460057 0.605453 0.875623
0.453686 0.606604 0.868002
0.454686 0.598522 0.873805
0.450548 0.598095 0.882898
0.451638 0.598948 0.892802
0.45713 0.607121 0.891061
0.456732 0.601971 0.882498
0.463779 0.594884 0.882837
0.464843 0.585143 0.880839
0.464227 0.586293 0.890753
0.470576 0.57901 0.893333
0.461798 0.578489 0.898094
0.4634 0.583788 0.889766
0.472692 0.585594 0.886542
0.475029 0.57653 0.883024
0.484025 0.580023 0.885645
0.476244 0.586303 0.885514
0.480255 0.590829 0.877549
0.488435 0.593097 0.882835
0.487032 0.590921 0.873176
0.47946 0.593485 0.867169
0.479321 0.599218 0.858977
0.482289 0.590699 0.854662
0.491378 0.593525 0.851594
0.485797 0.590217 0.859204
0.489558 0.586422 0.850751
0.497047 0.589889 0.856399
0.494637 0.596307 0.849119
0.498608 0.603619 0.843572
0.504107 0.598414 0.83704
0.512544 0.599272 0.842339
0.508223 0.601497 0.8336
0.503404 0.594914 0.839382
0.498223 0.60109 0.833464
0.497803 0.596516 0.842347
0.487992 0.5966 0.84428
0.494439 0.590535 0.839627
0.496616 0.595908 0.847775
0.499917 0.586751 0.850069
0.496497 0.577481 0.851607
0.504069 0.571912 0.848194
0.49999 0.569119 0.856886
0.502452 0.577175 0.851497
0.493061 0.575934 0.854703
0.493698 0.571538 0.845743
0.497516 0.566491 0.853486
0.500614 0.557715 0.857146
0.500699 0.555016 0.866774
0.500097 0.549285 0.858602
0.501667 0.559088 0.859795
0.509147 0.552535 0.85874
0.509489 0.562142 0.855987
0.512707 0.570445 0.851435
0.507997 0.577558 0.846218
0.5104 0.574753 0.855511
0.508471 0.565108 0.853709
0.501001 0.565181 0.847061
0.504692 0.573957 0.844002
0.507016 0.564312 0.842754
0.49824 0.559858 0.840983
0.49234 0.553068 0.845353
0.484665 0.558634 0.842174
0.489518 0.562322 0.834246
0.489246 0.55336 0.838675
0.494225 0.548682 0.845977
0.491793 0.540672 0.851447
0.488193 0.538043 0.842496
0.485309 0.52959 0.837999
0.482177 0.520282 0.839887
0.475103 0.527012 0.837728
0.477447 0.528161 0.847382
0.475438 0.531527 0.838182
0.478916 0.536737 0.845977
0.484627 0.540172 0.853433
0.475013 0.541342 0.855922
0.47352 0.550864 0.858587
0.468417 0.545741 0.865495
0.473343 0.554026 0.862832
0.475461 0.544258 0.862512
0.466055 0.547466 0.86363
0.465515 0.551519 0.854504
0.461553 0.543608 0.849843
0.461021 0.549079 0.84149
0.46169 0.542574 0.833924
0.464918 0.543947 0.843288
0.464652 0.550478 0.83572
0.467098 0.551229 0.826053
0.470731 0.556402 0.818305
0.48 0.55781 0.821784
0.471654 0.552383 0.820843
0.480714 0.54815 0.820914
0.487675 0.553966 0.816706
0.492984 0.561452 0.820679
0.491117 0.563639 0.811101
0.48398 0.56722 0.805081
0.488142 0.574403 0.799506
0.478406 0.572221 0.798825
0.470151 0.572178 0.793181
0.470759 0.574493 0.783472
0.47717 0.569765 0.789517
0.486325 0.571461 0.793164
0.476536 0.57088 0.791208
0.470078 0.563525 0.789159
0.477206 0.556605 0.78802
0.480194 0.54741 0.785466
0.484198 0.554696 0.791023
0.48157 0.553699 0.781426
0.472936 0.555051 0.786286
0.477207 0.558516 0.794638
0.46882 0.562468 0.790891
0.473671 0.555008 0.795453
0.483345 0.557534 0.79565
0.484546 0.55788 0.785728
0.491393 0.56324 0.790667
0.485413 0.569753 0.785995
0.481346 0.57443 0.778147
0.489942 0.570082 0.780832
0.491744 0.562007 0.786449
0.488807 0.560987 0.795953
0.484657 0.565007 0.804116
0.488652 0.555879 0.804963
0.487965 0.552302 0.79565
0.486197 0.562125 0.796266
0.486965 0.562489 0.786302
0.484975 0.570638 0.791745
0.485185 0.574524 0.800957
0.492804 0.56835 0.802915
0.486769 0.575658 0.799724
0.479025 0.574682 0.805974
0.475861 0.577894 0.797048
0.48535 0.575336 0.7952
0.483595 0.576729 0.785455
0.486086 0.58388 0.791986
0.479322 0.59105 0.793669
0.481864 0.582074 0.790068
0.491361 0.584441 0.792119
0.492993 0.574899 0.789612
0.489909 0.584199 0.791612
0.490712 0.582452 0.801425
0.480751 0.581609 0.801684
0.472621 0.583508 0.807188
0.476021 0.592732 0.805356
0.466119 0.591622 0.806207
0.46046 0.593971 0.798304
0.453611 0.601008 0.796412
0.448105 0.606324 0.789977
0.453561 0.599243 0.785494
0.443852 0.596913 0.78606
0.445251 0.587074 0.787169
0.444688 0.594621 0.780632
0.441021 0.588387 0.773726
0.434968 0.593918 0.77945
0.433629 0.60327 0.776173
0.439406 0.597114 0.781532
0.44481 0.596152 0.789891
0.44189 0.595877 0.780331
0.441728 0.58881 0.787404
0.439622 0.597555 0.791774
0.441766 0.598764 0.782082
0.450357 0.59415 0.784299
0.450932 0.603439 0.780642
0.448852 0.605626 0.790176
0.447608 0.595805 0.791591
0.450908 0.604676 0.794819
0.448976 0.609655 0.786364
0.454672 0.602528 0.782271
0.445449 0.604845 0.785363
0.447928 0.595228 0.786531
0.453227 0.589209 0.780556
0.458704 0.58367 0.786827
0.465794 0.578676 0.791806
0.457157 0.579319 0.786807
0.454646 0.5708 0.782211
0.459324 0.577027 0.788482
0.461338 0.574334 0.7979
0.452772 0.574365 0.792741
0.457347 0.581489 0.787419
0.449757 0.578731 0.793317
0.449087 0.577641 0.783399
0.453535 0.569871 0.778946
0.44385 0.570811 0.776641
0.434072 0.570286 0.774615
0.433424 0.568817 0.764744
0.429092 0.57157 0.756162
0.438611 0.568591 0.755439
0.439274 0.55888 0.757734
0.429928 0.555344 0.758127
0.433603 0.563692 0.762227
0.436414 0.564186 0.771811
0.428988 0.564836 0.778477
0.426821 0.565919 0.768774
0.433946 0.559354 0.766296
0.43145 0.559833 0.775967
0.436792 0.554666 0.769277
0.427728 0.550502 0.768565
0.43707 0.546936 0.768439
0.438779 0.555878 0.772578
0.438869 0.558122 0.762833
0.447426 0.553178 0.764357
0.456579 0.554758 0.768062
0.45738 0.563232 0.762812
0.448336 0.560528 0.766113
0.446412 0.551492 0.769939
0.445911 0.555443 0.760767
0.447573 0.54708 0.765992
0.456952 0.550548 0.766137
0.45329 0.544487 0.759077
0.451128 0.553611 0.762551
0.452693 0.560066 0.755076
0.460578 0.560017 0.761226
0.451344 0.557382 0.758437
0.460356 0.557266 0.762769
0.454069 0.561393 0.76936
0.454052 0.551619 0.771475
0.449625 0.5583 0.777455
0.456677 0.558372 0.784546
0.459722 0.553722 0.776233
0.462417 0.550223 0.767261
0.459243 0.541481 0.770936
0.454179 0.546283 0.778098
0.454726 0.550929 0.786937
0.446835 0.544812 0.787518
0.440743 0.552541 0.785743
0.436637 0.543475 0.78672
0.432401 0.54197 0.777788
0.43165 0.539814 0.787524
0.433048 0.548903 0.791453
0.426981 0.556155 0.794709
0.420783 0.563913 0.793524
0.426122 0.562903 0.785129
0.42164 0.558933 0.777119
0.426776 0.558642 0.768544
0.419869 0.565299 0.771369
0.422723 0.567465 0.762033
0.415887 0.563486 0.768151
0.409108 0.5562 0.769134
0.405732 0.547426 0.772543
0.407577 0.539034 0.767427
0.411436 0.538888 0.758203
0.414758 0.548183 0.759807
0.413775 0.557014 0.764395
0.411202 0.549437 0.770392
0.408598 0.54062 0.766456
0.404594 0.538911 0.775458
0.403817 0.548798 0.774176
0.395625 0.543269 0.775699
0.405235 0.543012 0.778454
0.39676 0.547735 0.780877
0.403968 0.553494 0.784735
0.410137 0.545795 0.783101
0.405863 0.537058 0.785423
0.413585 0.53327 0.780322
0.416099 0.541543 0.785346
0.417698 0.532067 0.782583
0.423075 0.540374 0.78114
0.424543 0.53747 0.790596
0.41865 0.545495 0.789656
0.42076 0.552467 0.782805
0.414801 0.544808 0.78522
0.414633 0.538986 0.793348
0.40572 0.543118 0.795213
0.398253 0.539305 0.789763
0.400093 0.529575 0.791157
0.395012 0.532154 0.782939
0.390105 0.540865 0.782776
0.389903 0.543995 0.773281
0.392151 0.545843 0.782848
0.389527 0.541885 0.774048
0.39837 0.53743 0.772647
0.397038 0.531629 0.780683
0.388336 0.533746 0.776236
0.380706 0.538176 0.771528
0.376451 0.540425 0.762762
0.378413 0.546192 0.754831
0.372214 0.552066 0.74963
0.370292 0.544511 0.743366
0.378521 0.539168 0.745295
0.374292 0.539124 0.736234
0.377487 0.539659 0.726773
0.368791 0.544576 0.727228
0.378018 0.548424 0.726993
0.381988 0.549593 0.736097
0.386685 0.548707 0.727313
0.38116 0.554325 0.73347
0.375328 0.552777 0.725495
0.366563 0.551679 0.720809
0.370579 0.552155 0.729955
0.36854 0.55898 0.736973
0.366058 0.550808 0.731771
0.366978 0.540937 0.733081
0.37123 0.534053 0.727205
0.36426 0.531573 0.733934
0.362059 0.534037 0.724495
0.36802 0.536823 0.716965
0.360623 0.532993 0.711432
0.364122 0.534468 0.702181
0.36751 0.535578 0.692838
0.358071 0.533788 0.690064
0.358875 0.523915 0.688699
0.367362 0.527906 0.685229
0.374076 0.520495 0.685236
0.377978 0.517325 0.676591
0.386653 0.522242 0.675832
0.390064 0.516453 0.668425
0.38727 0.508452 0.673732
0.39038 0.504388 0.665141
0.389061 0.513039 0.669979
0.389036 0.522384 0.666419
0.397673 0.517351 0.666694
0.402539 0.510786 0.660929
0.402436 0.510211 0.650946
0.394029 0.515603 0.651444
0.394858 0.506766 0.65605
0.394471 0.498577 0.650324
0.392947 0.498469 0.660207
0.38827 0.503211 0.667666
0.392087 0.505751 0.658779
0.390432 0.514744 0.662825
0.385871 0.515911 0.654003
0.394701 0.513887 0.649769
0.393228 0.505935 0.65565
0.399085 0.497945 0.657011
0.405515 0.505178 0.659528
0.414907 0.505813 0.662903
0.408626 0.513592 0.663125
0.414588 0.510164 0.670384
0.421999 0.506909 0.664511
0.413899 0.504323 0.659248
0.420305 0.507976 0.652494
0.413817 0.514617 0.656209
0.415121 0.513438 0.666053
0.420093 0.519383 0.659732
0.426229 0.516831 0.65226
0.421769 0.511884 0.659719
0.431698 0.512723 0.658879
0.426727 0.516973 0.666444
0.419832 0.514393 0.673212
0.410141 0.511994 0.67378
0.416007 0.515196 0.681219
0.406277 0.514483 0.679022
0.413834 0.510613 0.673739
0.416044 0.50143 0.670455
0.416159 0.503522 0.660677
0.407271 0.504377 0.656176
0.405872 0.49581 0.651212
0.411768 0.503492 0.64872
0.409803 0.511703 0.643361
0.405579 0.511597 0.634298
0.407292 0.504652 0.62731
0.412573 0.506323 0.618984
0.414338 0.509838 0.628178
0.418648 0.510156 0.637196
0.414381 0.512691 0.645877
0.423646 0.516116 0.644319
0.420934 0.524951 0.640501
0.427527 0.518096 0.643588
0.424067 0.524849 0.650101
0.427893 0.524046 0.640897
0.420686 0.530977 0.640774
0.426951 0.53455 0.647702
0.433934 0.540683 0.644009
0.433351 0.531169 0.640986
0.442333 0.535454 0.641965
0.452287 0.534591 0.642386
0.461745 0.537381 0.64405
0.456798 0.533681 0.636185
0.463745 0.540425 0.633684
0.455359 0.536853 0.637797
0.448992 0.529388 0.635867
0.458128 0.526785 0.632746
0.457694 0.536744 0.633538
0.462021 0.527764 0.632743
0.468078 0.531535 0.625737
0.463787 0.538016 0.619446
0.468198 0.546972 0.620011
0.464001 0.555443 0.623273
0.457887 0.552071 0.630431
0.458573 0.544508 0.623925
0.450969 0.538678 0.62106
0.449942 0.528782 0.620053
0.444206 0.5253 0.612639
0.436265 0.519346 0.613863
0.433325 0.509986 0.615796
0.439147 0.504035 0.621337
0.438493 0.494359 0.618899
0.448374 0.493074 0.61975
0.449209 0.503027 0.619252
0.443368 0.508528 0.613285
0.448727 0.515921 0.617361
0.448003 0.506177 0.61523
0.449436 0.505113 0.605391
0.451734 0.510744 0.597453
0.455111 0.506757 0.588927
0.452407 0.51604 0.586377
0.458401 0.509824 0.581335
0.450331 0.515708 0.580828
0.456474 0.509563 0.575878
0.46609 0.511063 0.573581
0.465581 0.519993 0.569109
0.457391 0.514971 0.566332
0.466273 0.511024 0.568683
0.456594 0.512831 0.570431
0.447955 0.507999 0.571854
0.449982 0.513069 0.580232
0.455734 0.508374 0.573533
0.456018 0.516398 0.579495
0.456181 0.510243 0.587375
0.455192 0.50754 0.596952
0.454341 0.516164 0.591961
0.461601 0.520231 0.586415
0.45465 0.519378 0.579277
0.454304 0.509956 0.582609
0.456703 0.519526 0.58098
0.45656 0.514593 0.589678
0.465857 0.510967 0.589031
0.457187 0.515477 0.586914
0.45245 0.522153 0.58117
0.452158 0.531697 0.578199
0.452477 0.522216 0.581362
0.44912 0.531546 0.580067
0.446307 0.535715 0.571424
0.451435 0.542278 0.576959
0.46068 0.542004 0.573157
0.460143 0.544056 0.58293
0.45922 0.552731 0.578042
0.459291 0.544224 0.583298
0.453543 0.54921 0.589786
0.454054 0.559193 0.589512
0.454224 0.567682 0.584228
0.460821 0.569739 0.591457
0.458734 0.563726 0.59917
0.464885 0.57154 0.600227
0.464484 0.576489 0.608907
0.467428 0.578536 0.618242
0.458876 0.58185 0.614256
0.450781 0.581986 0.608388
0.444086 0.575553 0.612101
0.439448 0.571683 0.604131
0.441381 0.562824 0.608347
0.435969 0.561438 0.616641
0.439858 0.57059 0.615582
0.44583 0.575577 0.621863
0.440074 0.570737 0.628454
0.440837 0.560993 0.626337
0.444043 0.570465 0.62622
0.447827 0.575712 0.633845
0.44157 0.581918 0.629119
0.437483 0.585631 0.620781
0.446809 0.587772 0.617876
0.449861 0.590164 0.608658
0.457241 0.591312 0.615307
0.466166 0.587417 0.613036
0.45759 0.585126 0.608432
0.464726 0.578171 0.607599
0.469042 0.584938 0.613563
0.466982 0.58215 0.604184
0.474921 0.585239 0.598947
0.471663 0.585161 0.589492
0.466031 0.577349 0.592186
0.474677 0.578025 0.587207
0.465924 0.573292 0.586207
0.473582 0.573359 0.592638
0.469672 0.569909 0.601172
0.478763 0.573214 0.598634
0.474166 0.567553 0.605477
0.475802 0.570411 0.614919
0.468808 0.577137 0.612504
0.466981 0.583979 0.619566
0.464429 0.593646 0.619433
0.465665 0.598639 0.610857
0.475548 0.59836 0.612356
0.484227 0.59471 0.615726
0.492241 0.590331 0.611653
0.501674 0.588235 0.614225
0.510094 0.590262 0.619225
0.506025 0.584018 0.625892
0.510785 0.579653 0.633526
0.517201 0.58385 0.627106
0.512367 0.582678 0.618431
0.506782 0.590575 0.62097
0.504246 0.59897 0.625775
0.494433 0.599716 0.623999
0.503395 0.603967 0.625267
0.50061 0.610517 0.632291
0.491185 0.6079 0.634371
0.493809 0.604514 0.643407
0.489833 0.607738 0.634817
0.490099 0.601084 0.642277
0.499105 0.6019 0.638008
0.502853 0.611051 0.639492
0.50683 0.606873 0.647661
0.509622 0.614204 0.641459
0.507956 0.615337 0.651254
0.500707 0.61228 0.645082
0.504464 0.619828 0.639705
0.501189 0.626015 0.646846
0.501374 0.618795 0.639929
0.499167 0.614323 0.631262
0.492607 0.612048 0.638459
0.484607 0.607209 0.634913
0.492085 0.60435 0.628921
0.48229 0.603183 0.630558
0.488774 0.610224 0.633454
0.479214 0.607771 0.635066
0.485048 0.602823 0.641508
0.478741 0.604851 0.648999
0.485104 0.610935 0.644257
0.47736 0.613839 0.649877
0.485501 0.619492 0.651211
0.485103 0.611482 0.645238
0.49391 0.607423 0.647679
0.490193 0.609496 0.656728
0.494471 0.615359 0.64985
0.487447 0.615647 0.656961
0.484707 0.608608 0.663515
0.478554 0.613806 0.657589
0.483689 0.607434 0.651842
0.488267 0.610412 0.660219
0.482404 0.602432 0.658821
0.485867 0.610902 0.662854
0.485183 0.605097 0.670968
0.475991 0.60231 0.673747
0.467624 0.605141 0.669058
0.476328 0.609908 0.667824
0.479958 0.602927 0.661653
0.470486 0.59986 0.662586
0.460796 0.599748 0.665056
0.467724 0.600344 0.672243
0.462596 0.60693 0.666735
0.465359 0.599098 0.672306
0.462646 0.592806 0.67959
0.460458 0.591162 0.689208
0.460063 0.600397 0.693025
0.465168 0.606357 0.686827
0.465785 0.612595 0.694619
0.4736 0.610793 0.700592
0.477122 0.606545 0.708932
0.473898 0.615023 0.704721
0.467917 0.616464 0.712604
0.475134 0.623351 0.711913
0.482119 0.624295 0.719007
0.480669 0.624631 0.709118
0.477834 0.634193 0.709855
0.478282 0.643957 0.711965
0.469073 0.640349 0.710488
0.466362 0.647433 0.717005
0.47031 0.656078 0.713895
0.480042 0.655551 0.716136
0.482721 0.650908 0.707694
0.47618 0.646422 0.713783
0.471415 0.655211 0.713983
0.462603 0.65163 0.717069
0.468612 0.654964 0.724334
0.465346 0.66429 0.725871
0.464109 0.673721 0.728958
0.461696 0.682467 0.733163
0.45195 0.680699 0.734539
0.447324 0.685737 0.741834
0.455846 0.68068 0.743175
0.45666 0.679229 0.733315
0.462043 0.685026 0.727197
0.470458 0.680712 0.730449
0.463422 0.675249 0.734992
0.46391 0.685234 0.735215
0.467158 0.678648 0.728428
0.465333 0.670078 0.723607
0.458956 0.676677 0.719633
0.459688 0.674903 0.709819
0.465141 0.674231 0.701463
0.455286 0.674519 0.699789
0.45595 0.664807 0.702076
0.458179 0.666668 0.692507
0.467007 0.669047 0.688458
0.476976 0.668822 0.687702
0.473523 0.66953 0.678344
0.478232 0.675533 0.684808
0.477366 0.666612 0.680374
0.482984 0.667696 0.672173
0.473462 0.66648 0.669372
0.476039 0.66931 0.660133
0.472434 0.662583 0.666596
0.467408 0.670232 0.670624
0.474564 0.676766 0.668154
0.483986 0.679734 0.669709
0.480568 0.671216 0.665737
0.470907 0.672954 0.667646
0.471259 0.667531 0.659252
0.475861 0.674621 0.653908
0.471435 0.666571 0.657858
0.468099 0.666066 0.648445
0.466528 0.658488 0.642111
0.468406 0.65736 0.651868
0.463182 0.659939 0.64374
0.456185 0.660725 0.650841
0.464907 0.659658 0.646068
0.461312 0.666758 0.652123
0.462736 0.666195 0.642241
0.468336 0.659046 0.646428
0.47515 0.661395 0.639496
0.473432 0.663974 0.629988
0.470004 0.673368 0.630055
0.466056 0.67679 0.621529
0.46037 0.682771 0.615881
0.460985 0.677016 0.624035
0.455737 0.67578 0.632458
0.452799 0.682216 0.639525
0.461812 0.67789 0.639272
0.458513 0.687056 0.641531
0.460073 0.680414 0.648841
0.458645 0.681531 0.658675
0.451605 0.676102 0.663253
0.456174 0.684274 0.666766
0.446466 0.682101 0.667783
0.446255 0.672829 0.671524
0.452292 0.667819 0.677725
0.457154 0.675988 0.674622
0.451336 0.669666 0.679738
0.451275 0.670767 0.689677
0.456088 0.66218 0.687914
0.451942 0.655077 0.682225
0.443388 0.652929 0.677513
0.445181 0.643988 0.673409
0.4395 0.642359 0.665342
0.443204 0.645115 0.656471
0.441032 0.654873 0.656715
0.442062 0.654195 0.666639
0.449526 0.654798 0.673267
0.4542 0.659164 0.66558
0.459107 0.659074 0.674293
0.456556 0.650167 0.670531
0.459592 0.658604 0.666104
0.456959 0.667617 0.669545
0.448354 0.667109 0.664475
0.441392 0.673319 0.668074
0.450318 0.669617 0.665504
0.444847 0.673612 0.672859
0.440817 0.664731 0.670652
0.437123 0.662452 0.661643
0.443141 0.657092 0.655722
0.451989 0.656564 0.660351
0.454257 0.662618 0.652722
0.448959 0.668708 0.646819
0.446892 0.659549 0.643378
0.439288 0.663143 0.637969
0.447473 0.665314 0.63265
0.446577 0.666427 0.622753
0.438312 0.67127 0.619885
0.429184 0.670049 0.615987
0.425941 0.674627 0.607709
0.434642 0.679545 0.607414
0.43213 0.683466 0.598565
0.437927 0.682687 0.606676
0.436873 0.683577 0.596772
0.431458 0.679137 0.60391
0.433448 0.686714 0.597695
0.434199 0.677817 0.602199
0.426447 0.673328 0.606645
0.429336 0.671298 0.597289
0.428722 0.680859 0.594423
0.425303 0.67159 0.595976
0.419567 0.679435 0.598331
0.412689 0.686663 0.599005
0.40996 0.686455 0.589387
0.415311 0.691571 0.59611
0.424118 0.690979 0.591409
0.419886 0.682701 0.587727
0.416789 0.691804 0.58498
0.418165 0.688526 0.594327
0.417142 0.679468 0.598437
0.40815 0.676061 0.601183
0.411322 0.668315 0.595712
0.409056 0.669595 0.586056
0.407239 0.662416 0.579336
0.415635 0.658743 0.583338
0.416095 0.668179 0.580057
0.418601 0.676388 0.585189
0.417421 0.672586 0.594363
0.40787 0.672509 0.597322
0.417767 0.671593 0.59842
0.413903 0.680784 0.59764
0.421125 0.685927 0.602263
0.417362 0.681809 0.610562
0.408556 0.684682 0.606793
0.417895 0.684451 0.610362
0.412887 0.686341 0.618809
0.409673 0.689354 0.609832
0.412836 0.698074 0.606095
0.419768 0.694825 0.612528
0.419501 0.684838 0.612072
0.41363 0.688363 0.61936
0.420697 0.687741 0.626408
0.412453 0.683888 0.630554
0.412843 0.675237 0.625553
0.404909 0.675719 0.619485
0.401938 0.668801 0.612904
0.406367 0.659919 0.614124
0.414585 0.662721 0.609163
0.411991 0.656121 0.602113
0.406788 0.659293 0.610042
0.40252 0.666853 0.605078
0.410555 0.661576 0.607834
0.407826 0.655738 0.600187
0.415839 0.649998 0.598503
0.409515 0.657554 0.600207
0.416818 0.651158 0.597809
0.416828 0.642351 0.602546
0.41132 0.635341 0.607077
0.418147 0.641538 0.603205
0.419706 0.651017 0.600426
0.422221 0.654191 0.609569
0.428002 0.64614 0.608242
0.430201 0.649623 0.59913
0.427299 0.653794 0.607743
0.435875 0.654098 0.60261
0.445045 0.658032 0.603272
0.445269 0.649728 0.60884
0.448294 0.640326 0.607272
0.454519 0.647446 0.604023
0.449729 0.654576 0.598904
0.448497 0.644872 0.600981
0.449114 0.652294 0.594307
0.442409 0.659713 0.594258
0.440325 0.651321 0.599282
0.43972 0.646814 0.608188
0.440039 0.654427 0.614664
0.438539 0.647 0.621191
0.441239 0.656611 0.620597
0.442156 0.658294 0.610782
0.43341 0.663072 0.609957
0.433985 0.662559 0.599986
0.427728 0.65826 0.606496
0.437547 0.658068 0.608381
0.439624 0.65103 0.601587
0.445026 0.643849 0.5972
0.451287 0.647004 0.59007
0.457897 0.644962 0.597291
0.455306 0.636097 0.601125
0.450618 0.628907 0.606255
0.459649 0.625846 0.609267
0.45942 0.61821 0.602815
0.45905 0.613203 0.594166
0.459856 0.604863 0.588707
0.45495 0.601763 0.59685
0.453737 0.609514 0.59065
0.462138 0.60771 0.595765
0.452719 0.606607 0.598937
0.450832 0.614201 0.605164
0.447342 0.617935 0.613759
0.449081 0.627112 0.61733
0.449107 0.627365 0.627327
0.450951 0.632611 0.635638
0.448832 0.631419 0.625938
0.447289 0.629276 0.635583
0.449713 0.635158 0.643298
0.459417 0.634064 0.645451
0.467459 0.633773 0.639516
0.463262 0.635818 0.648359
0.454317 0.64 0.649939
0.445458 0.642397 0.645966
0.437442 0.646488 0.650327
0.429342 0.65235 0.650446
0.426038 0.645063 0.644448
0.422244 0.653785 0.647533
0.41412 0.658654 0.644324
0.419209 0.657829 0.652893
0.427331 0.663661 0.653082
0.429431 0.673384 0.654106
0.431882 0.678979 0.646189
0.427342 0.686895 0.642098
0.418033 0.686032 0.638549
0.411604 0.688892 0.645654
0.405328 0.692514 0.638763
0.395443 0.691229 0.639554
0.399166 0.696325 0.647311
0.389185 0.696264 0.64669
0.384618 0.694614 0.637949
0.381737 0.70405 0.636321
0.383366 0.71016 0.644068
0.373998 0.712644 0.646534
0.365439 0.707545 0.647395
0.362921 0.717221 0.647186
0.360114 0.723759 0.64016
0.353104 0.717324 0.643232
0.362259 0.719869 0.646346
0.362924 0.713943 0.638319
0.353639 0.716445 0.635574
0.36253 0.713427 0.632132
0.361702 0.719763 0.62444
0.36202 0.722824 0.614926
0.370773 0.718513 0.617117
0.362013 0.713689 0.617137
0.354851 0.718921 0.612517
0.354139 0.721934 0.603009
0.360903 0.717951 0.609205
0.351184 0.716274 0.607552
0.347759 0.719695 0.598802
0.342111 0.72749 0.596094
0.337953 0.718891 0.599055
0.345297 0.713301 0.595206
0.3448 0.71339 0.605193
0.354378 0.715093 0.607508
0.351947 0.724164 0.604072
0.354678 0.714567 0.604739
0.349092 0.721516 0.609269
0.350086 0.726563 0.617845
0.345205 0.71917 0.613206
0.345405 0.726448 0.620061
0.354554 0.726724 0.624087
0.353801 0.722016 0.615297
0.344744 0.726143 0.614323
0.338504 0.718792 0.616972
0.33889 0.711371 0.623664
0.334186 0.710451 0.614888
0.341823 0.712982 0.608949
0.340069 0.722807 0.608328
0.348448 0.728214 0.607585
0.353685 0.729523 0.616003
0.352042 0.731439 0.606327
0.345758 0.726635 0.600209
0.351142 0.719588 0.60483
0.354564 0.722592 0.595927
0.345982 0.726841 0.598806
0.345268 0.717099 0.600949
0.350539 0.718435 0.592557
0.341346 0.720323 0.589105
0.349248 0.714253 0.58826
0.340469 0.71823 0.585594
0.338603 0.721246 0.594944
0.331892 0.728251 0.597368
0.34165 0.728001 0.599539
0.343314 0.718376 0.601681
0.345914 0.719158 0.611305
0.349703 0.72573 0.60479
0.340205 0.728571 0.603479
0.34035 0.732393 0.594239
0.342692 0.738182 0.602049
0.335736 0.732991 0.607015
0.339111 0.730808 0.616172
0.347387 0.725196 0.616032
0.353122 0.729753 0.609225
0.354867 0.719979 0.610421
0.359411 0.71554 0.602698
0.358813 0.716678 0.612615
0.357627 0.718071 0.622446
0.365239 0.716365 0.628704
0.374838 0.714691 0.630952
0.370902 0.721237 0.637407
0.365671 0.729489 0.639538
0.370333 0.726937 0.648008
0.37362 0.728865 0.638763
0.369893 0.72961 0.629513
0.360828 0.731107 0.633462
0.364418 0.734795 0.642036
0.367039 0.725479 0.644553
0.370345 0.734279 0.641143
0.37061 0.736264 0.650941
0.362079 0.734375 0.646077
0.352917 0.730579 0.647359
0.346751 0.737733 0.650646
0.352899 0.73586 0.642985
0.343113 0.737667 0.642
0.343583 0.743906 0.649801
0.342264 0.74031 0.659038
0.337803 0.73602 0.651184
0.333116 0.727757 0.648059
0.327381 0.732215 0.654932
0.324262 0.741292 0.652126
0.329044 0.747464 0.658374
0.337728 0.751712 0.660934
0.32865 0.749027 0.664155
0.335084 0.75296 0.657588
0.329673 0.745506 0.66148
0.333879 0.752027 0.667787
0.343345 0.750916 0.670811
0.353333 0.750945 0.671314
0.346347 0.744404 0.668414
0.353339 0.751362 0.666775
0.358436 0.745725 0.660274
0.357937 0.754979 0.664032
0.361695 0.750267 0.656052
0.354436 0.743967 0.65881
0.355213 0.734007 0.65838
0.347949 0.730685 0.652364
0.35294 0.727717 0.660505
0.342966 0.728123 0.65991
0.335493 0.722858 0.655857
0.333531 0.730608 0.661865
0.330012 0.724973 0.669339
0.321658 0.721464 0.665108
0.327169 0.722116 0.673426
0.323986 0.731097 0.67646
0.31974 0.723953 0.682022
0.310655 0.727175 0.679362
0.312192 0.721219 0.687247
0.319551 0.7146 0.685821
0.326894 0.720534 0.682524
0.323853 0.729906 0.680813
0.325016 0.720953 0.676512
0.31923 0.725956 0.67007
0.323591 0.734764 0.668226
0.332161 0.730771 0.671485
0.336205 0.738409 0.666454
0.326934 0.738623 0.662713
0.323142 0.730813 0.667675
0.315827 0.724289 0.665695
0.317462 0.72532 0.675507
0.319481 0.734001 0.680042
0.313336 0.728599 0.685791
0.306298 0.7271 0.678846
0.312553 0.719638 0.676567
0.317333 0.724202 0.684072
0.316062 0.731906 0.677825
0.307163 0.736453 0.678185
0.303801 0.745679 0.676291
0.293877 0.745859 0.675078
0.288622 0.743054 0.68311
0.296001 0.738381 0.678239
0.300157 0.73159 0.684289
0.304453 0.730788 0.693284
0.304334 0.738619 0.699502
0.312809 0.734646 0.695981
0.308301 0.727489 0.690647
0.300596 0.733367 0.693111
0.301523 0.732747 0.703049
0.307198 0.725144 0.70621
0.303546 0.717435 0.700992
0.304835 0.727168 0.699095
0.301694 0.720866 0.691995
0.296666 0.712455 0.69399
0.292095 0.707677 0.701491
0.283026 0.706417 0.697469
0.29041 0.699709 0.696779
0.281538 0.704314 0.696479
0.287669 0.696638 0.698345
0.288783 0.687257 0.695065
0.283147 0.695471 0.695938
0.288799 0.696448 0.70413
0.295729 0.692549 0.710194
0.305493 0.693985 0.711806
0.30852 0.69731 0.720738
0.3052 0.691442 0.728123
0.308591 0.683605 0.733328
0.299384 0.686278 0.736173
0.300024 0.681148 0.744733
0.291113 0.68042 0.749212
0.282992 0.685568 0.75196
0.287869 0.690814 0.744982
0.280851 0.683793 0.743777
0.274666 0.689843 0.748792
0.269933 0.698336 0.746453
0.268569 0.693808 0.755264
0.260588 0.699297 0.757748
0.263445 0.693922 0.765682
0.259191 0.690958 0.774233
0.263418 0.69757 0.768036
0.271528 0.700388 0.773164
0.277803 0.696202 0.779729
0.271781 0.689488 0.784049
0.27577 0.681925 0.789233
0.279021 0.691238 0.787591
0.272547 0.68476 0.791607
0.280262 0.679871 0.787536
0.282145 0.689635 0.788591
0.287379 0.686906 0.796663
0.286083 0.681121 0.78861
0.288102 0.682769 0.778955
0.283079 0.683808 0.770371
0.27879 0.684596 0.77937
0.287747 0.680159 0.779079
0.287914 0.671739 0.78447
0.287082 0.663415 0.78995
0.281878 0.670249 0.784828
0.282862 0.666335 0.793978
0.275522 0.667118 0.800724
0.275056 0.663697 0.810109
0.275666 0.656893 0.802806
0.266348 0.654913 0.805847
0.261592 0.657623 0.797478
0.270581 0.653274 0.798004
0.275336 0.655664 0.789538
0.274907 0.660559 0.798248
0.274582 0.661418 0.808205
0.279839 0.669925 0.808165
0.281477 0.670728 0.798333
0.277922 0.661544 0.80007
0.271757 0.657911 0.793085
0.278338 0.652755 0.787599
0.281801 0.657535 0.795671
0.290055 0.658856 0.80116
0.29478 0.657751 0.809903
0.285043 0.658448 0.807733
0.283222 0.650324 0.813273
0.292199 0.65024 0.808867
0.282998 0.648057 0.812118
0.275577 0.642719 0.808064
0.276469 0.64661 0.817233
0.285028 0.643919 0.821648
0.281655 0.637108 0.81515
0.274798 0.629877 0.814312
0.280893 0.622874 0.818028
0.271866 0.624937 0.814253
0.276156 0.618603 0.807813
0.28331 0.612446 0.804507
0.282891 0.607098 0.796068
0.273765 0.611055 0.795043
0.274853 0.605232 0.786987
0.2811 0.605406 0.794794
0.290348 0.604114 0.798373
0.282469 0.606913 0.803857
0.279532 0.602503 0.795377
0.288704 0.606379 0.796294
0.285793 0.604188 0.786982
0.287522 0.613836 0.788965
0.293963 0.621429 0.788038
0.303673 0.619934 0.786169
0.30928 0.613667 0.780757
0.302132 0.620557 0.78196
0.296846 0.616262 0.789282
0.287278 0.617255 0.78655
0.281288 0.609575 0.788816
0.286 0.605562 0.780962
0.276021 0.604995 0.781271
0.270251 0.611553 0.78614
0.2749 0.616132 0.793718
0.275848 0.622548 0.801329
0.283307 0.619373 0.807184
0.286128 0.617997 0.816679
0.294322 0.614129 0.812448
0.296141 0.62326 0.808799
0.289839 0.630931 0.807597
0.286549 0.640254 0.80609
0.287408 0.646599 0.798409
0.291644 0.637853 0.800769
0.295287 0.645281 0.806387
0.294573 0.637273 0.80044
0.291773 0.646507 0.803068
0.294647 0.642433 0.811737
0.289146 0.634597 0.80885
0.292046 0.630089 0.817292
0.282826 0.630814 0.821097
0.275266 0.631998 0.827535
0.268303 0.625096 0.829505
0.272716 0.621819 0.821152
0.274189 0.612791 0.825193
0.277733 0.619782 0.831403
0.270496 0.622567 0.825088
0.279615 0.624235 0.828839
0.275064 0.629294 0.836167
0.277066 0.625687 0.827057
0.281515 0.618415 0.832284
0.280635 0.61963 0.842171
0.277337 0.627998 0.837801
0.284109 0.633646 0.842518
0.285045 0.642449 0.847168
0.286482 0.6519 0.850102
0.283045 0.649573 0.8592
0.275897 0.655686 0.862597
0.281953 0.651529 0.855811
0.289724 0.656205 0.851599
0.288224 0.658521 0.861211
0.291268 0.664664 0.853931
0.29555 0.673551 0.855569
0.305061 0.672906 0.85255
0.306595 0.680395 0.858998
0.300809 0.674931 0.865053
0.292389 0.678413 0.869174
0.293207 0.681081 0.878776
0.28547 0.679939 0.885008
0.292674 0.673593 0.887807
0.301531 0.675399 0.892083
0.302454 0.679233 0.882893
0.303349 0.68611 0.875688
0.313249 0.684912 0.87494
0.314579 0.689129 0.865971
0.305074 0.69149 0.867986
0.307522 0.68204 0.86582
0.29992 0.675859 0.863819
0.302145 0.685467 0.862166
0.301291 0.677469 0.868108
0.310674 0.677429 0.871568
0.318342 0.673698 0.87679
0.324433 0.681553 0.877886
0.330991 0.685337 0.884418
0.337576 0.690104 0.878594
0.341365 0.698119 0.88322
0.344404 0.688644 0.884218
0.345641 0.689912 0.89406
0.338428 0.689904 0.887133
0.336271 0.683715 0.894686
0.345968 0.685807 0.895946
0.355949 0.686068 0.895374
0.360768 0.677942 0.898651
0.355187 0.673974 0.891363
0.3461 0.674627 0.88724
0.337698 0.678927 0.883937
0.328698 0.68317 0.882943
0.328409 0.682833 0.872953
0.328294 0.673762 0.868746
0.321845 0.674083 0.876382
0.330791 0.671077 0.873076
0.331242 0.67582 0.881868
0.340477 0.677742 0.878548
0.341586 0.679296 0.868732
0.346867 0.67156 0.865229
0.337052 0.67296 0.866534
0.338006 0.677709 0.875283
0.341787 0.686797 0.873518
0.344979 0.68179 0.865472
0.352547 0.686425 0.87008
0.344436 0.685499 0.875855
0.338567 0.684137 0.883837
0.347962 0.687535 0.884271
0.355673 0.681655 0.886713
0.356669 0.674202 0.880121
0.361481 0.667038 0.875068
0.363677 0.675067 0.88061
0.367957 0.668113 0.886383
0.359349 0.670801 0.882061
0.364638 0.675643 0.88903
0.365978 0.666869 0.884424
0.36293 0.668598 0.875058
0.356801 0.661872 0.879206
0.353588 0.671341 0.879043
0.358956 0.669642 0.870779
0.364995 0.672264 0.863251
0.373368 0.667964 0.866629
0.374087 0.658077 0.865313
0.365625 0.663358 0.866026
0.361512 0.655635 0.861184
0.352411 0.659772 0.860932
0.344448 0.665767 0.860128
0.347403 0.664712 0.869623
0.338513 0.66043 0.867998
0.336932 0.656569 0.85891
0.341663 0.649899 0.853154
0.336233 0.643797 0.858922
0.338554 0.638755 0.850604
0.340265 0.64836 0.84841
0.333458 0.641514 0.845802
0.339359 0.638647 0.853349
0.348011 0.634026 0.855298
0.339614 0.636542 0.850485
0.346188 0.640537 0.856874
0.339515 0.647833 0.855377
0.346054 0.642877 0.849661
0.35143 0.640277 0.857682
0.360783 0.638605 0.854562
0.363593 0.647975 0.856637
0.357037 0.640426 0.856469
0.366009 0.636423 0.854602
0.374951 0.634593 0.858686
0.366636 0.629044 0.858951
0.366654 0.621329 0.852588
0.374479 0.625415 0.847889
0.373726 0.615444 0.847942
0.376529 0.624915 0.849502
0.37994 0.632957 0.854369
0.383812 0.628219 0.862278
0.38906 0.636725 0.862612
0.39627 0.631012 0.858691
0.387402 0.631323 0.863302
0.385912 0.627289 0.854274
0.381518 0.634479 0.859659
0.391077 0.63657 0.861718
0.393634 0.638794 0.85231
0.397366 0.645086 0.845492
0.406362 0.645859 0.841195
0.406695 0.63987 0.833194
0.404155 0.638967 0.823564
0.412651 0.643057 0.826893
0.417179 0.650288 0.821676
0.409489 0.651382 0.827974
0.404445 0.660009 0.827619
0.399805 0.668387 0.830498
0.406947 0.665121 0.824307
0.401494 0.67325 0.822263
0.410354 0.670635 0.818433
0.417325 0.667581 0.824919
0.408874 0.671964 0.821859
0.400922 0.67192 0.815795
0.408931 0.675609 0.820513
0.412482 0.669455 0.827549
0.410364 0.677022 0.821364
0.419284 0.676735 0.825875
0.412654 0.683 0.821778
0.416399 0.690279 0.816034
0.409366 0.686973 0.822328
0.406134 0.679446 0.816593
0.414342 0.674313 0.819101
0.422439 0.668544 0.818032
0.41829 0.67606 0.82316
0.426426 0.675396 0.817383
0.434748 0.680701 0.815765
0.436256 0.671342 0.81895
0.441105 0.669081 0.827398
0.44175 0.675712 0.834855
0.451348 0.678228 0.8361
0.445823 0.67715 0.844365
0.449262 0.680166 0.835472
0.441551 0.682835 0.841252
0.448605 0.688382 0.845665
0.445989 0.681821 0.838586
0.453835 0.686104 0.843069
0.46253 0.681578 0.841089
0.470205 0.68709 0.844362
0.479945 0.684922 0.845021
0.486768 0.683574 0.837835
0.477262 0.681521 0.835506
0.473908 0.679981 0.826212
0.468117 0.67398 0.831731
0.462465 0.677993 0.824524
0.458526 0.686918 0.826722
0.464168 0.682945 0.83396
0.457478 0.679509 0.84055
0.450679 0.686088 0.837313
0.443495 0.686582 0.830373
0.434738 0.690427 0.833292
0.4276 0.692003 0.826468
0.425501 0.68618 0.834322
0.419588 0.694087 0.835907
0.426621 0.694005 0.828799
0.431417 0.687944 0.835145
0.439441 0.686325 0.840889
0.448313 0.685044 0.836456
0.448709 0.681891 0.826975
0.443299 0.68291 0.818626
0.444976 0.674989 0.824495
0.451308 0.679764 0.818404
0.444141 0.680222 0.811446
0.435097 0.680043 0.815709
0.435967 0.671296 0.820476
0.436883 0.66206 0.824199
0.431866 0.658851 0.832232
0.439676 0.66141 0.826535
0.440445 0.662241 0.8166
0.448327 0.66577 0.821642
0.452583 0.656853 0.820097
0.454902 0.65805 0.810443
0.445667 0.66056 0.813345
0.443055 0.652126 0.818041
0.438395 0.644295 0.822159
0.437571 0.635314 0.817838
0.42859 0.639628 0.816988
0.432886 0.633279 0.823409
0.440632 0.63384 0.81711
0.434055 0.635977 0.809887
0.435946 0.645539 0.807651
0.433526 0.650168 0.799124
0.43452 0.651796 0.789307
0.428612 0.656689 0.782892
0.428371 0.64848 0.788597
0.423264 0.653778 0.795368
0.413879 0.652229 0.798455
0.411335 0.643254 0.794854
0.4086 0.64531 0.80425
0.416724 0.640137 0.806938
0.423375 0.646684 0.803346
0.419896 0.645487 0.812644
0.423827 0.6438 0.803606
0.41774 0.649603 0.809016
0.410345 0.655104 0.805137
0.406044 0.663433 0.80862
0.401523 0.661811 0.817391
0.39659 0.653579 0.81458
0.392443 0.657673 0.806453
0.394273 0.652041 0.814511
0.386147 0.652271 0.820334
0.382109 0.643286 0.81861
0.38617 0.639224 0.810424
0.396098 0.638703 0.809352
0.387799 0.644003 0.811093
0.392303 0.635084 0.811482
0.401289 0.636377 0.80729
0.411014 0.638511 0.806353
0.412812 0.638213 0.79652
0.408036 0.646759 0.798557
0.399987 0.647756 0.792706
0.390502 0.648528 0.795778
0.398227 0.650511 0.801811
0.3942 0.643961 0.795418
0.388827 0.652186 0.797282
0.394504 0.6551 0.789583
0.390131 0.64657 0.792432
0.387666 0.637372 0.795484
0.388128 0.646276 0.800012
0.395158 0.640287 0.796176
0.389284 0.642068 0.804071
0.391931 0.642482 0.794436
0.40066 0.637944 0.79623
0.39971 0.640169 0.805933
0.401879 0.631478 0.810377
0.409188 0.631289 0.803556
0.400207 0.631302 0.799158
0.394481 0.624211 0.795042
0.393235 0.621404 0.804559
0.396295 0.625844 0.81298
0.388011 0.630313 0.809604
0.390697 0.632556 0.800237
0.388787 0.625535 0.793377
0.393229 0.633582 0.789437
0.38959 0.624283 0.789983
0.394666 0.624048 0.78137
0.392866 0.631428 0.774867
0.398215 0.635486 0.767455
0.393248 0.640359 0.760273
0.392876 0.638521 0.75045
0.384688 0.632895 0.749314
0.38353 0.624417 0.744139
0.385399 0.622772 0.734454
0.38152 0.613618 0.735532
0.389401 0.612236 0.729534
0.385758 0.614544 0.738556
0.392866 0.611742 0.745008
0.392012 0.61265 0.75493
0.401831 0.610819 0.755409
0.405615 0.607385 0.746814
0.408178 0.598421 0.750432
0.39898 0.601206 0.753196
0.392664 0.608959 0.753323
0.388581 0.600017 0.751484
0.38537 0.591009 0.748564
0.383569 0.588696 0.758125
0.392554 0.589558 0.753819
0.396806 0.580638 0.755352
0.398083 0.574131 0.762837
0.405602 0.580721 0.763032
0.404664 0.571397 0.766524
0.395409 0.571932 0.762773
0.38963 0.569303 0.770499
0.391351 0.575606 0.762929
0.383772 0.581812 0.760919
0.374021 0.579628 0.760531
0.381172 0.580983 0.753673
0.389231 0.586713 0.752184
0.396413 0.591797 0.756934
0.398554 0.586201 0.764941
0.405962 0.581139 0.760525
0.39654 0.577876 0.76128
0.403756 0.577732 0.768202
0.413014 0.580101 0.765255
0.41746 0.571342 0.763377
0.425337 0.573655 0.757668
0.419955 0.571914 0.749422
0.425564 0.573271 0.741255
0.420823 0.581397 0.744647
0.422049 0.575288 0.752468
0.425944 0.580399 0.760131
0.430619 0.587295 0.754601
0.429052 0.596948 0.752511
0.437391 0.601844 0.755057
0.438685 0.593376 0.749896
0.448125 0.592402 0.753048
0.438303 0.591084 0.75171
0.447945 0.588434 0.751759
0.455771 0.59391 0.75472
0.455885 0.597384 0.764097
0.457677 0.588319 0.767919
0.461178 0.591897 0.776576
0.454712 0.598888 0.779626
0.454555 0.607198 0.785188
0.449764 0.604 0.777013
0.450659 0.603031 0.786926
0.454933 0.595001 0.791079
0.458828 0.59309 0.800088
0.459714 0.584038 0.804247
0.454721 0.587707 0.796397
0.450153 0.582422 0.803553
0.446262 0.591289 0.80605
0.448016 0.581933 0.802987
0.455663 0.584737 0.797184
0.462826 0.59066 0.793493
0.46024 0.587034 0.784539
0.450614 0.586684 0.787224
0.44532 0.592424 0.780976
0.452501 0.592173 0.774021
0.443274 0.590381 0.770607
0.440782 0.593076 0.761305
0.434795 0.585182 0.762658
0.437219 0.577595 0.756611
0.429044 0.572078 0.754959
0.433913 0.571353 0.763664
0.427168 0.578159 0.760802
0.427932 0.570333 0.754623
0.422999 0.572306 0.746151
0.417844 0.56374 0.745975
0.414851 0.554252 0.746991
0.413178 0.559646 0.755244
0.417416 0.55364 0.762024
0.415612 0.562038 0.767145
0.41773 0.561393 0.757393
0.408163 0.560137 0.754765
0.399369 0.560666 0.759495
0.396287 0.562449 0.76884
0.389266 0.555564 0.770658
0.388343 0.551147 0.779582
0.380755 0.544679 0.780349
0.390465 0.543061 0.778585
0.385171 0.549571 0.784024
0.376266 0.549344 0.779482
0.369196 0.551051 0.772618
0.377765 0.549498 0.777533
0.374923 0.558816 0.775278
0.369833 0.564553 0.781696
0.362808 0.56925 0.77635
0.368157 0.560842 0.777183
0.361674 0.557204 0.783872
0.363631 0.555941 0.774147
0.355616 0.553928 0.779777
0.357098 0.563295 0.782949
0.356084 0.566869 0.792233
0.353032 0.573724 0.798844
0.355549 0.575436 0.80837
0.360148 0.567149 0.805181
0.363865 0.5699 0.814047
0.356914 0.562969 0.815956
0.348175 0.567147 0.813472
0.340469 0.567339 0.819842
0.343208 0.562834 0.828339
0.347242 0.571684 0.830663
0.35082 0.579911 0.83508
0.356072 0.57355 0.829427
0.364873 0.577974 0.8277
0.368774 0.578182 0.818494
0.364163 0.570159 0.822286
0.369885 0.56524 0.815723
0.37975 0.563794 0.814955
0.385782 0.56313 0.822903
0.380348 0.557885 0.816349
0.37709 0.565851 0.821439
0.37098 0.567576 0.829165
0.377338 0.56708 0.821463
0.385108 0.560826 0.820736
0.384654 0.5651 0.811707
0.38776 0.565317 0.82121
0.382246 0.567008 0.829379
0.382442 0.567217 0.839375
0.373429 0.570928 0.841611
0.375294 0.564402 0.834267
0.365327 0.563752 0.833774
0.374091 0.568398 0.832504
0.366983 0.562981 0.836991
0.361617 0.562853 0.828553
0.365418 0.554989 0.833423
0.369824 0.549704 0.826166
0.372786 0.545959 0.834953
0.37514 0.537493 0.839726
0.378354 0.538569 0.849134
0.380916 0.546135 0.843117
0.382789 0.54207 0.834174
0.391813 0.546141 0.83276
0.383004 0.541727 0.831053
0.380574 0.536795 0.8227
0.375238 0.529675 0.827263
0.385179 0.530588 0.827842
0.390823 0.538772 0.826753
0.388365 0.529082 0.827007
0.390743 0.521685 0.820711
0.385517 0.525047 0.812876
0.3855 0.52102 0.803723
0.380128 0.520504 0.812142
0.370247 0.520716 0.810618
0.376494 0.528243 0.808539
0.374771 0.537841 0.806327
0.373288 0.538761 0.816173
0.379032 0.533905 0.822764
0.373762 0.52807 0.816585
0.371811 0.520284 0.82255
0.37264 0.52104 0.832487
0.36581 0.515055 0.836675
0.374252 0.510219 0.838987
0.370126 0.516559 0.832446
0.363282 0.515457 0.825238
0.353684 0.517908 0.823876
0.361536 0.5231 0.827252
0.353005 0.518802 0.830212
0.352971 0.515417 0.839622
0.349951 0.51811 0.830477
0.357151 0.515536 0.836922
0.364619 0.508903 0.836431
0.368919 0.504545 0.828524
0.373679 0.497057 0.823912
0.37908 0.499679 0.831909
0.382854 0.499632 0.822649
0.385181 0.504635 0.814308
0.376361 0.502021 0.81823
0.380356 0.509519 0.812956
0.380303 0.518936 0.809589
0.372503 0.519775 0.815792
0.381199 0.52397 0.813188
0.379781 0.533575 0.815582
0.38837 0.531269 0.820154
0.386489 0.531628 0.810339
0.39423 0.526858 0.814499
0.400703 0.526111 0.822085
0.395515 0.521641 0.814798
0.404326 0.524945 0.818182
0.402033 0.532733 0.82402
0.402382 0.522865 0.8256
0.410572 0.518661 0.829503
0.404603 0.511158 0.832344
0.397583 0.507412 0.826286
0.40601 0.50444 0.821796
0.406898 0.495366 0.825904
0.415734 0.499013 0.828843
0.422005 0.497184 0.836414
0.417005 0.503062 0.830055
0.423781 0.4991 0.836251
0.431508 0.505218 0.834561
0.422357 0.509114 0.833521
0.412431 0.509892 0.834448
0.404125 0.511539 0.839768
0.406263 0.51433 0.830407
0.40443 0.520517 0.838045
0.406734 0.517509 0.828791
0.402553 0.508746 0.831182
0.399112 0.49941 0.83018
0.401249 0.496988 0.839644
0.393969 0.490162 0.840285
0.386861 0.494202 0.834527
0.384601 0.499567 0.842658
0.377328 0.494736 0.837782
0.37919 0.491495 0.847057
0.37696 0.489093 0.83761
0.368348 0.486069 0.841696
0.37635 0.492062 0.841934
0.384431 0.491188 0.84776
0.390195 0.499046 0.845518
0.384972 0.504316 0.838814
0.379557 0.50326 0.830473
0.372078 0.506626 0.824752
0.375762 0.499859 0.818377
0.383528 0.493792 0.820073
0.388157 0.486346 0.815263
0.388927 0.49435 0.809317
0.398115 0.494517 0.813263
0.393808 0.488231 0.806786
0.392007 0.478889 0.809863
0.38881 0.483525 0.818127
0.395889 0.486042 0.824726
0.395866 0.483203 0.815138
0.40473 0.479489 0.817901
0.396662 0.477684 0.812275
0.387725 0.474216 0.809428
0.387964 0.464407 0.807495
0.385672 0.465161 0.79779
0.39132 0.465877 0.789569
0.3859 0.459523 0.795069
0.382455 0.459824 0.804452
0.386547 0.464183 0.812468
0.388619 0.472711 0.817262
0.395938 0.475168 0.823617
0.395717 0.480245 0.815005
0.390411 0.472148 0.817509
0.387976 0.46245 0.817669
0.381583 0.460614 0.810202
0.380098 0.463475 0.819668
0.381285 0.473351 0.818633
0.387755 0.477826 0.824806
0.393069 0.472639 0.831504
0.391891 0.480902 0.825995
0.399563 0.47529 0.822889
0.397083 0.484935 0.823794
0.392695 0.490501 0.81674
0.384199 0.488169 0.821471
0.389087 0.484301 0.82929
0.387644 0.477396 0.822202
0.38646 0.477269 0.812273
0.386827 0.467704 0.809379
0.39408 0.468658 0.802562
0.391245 0.47792 0.805045
0.398633 0.483374 0.801086
0.407568 0.486573 0.804239
0.40619 0.494446 0.798229
0.415518 0.498041 0.797985
0.419691 0.489853 0.801929
0.427185 0.483363 0.803238
0.430548 0.483954 0.812637
0.424522 0.491435 0.815418
0.420869 0.491973 0.806125
0.426044 0.491676 0.797573
0.431804 0.483516 0.797074
0.432045 0.478203 0.788606
0.431321 0.470731 0.795213
0.433667 0.461279 0.792942
0.442251 0.465249 0.789692
0.448784 0.457707 0.789027
0.445312 0.449982 0.78371
0.444358 0.454959 0.775089
0.441502 0.447515 0.769054
0.446434 0.448627 0.760426
0.449671 0.446512 0.751204
0.457414 0.447391 0.75747
0.462924 0.441618 0.751443
0.455871 0.447735 0.747859
0.454813 0.438195 0.750665
0.449598 0.436435 0.759013
0.448033 0.435614 0.768856
0.447449 0.433658 0.778645
0.451707 0.426914 0.772612
0.458693 0.42436 0.779296
0.45385 0.422875 0.787918
0.445493 0.421691 0.79328
0.436168 0.421422 0.789677
0.437961 0.413841 0.795948
0.431179 0.420301 0.799451
0.441078 0.419404 0.800548
0.438933 0.427463 0.806065
0.43517 0.436584 0.807694
0.426211 0.439037 0.811397
0.43056 0.43093 0.807477
0.421746 0.43324 0.803357
0.413555 0.438647 0.80144
0.414392 0.430111 0.796299
0.417406 0.436671 0.78938
0.421539 0.428537 0.785286
0.42163 0.430959 0.794987
0.419099 0.423183 0.789232
0.415822 0.416776 0.796176
0.425376 0.418902 0.794126
0.423663 0.424118 0.802484
0.414232 0.425418 0.805543
0.421805 0.429702 0.800614
0.425515 0.436595 0.806837
0.426727 0.436093 0.81675
0.429347 0.442679 0.809695
0.434897 0.436647 0.803967
0.42979 0.432389 0.811436
0.438645 0.427814 0.81224
0.446929 0.422232 0.812717
0.438963 0.427992 0.814552
0.441487 0.430705 0.805265
0.434038 0.425433 0.801177
0.435579 0.42155 0.810263
0.444245 0.42096 0.815217
0.451806 0.414649 0.816952
0.452714 0.406037 0.811952
0.460259 0.406069 0.818515
0.453221 0.401358 0.813197
0.452877 0.410842 0.816349
0.450363 0.413795 0.825567
0.445392 0.408841 0.818443
0.440168 0.402389 0.812868
0.439873 0.410896 0.807619
0.447219 0.413669 0.801426
0.456152 0.409267 0.800523
0.46187 0.403631 0.806485
0.457895 0.410583 0.800496
0.450411 0.415524 0.804919
0.448205 0.415865 0.814667
0.450783 0.407897 0.809202
0.460319 0.410085 0.807135
0.451657 0.414637 0.805072
0.451506 0.407518 0.812094
0.445317 0.401001 0.816479
0.438282 0.400219 0.809415
0.443973 0.394374 0.803632
0.452316 0.393182 0.79825
0.458087 0.392619 0.790102
0.462604 0.385842 0.795905
0.453264 0.383516 0.793192
0.451537 0.393107 0.790951
0.458026 0.390271 0.798012
0.46205 0.397627 0.792563
0.465738 0.388473 0.794177
0.455892 0.388379 0.795921
0.454693 0.398192 0.794417
0.458699 0.394976 0.785837
0.45634 0.387546 0.792101
0.460553 0.381051 0.798431
0.458577 0.371321 0.797239
0.462366 0.368179 0.805944
0.452508 0.367692 0.804341
0.457461 0.3762 0.80609
0.45685 0.373064 0.796614
0.4512 0.378183 0.803085
0.44813 0.387323 0.805738
0.449758 0.379985 0.812334
0.447721 0.384179 0.821181
0.451629 0.375017 0.822077
0.460255 0.370874 0.819176
0.469823 0.367989 0.818804
0.460445 0.365718 0.816176
0.463856 0.360335 0.823883
0.464252 0.358461 0.833697
0.456446 0.352511 0.831786
0.451313 0.361092 0.831931
0.450669 0.369573 0.826672
0.441518 0.373605 0.826652
0.435707 0.366483 0.830592
0.4428 0.373456 0.831629
0.451757 0.369117 0.830658
0.461635 0.369584 0.832144
0.463732 0.362729 0.825173
0.45554 0.368014 0.822948
0.457309 0.37028 0.832526
0.459284 0.360557 0.831274
0.451778 0.36713 0.830607
0.441865 0.366522 0.829434
0.439645 0.372011 0.821376
0.44385 0.376994 0.813794
0.434501 0.3796 0.816203
0.438749 0.375257 0.824146
0.445321 0.374928 0.816616
0.450413 0.38155 0.822114
0.449197 0.391401 0.823327
0.440116 0.39315 0.827133
0.446547 0.400807 0.827308
0.455939 0.399962 0.82398
0.447428 0.394738 0.823449
0.438588 0.394117 0.828083
0.439047 0.398333 0.837139
0.448915 0.399945 0.83699
0.441847 0.403957 0.831164
0.443769 0.401661 0.840705
0.437665 0.407987 0.835938
0.433421 0.404765 0.827477
0.428828 0.412769 0.83133
0.437732 0.416945 0.833139
0.436166 0.426601 0.835214
0.434008 0.424445 0.82569
0.441889 0.424508 0.819536
0.437607 0.431612 0.825121
0.438128 0.441598 0.825041
0.430276 0.447504 0.823179
0.427903 0.442394 0.814917
0.430692 0.434145 0.819835
0.428999 0.430247 0.828887
0.437857 0.426932 0.825638
0.43017 0.428536 0.83183
0.433136 0.432481 0.840528
0.433924 0.441392 0.836058
0.442888 0.443513 0.83995
0.43601 0.441583 0.832952
0.434757 0.446192 0.841738
0.442052 0.452664 0.843949
0.450232 0.456989 0.840156
0.456999 0.450123 0.842812
0.449144 0.449874 0.848996
0.447689 0.449067 0.839135
0.449233 0.45155 0.829572
0.450656 0.45872 0.836396
0.448888 0.462659 0.827376
0.443624 0.460024 0.819293
0.434257 0.462919 0.817321
0.436619 0.470631 0.823232
0.432967 0.474866 0.814941
0.424619 0.475954 0.820338
0.422455 0.476998 0.810631
0.422601 0.469234 0.816931
0.416609 0.462852 0.821764
0.41677 0.470478 0.815298
0.409915 0.464243 0.811539
0.414494 0.457556 0.805681
0.406679 0.457201 0.799452
0.414594 0.462268 0.802871
0.421101 0.468754 0.798923
0.412408 0.465457 0.802605
0.411734 0.464963 0.81257
0.403111 0.460208 0.814318
0.402603 0.45338 0.821606
0.401954 0.446772 0.829083
0.396735 0.44486 0.837396
0.392659 0.453884 0.838797
0.395469 0.453522 0.829206
0.390824 0.456332 0.820809
0.381325 0.453401 0.821892
0.388124 0.456871 0.815432
0.391495 0.465458 0.819293
0.381555 0.466291 0.820001
0.379096 0.47547 0.823117
0.371695 0.47718 0.816613
0.377789 0.483453 0.811764
0.383492 0.476438 0.80749
0.385965 0.485508 0.810899
0.394005 0.487604 0.805335
0.387224 0.49327 0.800655
0.39686 0.495669 0.799475
0.393994 0.486398 0.801888
0.389765 0.480741 0.808968
0.396734 0.478103 0.815636
0.393173 0.48696 0.812659
0.391615 0.483525 0.803398
0.396397 0.475975 0.807883
0.404576 0.481701 0.807323
0.396839 0.48183 0.813657
0.397333 0.47285 0.809287
0.396247 0.476709 0.818448
0.390921 0.483422 0.823602
0.384677 0.490534 0.826832
0.376703 0.490682 0.820799
0.367309 0.489598 0.824053
0.376509 0.486125 0.825867
0.366813 0.487034 0.823598
0.376494 0.489047 0.825091
0.37606 0.479424 0.827776
0.370014 0.472808 0.832211
0.37984 0.471912 0.830589
0.377379 0.480698 0.826497
0.371689 0.478133 0.83431
0.366984 0.4767 0.825604
0.374827 0.480448 0.830548
0.379776 0.475882 0.823155
0.387758 0.476949 0.829083
0.379919 0.474712 0.834875
0.377851 0.482687 0.829207
0.375039 0.47643 0.836484
0.373106 0.482054 0.844523
0.372787 0.482208 0.854517
0.379783 0.488335 0.858193
0.383202 0.493968 0.850671
0.377206 0.491992 0.858426
0.381113 0.491509 0.849233
0.384365 0.499471 0.854336
0.388053 0.501307 0.845224
0.381189 0.494048 0.845673
0.385629 0.49796 0.837611
0.385629 0.507004 0.833344
0.388555 0.506416 0.842889
0.39091 0.509811 0.851995
0.387621 0.515687 0.844603
0.378775 0.51903 0.847855
0.371365 0.520864 0.854314
0.378968 0.521161 0.847825
0.388815 0.522078 0.849305
0.386766 0.513201 0.845181
0.388404 0.522724 0.842607
0.39632 0.528687 0.841269
0.387387 0.524493 0.839651
0.382683 0.519935 0.847207
0.388051 0.513596 0.841639
0.394274 0.515465 0.849241
0.386624 0.515232 0.842805
0.386684 0.525209 0.843483
0.380523 0.531647 0.848021
0.389686 0.530437 0.851838
0.387879 0.530137 0.842007
0.388863 0.533725 0.832725
0.380985 0.535734 0.826902
0.389768 0.535552 0.822124
0.39955 0.533844 0.82095
0.399409 0.527346 0.81335
0.406457 0.524864 0.806704
0.404536 0.523111 0.81636
0.413424 0.524005 0.811864
0.4165 0.531797 0.806403
0.412161 0.527627 0.81439
0.409589 0.529779 0.823811
0.41691 0.534098 0.818544
0.417252 0.539933 0.826658
0.420725 0.548352 0.830788
0.420035 0.54451 0.839995
0.418241 0.553981 0.837334
0.419212 0.562978 0.841589
0.426959 0.557107 0.839242
0.428891 0.555818 0.829516
0.425456 0.564139 0.833872
0.429527 0.571965 0.83858
0.425609 0.572304 0.829386
0.423737 0.565153 0.83612
0.428386 0.572093 0.830622
0.428203 0.581363 0.834368
0.418481 0.583705 0.834299
0.415395 0.589486 0.841853
0.411969 0.582073 0.847625
0.404175 0.57586 0.84844
0.409979 0.583973 0.849149
0.408701 0.590528 0.841707
0.407968 0.583271 0.848547
0.416783 0.587665 0.850276
0.41222 0.587317 0.841384
0.418942 0.593057 0.836709
0.410203 0.589955 0.84045
0.419817 0.591807 0.842483
0.417931 0.600754 0.838435
0.416833 0.592875 0.832377
0.420887 0.597813 0.84007
0.419903 0.589973 0.833941
0.417749 0.584309 0.825985
0.416004 0.588728 0.834785
0.417026 0.579322 0.838022
0.410823 0.5733 0.832996
0.402379 0.570389 0.828499
0.410548 0.571883 0.834069
0.410014 0.565978 0.842122
0.400868 0.5628 0.839621
0.393633 0.562566 0.84652
0.395029 0.572326 0.848196
0.39017 0.566081 0.854311
0.382486 0.561393 0.858667
0.381039 0.568287 0.865764
0.386462 0.564608 0.873318
0.395311 0.56783 0.876681
0.385675 0.566833 0.874201
0.385626 0.560737 0.866274
0.379824 0.56424 0.873627
0.38624 0.563525 0.881263
0.376337 0.562989 0.879982
0.370018 0.562517 0.872246
0.370628 0.570652 0.866462
0.368009 0.57839 0.860695
0.371473 0.570897 0.866339
0.372619 0.561491 0.869535
0.379696 0.568534 0.870083
0.379389 0.577215 0.86513
0.369839 0.574395 0.86421
0.366264 0.56506 0.864493
0.369845 0.561561 0.87315
0.368002 0.567802 0.880742
0.375965 0.564643 0.885901
0.375253 0.563532 0.875988
0.365568 0.561186 0.875162
0.368902 0.570419 0.877066
0.373061 0.56654 0.868841
0.381306 0.570362 0.86467
0.386954 0.563695 0.869533
0.386794 0.556528 0.876506
0.382414 0.548101 0.873375
0.373371 0.551437 0.870714
0.365309 0.545713 0.869216
0.372102 0.543643 0.862176
0.379951 0.547394 0.867108
0.374161 0.540859 0.862231
0.383186 0.539731 0.866389
0.383837 0.549382 0.863853
0.376825 0.545905 0.857628
0.373088 0.55234 0.864309
0.3705 0.544238 0.869569
0.379466 0.548334 0.871254
0.375484 0.54879 0.880417
0.385114 0.548392 0.883085
0.389174 0.55069 0.89193
0.395132 0.552282 0.899801
0.390639 0.545952 0.893497
0.380821 0.54653 0.895306
0.379158 0.552319 0.903288
0.369926 0.552675 0.899461
0.371645 0.546101 0.906798
0.377647 0.54631 0.914794
0.377447 0.546294 0.924792
0.375708 0.556121 0.92416
0.365943 0.558258 0.924435
0.365997 0.560562 0.934166
0.374428 0.565712 0.935715
0.370744 0.571916 0.942638
0.364366 0.576881 0.948527
0.364734 0.566893 0.948197
0.370586 0.558959 0.946524
0.362639 0.555018 0.941907
0.359913 0.564611 0.942637
0.350234 0.565957 0.94476
0.354353 0.56384 0.935897
0.349285 0.572345 0.937307
0.342496 0.57968 0.937621
0.351061 0.575075 0.935287
0.359449 0.570231 0.937772
0.363058 0.577693 0.943367
0.361871 0.584757 0.950344
0.360875 0.59422 0.953422
0.370701 0.596076 0.953483
0.361125 0.596466 0.95063
0.355457 0.604311 0.953147
0.364187 0.605099 0.948334
0.368557 0.605177 0.957329
0.375706 0.598399 0.959048
0.367488 0.593327 0.956452
0.358218 0.590066 0.958304
0.352418 0.596692 0.963044
0.343545 0.595087 0.958721
0.338114 0.597134 0.950577
0.33185 0.594593 0.943208
0.339573 0.592362 0.949156
0.330587 0.594131 0.94514
0.33636 0.596482 0.937321
0.3454 0.592319 0.936343
0.353644 0.5965 0.932529
0.345807 0.590467 0.934006
0.353754 0.592129 0.939843
0.352076 0.588556 0.930656
0.360567 0.59378 0.929872
0.366029 0.587615 0.935543
0.359838 0.585973 0.943223
0.36788 0.583129 0.938002
0.373366 0.574776 0.93836
0.37436 0.565788 0.93409
0.380375 0.570239 0.940724
0.38383 0.578073 0.935557
0.391837 0.57238 0.937421
0.384035 0.566204 0.93643
0.388291 0.566744 0.927397
0.388509 0.557651 0.931554
0.39135 0.563985 0.924356
0.383207 0.559088 0.927471
0.375061 0.563244 0.931516
0.383363 0.558384 0.934244
0.387467 0.562249 0.925985
0.383431 0.569964 0.921066
0.384801 0.577666 0.914838
0.392098 0.573851 0.909163
0.385224 0.567671 0.905348
0.394174 0.566445 0.909637
0.401976 0.560631 0.911944
0.398032 0.557083 0.903467
0.395606 0.565647 0.908025
0.401254 0.561293 0.901015
0.408302 0.554728 0.898325
0.416745 0.551121 0.902286
0.423638 0.550217 0.895098
0.416287 0.549477 0.888359
0.409701 0.544428 0.89394
0.406685 0.549482 0.885855
0.397945 0.554176 0.884597
0.406787 0.5553 0.880062
0.3982 0.550911 0.88271
0.405107 0.552722 0.88971
0.41167 0.552301 0.897244
0.404619 0.558535 0.900621
0.414091 0.55761 0.903689
0.414243 0.551109 0.896092
0.410248 0.547705 0.88758
0.416532 0.555482 0.887384
0.422315 0.553867 0.879388
0.419186 0.562872 0.876368
0.423507 0.5539 0.877284
0.42718 0.55765 0.885795
0.420324 0.560336 0.87903
0.412626 0.557532 0.884764
0.418659 0.561333 0.891776
0.42243 0.556969 0.899944
0.428977 0.562969 0.904543
0.429566 0.562409 0.894576
0.437588 0.56696 0.890712
0.440865 0.56674 0.881267
0.436788 0.557872 0.879094
0.436115 0.553936 0.869926
0.433039 0.544515 0.868589
0.426989 0.551167 0.872965
0.43518 0.545528 0.871912
0.432454 0.554639 0.86882
0.431734 0.559173 0.859936
0.436155 0.557729 0.868789
0.445013 0.561518 0.871469
0.444198 0.552759 0.866713
0.443371 0.559008 0.85895
0.450739 0.554301 0.863803
0.44167 0.551214 0.860934
0.44956 0.556355 0.864299
0.443749 0.556958 0.872415
0.452435 0.55235 0.874239
0.450454 0.544022 0.869071
0.453857 0.553424 0.868944
0.449793 0.56251 0.869904
0.454054 0.5545 0.87411
0.459166 0.547582 0.87921
0.461322 0.538798 0.883475
0.453059 0.54217 0.878963
0.455912 0.551012 0.882662
0.449747 0.543388 0.880695
0.444562 0.540134 0.888602
0.436582 0.536871 0.883533
0.44293 0.544196 0.885995
0.450707 0.537934 0.885436
0.444978 0.545682 0.882762
0.449413 0.551617 0.889478
0.445358 0.555949 0.897527
0.449028 0.557981 0.906605
0.45425 0.566169 0.908988
0.458293 0.574742 0.912174
0.449972 0.569317 0.913327
0.453946 0.578136 0.910792
0.453709 0.583516 0.902365
0.455409 0.593222 0.900665
0.456985 0.599718 0.908102
0.449493 0.59575 0.913406
0.458604 0.592664 0.910673
0.465281 0.590883 0.917902
0.455842 0.592001 0.92101
0.454518 0.586455 0.912795
0.449795 0.592133 0.919537
0.442015 0.590739 0.913411
0.432986 0.59067 0.91771
0.433314 0.597293 0.910225
0.428484 0.589926 0.905492
0.429986 0.599322 0.908567
0.430577 0.590252 0.904399
0.436912 0.588157 0.89695
0.430597 0.582471 0.902222
0.4329 0.592005 0.904172
0.434287 0.582243 0.902503
0.433003 0.590839 0.897556
0.43334 0.587659 0.888081
0.433371 0.584995 0.89772
0.436778 0.592817 0.902935
0.435423 0.583799 0.90704
0.426602 0.588372 0.905902
0.430748 0.586842 0.914872
0.434516 0.589122 0.905894
0.42816 0.595982 0.902354
0.430207 0.58639 0.904305
0.428437 0.596065 0.906114
0.436134 0.594274 0.912243
0.427524 0.592016 0.916801
0.428388 0.582653 0.913399
0.428379 0.589641 0.920551
0.434787 0.582107 0.919077
0.434159 0.57431 0.912847
0.439035 0.582677 0.910353
0.43613 0.591689 0.907138
0.442654 0.584211 0.905903
0.443641 0.581161 0.896431
0.442834 0.580806 0.906392
0.436553 0.58853 0.905453
0.436057 0.579852 0.900509
0.428663 0.585869 0.89749
0.427439 0.583055 0.907007
0.423372 0.578284 0.914798
0.424479 0.573801 0.923668
0.433119 0.568804 0.923065
0.441046 0.573395 0.927077
0.438089 0.579905 0.934067
0.437156 0.570032 0.935351
0.434947 0.560375 0.936713
0.434709 0.560532 0.946709
0.430651 0.568644 0.942499
0.42772 0.577299 0.94656
0.420972 0.574677 0.939662
0.417186 0.567758 0.945809
0.408805 0.568336 0.940385
0.403782 0.559708 0.940959
0.395217 0.563154 0.937117
0.391023 0.566396 0.945596
0.391193 0.575571 0.941623
0.400299 0.575568 0.945757
0.39745 0.56881 0.952555
0.402308 0.56105 0.956579
0.40109 0.564143 0.947147
0.399991 0.55443 0.945039
0.404381 0.547657 0.950942
0.404965 0.540267 0.94423
0.414331 0.542627 0.946819
0.419911 0.548556 0.941012
0.424582 0.557038 0.943509
0.415473 0.553442 0.945535
0.418476 0.561777 0.950172
0.419832 0.551904 0.951001
0.418775 0.550196 0.960797
0.425181 0.556468 0.956367
0.425436 0.549666 0.963693
0.429925 0.541798 0.967929
0.423543 0.546071 0.974334
0.421616 0.539987 0.966635
0.424504 0.531549 0.962111
0.42884 0.53856 0.956451
0.436698 0.532894 0.958931
0.435024 0.530759 0.968556
0.439533 0.53956 0.970038
0.429997 0.540917 0.972723
0.435736 0.541532 0.964558
0.444377 0.536896 0.962597
0.439713 0.536718 0.953753
0.431308 0.540645 0.957486
0.434216 0.534248 0.9646
0.431163 0.527419 0.971237
0.432048 0.530309 0.980769
0.424608 0.536987 0.980545
0.42915 0.537471 0.971649
0.434305 0.537388 0.980218
0.443949 0.536247 0.977833
0.439614 0.529149 0.972281
0.431553 0.528724 0.966379
0.434854 0.523306 0.974108
0.427322 0.517922 0.97033
0.432809 0.509655 0.97158
0.429171 0.502764 0.965313
0.432218 0.496213 0.9584
0.441954 0.494105 0.95928
0.44297 0.484327 0.957449
0.44208 0.481809 0.967086
0.447023 0.48132 0.975765
0.451291 0.48915 0.98029
0.454323 0.483248 0.972809
0.456613 0.492061 0.976944
0.457868 0.488701 0.986278
0.451161 0.482505 0.982199
0.443908 0.489349 0.982933
0.443806 0.479517 0.984755
0.438463 0.471621 0.981737
0.442159 0.480414 0.984741
0.437117 0.481952 0.993239
0.436909 0.475313 0.986478
0.427098 0.476884 0.985348
0.42666 0.485668 0.980589
0.427964 0.49342 0.98677
0.426514 0.495095 0.996521
0.426972 0.485567 0.99352
0.427779 0.485605 1
0.427759 0.471463 0.99
0.425383 0.464621 0.983105
0.419321 0.457207 0.985984
0.42715 0.451073 0.987022
0.434974 0.451265 0.980797
0.428349 0.450195 0.973383
0.428476 0.459641 0.976661
0.436817 0.460699 0.982074
0.430086 0.458475 0.975022
0.430301 0.461038 0.965358
0.429796 0.461063 0.955371
0.431109 0.455053 0.947487
0.421389 0.454509 0.945201
0.42845 0.455366 0.938171
0.430301 0.456404 0.947943
0.420394 0.456901 0.946675
0.418776 0.457502 0.956525
0.417167 0.448711 0.952037
0.415046 0.45082 0.942495
0.40648 0.449726 0.947537
0.411672 0.441224 0.948411
0.407541 0.438165 0.956989
0.413623 0.438738 0.949072
0.415019 0.44294 0.940105
0.415057 0.434765 0.934346
0.409232 0.427469 0.93793
0.411348 0.418643 0.933731
0.411158 0.409122 0.930681
0.403769 0.41252 0.9365
0.401101 0.417462 0.944774
0.393752 0.412041 0.940698
0.391437 0.420695 0.945142
0.38589 0.428826 0.943376
0.379678 0.433792 0.949439
0.378873 0.442911 0.953465
0.370273 0.439504 0.957264
0.360473 0.438236 0.955731
0.35573 0.434097 0.963501
0.354815 0.427845 0.95575
0.363661 0.426907 0.960317
0.363209 0.429002 0.970085
0.369385 0.426019 0.977362
0.375266 0.426394 0.985441
0.371197 0.424688 0.976467
0.377124 0.422128 0.984103
0.367278 0.420476 0.984681
0.375814 0.421534 0.979579
0.368295 0.418344 0.973809
0.369811 0.427795 0.976705
0.373667 0.421013 0.970449
0.383119 0.423555 0.972502
0.373245 0.425023 0.973088
0.365124 0.429685 0.969577
0.371163 0.424723 0.96334
0.378987 0.422462 0.957536
0.383708 0.415749 0.951822
0.393235 0.417734 0.954124
0.397377 0.418127 0.945031
0.395147 0.427634 0.942874
0.385186 0.426939 0.943408
0.39235 0.432851 0.939705
0.399869 0.437938 0.935511
0.399843 0.428174 0.933352
0.404553 0.426977 0.942091
0.398173 0.419676 0.944538
0.393845 0.428235 0.947368
0.392325 0.42997 0.957098
0.388996 0.424397 0.964705
0.387724 0.428975 0.955906
0.388332 0.435247 0.948141
0.391191 0.434232 0.938612
0.394766 0.427513 0.932126
0.396684 0.435824 0.926907
0.388566 0.430887 0.930024
0.389653 0.421561 0.926582
0.394719 0.430138 0.927469
0.386484 0.433552 0.932001
0.395024 0.438442 0.933776
0.3953 0.441173 0.943392
0.390288 0.434478 0.93791
0.397916 0.429648 0.933611
0.38992 0.433461 0.938251
0.397863 0.427468 0.939247
0.39427 0.4246 0.948127
0.394594 0.416931 0.941718
0.398484 0.423552 0.948123
0.394529 0.415183 0.951909
0.386969 0.420615 0.948257
0.396438 0.418393 0.945933
0.402276 0.415835 0.938228
0.399981 0.42427 0.943084
0.4054 0.420104 0.950384
0.406704 0.414152 0.942454
0.406374 0.404343 0.940536
0.413503 0.408638 0.934993
0.405118 0.404422 0.931541
0.399131 0.412127 0.93373
0.399941 0.404566 0.940225
0.393359 0.399825 0.946073
0.396198 0.406275 0.953168
0.392967 0.405152 0.962564
0.4025 0.405761 0.965522
0.393352 0.407047 0.961693
0.392079 0.3984 0.956834
0.401634 0.395726 0.955584
0.398257 0.388068 0.961056
0.404231 0.394605 0.956412
0.399944 0.38803 0.950217
0.391383 0.384973 0.946049
0.387274 0.383773 0.937011
0.392977 0.376527 0.940881
0.396812 0.380467 0.932528
0.389923 0.381202 0.925316
0.384225 0.379874 0.933426
0.387709 0.370767 0.935645
0.381452 0.370253 0.943429
0.373245 0.37596 0.943701
0.372 0.36966 0.936035
0.380899 0.373799 0.934119
0.382261 0.365868 0.940056
0.379792 0.362004 0.931169
0.387342 0.356034 0.928458
0.392582 0.351487 0.921256
0.390479 0.343518 0.915594
0.395921 0.342982 0.923966
0.4027 0.348832 0.919514
0.400015 0.352378 0.910557
0.394613 0.345337 0.905948
0.395636 0.351259 0.897955
0.388156 0.35787 0.89737
0.388491 0.361363 0.906734
0.390616 0.361381 0.916505
0.396838 0.353664 0.917825
0.398421 0.360003 0.925397
0.401531 0.365945 0.91798
0.39417 0.372118 0.920756
0.402238 0.369601 0.926102
0.407124 0.36507 0.933558
0.413153 0.372389 0.930384
0.406265 0.377411 0.935613
0.400205 0.385327 0.934832
0.403648 0.394713 0.935077
0.396688 0.389442 0.930201
0.393435 0.379986 0.93022
0.402176 0.376306 0.93339
0.396067 0.368393 0.933659
0.400957 0.366197 0.925217
0.409549 0.371116 0.923806
0.418911 0.369869 0.927092
0.41495 0.363406 0.920571
0.414664 0.361152 0.930309
0.417984 0.368879 0.924898
0.425397 0.363455 0.928852
0.430771 0.361028 0.936929
0.427002 0.353952 0.942905
0.417336 0.35613 0.944258
0.413669 0.363287 0.938314
0.414488 0.368458 0.929794
0.423587 0.367825 0.925695
0.425453 0.374084 0.918123
0.420646 0.374089 0.926891
0.411281 0.376363 0.924224
0.418837 0.372494 0.92951
0.408845 0.372835 0.929286
0.410313 0.362992 0.930269
0.405477 0.357164 0.936799
0.398143 0.359182 0.943291
0.403814 0.351156 0.945138
0.409794 0.352557 0.953029
0.417456 0.355688 0.947417
0.415176 0.360113 0.938744
0.412508 0.35264 0.94483
0.421908 0.354409 0.947748
0.414867 0.347821 0.950399
0.412433 0.35362 0.958174
0.405648 0.347699 0.953826
0.401647 0.354352 0.960129
0.409309 0.350261 0.965085
0.408428 0.354467 0.956056
0.401975 0.350746 0.962727
0.41189 0.351307 0.96155
0.410195 0.358308 0.968487
0.411636 0.350164 0.962865
0.41583 0.355697 0.955668
0.407305 0.353484 0.960404
0.402989 0.348058 0.96761
0.404578 0.357876 0.968651
0.41014 0.360815 0.976424
0.41328 0.351322 0.976542
0.419926 0.350524 0.969111
0.424727 0.343423 0.963962
0.418744 0.339252 0.95712
0.412977 0.331828 0.960528
0.408617 0.327297 0.952752
0.399458 0.326281 0.948869
0.394861 0.319386 0.943272
0.391847 0.3253 0.935794
0.393545 0.315446 0.935795
0.398188 0.309077 0.929639
0.389155 0.304917 0.928582
0.394534 0.309997 0.921853
0.395433 0.302432 0.928331
0.391424 0.310364 0.932913
0.381597 0.312199 0.93318
0.37396 0.316377 0.938103
0.372055 0.30723 0.941668
0.366696 0.300946 0.936029
0.367005 0.310627 0.938515
0.375883 0.309628 0.934021
0.373497 0.317454 0.939771
0.373922 0.325444 0.933772
0.379768 0.321593 0.92663
0.388217 0.322409 0.921344
0.381011 0.325458 0.927571
0.390655 0.322832 0.927877
0.399039 0.3237 0.922496
0.404169 0.328178 0.929819
0.399232 0.326433 0.938338
0.400207 0.321773 0.947132
0.403825 0.331089 0.947468
0.40298 0.340811 0.949653
0.403182 0.33491 0.957724
0.394694 0.329643 0.957272
0.385159 0.326928 0.955965
0.386269 0.320072 0.96316
0.390284 0.327266 0.957492
0.385546 0.318682 0.959459
0.381627 0.311038 0.95434
0.388051 0.303374 0.95424
0.387636 0.298319 0.945622
0.384766 0.291976 0.938443
0.379495 0.286054 0.944538
0.372769 0.286664 0.951912
0.382645 0.286587 0.950348
0.389083 0.278939 0.95061
0.394795 0.276651 0.958493
0.385698 0.275012 0.962309
0.387048 0.276805 0.952564
0.39137 0.280549 0.94436
0.398988 0.275778 0.948742
0.405828 0.274242 0.955873
0.405683 0.280783 0.94831
0.405368 0.272274 0.943065
0.40345 0.272581 0.933256
0.404603 0.280906 0.927837
0.403502 0.281164 0.917901
0.403709 0.274024 0.910903
0.394513 0.271326 0.908048
0.38889 0.270009 0.899884
0.384189 0.278797 0.900698
0.382233 0.271497 0.894149
0.386641 0.272392 0.885218
0.37848 0.267396 0.888123
0.381025 0.258778 0.883735
0.374079 0.253803 0.888931
0.375749 0.251581 0.898537
0.377888 0.24318 0.893551
0.382486 0.23533 0.897702
0.374806 0.230702 0.90213
0.365086 0.230086 0.899864
0.37163 0.22344 0.90347
0.363288 0.225719 0.898449
0.355272 0.22289 0.903716
0.358283 0.218216 0.912029
0.361256 0.22768 0.910773
0.367814 0.220341 0.909004
0.369383 0.230216 0.909166
0.379125 0.232084 0.907899
0.375415 0.229882 0.898878
0.368872 0.230787 0.89137
0.374002 0.230391 0.882795
0.365553 0.225182 0.884014
0.364154 0.22538 0.874115
0.36532 0.235256 0.875164
0.358422 0.237669 0.868339
0.365885 0.243007 0.864363
0.372021 0.237871 0.858366
0.374854 0.231118 0.865176
0.376638 0.222016 0.868913
0.378095 0.231877 0.869705
0.369756 0.237371 0.869171
0.377495 0.240321 0.874774
0.382983 0.245336 0.868086
0.374941 0.250511 0.871006
0.367096 0.245769 0.875003
0.358298 0.241631 0.877344
0.359185 0.247128 0.88565
0.361272 0.238835 0.880465
0.355917 0.241707 0.872523
0.352726 0.232231 0.872378
0.358424 0.237001 0.879069
0.35891 0.234447 0.869413
0.35253 0.230042 0.875729
0.356059 0.220698 0.875251
0.354344 0.212466 0.880663
0.354854 0.22238 0.879456
0.356948 0.231465 0.883071
0.357134 0.221803 0.885643
0.347622 0.222354 0.888679
0.340852 0.215595 0.891592
0.341393 0.209973 0.899844
0.342594 0.200047 0.899686
0.349076 0.201597 0.892231
0.357461 0.20664 0.890168
0.352271 0.199798 0.885043
0.344271 0.195099 0.881313
0.343759 0.193608 0.891188
0.352353 0.194706 0.886194
0.362045 0.196088 0.884152
0.359733 0.192601 0.893235
0.356406 0.183226 0.894256
0.358088 0.193082 0.894443
0.356323 0.183382 0.896115
0.360427 0.181191 0.887263
0.368548 0.186916 0.888392
0.364242 0.191093 0.896393
0.367829 0.186262 0.888406
0.375654 0.191593 0.891623
0.381085 0.199896 0.892875
0.372615 0.205137 0.891981
0.376402 0.214215 0.893786
0.380604 0.214777 0.902843
0.3906 0.215033 0.902704
0.395918 0.219052 0.910159
0.386043 0.21996 0.911451
0.393109 0.213725 0.914797
0.399749 0.206319 0.913768
0.405266 0.207971 0.921943
0.414793 0.204991 0.922525
0.424148 0.205604 0.919043
0.433425 0.202266 0.920715
0.430034 0.192985 0.92225
0.422379 0.193256 0.928679
0.421336 0.189027 0.919678
0.430537 0.186276 0.922465
0.421045 0.183883 0.920424
0.428344 0.186482 0.926745
0.419755 0.191583 0.927198
0.415437 0.200264 0.929646
0.411866 0.205957 0.937051
0.414922 0.201844 0.945638
0.419697 0.199496 0.954105
0.422367 0.196964 0.963403
0.412578 0.198748 0.962402
0.403588 0.199273 0.958054
0.402942 0.209133 0.959589
0.399863 0.207042 0.968871
0.407984 0.20519 0.974405
0.401978 0.197239 0.975243
0.398003 0.189736 0.96996
0.405657 0.193735 0.975003
0.408442 0.187612 0.982402
0.400211 0.188118 0.976745
0.407173 0.190641 0.983466
0.403504 0.181348 0.983886
0.406806 0.187879 0.977072
0.407363 0.196468 0.971981
0.409728 0.203798 0.965602
0.40875 0.194239 0.962832
0.403776 0.197865 0.970714
0.410582 0.204336 0.967277
0.414453 0.197272 0.973202
0.415815 0.188754 0.978261
0.406006 0.187621 0.979844
0.413478 0.181863 0.976524
0.409304 0.179418 0.985275
0.418246 0.18209 0.988867
0.426324 0.17646 0.987119
0.421959 0.17583 0.978144
0.422503 0.183715 0.972018
0.420916 0.191705 0.97782
0.41867 0.184954 0.970793
0.42337 0.193755 0.971453
0.42337 0.203746 0.971888
0.424825 0.21246 0.967204
0.418919 0.208627 0.960103
0.412912 0.200752 0.961481
0.405149 0.195217 0.958465
0.395213 0.195065 0.959587
0.387205 0.190301 0.955958
0.386022 0.197246 0.963055
0.392154 0.192942 0.969679
0.39222 0.192555 0.959687
0.39274 0.184888 0.966087
0.394699 0.188549 0.975184
0.39349 0.190887 0.965537
0.393079 0.181312 0.968394
0.397302 0.178073 0.959927
0.396791 0.168292 0.961945
0.402493 0.166606 0.969985
0.399807 0.17423 0.964099
0.398277 0.1646 0.961884
0.393377 0.156005 0.963337
0.397474 0.162402 0.956834
0.395569 0.169736 0.950309
0.400686 0.176682 0.955365
0.406319 0.183094 0.960577
0.415406 0.185974 0.963598
0.411992 0.179556 0.970465
0.418542 0.173578 0.965844
0.410472 0.174289 0.971707
0.401105 0.170809 0.971326
0.409089 0.167865 0.966074
0.408694 0.175436 0.959553
0.407973 0.18125 0.967656
0.416881 0.178955 0.963733
0.407677 0.17544 0.962016
0.413991 0.175245 0.969769
0.423859 0.173703 0.969273
0.430048 0.167276 0.973789
0.435473 0.16307 0.966517
0.434339 0.154057 0.970697
0.430932 0.144741 0.971966
0.424751 0.151788 0.968482
0.42881 0.154417 0.977234
0.428254 0.144436 0.97699
0.425891 0.135367 0.980481
0.433534 0.131476 0.975339
0.428774 0.136928 0.968438
0.419793 0.139585 0.971942
0.426918 0.135234 0.966437
0.420769 0.140452 0.97235
0.423209 0.131257 0.975431
0.426295 0.130351 0.9849
0.434211 0.131748 0.990849
0.436576 0.137504 0.983021
0.428825 0.132942 0.978651
0.419389 0.1307 0.976214
0.42681 0.124463 0.978669
0.434308 0.130592 0.976177
0.424968 0.127288 0.977534
0.42553 0.128492 0.987445
0.425296 0.125133 0.996861
0.418908 0.128772 0.993722
0.416696 0.130928 1
0.415893 0.116808 0.99
0.415325 0.126727 0.988858
0.413623 0.120409 0.981296
0.404134 0.122951 0.979424
0.400285 0.128303 0.971906
0.409439 0.128297 0.97593
0.415531 0.122253 0.970796
0.422675 0.1264 0.976433
0.414284 0.127487 0.971102
0.414121 0.137213 0.973425
0.414048 0.128194 0.969105
0.409312 0.125555 0.960703
0.402162 0.119466 0.957268
0.398017 0.115741 0.965571
0.389778 0.118976 0.970223
0.391748 0.128744 0.971064
0.401699 0.127905 0.971589
0.406383 0.128724 0.980386
0.415694 0.125408 0.978864
0.413911 0.121827 0.969699
0.420651 0.114562 0.971036
0.420441 0.118733 0.96195
0.42372 0.119848 0.952569
0.418735 0.119303 0.943917
0.417497 0.127359 0.938123
0.418459 0.122727 0.929313
0.420281 0.123904 0.919551
0.428636 0.120486 0.915247
0.433222 0.114485 0.921801
0.4251 0.119085 0.925388
0.424788 0.126276 0.93233
0.434767 0.125722 0.932665
0.425202 0.123746 0.934812
0.423546 0.119296 0.926011
0.427248 0.120757 0.916837
0.435726 0.115609 0.915571
0.445451 0.117884 0.916071
0.448732 0.110087 0.910738
0.445993 0.107211 0.919915
0.438246 0.112249 0.923738
0.444012 0.119555 0.927397
0.453104 0.120176 0.923281
0.455132 0.125807 0.91527
0.456126 0.115916 0.916351
0.459463 0.125299 0.915447
0.465298 0.119648 0.92128
0.464077 0.119473 0.931204
0.472598 0.114404 0.929898
0.464632 0.111612 0.935261
0.467142 0.120584 0.931628
0.466262 0.112819 0.937866
0.46629 0.120707 0.93172
0.465753 0.125058 0.940708
0.473905 0.12703 0.935262
0.474921 0.117137 0.93421
0.466002 0.118923 0.930054
0.457394 0.118516 0.924981
0.456576 0.111987 0.932511
0.457483 0.116944 0.941149
0.451419 0.120054 0.93383
0.455731 0.12887 0.931909
0.46141 0.136093 0.927962
0.454942 0.135229 0.920384
0.45747 0.136203 0.93001
0.46101 0.127177 0.927562
0.470658 0.126633 0.930135
0.471197 0.119975 0.937577
0.46313 0.117738 0.943047
0.459207 0.116809 0.952198
0.463302 0.115545 0.943163
0.470394 0.118037 0.949759
0.47133 0.127791 0.947766
0.473019 0.137471 0.949623
0.480109 0.134968 0.956217
0.477399 0.125358 0.955657
0.473754 0.116858 0.959459
0.468011 0.117869 0.951335
0.463006 0.109518 0.949053
0.46586 0.106383 0.95811
0.465189 0.096406 0.958182
0.456037 0.0955771 0.954238
0.447758 0.0974131 0.959538
0.442265 0.105278 0.96236
0.436511 0.0971083 0.961985
0.44122 0.105743 0.960175
0.437235 0.108909 0.951567
0.428966 0.104627 0.947921
0.438015 0.104405 0.952171
0.44363 0.103005 0.944016
0.451506 0.107702 0.948006
0.450748 0.110569 0.938455
0.446045 0.104883 0.931706
0.446087 0.095204 0.934219
0.4475 0.0853521 0.935191
0.449 0.0921474 0.928009
0.446503 0.0903891 0.918487
0.436794 0.0923662 0.919838
0.430359 0.0855017 0.916451
0.421346 0.0815577 0.918241
0.426105 0.0879764 0.924253
0.432419 0.0861885 0.916707
0.432593 0.0954475 0.92048
0.423359 0.0956373 0.924314
0.425632 0.096421 0.934021
0.418364 0.10177 0.929712
0.419754 0.107567 0.937741
0.41087 0.107537 0.933152
0.412466 0.0979981 0.930609
0.414626 0.107648 0.932099
0.417034 0.114643 0.92537
0.42147 0.106873 0.929836
0.414055 0.107306 0.923141
0.41095 0.113921 0.916315
0.418799 0.108714 0.912957
0.420088 0.106171 0.903372
0.412212 0.100042 0.904005
0.410062 0.094764 0.912222
0.404578 0.0925604 0.920289
0.408838 0.0882879 0.912314
0.413214 0.0801756 0.908436
0.407142 0.0877191 0.905942
0.414133 0.0910967 0.912244
0.415424 0.0815398 0.914889
0.405541 0.0814251 0.91337
0.40745 0.0792258 0.922936
0.399785 0.0739682 0.926624
0.409755 0.0741453 0.927378
0.408889 0.0687842 0.935775
0.405034 0.07745 0.938944
0.404654 0.0687463 0.943854
0.394967 0.0683305 0.941404
0.404525 0.0712172 0.94197
0.401565 0.0746933 0.933074
0.404125 0.0827439 0.927722
0.39617 0.0766981 0.927305
0.394169 0.0669819 0.926043
0.39919 0.0667924 0.917397
0.408595 0.069786 0.919007
0.417724 0.0707702 0.915046
0.425364 0.0648344 0.917574
0.423106 0.0744763 0.918964
0.423925 0.0696552 0.927686
0.427517 0.0747117 0.93553
0.436372 0.0701625 0.934582
0.433553 0.0643354 0.92696
0.433683 0.0562849 0.932891
0.437519 0.0655019 0.933467
0.430562 0.0653477 0.940649
0.436223 0.0582507 0.944842
0.438145 0.0485518 0.943347
0.444867 0.0453402 0.936676
0.436099 0.0406722 0.935518
0.43323 0.0327671 0.940928
0.430675 0.0273341 0.932931
0.436789 0.0285774 0.940746
0.436122 0.0384502 0.939303
0.431904 0.0447804 0.932812
0.422704 0.0409444 0.933615
0.429302 0.0348021 0.929286
0.431057 0.0401832 0.921042
0.433778 0.0332921 0.914326
0.440918 0.0325058 0.921284
0.445971 0.0287987 0.913491
0.4513 0.022592 0.90774
0.454072 0.0162762 0.91498
0.463921 0.0177285 0.914034
0.47285 0.0176175 0.909532
0.463914 0.0181705 0.905078
0.465634 0.0215109 0.895811
0.459152 0.0291214 0.896057
0.455911 0.0385635 0.895473
0.464406 0.0332888 0.895392
0.471247 0.028497 0.900891
0.464215 0.0322585 0.906924
0.455144 0.0329643 0.902775
0.446516 0.0291779 0.906126
0.436633 0.0277882 0.905502
0.434668 0.0349432 0.912206
0.431537 0.0265496 0.916649
0.431143 0.0358052 0.920415
0.425823 0.0350499 0.911981
0.431976 0.039544 0.918458
0.436584 0.0380205 0.9272
0.430676 0.04596 0.928633
0.429702 0.0552125 0.932299
0.423388 0.0529172 0.924892
0.429213 0.0521542 0.9168
0.437711 0.0486807 0.912836
0.437748 0.0395907 0.908668
0.429308 0.0344098 0.907282
0.438554 0.0380887 0.906295
0.429646 0.0375357 0.901784
0.424856 0.035684 0.893204
0.424898 0.02673 0.897656
0.424143 0.0206004 0.889791
0.421722 0.0200292 0.880105
0.422243 0.0139867 0.872155
0.416085 0.0203889 0.867563
0.422699 0.0278877 0.867692
0.419915 0.0372854 0.869675
0.423977 0.04101 0.86133
0.420891 0.048751 0.866858
0.423257 0.0570445 0.861796
0.420844 0.0584388 0.852192
0.418763 0.0492553 0.855559
0.417847 0.0480369 0.865443
0.42303 0.0436041 0.872756
0.424251 0.0503615 0.865487
0.418022 0.0429306 0.86304
0.424987 0.0436883 0.870176
0.429981 0.0400662 0.878046
0.433714 0.0384955 0.887189
0.440604 0.034872 0.893467
0.447719 0.0282838 0.89591
0.439511 0.0235315 0.892741
0.436633 0.0141121 0.891011
0.445442 0.0172448 0.887463
0.450243 0.0215277 0.879808
0.444492 0.0171913 0.87287
0.438149 0.0196578 0.880197
0.44085 0.0150541 0.888653
0.447511 0.0105994 0.882672
0.449236 0.00757637 0.892046
0.452525 0.00118603 0.899
0.454303 -1.39266e-12 0.897825
0.454225 0.01 0.911967
0.44701 0.00430832 0.908024
0.451135 0.00861665 0.910125
0.444432 0.0112569 0.90319
0.4354 0.0137408 0.906692
0.431414 0.0217006 0.902137
0.428314 0.0162238 0.909909
0.419171 0.0124327 0.911336
0.418418 0.0192951 0.904101
0.410267 0.0246682 0.906266
0.414313 0.0204415 0.898157
0.40942 0.0282284 0.902083
0.410612 0.024478 0.911276
0.408869 0.0237462 0.921096
0.418168 0.021797 0.917975
0.413847 0.0300064 0.921709
0.419021 0.0216008 0.923314
0.422699 0.0178093 0.931805
0.425733 0.0123989 0.939649
0.429765 0.0121798 0.9305
0.423599 0.0154889 0.937643
0.416337 0.0121702 0.931622
0.414704 0.0190151 0.938726
0.410182 0.0271297 0.935025
0.410862 0.0221735 0.926366
0.404348 0.0149751 0.928763
0.411479 0.0196955 0.92358
0.415001 0.0203103 0.914241
0.418818 0.0156551 0.922226
0.416045 0.0213205 0.929986
0.414617 0.0116516 0.927871
0.417333 0.00231161 0.925549
0.407574 0.001102 0.927367
0.406935 5.6815e-11 0.927733
0.419259 0.01 0.93467
0.426633 0.0164104 0.932543
0.419521 0.0232054 0.93074
0.418254 0.019629 0.921488
0.419825 0.0129275 0.914234
0.416316 0.0154665 0.90522
0.423995 0.0154318 0.898815
0.428735 0.00740175 0.902427
0.430564 0.0146734 0.895811
0.437391 0.00939262 0.890761
0.427973 0.0125509 0.889608
0.43788 0.0132162 0.888415
0.430304 0.0196737 0.887463
0.421205 0.0205398 0.883405
0.418532 0.0292208 0.879223
0.40895 0.0272201 0.881269
0.417716 0.0276854 0.876479
0.425099 0.029332 0.869938
0.423299 0.0261447 0.860632
0.428959 0.0341532 0.862589
0.428028 0.0416107 0.855993
0.436806 0.0463954 0.856234
0.444602 0.0466216 0.862493
0.440832 0.0546412 0.857859
0.44569 0.0476657 0.852592
0.444809 0.0471723 0.862541
0.448204 0.0394114 0.857226
0.445274 0.0449579 0.849438
0.449794 0.0361471 0.850832
0.452183 0.040694 0.859412
0.45638 0.0479243 0.864899
0.455658 0.0562135 0.859352
0.45197 0.0598341 0.850791
0.453361 0.0500166 0.849494
0.443662 0.0514846 0.851439
0.443295 0.0454252 0.859385
0.441982 0.0438706 0.849594
0.434088 0.0409038 0.84422
0.440303 0.0335154 0.846826
0.444335 0.0258812 0.851872
0.445122 0.0251237 0.861812
0.445014 0.0191571 0.869836
0.441085 0.0282079 0.871464
0.434498 0.0322188 0.865098
0.436599 0.0234574 0.869436
0.444176 0.0297861 0.871025
0.452297 0.0281453 0.865424
0.447474 0.0361717 0.861914
0.445137 0.037725 0.871512
0.438905 0.0318434 0.866358
0.447386 0.0323051 0.871637
0.451497 0.0396142 0.866189
0.4427 0.0411559 0.86169
0.438006 0.0325895 0.863829
0.439703 0.0417144 0.867551
0.441008 0.0515465 0.868827
0.44555 0.0452486 0.875128
0.44677 0.0506482 0.883456
0.439588 0.0438795 0.881842
0.437346 0.0343303 0.883788
0.44597 0.0335838 0.888795
0.44315 0.0402108 0.881857
0.448865 0.0483909 0.8812
0.451251 0.0395407 0.885198
0.461249 0.0397234 0.88516
0.454951 0.0328206 0.888721
0.444983 0.0332288 0.888031
0.437964 0.0274602 0.892211
0.443138 0.0213819 0.886187
0.438054 0.0275507 0.880178
0.437481 0.0208144 0.887547
0.429175 0.0235698 0.882707
0.42581 0.022292 0.873378
0.42713 0.0319013 0.870945
0.432567 0.0321909 0.879333
0.435731 0.0231784 0.882293
0.442345 0.0198655 0.889022
0.436815 0.0144125 0.882722
0.429599 0.0192004 0.887723
0.420237 0.0157042 0.88806
0.413837 0.00972492 0.892887
0.412728 0.0056449 0.901949
0.421914 0.00950272 0.901095
0.420625 -1.94206e-10 0.902443
0.422509 0.01 0.888427
0.422152 0.0144119 0.87946
0.428237 0.00745009 0.875652
0.433279 2.71456e-10 0.877094
0.426666 0.01 0.889595
0.430423 0.00663586 0.89823
0.434836 -1.94206e-10 0.903813
0.428534 0.01 0.891152
0.437777 0.00641095 0.88985
0.436323 0.0128219 0.885818
0.435697 0.0200033 0.878887
0.442579 0.0267225 0.876151
0.446002 0.0311112 0.867843
0.444367 0.0289801 0.877476
0.448059 0.0379 0.880085
0.453361 0.0302628 0.883768
0.463167 0.0291897 0.88213
0.465713 0.0271966 0.872667
0.462135 0.0194498 0.87788
0.457547 0.0277758 0.874777
0.454499 0.0365469 0.871065
0.452168 0.0462465 0.87176
0.445094 0.0415726 0.877063
0.44193 0.0508316 0.874999
0.438024 0.0485618 0.866078
0.446135 0.0532199 0.869616
0.443963 0.0611202 0.875349
0.438764 0.0686265 0.879427
0.429959 0.0652108 0.882714
0.421911 0.0596033 0.884657
0.421306 0.0582165 0.894542
0.414923 0.0562479 0.901984
0.414759 0.0628371 0.909504
0.405104 0.0653478 0.910192
0.399537 0.0668131 0.918369
0.403776 0.075867 0.918131
0.396448 0.0807107 0.92291
0.399603 0.0852688 0.914587
0.409073 0.0821144 0.915182
0.407975 0.0848139 0.924748
0.409838 0.0926489 0.91882
0.417722 0.0868722 0.920933
0.410128 0.0865434 0.914435
0.414394 0.092062 0.907269
0.420341 0.0999908 0.908597
0.422665 0.109543 0.910432
0.42058 0.119013 0.907989
0.412734 0.117162 0.902071
0.414436 0.111378 0.894093
0.413897 0.10152 0.895684
0.407228 0.108245 0.898892
0.399307 0.105973 0.893227
0.396469 0.112702 0.886395
0.404235 0.107147 0.883423
0.395621 0.104541 0.879063
0.385906 0.105924 0.880987
0.384452 0.0989166 0.887971
0.381257 0.10717 0.892627
0.387044 0.109358 0.900483
0.396064 0.108839 0.896196
0.390366 0.110076 0.888072
0.386852 0.103559 0.894794
0.393768 0.108713 0.889733
0.395112 0.11862 0.889908
0.38818 0.111849 0.887439
0.390932 0.103522 0.892244
0.381615 0.100028 0.893241
0.371875 0.1003 0.895488
0.366742 0.0933917 0.900581
0.369887 0.0911233 0.891364
0.367816 0.0977198 0.884139
0.373988 0.0916812 0.879095
0.383452 0.0947086 0.880224
0.391392 0.0893833 0.877292
0.383679 0.0906343 0.871051
0.383459 0.0825041 0.865233
0.387309 0.0815546 0.874413
0.395028 0.0876034 0.876368
0.397789 0.0966941 0.879489
0.400389 0.0983573 0.869978
0.39426 0.105019 0.874226
0.38896 0.107355 0.882378
0.387129 0.115598 0.877021
0.396348 0.114095 0.880592
0.39759 0.105869 0.886141
0.405653 0.0999735 0.885677
0.399828 0.107385 0.882339
0.397748 0.116197 0.878094
0.405403 0.112876 0.872582
0.407283 0.12043 0.878859
0.402961 0.127555 0.884388
0.409571 0.124812 0.891373
0.400679 0.12732 0.887546
0.409627 0.123878 0.884699
0.409739 0.115225 0.88971
0.400837 0.110719 0.89039
0.408521 0.108153 0.884527
0.414393 0.104467 0.891733
0.417507 0.0976807 0.885081
0.424327 0.0903823 0.885545
0.421023 0.0851404 0.877697
0.430114 0.0891312 0.878891
0.428897 0.0982107 0.882901
0.433049 0.0938112 0.874938
0.42676 0.0872358 0.879087
0.430322 0.0964483 0.880649
0.427248 0.0900563 0.8736
0.429347 0.0802962 0.874176
0.433638 0.0883485 0.870083
0.439547 0.0819006 0.874933
0.439269 0.0781139 0.884184
0.438344 0.0870389 0.888598
0.446337 0.082965 0.88418
0.44772 0.0731051 0.883248
0.454978 0.0723378 0.876412
0.45611 0.0624025 0.876315
0.458341 0.0546033 0.882162
0.456281 0.064103 0.879815
0.454126 0.0577827 0.887259
0.448934 0.0660425 0.889455
0.456533 0.0658367 0.882957
0.453019 0.0697806 0.874466
0.454517 0.0686175 0.864648
0.451255 0.0778407 0.862576
0.453258 0.0760153 0.85295
0.448341 0.0844208 0.855224
0.450294 0.0749382 0.857727
0.451844 0.0687743 0.850007
0.453922 0.0595742 0.846685
0.460082 0.067389 0.847675
0.452796 0.0659432 0.85437
0.444087 0.0655838 0.84947
0.44852 0.0579856 0.854225
0.458099 0.056516 0.851756
0.462507 0.0490784 0.846731
0.452713 0.0510667 0.84708
0.454895 0.0579448 0.840157
0.44647 0.0525682 0.840492
0.445802 0.0428783 0.842871
0.452238 0.0352266 0.842673
0.448539 0.0363125 0.8519
0.44624 0.0265805 0.851842
0.441786 0.017672 0.850946
0.446659 0.0234562 0.857489
0.440429 0.0274538 0.864212
0.430849 0.0284894 0.866888
0.437655 0.029337 0.859611
0.434802 0.0200699 0.862056
0.436221 0.0197494 0.871949
0.428572 0.0259261 0.870122
0.421123 0.0208773 0.86576
0.411756 0.0215832 0.86233
0.403267 0.0170575 0.859602
0.399515 0.0250316 0.854875
0.399491 0.031979 0.862068
0.401464 0.022176 0.861976
0.403397 0.0287073 0.854654
0.408462 0.0367746 0.857697
0.401974 0.04437 0.858153
0.395936 0.0492608 0.864448
0.397501 0.0445403 0.855773
0.402395 0.0427917 0.847229
0.403699 0.0508375 0.853022
0.401026 0.0464901 0.861622
0.405664 0.0553249 0.862286
0.403396 0.0458542 0.860014
0.395103 0.0445576 0.86545
0.392912 0.037951 0.87263
0.393606 0.0279963 0.873279
0.395986 0.0360447 0.867842
0.396011 0.0392565 0.858372
0.393762 0.0375414 0.867964
0.387165 0.0410645 0.861325
0.379513 0.0414321 0.854898
0.372439 0.0432899 0.861717
0.366184 0.049102 0.856512
0.370697 0.0567652 0.851939
0.361123 0.0595415 0.851141
0.357664 0.0504939 0.848657
0.351482 0.0484077 0.841078
0.345648 0.0564311 0.839816
0.345565 0.0550186 0.829917
0.348159 0.0546265 0.839567
0.342103 0.0612827 0.843927
0.34779 0.0562785 0.850455
0.349953 0.0595536 0.859653
0.345409 0.0567426 0.868105
0.348012 0.0510972 0.860273
0.356318 0.0458756 0.858337
0.358228 0.0387372 0.865075
0.366218 0.0412015 0.85959
0.373356 0.0463601 0.864326
0.380081 0.0456202 0.856961
0.389114 0.0489064 0.85972
0.391105 0.0434331 0.867849
0.400251 0.0474065 0.867096
0.409588 0.0438485 0.867502
0.402386 0.0382276 0.863435
0.405312 0.0288514 0.865313
0.406688 0.0329573 0.874327
0.406918 0.033974 0.864381
0.405914 0.0403364 0.872031
0.411163 0.0368909 0.879814
0.410676 0.0317268 0.888363
0.408319 0.0222603 0.890561
0.411518 0.0219323 0.90003
0.415997 0.0304568 0.897334
0.409986 0.0328888 0.889721
0.41021 0.0392511 0.897433
0.414711 0.0479101 0.899615
0.408787 0.0540533 0.894404
0.411134 0.0613614 0.900813
0.414321 0.0706906 0.899137
0.418143 0.0742466 0.907667
0.413027 0.0679053 0.913464
0.415964 0.0647892 0.922501
0.414007 0.0582848 0.92984
0.421121 0.0612167 0.936227
0.430163 0.0585886 0.93286
0.429644 0.067091 0.927621
0.427364 0.0649126 0.918132
0.420815 0.0592468 0.91313
0.412522 0.0536722 0.912744
0.412987 0.0446308 0.908497
0.421893 0.0470658 0.904656
0.413228 0.0430154 0.907574
0.410845 0.0523389 0.904855
0.414542 0.046779 0.912299
0.416882 0.0494413 0.92165
0.41477 0.0557951 0.929077
0.408578 0.0624925 0.933177
0.410435 0.053225 0.936443
0.406655 0.044213 0.938563
0.405748 0.0342797 0.93785
0.407298 0.0303114 0.946897
0.402276 0.0217695 0.948245
0.410391 0.0198618 0.942722
0.419145 0.0150557 0.943237
0.429097 0.0155398 0.942392
0.42969 0.0224014 0.935142
0.431838 0.0130081 0.932467
0.427727 0.018597 0.925266
0.418687 0.0144228 0.926183
0.425359 0.00989092 0.932095
0.420379 0.0185257 0.931295
0.420878 0.0205302 0.92151
0.423123 0.0136369 0.914623
0.41797 0.0202021 0.920132
0.421082 0.02841 0.924922
0.419984 0.0193479 0.929006
0.411404 0.0143264 0.930084
0.415232 0.0211983 0.936258
0.406692 0.0168448 0.93341
0.396834 0.016637 0.931741
0.397628 0.00781179 0.927106
0.388274 0.00995334 0.929919
0.382036 0.00747177 0.922508
0.37929 0.0105985 0.913415
0.378651 0.0204822 0.914795
0.386682 0.0185924 0.920445
0.390261 0.0271197 0.92425
0.396258 0.03503 0.923041
0.398665 0.0311282 0.914154
0.393935 0.0330439 0.905554
0.394841 0.0341184 0.915455
0.388623 0.0334962 0.923261
0.384341 0.0246171 0.921579
0.384345 0.0267417 0.911807
0.392045 0.0330415 0.910791
0.401509 0.0324928 0.907609
0.408965 0.0265948 0.904507
0.409546 0.0265903 0.91449
0.401185 0.0221187 0.911311
0.394099 0.0185349 0.905234
0.403402 0.021031 0.902547
0.409395 0.0208447 0.91055
0.399957 0.0217853 0.907381
0.393905 0.0144989 0.904175
0.391155 0.00932946 0.896068
0.383919 0.00256025 0.894719
0.385561 0.0045782 0.904374
0.376724 0.00838285 0.90165
0.381832 0.0167657 0.900438
0.389821 0.0185142 0.906192
0.397573 0.0226814 0.91094
0.390343 0.025834 0.917087
0.397602 0.0288805 0.91092
0.400385 0.0376254 0.914892
0.397872 0.0465849 0.91123
0.395203 0.0542652 0.905409
0.398026 0.0578476 0.914308
0.401218 0.0673238 0.914211
0.39535 0.0741088 0.91863
0.393815 0.0830183 0.914357
0.39712 0.079962 0.905427
0.397691 0.0776409 0.915137
0.395492 0.0768181 0.924858
0.391537 0.0859638 0.925703
0.389916 0.0781145 0.919722
0.386311 0.0690814 0.922047
0.393339 0.0761361 0.921127
0.38622 0.0709575 0.925871
0.382491 0.0787829 0.930857
0.390116 0.0760388 0.924998
0.380405 0.0778808 0.923481
0.374367 0.0741002 0.916464
0.376183 0.066764 0.909915
0.371823 0.0651686 0.901058
0.365364 0.0719197 0.904622
0.3634 0.0724378 0.914414
0.365639 0.0630482 0.911802
0.373104 0.0571557 0.908711
0.378654 0.0532782 0.916071
0.380332 0.0491179 0.925008
0.376055 0.0510886 0.93383
0.37068 0.0443155 0.938853
0.361193 0.0446377 0.941998
0.361806 0.0395361 0.950577
0.356798 0.0477235 0.953386
0.348117 0.0482774 0.958318
0.340112 0.0533258 0.955087
0.333987 0.0471642 0.950135
0.343693 0.0471374 0.95254
0.334714 0.0432204 0.954549
0.325233 0.0450893 0.951976
0.331292 0.0372303 0.950741
0.341077 0.0352376 0.95128
0.338475 0.0327787 0.960618
0.345485 0.0328857 0.967749
0.354335 0.0286282 0.965863
0.351536 0.0227902 0.973484
0.34465 0.0241024 0.980617
0.351307 0.0306006 0.976948
0.343506 0.0312453 0.983171
0.335535 0.0344369 0.988297
0.337344 0.0250723 0.991302
0.333782 0.0196482 0.998911
0.333463 0.02036 1
0.330147 0.006612 0.99
0.324897 0.013224 0.986931
0.32771 0.00520286 0.992199
0.332997 0.00882507 0.999875
0.333145 0.00888628 1
0.346776 0.00511867 0.99
0.350607 -3.80197e-10 0.992545
0.350761 0.0052726 1
0.344763 0.0105452 0.994353
0.351739 0.0172539 0.991838
0.35486 0.0265795 0.990024
0.349682 0.0323691 0.996322
0.34777 0.0226246 0.997501
0.339713 0.0178634 1
0.334364 0.0309545 0.99
0.326664 0.0304734 0.996363
0.330991 0.0214669 0.995957
0.330929 0.0237171 0.991913
0.324545 0.0297902 0.987184
0.325069 0.0209525 0.982534
0.326406 0.0111481 0.983979
0.317872 0.00613536 0.985413
0.307898 0.00680329 0.985654
0.308164 0.011745 0.976965
0.317271 0.00797403 0.978654
0.324012 0.000668737 0.979747
0.324076 8.54641e-11 0.980147
0.333582 0.01 0.990618
0.334303 0.00824262 1
0.34842 0.00739395 0.99
0.343197 0.000722245 0.995311
0.343233 8.54641e-11 0.995506
0.357025 0.01 0.998631
0.356774 0.00963831 1
0.342679 0.00848209 0.99
0.346782 0.0154091 0.984068
0.33966 0.0203621 0.989042
0.335061 0.0117103 0.987042
0.329019 0.00409247 0.984704
0.332857 0.00452746 0.97548
0.341272 0.00119477 0.979732
0.346553 5.63602e-11 0.97866
0.357079 0.01 0.988104
0.351377 0.00847362 0.996176
0.354881 0.0108236 0.992351
0.357876 0.00146496 0.990495
0.359538 0.00292992 0.98993
0.359594 5.63602e-11 0.989787
0.348198 0.01 0.998162
0.338417 0.0109736 0.996327
0.329056 0.0114599 0.992842
0.323872 0.0197045 0.990572
0.327261 0.0218187 0.981404
0.325439 0.0217908 0.971572
0.321164 0.0162587 0.978721
0.317721 0.0103772 0.986039
0.310053 0.00948272 0.992396
0.30969 0.00860478 1
0.314045 4.72653e-11 0.993181
0.322926 0.00791745 1
0.309153 0.0111293 0.99
0.317093 0.013017 0.995779
0.324136 0.0192062 0.999257
0.316347 0.0129655 0.999885
0.316312 0.0130208 1
0.30504 0.00448016 0.99
0.301297 0.0030916 0.980831
0.300811 0.0061832 0.980458
0.297065 -6.5512e-11 0.97419
0.290842 0.01 0.96149
0.286098 0.00198595 0.965132
0.286752 -6.5512e-11 0.964154
0.300857 0.01 0.965186
0.299667 0.0067163 0.955816
0.29966 0.0134326 0.954159
0.301912 0.00510365 0.949104
0.293101 0.00766284 0.953079
0.302115 0.00395452 0.950845
0.303516 0.00790904 0.951444
0.299796 6.9146e-05 0.956414
0.299787 -2.84217e-14 0.956468
0.287083 0.01 0.950255
0.296405 0.011355 0.946898
0.298472 0.010512 0.956646
0.305343 0.0126622 0.963585
0.310293 0.00401836 0.962698
0.309356 4.45144e-05 0.953569
0.309387 -2.84217e-14 0.953561
0.322021 0.01 0.959917
0.313774 0.0113148 0.954416
0.307143 0.00785292 0.947779
0.315293 0.00402674 0.943427
0.312078 0.00247429 0.934086
0.30833 0.000176669 0.925105
0.308398 -2.84217e-14 0.925193
0.296196 0.01 0.932342
0.297173 0.0039034 0.924476
0.29686 0.00780679 0.922849
0.295662 0.0128422 0.914292
0.289541 0.00971925 0.907028
0.288403 0.00798248 0.91681
0.296166 0.00837635 0.910518
0.302876 0.0126762 0.904477
0.308298 0.0117114 0.89613
0.314034 0.0172211 0.902191
0.308213 0.0129943 0.895245
0.301016 0.0193736 0.892504
0.307115 0.0182424 0.884661
0.297958 0.0221812 0.885452
0.290124 0.0259924 0.880542
0.285481 0.0181733 0.884702
0.285627 0.0269325 0.889524
0.285922 0.019966 0.896692
0.283904 0.0108949 0.900385
0.293183 0.00717057 0.900517
0.292067 0.00841693 0.890658
0.293701 0.00114379 0.883992
0.294059 0.00228757 0.8842
0.293129 0.00457514 0.88368
0.298589 0.00492039 0.875309
0.305728 0.00911039 0.880919
0.314794 0.00551863 0.8787
0.309136 0.0110373 0.878307
0.300805 0.00820779 0.873554
0.302037 0.00385454 0.864636
0.300591 -8.73399e-11 0.86106
0.288493 0.01 0.853737
0.279132 0.00844275 0.85689
0.274822 0.00163571 0.850967
0.273509 2.90754e-11 0.852103
0.259407 0.01 0.853169
0.249706 0.0117619 0.854838
0.243388 0.0193886 0.856219
0.253118 0.0202321 0.854072
0.248803 0.0199269 0.863088
0.253403 0.0282776 0.860071
0.259077 0.0281487 0.851838
0.26145 0.0234016 0.843362
0.254707 0.0303153 0.840767
0.25567 0.0265687 0.831545
0.251753 0.0261955 0.822352
0.242081 0.0237958 0.821518
0.24634 0.0269565 0.829995
0.245417 0.0174267 0.832881
0.250914 0.0207004 0.825196
0.251947 0.0141071 0.832644
0.248073 0.0114896 0.823804
0.250903 0.00550607 0.8313
0.249215 0.0110121 0.834546
0.248937 0.00932942 0.824693
0.243367 0.00793609 0.83288
0.245675 0.0092475 0.823238
0.252235 0.00730515 0.815945
0.256754 0.00154134 0.822754
0.247123 6.40838e-05 0.825004
0.247612 -2.84217e-14 0.825125
0.252907 0.01 0.812011
0.252992 0.000284344 0.814377
0.252823 -2.84217e-14 0.814023
0.266848 0.01 0.812203
0.25769 0.0137137 0.81067
0.256453 0.00523667 0.815828
0.255337 0.00496991 0.825762
0.25424 8.72831e-11 0.829665
0.24265 0.01 0.837768
0.244519 0.0196962 0.839346
0.244523 0.0123677 0.84615
0.241273 0.0119029 0.836704
0.241523 0.0118733 0.846701
0.249175 0.00899433 0.840943
0.245186 0.00588627 0.832316
0.254799 0.00319547 0.832904
0.254662 0.00639093 0.829936
0.251253 0.01157 0.837782
0.254516 0.0160207 0.846121
0.251943 0.0252175 0.843155
0.242469 0.0250513 0.846352
0.244443 0.0346407 0.848388
0.249159 0.0345759 0.83957
0.243091 0.0334235 0.847435
0.239651 0.0242425 0.849404
0.234447 0.0325149 0.847285
0.232207 0.0381174 0.85526
0.236185 0.0432342 0.862875
0.230488 0.0464589 0.855316
0.227551 0.0383716 0.85022
0.236174 0.0333276 0.849774
0.233914 0.0357993 0.859196
0.233039 0.0384311 0.849589
0.224015 0.0404908 0.845805
0.230785 0.0376994 0.838996
0.228281 0.0295543 0.833763
0.238027 0.028974 0.835924
0.233147 0.0369798 0.839401
0.225324 0.0428406 0.837289
0.226438 0.0408288 0.847021
0.233475 0.0455448 0.852334
0.239379 0.045169 0.860396
0.231384 0.047577 0.854894
0.230809 0.0377557 0.853102
0.23405 0.0394276 0.862414
0.232772 0.0300255 0.865571
0.241289 0.0336974 0.869311
0.240642 0.0237211 0.869548
0.238714 0.0210763 0.860098
0.231741 0.0175288 0.85387
0.232709 0.015891 0.844053
0.240875 0.0177405 0.838585
0.242758 0.0103044 0.83217
0.251439 0.00550023 0.833416
0.245247 0.0110005 0.832399
0.254015 0.0118797 0.837128
0.244955 0.00767622 0.836618
0.24834 -4.56595e-10 0.835481
0.254062 0.01 0.848414
0.254551 0.000855776 0.852432
0.253136 9.06653e-12 0.85124
0.239122 0.01 0.853139
0.244642 0.00563405 0.860243
0.254371 0.00558107 0.857928
0.255449 0.00302662 0.867536
0.257434 -1.00073e-10 0.865261
0.243292 0.01 0.865281
0.245753 0.0146293 0.856766
0.237705 0.0204021 0.855382
0.228338 0.0184336 0.852488
0.220867 0.023573 0.856703
0.211151 0.0244746 0.854515
0.201719 0.0236863 0.851288
0.2115 0.0251042 0.85281
0.202901 0.0200241 0.852314
0.207854 0.0285855 0.853788
0.208298 0.0187295 0.852156
0.206129 0.0242123 0.860233
0.212693 0.0297483 0.855108
0.207063 0.0368366 0.850859
0.19805 0.0347559 0.84706
0.199403 0.0263601 0.852321
0.202264 0.0229765 0.861286
0.211721 0.0205745 0.859099
0.208999 0.0162968 0.867719
0.217137 0.0104898 0.86794
0.216545 0.0201857 0.865565
0.210267 0.0204101 0.873346
0.216551 0.0130254 0.875789
0.22323 0.0138291 0.883188
0.228973 0.0153867 0.875152
0.2387 0.0170614 0.87676
0.230078 0.0123836 0.878704
0.226811 0.0129428 0.869269
0.234623 0.0169506 0.864482
0.241313 0.0209227 0.870764
0.237984 0.0236256 0.879798
0.239921 0.0187904 0.871262
0.233825 0.0259151 0.867786
0.241813 0.0295987 0.86303
0.242763 0.0296975 0.853076
0.247384 0.0378569 0.849601
0.241345 0.0318151 0.844403
0.238373 0.0300968 0.853795
0.228873 0.027 0.85338
0.219367 0.0242958 0.854901
0.228568 0.0212803 0.852401
0.22124 0.0225676 0.859082
0.222576 0.0141325 0.864284
0.230569 0.0153986 0.85841
0.226917 0.0243613 0.855892
0.232481 0.0190272 0.862264
0.237766 0.018654 0.853783
0.242733 0.0267915 0.850765
0.243689 0.0209359 0.858815
0.240876 0.023698 0.868005
0.235119 0.0314912 0.87048
0.2287 0.0379096 0.874675
0.2291 0.0335177 0.88365
0.230291 0.024354 0.879828
0.22059 0.0236077 0.877516
0.221334 0.0224923 0.887426
0.212392 0.0268128 0.888597
0.221216 0.0265036 0.893293
0.219304 0.0360715 0.895484
0.21434 0.0431533 0.890465
0.207527 0.045338 0.897452
0.198657 0.0458311 0.892861
0.208583 0.0469184 0.892312
0.211473 0.0506398 0.883492
0.203892 0.0570294 0.882187
0.205342 0.065174 0.887805
0.198068 0.0626153 0.894173
0.207618 0.05975 0.894932
0.209726 0.0567734 0.904243
0.210865 0.0602059 0.913566
0.217917 0.0608834 0.920624
0.224188 0.0585669 0.92806
0.219136 0.0501646 0.930031
0.217769 0.0560668 0.937987
0.207966 0.0573137 0.939516
0.214541 0.0585301 0.946952
0.22326 0.0541837 0.944695
0.230187 0.0549729 0.951863
0.230036 0.0578005 0.942272
0.236376 0.0555689 0.949676
0.226716 0.0542739 0.947441
0.233311 0.0604547 0.951718
0.226524 0.0677979 0.951766
0.235491 0.0634348 0.952511
0.229974 0.0704285 0.947967
0.230012 0.0624916 0.941884
0.238849 0.0579488 0.943005
0.242345 0.058872 0.952329
0.251194 0.0629699 0.950115
0.253633 0.0575803 0.942053
0.259071 0.0532454 0.949238
0.249156 0.0520616 0.948707
0.242283 0.0585522 0.951969
0.248121 0.0532774 0.945797
0.256849 0.05735 0.948485
0.251185 0.0590051 0.956559
0.241723 0.0563709 0.958434
0.250528 0.0605949 0.956283
0.247742 0.0669083 0.949045
0.255791 0.0640258 0.943857
0.25358 0.0670181 0.95314
0.262862 0.0701329 0.951103
0.25562 0.0748231 0.946048
0.261315 0.0825034 0.948978
0.255515 0.0789187 0.941663
0.247971 0.07236 0.941388
0.254621 0.0731346 0.93396
0.252748 0.0712259 0.943596
0.261217 0.0711164 0.938279
0.257725 0.0766488 0.945842
0.255547 0.0864026 0.945499
0.263972 0.0822554 0.942061
0.255407 0.0874164 0.942016
0.253279 0.0917638 0.933266
0.255979 0.0839692 0.938919
0.246149 0.0821383 0.938784
0.239226 0.0760613 0.934892
0.24179 0.0843006 0.939946
0.23622 0.088906 0.933034
0.234051 0.0893827 0.942784
0.229078 0.0866625 0.934546
0.238559 0.0893937 0.932919
0.230344 0.0941098 0.936123
0.229773 0.084127 0.93599
0.232503 0.0937416 0.935667
0.224151 0.0925495 0.930298
0.230599 0.0886708 0.936884
0.239038 0.0833675 0.9377
0.238296 0.0749883 0.943107
0.23159 0.070028 0.948623
0.221685 0.0708063 0.947492
0.225683 0.0682982 0.956308
0.232528 0.0610966 0.957445
0.232396 0.0518333 0.95368
0.235567 0.0452498 0.960506
0.241319 0.0373155 0.962496
0.250136 0.0333772 0.965096
0.24097 0.0342573 0.968997
0.234396 0.0341585 0.961462
0.230806 0.0249979 0.959674
0.229058 0.0169898 0.965402
0.231599 0.0190255 0.974857
0.222546 0.0150725 0.976412
0.213803 0.0199088 0.976003
0.209373 0.0257182 0.969175
0.199866 0.0281331 0.96723
0.202245 0.0210162 0.97384
0.208315 0.0239633 0.98122
0.199194 0.0199535 0.980369
0.205695 0.0207094 0.972809
0.208012 0.0253342 0.96425
0.215298 0.0195702 0.967949
0.214196 0.0144346 0.95944
0.21063 0.00662338 0.964565
0.20261 0.00129295 0.967261
0.201462 9.06653e-12 0.963681
0.187451 0.01 0.961759
0.191672 0.0140371 0.953642
0.19638 0.00535535 0.952073
0.205814 0.00419052 0.955176
0.202275 2.41897e-10 0.952371
0.191867 0.01 0.961945
0.193951 0.00363314 0.954521
0.18711 9.06653e-12 0.953223
0.17629 0.01 0.96233
0.166431 0.0116755 0.962365
0.169214 0.0211509 0.963938
0.171005 0.0195849 0.954225
0.16202 0.0212235 0.950153
0.159158 0.0116428 0.950293
0.155906 0.0183377 0.943615
0.155625 0.0262969 0.949662
0.150236 0.02321 0.941825
0.151092 0.0310676 0.947951
0.15388 0.0255503 0.955811
0.144924 0.0226387 0.952448
0.142699 0.0213817 0.962116
0.143997 0.0235694 0.971787
0.140092 0.0145298 0.97353
0.139048 0.00554495 0.969266
0.139428 0.00795731 0.978963
0.144258 0.00947674 0.97034
0.145763 0.00904771 0.980217
0.151456 0.006201 0.972504
0.144783 0.00903643 0.965617
0.136144 0.00863594 0.970636
0.138948 0.0156478 0.964081
0.133008 0.00763117 0.963406
0.139854 0.0115506 0.95726
0.140918 0.00316793 0.962608
0.137058 0.00633587 0.964909
0.134457 0.0126717 0.9696
0.13294 0.018893 0.977281
0.134548 0.0214446 0.967746
0.129658 0.0271627 0.961159
0.125121 0.033033 0.967864
0.115344 0.031144 0.968784
0.106906 0.0339384 0.964202
0.104434 0.0268352 0.957612
0.103158 0.0260993 0.967503
0.103103 0.0348987 0.962752
0.103539 0.0343532 0.972728
0.10109 0.0325259 0.982249
0.107441 0.0255121 0.979013
0.0993719 0.0264425 0.984846
0.106882 0.0236769 0.990841
0.111995 0.0193648 0.983407
0.120547 0.0142598 0.982517
0.11505 0.0192555 0.975822
0.119928 0.0267124 0.980361
0.123033 0.0249954 0.971011
0.125219 0.0155467 0.968574
0.11601 0.012748 0.965862
0.117109 0.00350559 0.969519
0.10894 -4.91411e-11 0.971178
0.0959099 0.01 0.965682
0.101507 0.0116123 0.957553
0.102174 0.0131448 0.967412
0.103405 0.0228584 0.96538
0.106538 0.0303186 0.971256
0.104176 0.0395657 0.974242
0.105731 0.0489621 0.97729
0.111962 0.0518621 0.970026
0.118698 0.0504883 0.977289
0.119734 0.0576356 0.984206
0.114935 0.0509758 0.978495
0.109885 0.0556896 0.971265
0.118144 0.0550801 0.97687
0.117865 0.0576332 0.967205
0.121166 0.0670691 0.966938
0.12459 0.0579629 0.964624
0.119897 0.0635418 0.957779
0.126491 0.0566368 0.954806
0.122956 0.0632854 0.961385
0.128442 0.0668821 0.953838
0.134751 0.0621853 0.960013
0.135987 0.0620914 0.969936
0.131336 0.0545847 0.974629
0.124157 0.0610843 0.972136
0.124074 0.0626011 0.962252
0.124867 0.0569464 0.970461
0.121759 0.0652427 0.975099
0.129638 0.0651891 0.981256
0.121837 0.0615778 0.976148
0.130437 0.065343 0.979592
0.138892 0.0696765 0.976474
0.143313 0.0785411 0.977844
0.1528 0.0773819 0.974902
0.161468 0.0764526 0.970003
0.155112 0.083926 0.968064
0.160925 0.0810028 0.96047
0.157519 0.0775387 0.951729
0.164822 0.083351 0.948139
0.16039 0.08973 0.954437
0.161565 0.0968635 0.947528
0.155526 0.0909674 0.942166
0.162866 0.0973761 0.93992
0.162906 0.107115 0.942189
0.154732 0.101697 0.940231
0.154798 0.111333 0.942903
0.160647 0.110432 0.934843
0.161239 0.102084 0.940317
0.171103 0.100595 0.939621
0.178026 0.093622 0.937763
0.172664 0.101238 0.934125
0.167471 0.0952735 0.940245
0.158707 0.0912747 0.937562
0.154246 0.0841026 0.932209
0.145042 0.0805461 0.933834
0.155037 0.0805492 0.933516
0.150767 0.0832328 0.924881
0.157346 0.0897242 0.921063
0.150986 0.0897339 0.913346
0.156813 0.0977568 0.91464
0.166349 0.0964863 0.917371
0.171679 0.0898773 0.922655
0.177305 0.0817786 0.920995
0.187076 0.0800073 0.922171
0.186866 0.0731363 0.929434
0.195811 0.0707993 0.925624
0.186174 0.0685054 0.92426
0.191997 0.0765368 0.923001
0.184319 0.07457 0.929098
0.183737 0.0663082 0.923494
0.192191 0.0712126 0.925607
0.188857 0.0754198 0.91717
0.182301 0.069444 0.921785
0.18288 0.0708813 0.911906
0.175073 0.0733789 0.917633
0.170207 0.081916 0.915777
0.164846 0.0736224 0.91735
0.172361 0.0798817 0.919435
0.175558 0.0705995 0.921338
0.182792 0.0770271 0.923858
0.176763 0.0726967 0.930559
0.186271 0.0741234 0.927811
0.179209 0.0688868 0.932575
0.18736 0.0695425 0.926819
0.19597 0.0742495 0.924894
0.203298 0.0676693 0.926628
0.196486 0.0728667 0.931784
0.191868 0.0797773 0.926225
0.18765 0.0730494 0.932303
0.190467 0.0636019 0.933979
0.190411 0.0604223 0.924498
0.193666 0.0661755 0.932001
0.185375 0.0613405 0.929195
0.181513 0.0556974 0.921899
0.185362 0.0551286 0.931111
0.181528 0.0466635 0.934804
0.179215 0.0370578 0.933262
0.182044 0.0281361 0.936784
0.189809 0.028873 0.930526
0.184848 0.0268283 0.938965
0.184212 0.0363294 0.935911
0.186387 0.0434846 0.94255
0.195913 0.040517 0.943212
0.189937 0.0326049 0.944509
0.181492 0.0278653 0.947003
0.177616 0.0208661 0.941004
0.172418 0.0186621 0.93275
0.181496 0.0169543 0.928918
0.190092 0.0191791 0.924319
0.196389 0.0202027 0.93202
0.203608 0.023615 0.926
0.212057 0.0187028 0.928117
0.205794 0.0189635 0.935908
0.202498 0.0119632 0.929573
0.205376 0.00240633 0.93019
0.203947 0.00481266 0.930369
0.200164 0.00962531 0.924472
0.195099 0.00169188 0.927849
0.198949 0.00338375 0.930659
0.199232 6.11351e-11 0.935433
0.185399 0.01 0.932491
0.182313 0.0166081 0.939332
0.176895 0.0120241 0.932286
0.174016 0.00759209 0.940776
0.175915 6.11351e-11 0.941388
0.17599 0.01 0.955529
0.182949 0.0137277 0.961667
0.191254 0.0101793 0.96596
0.195062 0.00515434 0.973722
0.189921 0.000462022 0.966542
0.190355 0.000924044 0.965461
0.190452 -5.52802e-11 0.966692
0.176338 0.01 0.965792
0.184012 0.0055344 0.961191
0.175657 0.00673477 0.966553
0.175802 0.0129354 0.974397
0.183866 0.0111119 0.980021
0.173875 0.0114617 0.979783
0.170473 0.00727624 0.988203
0.177438 0.00952751 0.98139
0.175996 -2.59007e-10 0.980995
0.19008 0.01 0.982278
0.18145 0.0146941 0.984146
0.178576 0.00684467 0.989634
0.175913 0.00625141 0.999255
0.178779 0.00845224 1
0.189573 -3.75422e-10 0.990306
0.180811 0.00923954 0.980612
0.182055 0.00741543 0.970859
0.172302 0.00729282 0.968655
0.169285 2.92744e-12 0.963742
0.155165 0.01 0.964538
0.148756 0.00339452 0.960628
0.147967 0.00600549 0.951007
0.143851 0.0056123 0.941902
0.138329 9.02389e-11 0.937665
0.15078 0.01 0.930958
0.146297 0.00106274 0.931126
0.146548 0.00212548 0.931826
0.149332 0.00249006 0.941424
0.14547 0.00498012 0.942169
0.151847 0.00410707 0.949822
0.154062 1.48447e-10 0.946303
0.140121 0.01 0.943923
0.135471 0.0109284 0.935119
0.127597 0.0166346 0.93745
0.123114 0.0142069 0.928848
0.126828 0.0176907 0.937454
0.13587 0.0154014 0.933848
0.131735 0.00647189 0.932071
0.130948 0.0129438 0.924605
0.134605 0.00503253 0.919702
0.139572 -4.3363e-10 0.922216
0.128778 0.01 0.913079
0.132908 0.00189063 0.908933
0.132948 1.48447e-10 0.905883
0.132194 0.01 0.920005
0.141535 0.0129504 0.922016
0.143943 0.0225079 0.923704
0.153061 0.0263216 0.925228
0.160779 0.0283101 0.919188
0.169526 0.0270819 0.9145
0.17902 0.0263489 0.917554
0.170573 0.0285967 0.922413
0.167599 0.0261356 0.913188
0.160969 0.0332221 0.910776
0.167866 0.0369204 0.90455
0.165596 0.0453968 0.909346
0.16784 0.0504583 0.917673
0.174641 0.0446835 0.913157
0.16838 0.0427675 0.905598
0.15843 0.0430032 0.906569
0.161179 0.048182 0.91467
0.152295 0.0436382 0.915322
0.147165 0.0491964 0.908781
0.144847 0.0514066 0.918254
0.149592 0.050889 0.927041
0.149657 0.056999 0.919125
0.149755 0.0481923 0.914389
0.155939 0.0557673 0.916483
0.162237 0.0490029 0.912665
0.156044 0.0560243 0.90915
0.146234 0.0541147 0.908813
0.152256 0.0495729 0.915379
0.161477 0.0534086 0.915882
0.163673 0.0623414 0.919804
0.168498 0.0710863 0.919312
0.158671 0.0726571 0.918331
0.149994 0.0748543 0.913873
0.149946 0.0689687 0.921957
0.155878 0.0610754 0.923541
0.162228 0.0624264 0.931147
0.168436 0.0654746 0.93837
0.162462 0.0611398 0.931623
0.162683 0.0546771 0.939251
0.170474 0.0608745 0.93831
0.171974 0.0703107 0.935359
0.165908 0.0776407 0.938437
0.168721 0.0840145 0.931263
0.174146 0.0918918 0.928345
0.182705 0.091151 0.933464
0.174137 0.0957216 0.935851
0.177016 0.0936296 0.926506
0.185153 0.0987505 0.929255
0.180169 0.106395 0.933344
0.180447 0.10383 0.923683
0.186456 0.109271 0.929538
0.177842 0.110226 0.924549
0.17453 0.113384 0.933441
0.170793 0.115829 0.924493
0.167489 0.114677 0.933862
0.168375 0.113743 0.923945
0.169142 0.122427 0.928844
0.163058 0.129723 0.925722
0.153172 0.130568 0.924477
0.145773 0.132429 0.930941
0.141392 0.127983 0.923128
0.13404 0.126436 0.929727
0.13517 0.129737 0.920356
0.141204 0.122188 0.922928
0.138075 0.130999 0.926476
0.146586 0.133831 0.922054
0.137908 0.134142 0.927015
0.146978 0.130253 0.928633
0.147723 0.120697 0.925782
0.151773 0.118015 0.917041
0.152234 0.113848 0.92612
0.145586 0.113037 0.918694
0.135886 0.110616 0.918469
0.142008 0.115404 0.924761
0.135266 0.122694 0.925942
0.125513 0.120725 0.926946
0.11774 0.116595 0.922201
0.11571 0.110621 0.92996
0.125466 0.112189 0.928424
0.126251 0.103892 0.93395
0.135233 0.106263 0.937651
0.126656 0.106203 0.932509
0.129365 0.0977657 0.937144
0.139209 0.0981103 0.935419
0.137825 0.103209 0.94391
0.137736 0.101163 0.953698
0.147024 0.102837 0.957005
0.146449 0.112724 0.958388
0.139077 0.111279 0.964988
0.131923 0.117356 0.968437
0.127265 0.115283 0.97704
0.130686 0.116463 0.967717
0.136442 0.114071 0.959898
0.127398 0.116464 0.96343
0.120014 0.111169 0.967607
0.128961 0.110852 0.963152
0.134713 0.118063 0.967014
0.133226 0.116632 0.976799
0.131888 0.106804 0.978072
0.138245 0.114478 0.978911
0.134622 0.123297 0.981925
0.128136 0.116522 0.978456
0.129505 0.10687 0.97623
0.124295 0.114548 0.979958
0.1286 0.118109 0.971664
0.12189 0.115639 0.964673
0.126445 0.108878 0.958882
0.118902 0.108207 0.952351
0.108955 0.109232 0.952236
0.117095 0.110244 0.957957
0.110399 0.11633 0.962216
0.106777 0.122821 0.955526
0.10384 0.113304 0.954623
0.111979 0.109823 0.959274
0.11036 0.103335 0.951838
0.113873 0.105813 0.960867
0.115776 0.115343 0.963224
0.113447 0.112352 0.95397
0.104961 0.115207 0.949516
0.104416 0.107726 0.942902
0.0945961 0.106523 0.941446
0.103493 0.110696 0.939594
0.0942144 0.114145 0.938177
0.0846761 0.115646 0.940778
0.0821943 0.106389 0.94363
0.0837396 0.113455 0.950536
0.0796935 0.108017 0.957888
0.0819983 0.114197 0.950372
0.0828732 0.123317 0.946365
0.0882312 0.127882 0.939262
0.0803681 0.133731 0.937272
0.0737634 0.13739 0.943828
0.0765816 0.133353 0.952532
0.0836511 0.129707 0.958593
0.0841805 0.137395 0.95222
0.0747068 0.1349 0.950214
0.0818341 0.132586 0.943592
0.0815237 0.133892 0.953501
0.0794695 0.142875 0.957386
0.0696791 0.143825 0.955584
0.0767326 0.146692 0.949101
0.0831921 0.150656 0.955625
0.0855577 0.146334 0.964327
0.0792922 0.152796 0.968685
0.0869487 0.151398 0.962406
0.0893163 0.151768 0.952698
0.0890319 0.154502 0.962312
0.0810722 0.152371 0.967978
0.0859195 0.158268 0.961519
0.0886576 0.150901 0.955336
0.090781 0.143636 0.961872
0.0944321 0.134489 0.963603
0.0966502 0.13686 0.973061
0.0947933 0.135995 0.982849
0.104783 0.136277 0.982482
0.105601 0.136268 0.972515
0.114151 0.140561 0.975424
0.116734 0.149765 0.972489
0.112167 0.158652 0.972091
0.115512 0.149411 0.970242
0.105888 0.148826 0.972896
0.114257 0.154034 0.974579
0.108265 0.146181 0.973022
0.103236 0.150491 0.96553
0.103994 0.15141 0.955601
0.101924 0.14568 0.947671
0.106404 0.136784 0.948558
0.114752 0.132658 0.944912
0.111208 0.124273 0.949053
0.11212 0.131655 0.942368
0.105958 0.133579 0.950005
0.107073 0.124056 0.947167
0.113772 0.120613 0.953745
0.121977 0.118116 0.948603
0.129202 0.117282 0.955466
0.126729 0.108163 0.958742
0.11949 0.102336 0.962435
0.111949 0.0972943 0.958227
0.11677 0.102508 0.965267
0.122224 0.0962905 0.970888
0.116201 0.094618 0.963083
0.12367 0.101015 0.961274
0.121823 0.10092 0.971101
0.121747 0.109643 0.975991
0.121722 0.115109 0.984365
0.12632 0.110381 0.991882
0.117044 0.108874 0.988466
0.123151 0.107586 0.996279
0.132005 0.10354 0.998566
0.130913 0.106562 0.997133
0.135404 0.10788 0.994265
0.138741 0.116148 0.989737
0.14314 0.124098 0.98556
0.142254 0.131149 0.978524
0.132574 0.128858 0.977502
0.134894 0.136043 0.984058
0.134391 0.145863 0.98588
0.133707 0.137923 0.97984
0.135321 0.144885 0.986834
0.140152 0.151685 0.992349
0.145448 0.156742 0.999159
0.14838 0.15372 1
0.142925 0.166768 0.99
0.135029 0.160657 0.989451
0.143395 0.16566 0.987221
0.14148 0.161003 0.995861
0.144724 0.170419 0.996766
0.14447 0.170803 0.993532
0.138989 0.176302 0.98723
0.138938 0.17944 0.996724
0.134393 0.17891 0.993449
0.125353 0.17563 0.996191
0.127186 0.17598 0.992382
0.124111 0.182645 0.98559
0.130155 0.190444 0.987216
0.121961 0.194974 0.983702
0.115764 0.200557 0.978186
0.114807 0.201307 0.96826
0.11333 0.194833 0.975737
0.118661 0.190658 0.968378
0.118185 0.197106 0.960748
0.12551 0.203779 0.962092
0.124342 0.194228 0.95937
0.123949 0.192654 0.969238
0.132983 0.192357 0.96496
0.126364 0.192071 0.972451
0.119934 0.198342 0.976847
0.121779 0.208166 0.977149
0.119439 0.199719 0.972335
0.111565 0.205167 0.975218
0.113322 0.197986 0.968484
0.10921 0.189123 0.970615
0.102074 0.184026 0.97542
0.110509 0.189367 0.975978
0.102576 0.18375 0.978327
0.104058 0.179828 0.969248
0.106081 0.180561 0.979014
0.108121 0.189957 0.976266
0.106019 0.184929 0.967882
0.0963851 0.187116 0.966333
0.105763 0.184128 0.968105
0.109173 0.179871 0.976486
0.106002 0.175158 0.968256
0.104238 0.179944 0.976857
0.111743 0.179198 0.97029
0.104698 0.18287 0.976364
0.0996583 0.190847 0.979675
0.0899611 0.193202 0.979029
0.0941028 0.185218 0.983398
0.0956509 0.190959 0.975358
0.101319 0.18741 0.967923
0.0947871 0.194391 0.970856
0.0984787 0.185808 0.974422
0.0891567 0.188442 0.971939
0.0835426 0.180342 0.973633
0.0870058 0.170987 0.974332
0.0838828 0.161681 0.976239
0.0911157 0.167625 0.979753
0.0881734 0.16396 0.970926
0.0896983 0.168506 0.962151
0.0981325 0.164231 0.965404
0.0917842 0.1648 0.97311
0.0852415 0.15732 0.971998
0.076739 0.155004 0.967271
0.0807981 0.155779 0.958165
0.0884875 0.161042 0.954535
0.0907396 0.168643 0.96063
0.0851069 0.170931 0.95269
0.0844307 0.179205 0.947116
0.0758454 0.182401 0.951125
0.0690276 0.180367 0.958152
0.0776304 0.175877 0.955736
0.078866 0.1856 0.957719
0.0860234 0.179822 0.953797
0.0840299 0.171464 0.948682
0.0890877 0.176889 0.941975
0.0926401 0.186221 0.942528
0.101027 0.183424 0.937855
0.0982181 0.18564 0.947193
0.091428 0.18015 0.952067
0.0868843 0.188645 0.949387
0.091441 0.182122 0.955444
0.0951476 0.175552 0.948879
0.101467 0.175372 0.956627
0.0997092 0.185214 0.956857
0.0903171 0.182135 0.958376
0.0864314 0.172954 0.95916
0.0837828 0.182592 0.959473
0.0802926 0.1791 0.968169
0.0792469 0.17145 0.974524
0.0779253 0.181178 0.97262
0.0777003 0.172426 0.967787
0.0843517 0.179796 0.966587
0.0759074 0.181601 0.961544
0.0780259 0.181724 0.951772
0.0772407 0.183153 0.941906
0.0823509 0.175503 0.937988
0.0762576 0.178859 0.930804
0.0731152 0.169691 0.933265
0.0639676 0.17178 0.929807
0.0682552 0.169144 0.921166
0.0650475 0.173041 0.929799
0.056342 0.168198 0.930667
0.0597618 0.165314 0.939611
0.06231 0.160047 0.94772
0.0582961 0.158355 0.938719
0.0635969 0.150068 0.940514
0.0680993 0.14239 0.935955
0.0682196 0.150939 0.930767
0.0703695 0.157176 0.938282
0.0792069 0.160573 0.9415
0.0873138 0.166311 0.942666
0.0773339 0.16597 0.942133
0.0740494 0.156526 0.941946
0.0772915 0.165848 0.940334
0.0783131 0.17566 0.938702
0.0708144 0.180329 0.943389
0.0633251 0.183092 0.949413
0.0623757 0.188531 0.95775
0.0711834 0.184396 0.955443
0.077542 0.178611 0.960553
0.0751372 0.170183 0.955738
0.0713318 0.161297 0.953176
0.0790114 0.162038 0.946814
0.0795482 0.16931 0.953658
0.0782094 0.178732 0.956728
0.0845348 0.174841 0.963425
0.0765098 0.170393 0.959449
0.0834204 0.172624 0.966324
0.0898694 0.17953 0.963052
0.0913974 0.188657 0.966842
0.0944845 0.187742 0.97631
0.10142 0.187436 0.969113
0.0964035 0.190831 0.961156
0.0965232 0.200525 0.963611
0.0936753 0.197425 0.95454
0.09627 0.207082 0.954587
0.0952165 0.211936 0.945908
0.100336 0.209647 0.954187
0.104059 0.218265 0.950744
0.100049 0.209321 0.94876
0.10917 0.212144 0.951733
0.118148 0.21515 0.954953
0.126562 0.217761 0.950222
0.133579 0.217774 0.957346
0.130325 0.209489 0.961903
0.135723 0.201726 0.965159
0.135809 0.192062 0.962592
0.129091 0.189003 0.955846
0.127373 0.198842 0.956347
0.130565 0.189572 0.958314
0.131139 0.187782 0.968136
0.13861 0.187478 0.961496
0.139603 0.177529 0.961699
0.129729 0.17711 0.960174
0.136549 0.170036 0.96203
0.143437 0.172147 0.968966
0.148777 0.173999 0.977215
0.149252 0.166944 0.984286
0.143946 0.175015 0.986876
0.146202 0.177591 0.996272
0.148025 0.172198 0.992544
0.152676 0.16366 0.994886
0.149758 0.171009 1
0.136665 0.165664 0.99
0.139772 0.16286 0.999082
0.140573 0.162533 0.998165
0.140335 0.162648 1
0.134664 0.175603 0.99
0.127075 0.180302 0.99451
0.136123 0.183822 0.996906
0.137374 0.190364 1
0.128573 0.201434 0.99
0.12245 0.207622 0.985079
0.129597 0.212246 0.990327
0.12822 0.211828 1
0.138126 0.201735 0.99
0.146741 0.196992 0.991812
0.153974 0.191178 0.988085
0.161751 0.194634 0.993336
0.162469 0.196638 1
0.167609 0.183463 0.99
0.174514 0.179855 0.98373
0.16987 0.18386 0.975831
0.166732 0.184648 0.966369
0.159064 0.182256 0.972326
0.152712 0.174696 0.970747
0.153439 0.164853 0.972361
0.149454 0.173916 0.973771
0.14349 0.166059 0.972129
0.138592 0.174775 0.972351
0.134898 0.173872 0.963102
0.134011 0.165952 0.969142
0.142983 0.170039 0.970813
0.14541 0.167377 0.961484
0.135966 0.167163 0.964763
0.1442 0.16253 0.96804
0.153329 0.161395 0.971959
0.154903 0.170477 0.968081
0.149662 0.175814 0.961443
0.157395 0.17698 0.967676
0.156893 0.179596 0.977314
0.161994 0.177385 0.985627
0.16488 0.170085 0.979432
0.157329 0.173984 0.974161
0.148182 0.17514 0.970289
0.140441 0.177486 0.97617
0.134178 0.183385 0.971073
0.127725 0.183083 0.978706
0.11988 0.179926 0.984043
0.111809 0.17945 0.978158
0.120014 0.185135 0.977557
0.119263 0.175182 0.976942
0.121887 0.169922 0.968851
0.119014 0.165024 0.977082
0.11886 0.158708 0.984834
0.125054 0.157706 0.977048
0.123213 0.149528 0.971594
0.126501 0.150912 0.962252
0.116826 0.148459 0.961645
0.11005 0.150271 0.954517
0.10701 0.148691 0.945122
0.116017 0.151854 0.948101
0.123931 0.154783 0.942736
0.130109 0.151876 0.950043
0.121711 0.146643 0.951489
0.116505 0.138203 0.952779
0.12053 0.129274 0.950762
0.114923 0.136395 0.946537
0.109667 0.132067 0.939214
0.100776 0.132176 0.934637
0.105607 0.123661 0.936675
0.102774 0.130396 0.943502
0.0937799 0.134655 0.942516
0.096815 0.126505 0.93758
0.100601 0.119271 0.931806
0.100539 0.117967 0.921891
0.0951912 0.109602 0.920696
0.0930021 0.109152 0.930443
0.101417 0.11155 0.935284
0.104765 0.10682 0.943434
0.101873 0.108234 0.952902
0.0944977 0.111905 0.95857
0.100423 0.103907 0.95953
0.104359 0.0963012 0.964694
0.100014 0.0903509 0.957932
0.0909165 0.0922593 0.954246
0.100058 0.0890569 0.956731
0.108613 0.0892367 0.951556
0.114934 0.0816142 0.950159
0.110825 0.0847516 0.941598
0.108784 0.0943823 0.943354
0.105383 0.0851991 0.94538
0.113903 0.0807776 0.942576
0.11212 0.0820864 0.932823
0.113885 0.075441 0.925562
0.121542 0.0730917 0.931551
0.122682 0.0774339 0.940486
0.127134 0.068543 0.939423
0.135386 0.0630338 0.938176
0.131401 0.0544227 0.941334
0.122965 0.0551225 0.936011
0.113023 0.0541526 0.935546
0.120707 0.0527586 0.941792
0.112748 0.047296 0.939183
0.103727 0.0496392 0.935559
0.100196 0.0421032 0.941104
0.102236 0.0511676 0.944802
0.0966893 0.0551253 0.937483
0.105687 0.0579411 0.940816
0.0961013 0.0585493 0.938033
0.106038 0.0596722 0.93804
0.105424 0.0538816 0.92991
0.10112 0.0554662 0.938797
0.103405 0.0602101 0.947298
0.106581 0.0552176 0.955359
0.0968338 0.0552101 0.953126
0.087764 0.0586706 0.950725
0.0966121 0.0569596 0.946392
0.0966025 0.0525924 0.955388
0.105398 0.0481156 0.953776
0.11227 0.0416494 0.957086
0.117629 0.0441398 0.965154
0.112422 0.0368694 0.969629
0.110143 0.0390544 0.979118
0.117274 0.0459879 0.980155
0.123474 0.0422662 0.973249
0.127587 0.0382385 0.981426
0.121791 0.0332808 0.974959
0.130292 0.0322224 0.969801
0.131158 0.0323867 0.979762
0.12998 0.0394294 0.972761
0.128025 0.0462962 0.965759
0.125293 0.0535991 0.959498
0.127191 0.054114 0.949693
0.132679 0.0506637 0.957308
0.142352 0.0508788 0.954781
0.149637 0.0576369 0.9559
0.152248 0.0505018 0.949398
0.150898 0.0429907 0.942935
0.143308 0.0376629 0.946676
0.151031 0.0418656 0.941914
0.153402 0.0322589 0.940467
0.144715 0.0339768 0.945113
0.140424 0.0266885 0.950448
0.148459 0.0210432 0.948559
0.142069 0.0283943 0.950824
0.147029 0.0216246 0.956262
0.150932 0.0265826 0.96402
0.149875 0.0358029 0.960296
0.145094 0.0328049 0.95204
0.141405 0.0277922 0.959867
0.140802 0.0361649 0.954432
0.14214 0.0398808 0.963619
0.140547 0.0368571 0.973017
0.140944 0.0290392 0.97924
0.133601 0.0232689 0.975664
0.132404 0.0247088 0.985487
0.128087 0.0263174 0.976612
0.125586 0.0341454 0.98231
0.119741 0.0405962 0.977389
0.120476 0.0312314 0.980819
0.123867 0.0231168 0.985579
0.114435 0.0263533 0.984821
0.105805 0.0291516 0.980615
0.0971565 0.0335957 0.98295
0.087875 0.0304677 0.984967
0.0791493 0.0333695 0.988897
0.0704955 0.0355484 0.993409
0.0785394 0.0296149 0.993708
0.0872561 0.0317466 0.989295
0.0907069 0.0406631 0.986364
0.0909879 0.0415717 0.97641
0.0960019 0.0501134 0.977787
0.100004 0.0510489 0.968671
0.10758 0.0454743 0.972067
0.102538 0.0464842 0.980644
0.10922 0.0405558 0.976148
0.101502 0.0343714 0.974669
0.0938508 0.039562 0.978479
0.0860637 0.0440565 0.974102
0.0818128 0.04086 0.98257
0.0734945 0.0463972 0.982954
0.0708492 0.0550928 0.978784
0.0622712 0.054536 0.973674
0.056371 0.0471104 0.970504
0.0600353 0.0379032 0.971846
0.0532084 0.0430246 0.966634
0.0613103 0.0444441 0.972321
0.0649603 0.036788 0.967024
0.0695872 0.0358552 0.97584
0.0643769 0.0438427 0.978849
0.0609429 0.0532288 0.979179
0.0553837 0.0532829 0.987491
0.0492328 0.0541754 0.995325
0.0422824 0.0604268 0.991774
0.0517578 0.0598348 0.994915
0.0586074 0.0668913 0.996728
0.056066 0.0671601 0.993456
0.0529084 0.0576717 0.993473
0.0579971 0.065575 0.996885
0.0677126 0.0663643 0.999119
0.0628931 0.0649454 1
0.0507599 0.05768 0.99
0.0435739 0.0541503 0.995992
0.0348697 0.0588928 0.997313
0.0364795 0.0566417 0.994625
0.0361568 0.0665879 0.993641
0.0456933 0.0692433 0.992225
0.051631 0.0766611 0.989107
0.0483526 0.0676444 0.986288
0.0548065 0.0671179 0.993908
0.0493486 0.0747089 0.99036
0.0398573 0.0761712 0.993148
0.0365595 0.072298 0.986296
0.0366287 0.0653903 0.979066
0.0372986 0.0660196 0.989024
0.0327208 0.0634159 0.997525
0.0348657 0.0634877 1
0.0448506 0.0735028 0.99
0.0464608 0.0745632 0.999812
0.0464894 0.0745638 1
0.0372251 0.0852489 0.99
0.034624 0.0762505 0.986498
0.0294683 0.0822044 0.99266
0.0315793 0.0750752 0.985973
0.0276605 0.0802498 0.99358
0.0372417 0.0831132 0.993609
0.0313129 0.091073 0.992388
0.0232888 0.0931259 0.986785
0.016328 0.0922925 0.993916
0.0177884 0.0932722 1
0.00781293 0.103297 0.99
-4.17657e-10 0.10114 0.995249
LINES 1 7777
7776 0 1 2 3 4 5 6 7 8 9 10 11 12 13 14 15 16 17 18 19 20 21 22 23 24 25 26 27 28 29 30 31 32 33 34 35 36 37 38 39 40 41 42 43 44 45 46 47 48 49 50 51 52 53 54 55 56 57 58 59 60 61 62 63 64 65 66 67 68 69 70 71 72 73 74 75 76 77 78 79 80 81 82 83 84 85 86 87 88 89 90 91 92 93 94 95 96 97 98 99 100 101 102 103 104 105 106 107 108 109 110 111 112 113 114 115 116 117 118 119 120 121 122 123 124 125 126 127 128 129 130 131 132 133 134 135 136 137 138 139 140 141 142 143 144 145 146 147 148 149 150 151 152 153 154 155 156 157 158 159 160 161 162 163 164 165 166 167 168 169 170 171 172 173 174 175 176 177 178 179 180 181 182 183 184 185 186 187 188 189 190 191 192 193 194 195 196 197 198 199 200 201 202 203 204 205 206 207 208 209 210 211 212 213 214 215 216 217 218 219 220 221 222 223 224 225 226 227 228 229 230 231 232 233 234 235 236 237 238 239 240 241 242 243 244 245 246 247 248 249 250 251 252 253 254 255 256 257 258 259 260 261 262 263 264 265 266 267 268 269 270 271 272 273 274 275 276 277 278 279 280 281 282 283 284 285 286 287 288 289 290 291 292 293 294 295 296 297 298 299 300 301 302 303 304 305 306 307 308 309 310 311 312 313 314 315 316 317 318 319 320 321 322 323 324 325 326 327 328 329 330 331 332 333 334 335 336 337 338 339 340 341 342 343 344 345 346 347 348 349 350 351 352 353 354 355 356 357 358 359 360 361 362 363 364 365 366 367 368 369 370 371 372 373 374 375 376 377 378 379 380 381 382 383 384 385 386 387 388 389 390 391 392 393 394 395 396 397 398 399 400 401 402 403 404 405 406 407 408 409 410 411 412 413 414 415 416 417 418 419 420 421 422 423 424 425 426 427 428 429 430 431 432 433 434 435 436 437 438 439 440 441 442 443 444 445 446 447 448 449 450 451 452 453 454 455 456 457 458 459 460 461 462 463 464 465 466 467 468 469 470 471 472 473 474 475 476 477 478 479 480 481 482 483 484 485 486 487 488 489 490 491 492 493 494 495 496 497 498 499 500 501 502 503 504 505 506 507 508 509 510 511 512 513 514 515 516 517 518 519 520 521 522 523 524 525 526 527 528 529 530 531 532 533 534 535 536 537 538 539 540 541 542 543 544 545 546 547 548 549 550 551 552 553 554 555 556 557 558 559 560 561 562 563 564 565 566 567 568 569 570 571 572 573 574 575 576 577 578 579 580 581 582 583 584 585 586 587 588 589 590 591 592 593 594 595 596 597 598 599 600 601 602 603 604 605 606 607 608 609 610 611 612 613 614 615 616 617 618 619 620 621 622 623 624 625 626 627 628 629 630 631 632 633 634 635 636 637 638 639 640 641 642 643 644 645 646 647 648 649 650 651 652 653 654 655 656 657 658 659 660 661 662 663 664 665 666 667 668 669 670 671 672 673 674 675 676 677 678 679 680 681 682 683 684 685 686 687 688 689 690 691 692 693 694 695 696 697 698 699 700 701 702 703 704 705 706 707 708 709 710 711 712 713 714 715 716 717 718 719 720 721 722 723 724 725 726 727 728 729 730 731 732 733 734 735 736 737 738 739 740 741 742 743 744 745 746 747 748 749 750 751 752 753 754 755 756 757 758 759 760 761 762 763 764 765 766 767 768 769 770 771 772 773 774 775 776 777 778 779 780 781 782 783 784 785 786 787 788 789 790 791 792 793 794 795 796 797 798 799 800 801 802 803 804 805 806 807 808 809 810 811 812 813 814 815 816 817 818 819 820 821 822 823 824 825 826 827 828 829 830 831 832 833 834 835 836 837 838 839 840 841 842 843 844 845 846 847 848 849 850 851 852 853 854 855 856 857 858 859 860 861 862 863 864 865 866 867 868 869 870 871 872 873 874 875 876 877 878 879 880 881 882 883 884 885 886 887 888 889 890 891 892 893 894 895 896 897 898 899 900 901 902 903 904 905 906 907 908 909 910 911 912 913 914 915 916 917 918 919 920 921 922 923 924 925 926 927 928 929 930 931 932 933 934 935 936 937 938 939 940 941 942 943 944 945 946 947 948 949 950 951 952 953 954 955 956 957 958 959 960 961 962 963 964 965 966 967 968 969 970 971 972 973 974 975 976 977 978 979 980 981 982 983 984 985 986 987 988 989 990 991 992 993 994 995 996 997 998 999 1000 1001 1002 1003 1004 1005 1006 1007 1008 1009 1010 1011 1012 1013 1014 1015 1016 1017 1018 1019 1020 1021 1022 1023 1024 1025 1026 1027 1028 1029 1030 1031 1032 1033 1034 1035 1036 1037 1038 1039 1040 1041 1042 1043 1044 1045 1046 1047 1048 1049 1050 1051 1052 1053 1054 1055 1056 1057 1058 1059 1060 1061 1062 1063 1064 1065 1066 1067 1068 1069 1070 1071 1072 1073 1074 1075 1076 1077 1078 1079 1080 1081 1082 1083 1084 1085 1086 1087 1088 1089 1090 1091 1092 1093 1094 1095 1096 1097 1098 1099 1100 1101 1102 1103 1104 1105 1106 1107 1108 1109 1110 1111 1112 1113 1114 1115 1116 1117 1118 1119 1120 1121 1122 1123 1124 1125 1126 1127 1128 1129 1130 1131 1132 1133 1134 1135 1136 1137 1138 1139 1140 1141 1142 1143 1144 1145 1146 1147 1148 1149 1150 1151 1152 1153 1154 1155 1156 1157 1158 1159 1160 1161 1162 1163 1164 1165 1166 1167 1168 1169 1170 1171 1172 1173 1174 1175 1176 1177 1178 1179 1180 1181 1182 1183 1184 1185 1186 1187 1188 1189 1190 1191 1192 1193 1194 1195 1196 1197 1198 1199 1200 1201 1202 1203 1204 1205 1206 1207 1208 1209 1210 1211 1212 1213 1214 1215 1216 1217 1218 1219 1220 1221 1222 1223 1224 1225 1226 1227 1228 1229 1230 1231 1232 1233 1234 1235 1236 1237 1238 1239 1240 1241 1242 1243 1244 1245 1246 1247 1248 1249 1250 1251 1252 1253 1254 1255 1256 1257 1258 1259 1260 1261 1262 1263 1264 1265 1266 1267 1268 1269 1270 1271 1272 1273 1274 1275 1276 1277 1278 1279 1280 1281 1282 1283 1284 1285 1286 1287 1288 1289 1290 1291 1292 1293 1294 1295 1296 1297 1298 1299 1300 1301 1302 1303 1304 1305 1306 1307 1308 1309 1310 1311 1312 1313 1314 1315 1316 1317 1318 1319 1320 1321 1322 1323 1324 1325 1326 1327 1328 1329 1330 1331 1332 1333 1334 1335 1336 1337 1338 1339 1340 1341 1342 1343 1344 1345 1346 1347 1348 1349 1350 1351 1352 1353 1354 1355 1356 1357 1358 1359 1360 1361 1362 1363 1364 1365 1366 1367 1368 1369 1370 1371 1372 1373 1374 1375 1376 1377 1378 1379 1380 1381 1382 1383 1384 1385 1386 1387 1388 1389 1390 1391 1392 1393 1394 1395 1396 1397 1398 1399 1400 1401 1402 1403 1404 1405 1406 1407 1408 1409 1410 1411 1412 1413 1414 1415 1416 1417 1418 1419 1420 1421 1422 1423 1424 1425 1426 1427 1428 1429 1430 1431 1432 1433 1434 1435 1436 1437 1438 1439 1440 1441 1442 1443 1444 1445 1446 1447 1448 1449 1450 1451 1452 1453 1454 1455 1456 1457 1458 1459 1460 1461 1462 1463 1464 1465 1466 1467 1468 1469 1470 1471 1472 1473 1474 1475 1476 1477 1478 1479 1480 1481 1482 1483 1484 1485 1486 1487 1488 1489 1490 1491 1492 1493 1494 1495 1496 1497 1498 1499 1500 1501 1502 1503 1504 1505 1506 1507 1508 1509 1510 1511 1512 1513 1514 1515 1516 1517 1518 1519 1520 1521 1522 1523 1524 1525 1526 1527 1528 1529 1530 1531 1532 1533 1534 1535 1536 1537 1538 1539 1540 1541 1542 1543 1544 1545 1546 1547 1548 1549 1550 1551 1552 1553 1554 1555 1556 1557 1558 1559 1560 1561 1562 1563 1564 1565 1566 1567 1568 1569 1570 1571 1572 1573 1574 1575 1576 1577 1578 1579 1580 1581 1582 1583 1584 1585 1586 1587 1588 1589 1590 1591 1592 1593 1594 1595 1596 1597 1598 1599 1600 1601 1602 1603 1604 1605 1606 1607 1608 1609 1610 1611 1612 1613 1614 1615 1616 1617 1618 1619 1620 1621 1622 1623 1624 1625 1626 1627 1628 1629 1630 1631 1632 1633 1634 1635 1636 1637 1638 1639 1640 1641 1642 1643 1644 1645 1646 1647 1648 1649 1650 1651 1652 1653 1654 1655 1656 1657 1658 1659 1660 1661 1662 1663 1664 1665 1666 1667 1668 1669 1670 1671 1672 1673 1674 1675 1676 1677 1678 1679 1680 1681 1682 1683 1684 1685 1686 1687 1688 1689 1690 1691 1692 1693 1694 1695 1696 1697 1698 1699 1700 1701 1702 1703 1704 1705 1706 1707 1708 1709 1710 1711 1712 1713 1714 1715 1716 1717 1718 1719 1720 1721 1722 1723 1724 1725 1726 1727 1728 1729 1730 1731 1732 1733 1734 1735 1736 1737 1738 1739 1740 1741 1742 1743 1744 1745 1746 1747 1748 1749 1750 1751 1752 1753 1754 1755 1756 1757 1758 1759 1760 1761 1762 1763 1764 1765 1766 1767 1768 1769 1770 1771 1772 1773 1774 1775 1776 1777 1778 1779 1780 1781 1782 1783 1784 1785 1786 1787 1788 1789 1790 1791 1792 1793 1794 1795 1796 1797 1798 1799 1800 1801 1802 1803 1804 1805 1806 1807 1808 1809 1810 1811 1812 1813 1814 1815 1816 1817 1818 1819 1820 1821 1822 1823 1824 1825 1826 1827 1828 1829 1830 1831 1832 1833 1834 1835 1836 1837 1838 1839 1840 1841 1842 1843 1844 1845 1846 1847 1848 1849 1850 1851 1852 1853 1854 1855 1856 1857 1858 1859 1860 1861 1862 1863 1864 1865 1866 1867 1868 1869 1870 1871 1872 1873 1874 1875 1876 1877 1878 1879 1880 1881 1882 1883 1884 1885 1886 1887 1888 1889 1890 1891 1892 1893 1894 1895 1896 1897 1898 1899 1900 1901 1902 1903 1904 1905 1906 1907 1908 1909 1910 1911 1912 1913 1914 1915 1916 1917 1918 1919 1920 1921 1922 1923 1924 1925 1926 1927 1928 1929 1930 1931 1932 1933 1934 1935 1936 1937 1938 1939 1940 1941 1942 1943 1944 1945 1946 1947 1948 1949 1950 1951 1952 1953 1954 1955 1956 1957 1958 1959 1960 1961 1962 1963 1964 1965 1966 1967 1968 1969 1970 1971 1972 1973 1974 1975 1976 1977 1978 1979 1980 1981 1982 1983 1984 1985 1986 1987 1988 1989 1990 1991 1992 1993 1994 1995 1996 1997 1998 1999 2000 2001 2002 2003 2004 2005 2006 2007 2008 2009 2010 2011 2012 2013 2014 2015 2016 2017 2018 2019 2020 2021 2022 2023 2024 2025 2026 2027 2028 2029 2030 2031 2032 2033 2034 2035 2036 2037 2038 2039 2040 2041 2042 2043 2044 2045 2046 2047 2048 2049 2050 2051 2052 2053 2054 2055 2056 2057 2058 2059 2060 2061 2062 2063 2064 2065 2066 2067 2068 2069 2070 2071 2072 2073 2074 2075 2076 2077 2078 2079 2080 2081 2082 2083 2084 2085 2086 2087 2088 2089 2090 2091 2092 2093 2094 2095 2096 2097 2098 2099 2100 2101 2102 2103 2104 2105 2106 2107 2108 2109 2110 2111 2112 2113 2114 2115 2116 2117 2118 2119 2120 2121 2122 2123 2124 2125 2126 2127 2128 2129 2130 2131 2132 2133 2134 2135 2136 2137 2138 2139 2140 2141 2142 2143 2144 2145 2146 2147 2148 2149 2150 2151 2152 2153 2154 2155 2156 2157 2158 2159 2160 2161 2162 2163 2164 2165 2166 2167 2168 2169 2170 2171 2172 2173 2174 2175 2176 2177 2178 2179 2180 2181 2182 2183 2184 2185 2186 2187 2188 2189 2190 2191 2192 2193 2194 2195 2196 2197 2198 2199 2200 2201 2202 2203 2204 2205 2206 2207 2208 2209 2210 2211 2212 2213 2214 2215 2216 2217 2218 2219 2220 2221 2222 2223 2224 2225 2226 2227 2228 2229 2230 2231 2232 2233 2234 2235 2236 2237 2238 2239 2240 2241 2242 2243 2244 2245 2246 2247 2248 2249 2250 2251 2252 2253 2254 2255 2256 2257 2258 2259 2260 2261 2262 2263 2264 2265 2266 2267 2268 2269 2270 2271 2272 2273 2274 2275 2276 2277 2278 2279 2280 2281 2282 2283 2284 2285 2286 2287 2288 2289 2290 2291 2292 2293 2294 2295 2296 2297 2298 2299 2300 2301 2302 2303 2304 2305 2306 2307 2308 2309 2310 2311 2312 2313 2314 2315 2316 2317 2318 2319 2320 2321 2322 2323 2324 2325 2326 2327 2328 2329 2330 2331 2332 2333 2334 2335 2336 2337 2338 2339 2340 2341 2342 2343 2344 2345 2346 2347 2348 2349 2350 2351 2352 2353 2354 2355 2356 2357 2358 2359 2360 2361 2362 2363 2364 2365 2366 2367 2368 2369 2370 2371 2372 2373 2374 2375 2376 2377 2378 2379 2380 2381 2382 2383 2384 2385 2386 2387 2388 2389 2390 2391 2392 2393 2394 2395 2396 2397 2398 2399 2400 2401 2402 2403 2404 2405 2406 2407 2408 2409 2410 2411 2412 2413 2414 2415 2416 2417 2418 2419 2420 2421 2422 2423 2424 2425 2426 2427 2428 2429 2430 2431 2432 2433 2434 2435 2436 2437 2438 2439 2440 2441 2442 2443 2444 2445 2446 2447 2448 2449 2450 2451 2452 2453 2454 2455 2456 2457 2458 2459 2460 2461 2462 2463 2464 2465 2466 2467 2468 2469 2470 2471 2472 2473 2474 2475 2476 2477 2478 2479 2480 2481 2482 2483 2484 2485 2486 2487 2488 2489 2490 2491 2492 2493 2494 2495 2496 2497 2498 2499 2500 2501 2502 2503 2504 2505 2506 2507 2508 2509 2510 2511 2512 2513 2514 2515 2516 2517 2518 2519 2520 2521 2522 2523 2524 2525 2526 2527 2528 2529 2530 2531 2532 2533 2534 2535 2536 2537 2538 2539 2540 2541 2542 2543 2544 2545 2546 2547 2548 2549 2550 2551 2552 2553 2554 2555 2556 2557 2558 2559 2560 2561 2562 2563 2564 2565 2566 2567 2568 2569 2570 2571 2572 2573 2574 2575 2576 2577 2578 2579 2580 2581 2582 2583 2584 2585 2586 2587 2588 2589 2590 2591 2592 2593 2594 2595 2596 2597 2598 2599 2600 2601 2602 2603 2604 2605 2606 2607 2608 2609 2610 2611 2612 2613 2614 2615 2616 2617 2618 2619 2620 2621 2622 2623 2624 2625 2626 2627 2628 2629 2630 2631 2632 2633 2634 2635 2636 2637 2638 2639 2640 2641 2642 2643 2644 2645 2646 2647 2648 2649 2650 2651 2652 2653 2654 2655 2656 2657 2658 2659 2660 2661 2662 2663 2664 2665 2666 2667 2668 2669 2670 2671 2672 2673 2674 2675 2676 2677 2678 2679 2680 2681 2682 2683 2684 2685 2686 2687 2688 2689 2690 2691 2692 2693 2694 2695 2696 2697 2698 2699 2700 2701 2702 2703 2704 2705 2706 2707 2708 2709 2710 2711 2712 2713 2714 2715 2716 2717 2718 2719 2720 2721 2722 2723 2724 2725 2726 2727 2728 2729 2730 2731 2732 2733 2734 2735 2736 2737 2738 2739 2740 2741 2742 2743 2744 2745 2746 2747 2748 2749 2750 2751 2752 2753 2754 2755 2756 2757 2758 2759 2760 2761 2762 2763 2764 2765 2766 2767 2768 2769 2770 2771 2772 2773 2774 2775 2776 2777 2778 2779 2780 2781 2782 2783 2784 2785 2786 2787 2788 2789 2790 2791 2792 2793 2794 2795 2796 2797 2798 2799 2800 2801 2802 2803 2804 2805 2806 2807 2808 2809 2810 2811 2812 2813 2814 2815 2816 2817 2818 2819 2820 2821 2822 2823 2824 2825 2826 2827 2828 2829 2830 2831 2832 2833 2834 2835 2836 2837 2838 2839 2840 2841 2842 2843 2844 2845 2846 2847 2848 2849 2850 2851 2852 2853 2854 2855 2856 2857 2858 2859 2860 2861 2862 2863 2864 2865 2866 2867 2868 2869 2870 2871 2872 2873 2874 2875 2876 2877 2878 2879 2880 2881 2882 2883 2884 2885 2886 2887 2888 2889 2890 2891 2892 2893 2894 2895 2896 2897 2898 2899 2900 2901 2902 2903 2904 2905 2906 2907 2908 2909 2910 2911 2912 2913 2914 2915 2916 2917 2918 2919 2920 2921 2922 2923 2924 2925 2926 2927 2928 2929 2930 2931 2932 2933 2934 2935 2936 2937 2938 2939 2940 2941 2942 2943 2944 2945 2946 2947 2948 2949 2950 2951 2952 2953 2954 2955 2956 2957 2958 2959 2960 2961 2962 2963 2964 2965 2966 2967 2968 2969 2970 2971 2972 2973 2974 2975 2976 2977 2978 2979 2980 2981 2982 2983 2984 2985 2986 2987 2988 2989 2990 2991 2992 2993 2994 2995 2996 2997 2998 2999 3000 3001 3002 3003 3004 3005 3006 3007 3008 3009 3010 3011 3012 3013 3014 3015 3016 3017 3018 3019 3020 3021 3022 3023 3024 3025 3026 3027 3028 3029 3030 3031 3032 3033 3034 3035 3036 3037 3038 3039 3040 3041 3042 3043 3044 3045 3046 3047 3048 3049 3050 3051 3052 3053 3054 3055 3056 3057 3058 3059 3060 3061 3062 3063 3064 3065 3066 3067 3068 3069 3070 3071 3072 3073 3074 3075 3076 3077 3078 3079 3080 3081 3082 3083 3084 3085 3086 3087 3088 3089 3090 3091 3092 3093 3094 3095 3096 3097 3098 3099 3100 3101 3102 3103 3104 3105 3106 3107 3108 3109 3110 3111 3112 3113 3114 3115 3116 3117 3118 3119 3120 3121 3122 3123 3124 3125 3126 3127 3128 3129 3130 3131 3132 3133 3134 3135 3136 3137 3138 3139 3140 3141 3142 3143 3144 3145 3146 3147 3148 3149 3150 3151 3152 3153 3154 3155 3156 3157 3158 3159 3160 3161 3162 3163 3164 3165 3166 3167 3168 3169 3170 3171 3172 3173 3174 3175 3176 3177 3178 3179 3180 3181 3182 3183 3184 3185 3186 3187 3188 3189 3190 3191 3192 3193 3194 3195 3196 3197 3198 3199 3200 3201 3202 3203 3204 3205 3206 3207 3208 3209 3210 3211 3212 3213 3214 3215 3216 3217 3218 3219 3220 3221 3222 3223 3224 3225 3226 3227 3228 3229 3230 3231 3232 3233 3234 3235 3236 3237 3238 3239 3240 3241 3242 3243 3244 3245 3246 3247 3248 3249 3250 3251 3252 3253 3254 3255 3256 3257 3258 3259 3260 3261 3262 3263 3264 3265 3266 3267 3268 3269 3270 3271 3272 3273 3274 3275 3276 3277 3278 3279 3280 3281 3282 3283 3284 3285 3286 3287 3288 3289 3290 3291 3292 3293 3294 3295 3296 3297 3298 3299 3300 3301 3302 3303 3304 3305 3306 3307 3308 3309 3310 3311 3312 3313 3314 3315 3316 3317 3318 3319 3320 3321 3322 3323 3324 3325 3326 3327 3328 3329 3330 3331 3332 3333 3334 3335 3336 3337 3338 3339 3340 3341 3342 3343 3344 3345 3346 3347 3348 3349 3350 3351 3352 3353 3354 3355 3356 3357 3358 3359 3360 3361 3362 3363 3364 3365 3366 3367 3368 3369 3370 3371 3372 3373 3374 3375 3376 3377 3378 3379 3380 3381 3382 3383 3384 3385 3386 3387 3388 3389 3390 3391 3392 3393 3394 3395 3396 3397 3398 3399 3400 3401 3402 3403 3404 3405 3406 3407 3408 3409 3410 3411 3412 3413 3414 3415 3416 3417 3418 3419 3420 3421 3422 3423 3424 3425 3426 3427 3428 3429 3430 3431 3432 3433 3434 3435 3436 3437 3438 3439 3440 3441 3442 3443 3444 3445 3446 3447 3448 3449 3450 3451 3452 3453 3454 3455 3456 3457 3458 3459 3460 3461 3462 3463 3464 3465 3466 3467 3468 3469 3470 3471 3472 3473 3474 3475 3476 3477 3478 3479 3480 3481 3482 3483 3484 3485 3486 3487 3488 3489 3490 3491 3492 3493 3494 3495 3496 3497 3498 3499 3500 3501 3502 3503 3504 3505 3506 3507 3508 3509 3510 3511 3512 3513 3514 3515 3516 3517 3518 3519 3520 3521 3522 3523 3524 3525 3526 3527 3528 3529 3530 3531 3532 3533 3534 3535 3536 3537 3538 3539 3540 3541 3542 3543 3544 3545 3546 3547 3548 3549 3550 3551 3552 3553 3554 3555 3556 3557 3558 3559 3560 3561 3562 3563 3564 3565 3566 3567 3568 3569 3570 3571 3572 3573 3574 3575 3576 3577 3578 3579 3580 3581 3582 3583 3584 3585 3586 3587 3588 3589 3590 3591 3592 3593 3594 3595 3596 3597 3598 3599 3600 3601 3602 3603 3604 3605 3606 3607 3608 3609 3610 3611 3612 3613 3614 3615 3616 3617 3618 3619 3620 3621 3622 3623 3624 3625 3626 3627 3628 3629 3630 3631 3632 3633 3634 3635 3636 3637 3638 3639 3640 3641 3642 3643 3644 3645 3646 3647 3648 3649 3650 3651 3652 3653 3654 3655 3656 3657 3658 3659 3660 3661 3662 3663 3664 3665 3666 3667 3668 3669 3670 3671 3672 3673 3674 3675 3676 3677 3678 3679 3680 3681 3682 3683 3684 3685 3686 3687 3688 3689 3690 3691 3692 3693 3694 3695 3696 3697 3698 3699 3700 3701 3702 3703 3704 3705 3706 3707 3708 3709 3710 3711 3712 3713 3714 3715 3716 3717 3718 3719 3720 3721 3722 3723 3724 3725 3726 3727 3728 3729 3730 3731 3732 3733 3734 3735 3736 3737 3738 3739 3740 3741 3742 3743 3744 3745 3746 3747 3748 3749 3750 3751 3752 3753 3754 3755 3756 3757 3758 3759 3760 3761 3762 3763 3764 3765 3766 3767 3768 3769 3770 3771 3772 3773 3774 3775 3776 3777 3778 3779 3780 3781 3782 3783 3784 3785 3786 3787 3788 3789 3790 3791 3792 3793 3794 3795 3796 3797 3798 3799 3800 3801 3802 3803 3804 3805 3806 3807 3808 3809 3810 3811 3812 3813 3814 3815 3816 3817 3818 3819 3820 3821 3822 3823 3824 3825 3826 3827 3828 3829 3830 3831 3832 3833 3834 3835 3836 3837 3838 3839 3840 3841 3842 3843 3844 3845 3846 3847 3848 3849 3850 3851 3852 3853 3854 3855 3856 3857 3858 3859 3860 3861 3862 3863 3864 3865 3866 3867 3868 3869 3870 3871 3872 3873 3874 3875 3876 3877 3878 3879 3880 3881 3882 3883 3884 3885 3886 3887 3888 3889 3890 3891 3892 3893 3894 3895 3896 3897 3898 3899 3900 3901 3902 3903 3904 3905 3906 3907 3908 3909 3910 3911 3912 3913 3914 3915 3916 3917 3918 3919 3920 3921 3922 3923 3924 3925 3926 3927 3928 3929 3930 3931 3932 3933 3934 3935 3936 3937 3938 3939 3940 3941 3942 3943 3944 3945 3946 3947 3948 3949 3950 3951 3952 3953 3954 3955 3956 3957 3958 3959 3960 3961 3962 3963 3964 3965 3966 3967 3968 3969 3970 3971 3972 3973 3974 3975 3976 3977 3978 3979 3980 3981 3982 3983 3984 3985 3986 3987 3988 3989 3990 3991 3992 3993 3994 3995 3996 3997 3998 3999 4000 4001 4002 4003 4004 4005 4006 4007 4008 4009 4010 4011 4012 4013 4014 4015 4016 4017 4018 4019 4020 4021 4022 4023 4024 4025 4026 4027 4028 4029 4030 4031 4032 4033 4034 4035 4036 4037 4038 4039 4040 4041 4042 4043 4044 4045 4046 4047 4048 4049 4050 4051 4052 4053 4054 4055 4056 4057 4058 4059 4060 4061 4062 4063 4064 4065 4066 4067 4068 4069 4070 4071 4072 4073 4074 4075 4076 4077 4078 4079 4080 4081 4082 4083 4084 4085 4086 4087 4088 4089 4090 4091 4092 4093 4094 4095 4096 4097 4098 4099 4100 4101 4102 4103 4104 4105 4106 4107 4108 4109 4110 4111 4112 4113 4114 4115 4116 4117 4118 4119 4120 4121 4122 4123 4124 4125 4126 4127 4128 4129 4130 4131 4132 4133 4134 4135 4136 4137 4138 4139 4140 4141 4142 4143 4144 4145 4146 4147 4148 4149 4150 4151 4152 4153 4154 4155 4156 4157 4158 4159 4160 4161 4162 4163 4164 4165 4166 4167 4168 4169 4170 4171 4172 4173 4174 4175 4176 4177 4178 4179 4180 4181 4182 4183 4184 4185 4186 4187 4188 4189 4190 4191 4192 4193 4194 4195 4196 4197 4198 4199 4200 4201 4202 4203 4204 4205 4206 4207 4208 4209 4210 4211 4212 4213 4214 4215 4216 4217 4218 4219 4220 4221 4222 4223 4224 4225 4226 4227 4228 4229 4230 4231 4232 4233 4234 4235 4236 4237 4238 4239 4240 4241 4242 4243 4244 4245 4246 4247 4248 4249 4250 4251 4252 4253 4254 4255 4256 4257 4258 4259 4260 4261 4262 4263 4264 4265 4266 4267 4268 4269 4270 4271 4272 4273 4274 4275 4276 4277 4278 4279 4280 4281 4282 4283 4284 4285 4286 4287 4288 4289 4290 4291 4292 4293 4294 4295 4296 4297 4298 4299 4300 4301 4302 4303 4304 4305 4306 4307 4308 4309 4310 4311 4312 4313 4314 4315 4316 4317 4318 4319 4320 4321 4322 4323 4324 4325 4326 4327 4328 4329 4330 4331 4332 4333 4334 4335 4336 4337 4338 4339 4340 4341 4342 4343 4344 4345 4346 4347 4348 4349 4350 4351 4352 4353 4354 4355 4356 4357 4358 4359 4360 4361 4362 4363 4364 4365 4366 4367 4368 4369 4370 4371 4372 4373 4374 4375 4376 4377 4378 4379 4380 4381 4382 4383 4384 4385 4386 4387 4388 4389 4390 4391 4392 4393 4394 4395 4396 4397 4398 4399 4400 4401 4402 4403 4404 4405 4406 4407 4408 4409 4410 4411 4412 4413 4414 4415 4416 4417 4418 4419 4420 4421 4422 4423 4424 4425 4426 4427 4428 4429 4430 4431 4432 4433 4434 4435 4436 4437 4438 4439 4440 4441 4442 4443 4444 4445 4446 4447 4448 4449 4450 4451 4452 4453 4454 4455 4456 4457 4458 4459 4460 4461 4462 4463 4464 4465 4466 4467 4468 4469 4470 4471 4472 4473 4474 4475 4476 4477 4478 4479 4480 4481 4482 4483 4484 4485 4486 4487 4488 4489 4490 4491 4492 4493 4494 4495 4496 4497 4498 4499 4500 4501 4502 4503 4504 4505 4506 4507 4508 4509 4510 4511 4512 4513 4514 4515 4516 4517 4518 4519 4520 4521 4522 4523 4524 4525 4526 4527 4528 4529 4530 4531 4532 4533 4534 4535 4536 4537 4538 4539 4540 4541 4542 4543 4544 4545 4546 4547 4548 4549 4550 4551 4552 4553 4554 4555 4556 4557 4558 4559 4560 4561 4562 4563 4564 4565 4566 4567 4568 4569 4570 4571 4572 4573 4574 4575 4576 4577 4578 4579 4580 4581 4582 4583 4584 4585 4586 4587 4588 4589 4590 4591 4592 4593 4594 4595 4596 4597 4598 4599 4600 4601 4602 4603 4604 4605 4606 4607 4608 4609 4610 4611 4612 4613 4614 4615 4616 4617 4618 4619 4620 4621 4622 4623 4624 4625 4626 4627 4628 4629 4630 4631 4632 4633 4634 4635 4636 4637 4638 4639 4640 4641 4642 4643 4644 4645 4646 4647 4648 4649 4650 4651 4652 4653 4654 4655 4656 4657 4658 4659 4660 4661 4662 4663 4664 4665 4666 4667 4668 4669 4670 4671 4672 4673 4674 4675 4676 4677 4678 4679 4680 4681 4682 4683 4684 4685 4686 4687 4688 4689 4690 4691 4692 4693 4694 4695 4696 4697 4698 4699 4700 4701 4702 4703 4704 4705 4706 4707 4708 4709 4710 4711 4712 4713 4714 4715 4716 4717 4718 4719 4720 4721 4722 4723 4724 4725 4726 4727 4728 4729 4730 4731 4732 4733 4734 4735 4736 4737 4738 4739 4740 4741 4742 4743 4744 4745 4746 4747 4748 4749 4750 4751 4752 4753 4754 4755 4756 4757 4758 4759 4760 4761 4762 4763 4764 4765 4766 4767 4768 4769 4770 4771 4772 4773 4774 4775 4776 4777 4778 4779 4780 4781 4782 4783 4784 4785 4786 4787 4788 4789 4790 4791 4792 4793 4794 4795 4796 4797 4798 4799 4800 4801 4802 4803 4804 4805 4806 4807 4808 4809 4810 4811 4812 4813 4814 4815 4816 4817 4818 4819 4820 4821 4822 4823 4824 4825 4826 4827 4828 4829 4830 4831 4832 4833 4834 4835 4836 4837 4838 4839 4840 4841 4842 4843 4844 4845 4846 4847 4848 4849 4850 4851 4852 4853 4854 4855 4856 4857 4858 4859 4860 4861 4862 4863 4864 4865 4866 4867 4868 4869 4870 4871 4872 4873 4874 4875 4876 4877 4878 4879 4880 4881 4882 4883 4884 4885 4886 4887 4888 4889 4890 4891 4892 4893 4894 4895 4896 4897 4898 4899 4900 4901 4902 4903 4904 4905 4906 4907 4908 4909 4910 4911 4912 4913 4914 4915 4916 4917 4918 4919 4920 4921 4922 4923 4924 4925 4926 4927 4928 4929 4930 4931 4932 4933 4934 4935 4936 4937 4938 4939 4940 4941 4942 4943 4944 4945 4946 4947 4948 4949 4950 4951 4952 4953 4954 4955 4956 4957 4958 4959 4960 4961 4962 4963 4964 4965 4966 4967 4968 4969 4970 4971 4972 4973 4974 4975 4976 4977 4978 4979 4980 4981 4982 4983 4984 4985 4986 4987 4988 4989 4990 4991 4992 4993 4994 4995 4996 4997 4998 4999 5000 5001 5002 5003 5004 5005 5006 5007 5008 5009 5010 5011 5012 5013 5014 5015 5016 5017 5018 5019 5020 5021 5022 5023 5024 5025 5026 5027 5028 5029 5030 5031 5032 5033 5034 5035 5036 5037 5038 5039 5040 5041 5042 5043 5044 5045 5046 5047 5048 5049 5050 5051 5052 5053 5054 5055 5056 5057 5058 5059 5060 5061 5062 5063 5064 5065 5066 5067 5068 5069 5070 5071 5072 5073 5074 5075 5076 5077 5078 5079 5080 5081 5082 5083 5084 5085 5086 5087 5088 5089 5090 5091 5092 5093 5094 5095 5096 5097 5098 5099 5100 5101 5102 5103 5104 5105 5106 5107 5108 5109 5110 5111 5112 5113 5114 5115 5116 5117 5118 5119 5120 5121 5122 5123 5124 5125 5126 5127 5128 5129 5130 5131 5132 5133 5134 5135 5136 5137 5138 5139 5140 5141 5142 5143 5144 5145 5146 5147 5148 5149 5150 5151 5152 5153 5154 5155 5156 5157 5158 5159 5160 5161 5162 5163 5164 5165 5166 5167 5168 5169 5170 5171 5172 5173 5174 5175 5176 5177 5178 5179 5180 5181 5182 5183 5184 5185 5186 5187 5188 5189 5190 5191 5192 5193 5194 5195 5196 5197 5198 5199 5200 5201 5202 5203 5204 5205 5206 5207 5208 5209 5210 5211 5212 5213 5214 5215 5216 5217 5218 5219 5220 5221 5222 5223 5224 5225 5226 5227 5228 5229 5230 5231 5232 5233 5234 5235 5236 5237 5238 5239 5240 5241 5242 5243 5244 5245 5246 5247 5248 5249 5250 5251 5252 5253 5254 5255 5256 5257 5258 5259 5260 5261 5262 5263 5264 5265 5266 5267 5268 5269 5270 5271 5272 5273 5274 5275 5276 5277 5278 5279 5280 5281 5282 5283 5284 5285 5286 5287 5288 5289 5290 5291 5292 5293 5294 5295 5296 5297 5298 5299 5300 5301 5302 5303 5304 5305 5306 5307 5308 5309 5310 5311 5312 5313 5314 5315 5316 5317 5318 5319 5320 5321 5322 5323 5324 5325 5326 5327 5328 5329 5330 5331 5332 5333 5334 5335 5336 5337 5338 5339 5340 5341 5342 5343 5344 5345 5346 5347 5348 5349 5350 5351 5352 5353 5354 5355 5356 5357 5358 5359 5360 5361 5362 5363 5364 5365 5366 5367 5368 5369 5370 5371 5372 5373 5374 5375 5376 5377 5378 5379 5380 5381 5382 5383 5384 5385 5386 5387 5388 5389 5390 5391 5392 5393 5394 5395 5396 5397 5398 5399 5400 5401 5402 5403 5404 5405 5406 5407 5408 5409 5410 5411 5412 5413 5414 5415 5416 5417 5418 5419 5420 5421 5422 5423 5424 5425 5426 5427 5428 5429 5430 5431 5432 5433 5434 5435 5436 5437 5438 5439 5440 5441 5442 5443 5444 5445 5446 5447 5448 5449 5450 5451 5452 5453 5454 5455 5456 5457 5458 5459 5460 5461 5462 5463 5464 5465 5466 5467 5468 5469 5470 5471 5472 5473 5474 5475 5476 5477 5478 5479 5480 5481 5482 5483 5484 5485 5486 5487 5488 5489 5490 5491 5492 5493 5494 5495 5496 5497 5498 5499 5500 5501 5502 5503 5504 5505 5506 5507 5508 5509 5510 5511 5512 5513 5514 5515 5516 5517 5518 5519 5520 5521 5522 5523 5524 5525 5526 5527 5528 5529 5530 5531 5532 5533 5534 5535 5536 5537 5538 5539 5540 5541 5542 5543 5544 5545 5546 5547 5548 5549 5550 5551 5552 5553 5554 5555 5556 5557 5558 5559 5560 5561 5562 5563 5564 5565 5566 5567 5568 5569 5570 5571 5572 5573 5574 5575 5576 5577 5578 5579 5580 5581 5582 5583 5584 5585 5586 5587 5588 5589 5590 5591 5592 5593 5594 5595 5596 5597 5598 5599 5600 5601 5602 5603 5604 5605 5606 5607 5608 5609 5610 5611 5612 5613 5614 5615 5616 5617 5618 5619 5620 5621 5622 5623 5624 5625 5626 5627 5628 5629 5630 5631 5632 5633 5634 5635 5636 5637 5638 5639 5640 5641 5642 5643 5644 5645 5646 5647 5648 5649 5650 5651 5652 5653 5654 5655 5656 5657 5658 5659 5660 5661 5662 5663 5664 5665 5666 5667 5668 5669 5670 5671 5672 5673 5674 5675 5676 5677 5678 5679 5680 5681 5682 5683 5684 5685 5686 5687 5688 5689 5690 5691 5692 5693 5694 5695 5696 5697 5698 5699 5700 5701 5702 5703 5704 5705 5706 5707 5708 5709 5710 5711 5712 5713 5714 5715 5716 5717 5718 5719 5720 5721 5722 5723 5724 5725 5726 5727 5728 5729 5730 5731 5732 5733 5734 5735 5736 5737 5738 5739 5740 5741 5742 5743 5744 5745 5746 5747 5748 5749 5750 5751 5752 5753 5754 5755 5756 5757 5758 5759 5760 5761 5762 5763 5764 5765 5766 5767 5768 5769 5770 5771 5772 5773 5774 5775 5776 5777 5778 5779 5780 5781 5782 5783 5784 5785 5786 5787 5788 5789 5790 5791 5792 5793 5794 5795 5796 5797 5798 5799 5800 5801 5802 5803 5804 5805 5806 5807 5808 5809 5810 5811 5812 5813 5814 5815 5816 5817 5818 5819 5820 5821 5822 5823 5824 5825 5826 5827 5828 5829 5830 5831 5832 5833 5834 5835 5836 5837 5838 5839 5840 5841 5842 5843 5844 5845 5846 5847 5848 5849 5850 5851 5852 5853 5854 5855 5856 5857 5858 5859 5860 5861 5862 5863 5864 5865 5866 5867 5868 5869 5870 5871 5872 5873 5874 5875 5876 5877 5878 5879 5880 5881 5882 5883 5884 5885 5886 5887 5888 5889 5890 5891 5892 5893 5894 5895 5896 5897 5898 5899 5900 5901 5902 5903 5904 5905 5906 5907 5908 5909 5910 5911 5912 5913 5914 5915 5916 5917 5918 5919 5920 5921 5922 5923 5924 5925 5926 5927 5928 5929 5930 5931 5932 5933 5934 5935 5936 5937 5938 5939 5940 5941 5942 5943 5944 5945 5946 5947 5948 5949 5950 5951 5952 5953 5954 5955 5956 5957 5958 5959 5960 5961 5962 5963 5964 5965 5966 5967 5968 5969 5970 5971 5972 5973 5974 5975 5976 5977 5978 5979 5980 5981 5982 5983 5984 5985 5986 5987 5988 5989 5990 5991 5992 5993 5994 5995 5996 5997 5998 5999 6000 6001 6002 6003 6004 6005 6006 6007 6008 6009 6010 6011 6012 6013 6014 6015 6016 6017 6018 6019 6020 6021 6022 6023 6024 6025 6026 6027 6028 6029 6030 6031 6032 6033 6034 6035 6036 6037 6038 6039 6040 6041 6042 6043 6044 6045 6046 6047 6048 6049 6050 6051 6052 6053 6054 6055 6056 6057 6058 6059 6060 6061 6062 6063 6064 6065 6066 6067 6068 6069 6070 6071 6072 6073 6074 6075 6076 6077 6078 6079 6080 6081 6082 6083 6084 6085 6086 6087 6088 6089 6090 6091 6092 6093 6094 6095 6096 6097 6098 6099 6100 6101 6102 6103 6104 6105 6106 6107 6108 6109 6110 6111 6112 6113 6114 6115 6116 6117 6118 6119 6120 6121 6122 6123 6124 6125 6126 6127 6128 6129 6130 6131 6132 6133 6134 6135 6136 6137 6138 6139 6140 6141 6142 6143 6144 6145 6146 6147 6148 6149 6150 6151 6152 6153 6154 6155 6156 6157 6158 6159 6160 6161 6162 6163 6164 6165 6166 6167 6168 6169 6170 6171 6172 6173 6174 6175 6176 6177 6178 6179 6180 6181 6182 6183 6184 6185 6186 6187 6188 6189 6190 6191 6192 6193 6194 6195 6196 6197 6198 6199 6200 6201 6202 6203 6204 6205 6206 6207 6208 6209 6210 6211 6212 6213 6214 6215 6216 6217 6218 6219 6220 6221 6222 6223 6224 6225 6226 6227 6228 6229 6230 6231 6232 6233 6234 6235 6236 6237 6238 6239 6240 6241 6242 6243 6244 6245 6246 6247 6248 6249 6250 6251 6252 6253 6254 6255 6256 6257 6258 6259 6260 6261 6262 6263 6264 6265 6266 6267 6268 6269 6270 6271 6272 6273 6274 6275 6276 6277 6278 6279 6280 6281 6282 6283 6284 6285 6286 6287 6288 6289 6290 6291 6292 6293 6294 6295 6296 6297 6298 6299 6300 6301 6302 6303 6304 6305 6306 6307 6308 6309 6310 6311 6312 6313 6314 6315 6316 6317 6318 6319 6320 6321 6322 6323 6324 6325 6326 6327 6328 6329 6330 6331 6332 6333 6334 6335 6336 6337 6338 6339 6340 6341 6342 6343 6344 6345 6346 6347 6348 6349 6350 6351 6352 6353 6354 6355 6356 6357 6358 6359 6360 6361 6362 6363 6364 6365 6366 6367 6368 6369 6370 6371 6372 6373 6374 6375 6376 6377 6378 6379 6380 6381 6382 6383 6384 6385 6386 6387 6388 6389 6390 6391 6392 6393 6394 6395 6396 6397 6398 6399 6400 6401 6402 6403 6404 6405 6406 6407 6408 6409 6410 6411 6412 6413 6414 6415 6416 6417 6418 6419 6420 6421 6422 6423 6424 6425 6426 6427 6428 6429 6430 6431 6432 6433 6434 6435 6436 6437 6438 6439 6440 6441 6442 6443 6444 6445 6446 6447 6448 6449 6450 6451 6452 6453 6454 6455 6456 6457 6458 6459 6460 6461 6462 6463 6464 6465 6466 6467 6468 6469 6470 6471 6472 6473 6474 6475 6476 6477 6478 6479 6480 6481 6482 6483 6484 6485 6486 6487 6488 6489 6490 6491 6492 6493 6494 6495 6496 6497 6498 6499 6500 6501 6502 6503 6504 6505 6506 6507 6508 6509 6510 6511 6512 6513 6514 6515 6516 6517 6518 6519 6520 6521 6522 6523 6524 6525 6526 6527 6528 6529 6530 6531 6532 6533 6534 6535 6536 6537 6538 6539 6540 6541 6542 6543 6544 6545 6546 6547 6548 6549 6550 6551 6552 6553 6554 6555 6556 6557 6558 6559 6560 6561 6562 6563 6564 6565 6566 6567 6568 6569 6570 6571 6572 6573 6574 6575 6576 6577 6578 6579 6580 6581 6582 6583 6584 6585 6586 6587 6588 6589 6590 6591 6592 6593 6594 6595 6596 6597 6598 6599 6600 6601 6602 6603 6604 6605 6606 6607 6608 6609 6610 6611 6612 6613 6614 6615 6616 6617 6618 6619 6620 6621 6622 6623 6624 6625 6626 6627 6628 6629 6630 6631 6632 6633 6634 6635 6636 6637 6638 6639 6640 6641 6642 6643 6644 6645 6646 6647 6648 6649 6650 6651 6652 6653 6654 6655 6656 6657 6658 6659 6660 6661 6662 6663 6664 6665 6666 6667 6668 6669 6670 6671 6672 6673 6674 6675 6676 6677 6678 6679 6680 6681 6682 6683 6684 6685 6686 6687 6688 6689 6690 6691 6692 6693 6694 6695 6696 6697 6698 6699 6700 6701 6702 6703 6704 6705 6706 6707 6708 6709 6710 6711 6712 6713 6714 6715 6716 6717 6718 6719 6720 6721 6722 6723 6724 6725 6726 6727 6728 6729 6730 6731 6732 6733 6734 6735 6736 6737 6738 6739 6740 6741 6742 6743 6744 6745 6746 6747 6748 6749 6750 6751 6752 6753 6754 6755 6756 6757 6758 6759 6760 6761 6762 6763 6764 6765 6766 6767 6768 6769 6770 6771 6772 6773 6774 6775 6776 6777 6778 6779 6780 6781 6782 6783 6784 6785 6786 6787 6788 6789 6790 6791 6792 6793 6794 6795 6796 6797 6798 6799 6800 6801 6802 6803 6804 6805 6806 6807 6808 6809 6810 6811 6812 6813 6814 6815 6816 6817 6818 6819 6820 6821 6822 6823 6824 6825 6826 6827 6828 6829 6830 6831 6832 6833 6834 6835 6836 6837 6838 6839 6840 6841 6842 6843 6844 6845 6846 6847 6848 6849 6850 6851 6852 6853 6854 6855 6856 6857 6858 6859 6860 6861 6862 6863 6864 6865 6866 6867 6868 6869 6870 6871 6872 6873 6874 6875 6876 6877 6878 6879 6880 6881 6882 6883 6884 6885 6886 6887 6888 6889 6890 6891 6892 6893 6894 6895 6896 6897 6898 6899 6900 6901 6902 6903 6904 6905 6906 6907 6908 6909 6910 6911 6912 6913 6914 6915 6916 6917 6918 6919 6920 6921 6922 6923 6924 6925 6926 6927 6928 6929 6930 6931 6932 6933 6934 6935 6936 6937 6938 6939 6940 6941 6942 6943 6944 6945 6946 6947 6948 6949 6950 6951 6952 6953 6954 6955 6956 6957 6958 6959 6960 6961 6962 6963 6964 6965 6966 6967 6968 6969 6970 6971 6972 6973 6974 6975 6976 6977 6978 6979 6980 6981 6982 6983 6984 6985 6986 6987 6988 6989 6990 6991 6992 6993 6994 6995 6996 6997 6998 6999 7000 7001 7002 7003 7004 7005 7006 7007 7008 7009 7010 7011 7012 7013 7014 7015 7016 7017 7018 7019 7020 7021 7022 7023 7024 7025 7026 7027 7028 7029 7030 7031 7032 7033 7034 7035 7036 7037 7038 7039 7040 7041 7042 7043 7044 7045 7046 7047 7048 7049 7050 7051 7052 7053 7054 7055 7056 7057 7058 7059 7060 7061 7062 7063 7064 7065 7066 7067 7068 7069 7070 7071 7072 7073 7074 7075 7076 7077 7078 7079 7080 7081 7082 7083 7084 7085 7086 7087 7088 7089 7090 7091 7092 7093 7094 7095 7096 7097 7098 7099 7100 7101 7102 7103 7104 7105 7106 7107 7108 7109 7110 7111 7112 7113 7114 7115 7116 7117 7118 7119 7120 7121 7122 7123 7124 7125 7126 7127 7128 7129 7130 7131 7132 7133 7134 7135 7136 7137 7138 7139 7140 7141 7142 7143 7144 7145 7146 7147 7148 7149 7150 7151 7152 7153 7154 7155 7156 7157 7158 7159 7160 7161 7162 7163 7164 7165 7166 7167 7168 7169 7170 7171 7172 7173 7174 7175 7176 7177 7178 7179 7180 7181 7182 7183 7184 7185 7186 7187 7188 7189 7190 7191 7192 7193 7194 7195 7196 7197 7198 7199 7200 7201 7202 7203 7204 7205 7206 7207 7208 7209 7210 7211 7212 7213 7214 7215 7216 7217 7218 7219 7220 7221 7222 7223 7224 7225 7226 7227 7228 7229 7230 7231 7232 7233 7234 7235 7236 7237 7238 7239 7240 7241 7242 7243 7244 7245 7246 7247 7248 7249 7250 7251 7252 7253 7254 7255 7256 7257 7258 7259 7260 7261 7262 7263 7264 7265 7266 7267 7268 7269 7270 7271 7272 7273 7274 7275 7276 7277 7278 7279 7280 7281 7282 7283 7284 7285 7286 7287 7288 7289 7290 7291 7292 7293 7294 7295 7296 7297 7298 7299 7300 7301 7302 7303 7304 7305 7306 7307 7308 7309 7310 7311 7312 7313 7314 7315 7316 7317 7318 7319 7320 7321 7322 7323 7324 7325 7326 7327 7328 7329 7330 7331 7332 7333 7334 7335 7336 7337 7338 7339 7340 7341 7342 7343 7344 7345 7346 7347 7348 7349 7350 7351 7352 7353 7354 7355 7356 7357 7358 7359 7360 7361 7362 7363 7364 7365 7366 7367 7368 7369 7370 7371 7372 7373 7374 7375 7376 7377 7378 7379 7380 7381 7382 7383 7384 7385 7386 7387 7388 7389 7390 7391 7392 7393 7394 7395 7396 7397 7398 7399 7400 7401 7402 7403 7404 7405 7406 7407 7408 7409 7410 7411 7412 7413 7414 7415 7416 7417 7418 7419 7420 7421 7422 7423 7424 7425 7426 7427 7428 7429 7430 7431 7432 7433 7434 7435 7436 7437 7438 7439 7440 7441 7442 7443 7444 7445 7446 7447 7448 7449 7450 7451 7452 7453 7454 7455 7456 7457 7458 7459 7460 7461 7462 7463 7464 7465 7466 7467 7468 7469 7470 7471 7472 7473 7474 7475 7476 7477 7478 7479 7480 7481 7482 7483 7484 7485 7486 7487 7488 7489 7490 7491 7492 7493 7494 7495 7496 7497 7498 7499 7500 7501 7502 7503 7504 7505 7506 7507 7508 7509 7510 7511 7512 7513 7514 7515 7516 7517 7518 7519 7520 7521 7522 7523 7524 7525 7526 7527 7528 7529 7530 7531 7532 7533 7534 7535 7536 7537 7538 7539 7540 7541 7542 7543 7544 7545 7546 7547 7548 7549 7550 7551 7552 7553 7554 7555 7556 7557 7558 7559 7560 7561 7562 7563 7564 7565 7566 7567 7568 7569 7570 7571 7572 7573 7574 7575 7576 7577 7578 7579 7580 7581 7582 7583 7584 7585 7586 7587 7588 7589 7590 7591 7592 7593 7594 7595 7596 7597 7598 7599 7600 7601 7602 7603 7604 7605 7606 7607 7608 7609 7610 7611 7612 7613 7614 7615 7616 7617 7618 7619 7620 7621 7622 7623 7624 7625 7626 7627 7628 7629 7630 7631 7632 7633 7634 7635 7636 7637 7638 7639 7640 7641 7642 7643 7644 7645 7646 7647 7648 7649 7650 7651 7652 7653 7654 7655 7656 7657 7658 7659 7660 7661 7662 7663 7664 7665 7666 7667 7668 7669 7670 7671 7672 7673 7674 7675 7676 7677 7678 7679 7680 7681 7682 7683 7684 7685 7686 7687 7688 7689 7690 7691 7692 7693 7694 7695 7696 7697 7698 7699 7700 7701 7702 7703 7704 7705 7706 7707 7708 7709 7710 7711 7712 7713 7714 7715 7716 7717 7718 7719 7720 7721 7722 7723 7724 7725 7726 7727 7728 7729 7730 7731 7732 7733 7734 7735 7736 7737 7738 7739 7740 7741 7742 7743 7744 7745 7746 7747 7748 7749 7750 7751 7752 7753 7754 7755 7756 7757 7758 7759 7760 7761 7762 7763 7764 7765 7766 7767 7768 7769 7770 7771 7772 7773 7774 7775
CELL_DATA 1
SCALARS Path_Failure unsigned_char 1
LOOKUP_TABLE default
0
POINT_DATA 7776
SCALARS Segment_Type unsigned_char 1
LOOKUP_TABLE default
0
0
0
0
0
0
0
0
0
0
0
0
0
0
0
0
0
0
0
0
0
0
0
0
0
0
0
0
0
0
0
0
0
0
0
0
0
0
0
0
0
0
0
0
0
0
0
0
0
0
0
0
0
0
0
0
0
0
0
0
0
0
0
0
0
0
0
0
0
0
0
0
0
0
0
0
0
0
0
0
0
0
0
0
0
0
0
0
0
0
0
0
0
0
0
0
0
0
0
0
0
0
0
0
0
0
0
0
0
0
0
0
0
0
0
0
0
0
0
0
0
0
0
0
0
0
0
0
0
0
0
0
0
0
0
0
0
0
0
0
0
0
0
0
0
0
0
0
0
0
0
0
0
0
0
0
0
0
0
0
0
0
0
0
0
0
0
0
0
0
0
0
0
0
0
0
0
0
0
0
0
0
0
0
0
0
0
0
0
0
0
0
0
0
0
0
0
0
0
0
0
0
0
0
0
0
0
0
0
0
0
0
0
0
0
0
0
0
0
0
0
0
0
0
0
0
0
0
0
0
0
0
0
0
0
0
0
0
0
0
0
0
0
0
0
0
0
0
0
0
0
0
0
0
0
0
0
0
0
0
0
0
0
0
0
0
0
0
0
0
0
0
0
0
0
0
0
0
0
0
0
0
0
0
0
0
0
0
0
0
0
0
0
0
0
0
0
0
0
0
0
0
0
0
0
0
0
0
0
0
0
0
0
0
0
0
0
0
0
0
0
0
0
0
0
0
0
0
0
0
0
0
0
0
0
0
0
0
0
0
0
0
0
0
0
0
0
0
0
0
0
0
0
0
0
0
0
0
0
0
0
0
0
0
0
0
0
0
0
0
0
0
0
0
0
0
0
0
0
0
0
0
0
0
0
0
0
0
0
0
0
0
0
0
0
0
0
0
0
0
0
0
0
0
0
0
0
0
0
0
0
0
0
0
0
0
0
0
0
0
0
0
0
0
0
0
0
0
0
0
0
0
0
0
0
0
0
0
0
0
0
0
0
0
0
0
0
0
0
0
0
0
0
0
0
0
0
0
0
0
0
0
0
0
0
0
0
0
0
0
0
0
0
0
0
0
0
0
0
0
0
0
0
0
0
0
0
0
0
0
0
0
0
0
0
0
0
0
0
0
0
0
0
0
0
0
0
0
0
0
0
0
0
0
0
0
0
0
0
0
0
0
0
0
0
0
0
0
0
0
0
0
0
0
0
0
0
0
0
0
0
0
0
0
0
0
0
0
0
0
0
0
0
0
0
0
0
0
0
0
0
0
0
0
0
0
0
0
0
0
0
0
0
0
0
0
0
0
0
0
0
0
0
0
0
0
0
0
0
0
0
0
0
0
0
0
0
0
0
0
0
0
0
0
0
0
0
0
0
0
0
0
0
0
0
0
0
0
0
0
0
0
0
0
0
0
0
0
0
0
0
0
0
0
0
0
0
0
0
0
0
0
0
0
0
0
0
0
0
0
0
0
0
0
0
0
0
0
0
0
0
0
0
0
0
0
0
0
0
0
0
0
0
0
0
0
0
0
0
0
0
0
0
0
0
0
0
0
0
0
0
0
0
0
0
0
0
0
0
0
0
0
0
0
0
0
0
0
0
0
0
0
0
0
0
0
0
0
0
0
0
0
0
0
0
0
0
0
0
0
0
0
0
0
0
0
0
0
0
0
0
0
0
0
0
0
0
0
0
0
0
0
0
0
0
0
0
0
0
0
0
0
0
0
0
0
0
0
0
0
0
0
0
0
0
0
0
0
0
0
0
0
0
0
0
0
0
0
0
0
0
0
0
0
0
0
0
0
0
0
0
0
0
0
0
0
0
0
0
0
0
0
0
0
0
0
0
0
0
0
0
0
0
0
0
0
0
0
0
0
0
0
0
0
0
0
0
0
0
0
0
0
0
0
0
0
0
0
0
0
0
0
0
0
0
0
0
0
0
0
0
0
0
0
0
0
0
0
0
0
0
0
0
0
0
0
0
0
0
0
0
0
0
0
0
0
0
0
0
0
0
0
0
0
0
0
0
0
0
0
0
0
0
0
0
0
0
0
0
0
0
0
0
0
0
0
0
0
0
0
0
0
0
0
0
0
0
0
0
0
0
0
0
0
0
0
0
0
0
0
0
0
0
0
0
0
0
0
0
0
0
0
0
0
0
0
0
0
0
0
0
0
0
0
0
0
0
0
0
0
0
0
0
0
0
0
0
0
0
0
0
0
0
0
0
0
0
0
0
0
0
0
0
0
0
0
0
0
0
0
0
0
0
0
0
0
0
0
0
0
0
0
0
0
0
0
0
0
0
0
0
0
0
0
0
0
0
0
0
0
0
0
0
0
0
0
0
0
0
0
0
0
0
0
0
0
0
0
0
0
0
0
0
0
0
0
0
0
0
0
0
0
0
0
0
0
0
0
0
0
0
0
0
0
0
0
0
0
0
0
0
0
0
0
0
0
0
0
0
0
0
0
0
0
0
0
0
0
0
0
0
0
0
0
0
0
0
0
0
0
0
0
0
0
0
0
0
0
0
0
0
0
0
0
0
0
0
0
0
0
0
0
0
0
0
0
0
0
0
0
0
0
0
0
0
0
0
0
0
0
0
0
0
0
0
0
0
0
0
0
0
0
0
0
0
0
0
0
0
0
0
0
0
0
0
0
0
0
0
0
0
0
0
0
0
0
0
0
0
0
0
0
0
0
0
0
0
0
0
0
0
0
0
0
0
0
0
0
0
0
0
0
0
0
0
0
0
0
0
0
0
0
0
0
0
0
0
0
0
0
0
0
0
0
0
0
0
0
0
0
0
0
0
0
0
0
0
0
0
0
0
0
0
0
0
0
0
0
0
0
0
0
0
0
0
0
0
0
0
0
0
0
0
0
0
0
0
0
0
0
0
0
0
0
0
0
0
0
0
0
0
0
0
0
0
0
0
0
0
0
0
0
0
0
0
0
0
0
0
0
0
0
0
0
0
0
0
0
0
0
0
0
0
0
0
0
0
0
0
0
0
0
0
0
0
0
0
0
0
0
0
0
0
0
0
0
0
0
0
0
0
0
0
0
0
0
0
0
0
0
0
0
0
0
0
0
0
0
0
0
0
0
0
0
0
0
0
0
0
0
0
0
0
0
0
0
0
0
0
0
0
0
0
0
0
0
0
0
0
0
0
0
0
0
0
0
0
0
0
0
0
0
0
0
0
0
0
0
0
0
0
0
0
0
0
0
0
0
0
0
0
0
0
0
0
0
0
0
0
0
0
0
0
0
0
0
0
0
0
0
0
0
0
0
0
0
0
0
0
0
0
0
0
0
0
0
0
0
0
0
0
0
0
0
0
0
0
0
0
0
0
0
0
0
0
0
0
0
0
0
0
0
0
0
0
0
0
0
0
0
0
0
0
0
0
0
0
0
0
0
0
0
0
0
0
0
0
0
0
0
0
0
0
0
0
0
0
0
0
0
0
0
0
0
0
0
0
0
0
0
0
0
0
0
0
0
0
0
0
0
0
0
0
0
0
0
0
0
0
0
0
0
0
0
0
0
0
0
0
0
0
0
0
0
0
0
0
0
0
0
0
0
0
0
0
0
0
0
0
0
0
0
0
0
0
0
0
0
0
0
0
0
0
0
0
0
0
0
0
0
0
0
0
0
0
0
0
0
0
0
0
0
0
0
0
0
0
0
0
0
0
0
0
0
0
0
0
0
0
0
0
0
0
0
0
0
0
0
0
0
0
0
0
0
0
0
0
0
0
0
0
0
0
0
0
0
0
0
0
0
0
0
0
0
0
0
0
0
0
0
0
0
0
0
0
0
0
0
0
0
0
0
0
0
0
0
0
0
0
0
0
0
0
0
0
0
0
0
0
0
0
0
0
0
0
0
0
0
0
0
0
0
0
0
0
0
0
0
0
0
0
0
0
0
0
0
0
0
0
0
0
0
0
0
0
0
0
0
0
0
0
0
0
0
0
0
0
0
0
0
0
0
0
0
0
0
0
0
0
0
0
0
0
0
0
0
0
0
0
0
0
0
0
0
0
0
0
0
0
0
0
0
0
0
0
0
0
0
0
0
0
0
0
0
0
0
0
0
0
0
0
0
0
0
0
0
0
0
0
0
0
0
0
0
0
0
0
0
0
0
0
0
0
0
0
0
0
0
0
0
0
0
0
0
0
0
0
0
0
0
0
0
0
0
0
0
0
0
0
0
0
0
0
0
0
0
0
0
0
0
0
0
0
0
0
0
0
0
0
0
0
0
0
0
0
0
0
0
0
0
0
0
0
0
0
0
0
0
0
0
0
0
0
0
0
0
0
0
0
0
0
0
0
0
0
0
0
0
0
0
0
0
0
0
0
0
0
0
0
0
0
0
0
0
0
0
0
0
0
0
0
0
0
0
0
0
0
0
0
0
0
0
0
0
0
0
0
0
0
0
0
0
0
0
0
0
0
0
0
0
0
0
0
0
0
0
0
0
0
0
0
0
0
0
0
0
0
0
0
0
0
0
0
0
0
0
0
0
0
0
0
0
0
0
0
0
0
0
0
0
0
0
0
0
0
0
0
0
0
0
0
0
0
0
0
0
0
0
0
0
0
0
0
0
0
0
0
0
0
0
0
0
0
0
0
0
0
0
0
0
0
0
0
0
0
0
0
0
0
0
0
0
0
0
0
0
0
0
0
0
0
0
0
0
0
0
0
0
0
0
0
0
0
0
0
0
0
0
0
0
0
0
0
0
0
0
0
0
0
0
0
0
0
0
0
0
0
0
0
0
0
0
0
0
0
0
0
0
0
0
0
0
0
0
0
0
0
0
0
0
0
0
0
0
0
0
0
0
0
0
0
0
0
0
0
0
0
0
0
0
0
0
0
0
0
0
0
0
0
0
0
0
0
0
0
0
0
0
0
0
0
0
0
0
0
0
0
0
0
0
0
0
0
0
0
0
0
0
0
0
0
0
0
0
0
0
0
0
0
0
0
0
0
0
0
0
0
0
0
0
0
0
0
0
0
0
0
0
0
0
0
0
0
0
0
0
0
0
0
0
0
0
0
0
0
0
0
0
0
0
0
0
0
0
0
0
0
0
0
0
0
0
0
0
0
0
0
0
0
0
0
0
0
0
0
0
0
0
0
0
0
0
0
0
0
0
0
0
0
0
0
0
0
0
0
0
0
0
0
0
0
0
0
0
0
0
0
0
0
0
0
0
0
0
0
0
0
0
0
0
0
0
0
0
0
0
0
0
0
0
0
0
0
0
0
0
0
0
0
0
0
0
0
0
0
0
0
0
0
0
0
0
0
0
0
0
0
0
0
0
0
0
0
0
0
0
0
0
0
0
0
0
0
0
0
0
0
0
0
0
0
0
0
0
0
0
0
0
0
0
0
0
0
0
0
0
0
0
0
0
0
0
0
0
0
0
0
0
0
0
0
0
0
0
0
0
0
0
0
0
0
0
0
0
0
0
0
0
0
0
0
0
0
0
0
0
0
0
0
0
0
0
0
0
0
0
0
0
0
0
0
0
0
0
0
0
0
0
0
0
0
0
0
0
0
0
0
0
0
0
0
0
0
0
0
0
0
0
0
0
0
0
0
0
0
0
0
0
0
0
0
0
0
0
0
0
0
0
0
0
0
0
0
0
0
0
0
0
0
0
0
0
0
0
0
0
0
0
0
0
0
0
0
0
0
0
0
0
0
0
0
0
0
0
0
0
0
0
0
0
0
0
0
0
0
0
0
0
0
0
0
0
0
0
0
0
0
0
0
0
0
0
0
0
0
0
0
0
0
0
0
0
0
0
0
0
0
0
0
0
0
0
0
0
0
0
0
0
0
0
0
0
0
0
0
0
0
0
0
0
0
0
0
0
0
0
0
0
0
0
0
0
0
0
0
0
0
0
0
0
0
0
0
0
0
0
0
0
0
0
0
0
0
0
0
0
0
0
0
0
0
0
0
0
0
0
0
0
0
0
0
0
0
0
0
0
0
0
0
0
0
0
0
0
0
0
0
0
0
0
0
0
0
0
0
0
0
0
0
0
0
0
0
0
0
0
0
0
0
0
0
0
0
0
0
0
0
0
0
0
0
0
0
0
0
0
0
0
0
0
0
0
0
0
0
0
0
0
0
0
0
0
0
0
0
0
0
0
0
0
0
0
0
0
0
0
0
0
0
0
0
0
0
0
0
0
0
0
0
0
0
0
0
0
0
0
0
0
0
0
0
0
0
0
0
0
0
0
0
0
0
0
0
0
0
0
0
0
0
0
0
0
0
0
0
0
0
0
0
0
0
0
0
0
0
0
0
0
0
0
0
0
0
0
0
0
0
0
0
0
0
0
0
0
0
0
0
0
0
0
0
0
0
0
0
0
0
0
0
0
0
0
0
0
0
0
0
0
0
0
0
0
0
0
0
0
0
0
0
0
0
0
0
0
0
0
0
0
0
0
0
0
0
0
0
0
0
0
0
0
0
0
0
0
0
0
0
0
0
0
0
0
0
0
0
0
0
0
0
0
0
0
0
0
0
0
0
0
0
0
0
0
0
0
0
0
0
0
0
0
0
0
0
0
0
0
0
0
0
0
0
0
0
0
0
0
0
0
0
0
0
0
0
0
0
0
0
0
0
0
0
0
0
0
0
0
0
0
0
0
0
0
0
0
0
0
0
0
0
0
0
0
0
0
0
0
0
0
0
0
0
0
0
0
0
0
0
0
0
0
0
0
0
0
0
0
0
0
0
0
0
0
0
0
0
0
0
0
0
0
0
0
0
0
0
0
0
0
0
0
0
0
0
0
0
0
0
0
0
0
0
0
0
0
0
0
0
0
0
0
0
0
0
0
0
0
0
0
0
0
0
0
0
0
0
0
0
0
0
0
0
0
0
0
0
0
0
0
0
0
0
0
0
0
0
0
0
0
0
0
0
0
0
0
0
0
0
0
0
0
0
0
0
0
0
0
0
0
0
0
0
0
0
0
0
0
0
0
0
0
0
0
0
0
0
0
0
0
0
0
0
0
0
0
0
0
0
0
0
0
0
0
0
0
0
0
0
0
0
0
0
0
0
0
0
0
0
0
0
0
0
0
0
0
0
0
0
0
0
0
0
0
0
0
0
0
0
0
0
0
0
0
0
0
0
0
0
0
0
0
0
0
0
0
0
0
0
0
0
0
0
0
0
0
0
0
0
0
0
0
0
0
0
0
0
0
0
0
0
0
0
0
0
0
0
0
0
0
0
0
0
0
0
0
0
0
0
0
0
0
0
0
0
0
0
0
0
0
0
0
0
0
0
0
0
0
0
0
0
0
0
0
0
0
0
0
0
0
0
0
0
0
0
0
0
0
0
0
0
0
0
0
0
0
0
0
0
0
0
0
0
0
0
0
0
0
0
0
0
0
0
0
0
0
0
0
0
0
0
0
0
0
0
0
0
0
0
0
0
0
0
0
0
0
0
0
0
0
0
0
0
0
0
0
0
0
0
0
0
0
0
0
0
0
0
0
0
0
0
0
0
0
0
0
0
0
0
0
0
0
0
0
0
0
0
0
0
0
0
0
0
0
0
0
0
0
0
0
0
0
0
0
0
0
0
0
0
0
0
0
0
0
0
0
0
0
0
0
0
0
0
0
0
0
0
0
0
0
0
0
0
0
0
0
0
0
0
0
0
0
0
0
0
0
0
0
0
0
0
0
0
0
0
0
0
0
0
0
0
0
0
0
0
0
0
0
0
0
0
0
0
0
0
0
0
0
0
0
0
0
0
0
0
0
0
0
0
0
0
0
0
0
0
0
0
0
0
0
0
0
0
0
0
0
0
0
0
0
0
0
0
0
0
0
0
0
0
0
0
0
0
0
0
0
0
0
0
0
0
0
0
0
0
0
0
0
0
0
0
0
0
0
0
0
0
0
0
0
0
0
0
0
0
0
0
0
0
0
0
0
0
0
0
0
0
0
0
0
0
0
0
0
0
0
0
0
0
0
0
0
0
0
0
0
0
0
0
0
0
0
0
0
0
0
0
0
0
0
0
0
0
0
0
0
0
0
0
0
0
0
0
0
0
0
0
0
0
0
0
0
0
0
0
0
0
0
0
0
0
0
0
0
0
0
0
0
0
0
0
0
0
0
0
0
0
0
0
0
0
0
0
0
0
0
0
0
0
0
0
0
0
0
0
0
0
0
0
0
0
0
0
0
0
0
0
0
0
0
0
0
0
0
0
0
0
0
0
0
0
0
0
0
0
0
0
0
0
0
0
0
0
0
0
0
0
0
0
0
0
0
0
0
0
0
0
0
0
0
0
0
0
0
0
0
0
0
0
0
0
0
0
0
0
0
0
0
0
0
0
0
0
0
0
0
0
0
0
0
0
0
0
0
0
0
0
0
0
0
0
0
0
0
0
0
0
0
0
0
0
0
0
0
0
0
0
0
0
0
0
0
0
0
0
0
0
0
0
0
0
0
0
0
0
0
0
0
0
0
0
0
0
0
0
0
0
0
0
0
0
0
0
0
0
0
0
0
0
0
0
0
0
0
0
0
0
0
0
0
0
0
0
0
0
0
0
0
0
0
0
0
0
0
0
0
0
0
0
0
0
0
0
0
0
0
0
0
0
0
0
0
0
0
0
0
0
0
0
0
0
0
0
0
0
0
0
0
0
0
0
0
0
0
0
0
0
0
0
0
0
0
0
0
0
0
0
0
0
0
0
0
0
0
0
0
0
0
0
0
0
0
0
0
0
0
0
0
0
0
0
0
0
0
0
0
0
0
0
0
0
0
0
0
0
0
0
0
0
0
0
0
0
0
0
0
0
0
0
0
0
0
0
0
0
0
0
0
0
0
0
0
0
0
0
0
0
0
0
0
0
0
0
0
0
0
0
0
0
0
0
0
0
0
0
0
0
0
0
0
0
0
0
0
0
0
0
0
0
0
0
0
0
0
0
0
0
0
0
0
0
0
0
0
0
0
0
0
0
0
0
0
0
0
0
0
0
0
0
0
0
0
0
0
0
0
0
0
0
0
0
0
0
0
0
0
0
0
0
0
0
0
0
0
0
0
0
0
0
0
0
0
0
0
0
0
0
0
0
0
0
0
0
0
0
0
0
0
0
0
0
0
0
0
0
0
0
0
0
0
0
0
0
0
0
0
0
0
0
0
0
0
0
0
0
0
0
0
0
0
0
0
0
0
0
0
0
0
0
0
0
0
0
0
0
0
0
0
0
0
0
0
0
0
0
0
0
0
0
0
0
0
0
0
0
0
0
0
0
0
0
0
0
0
0
0
0
0
0
0
0
0
0
0
0
0
0
0
0
0
0
0
0
0
0
0
0
0
0
0
0
0
0
0
0
0
0
0
0
0
0
0
0
0
0
0
0
0
0
0
0
0
0
0
0
0
0
0
0
0
0
0
0
0
0
0
0
0
0
0
0
0
0
0
0
0
0
0
0
0
0
0
0
0
0
0
0
0
0
0
0
0
0
0
0
0
0
0
0
0
0
0
0
0
0
0
0
0
0
0
0
0
0
0
0
0
0
0
0
0
0
0
0
0
0
0
0
0
0
0
0
0
0
0
0
0
0
0
0
0
0
0
0
0
0
0
0
0
0
0
0
0
0
0
0
0
0
0
0
0
0
0
0
0
0
0
0
0
0
0
0
0
0
0
0
0
0
0
0
0
0
0
0
0
0
0
0
0
0
0
0
0
0
0
0
0
0
0
0
0
0
0
0
0
0
0
0
0
0
0
0
0
0
0
0
0
0
0
0
0
0
0
0
0
0
0
0
0
0
0
0
0
0
0
0
0
0
0
0
0
0
0
0
0
0
0
0
0
0
0
0
0
0
0
0
0
0
0
0
0
0
0
0
0
0
0
0
0
0
0
0
0
0
0
0
0
0
0
0
0
0
0
0
0
0
0
0
0
0
0
0
0
0
0
0
0
0
0
0
0
0
0
0
0
0
0
0
0
0
0
0
0
0
0
0
0
0
0
0
0
0
0
0
0
0
0
0
0
0
0
0
0
0
0
0
0
0
0
0
0
0
0
0
0
0
0
0
0
0
0
0
0
0
0
0
0
0
0
0
0
0
0
0
0
0
0
0
0
0
0
0
0
0
0
0
0
0
0
0
0
0
0
0
0
0
0
0
0
0
0
0
0
0
0
0
0
0
0
0
0
0
0
0
0
0
0
0
0
0
0
0
0
0
0
0
0
0
0
0
0
0
0
0
0
0
0
0
0
0
0
0
0
0
0
0
0
0
0
0
0
0
0
0
0
0
0
0
0
0
0
0
0
0
0
0
0
0
0
0
0
0
0
0
0
0
0
0
0
0
0
0
0
0
0
0
0
0
0
0
0
0
0
0
0
0
0
0
0
0
0
0
0
0
0
0
0
0
0
0
0
0
0
0
0
0
0
0
0
0
0
0
0
0
0
0
0
0
0
0
0
0
0
0
0
0
0
0
0
0
0
0
0
0
0
0
0
0
0
0
0
0
0
0
0
0
0
0
0
0
0
0
0
0
0
0
0
0
0
0
0
0
0
0
0
0
0
0
0
0
0
0
0
0
0
0
0
0
0
0
0
0
0
0
0
0
0
0
0
0
0
0
0
0
0
0
0
0
0
0
0
0
0
0
0
0
0
0
0
0
0
0
0
0
0
0
0
0
0
0
0
0
0
0
0
0
0
0
0
0
0
0
0
0
0
0
0
0
0
0
0
0
0
0
0
0
0
0
0
0
0
0
0
0
0
0
0
0
0
0
0
0
0
0
0
0
0
0
0
0
0
0
0
0
0
0
0
0
0
0
0
0
0
0
0
0
0
0
0
0
0
0
0
0
0
0
0
0
0
0
0
0
0
0
0
0
0
0
0
0
0
0
0
0
0
0
0
0
0
0
0
0
0
0
0
0
0
0
0
0
0
0
0
0
0
0
0
0
0
0
0
0
0
0
0
0
0
0
0
0
0
0
0
0
0
0
0
0
0
0
0
0
0
0
0
0
0
0
0
0
0
0
0
0
0
0
0
0
0
0
0
0
0
0
0
0
0
0
0
0
0
0
0
0
0
0
0
0
0
0
0
0
0
0
0
0
0
0
0
0
0
0
0
0
0
0
0
0
0
0
0
0
0
0
0
0
0
0
0
0
0
0
0
0
0
0
0
0
0
0
0
0
0
0
0
0
0
0
0
0
0
0
0
0
0
0
0
0
0
0
0
0
0
0
0
0
0
0
0
0
0
0
0
0
0
0
0
0
0
0
0
0
0
0
0
0
0
0
0
0
0
0
0
0
0
0
0
0
0
0
0
0
0
0
0
0
0
0
0
0
0
0
0
0
0
0
0
0
0
0
0
0
0
0
0
0
0
0
0
0
0
0
0
0
0
0
0
0
0
0
0
0
0
0
0
0
0
0
0
0
0
0
0
0
0
0
0
0
0
0
0
0
0
0
0
0
0
0
0
0
0
0
0
0
0
0
0
0
0
0
0
0
0
0
0
0
0
0
0
0
0
0
0
0
0
0
0
0
0
0
0
0
0
0
0
0
0
0
0
0
0
0
0
0
0
0
0
0
0
0
0
0
0
0
0
0
0
0
0
0
0
0
0
0
0
0
0
0
0
0
0
0
0
0
0
0
0
0
0
0
0
0
0
0
0
0
0
0
0
0
0
0
0
0
0
0
0
0
0
0
0
0
0
0
0
0
0
0
0
0
0
0
0
0
0
0
0
0
0
0
0
0
0
0
0
0
0
0
0
0
0
0
0
0
0
0
0
0
0
0
0
0
0
0
0
0
0
0
0
0
0
0
0
0
0
0
0
0
0
0
0
0
0
0
0
0
0
0
0
0
0
0
0
0
0
0
0
0
0
0
0
0
0
0
0
0
0
0
0
0
0
0
0
0
0
0
0
0
0
0
0
0
0
0
0
0
0
0
0
0
0
0
0
0
0
0
0
0
0
0
0
0
0
0
0
0
0
0
0
0
0
0
0
0
0
0
0
0
0
0
0
0
0
0
0
0
0
0
0
0
0
0
0
0
0
0
0
0
0
0
0
0
0
0
0
0
0
0
0
0
0
0
0
0
0
0
0
0
0
0
0
0
0
0
0
0
0
0
0
0
0
0
0
0
0
0
0
0
0
0
0
0
0
0
0
0
0
0
0
0
0
0
0
0
0
0
0
0
0
0
0
0
0
0
0
0
0
0
0
0
0
0
0
0
0
0
0
0
0
0
0
0
0
0
0
0
0
0
0
0
0
0
0
0
0
0
0
0
0
0
0
0
0
0
0
0
0
0
0
0
0
0
0
0
0
0
0
0
0
0
0
0
0
0
0
0
0
0
0
0
0
0
0
0
0
0
0
0
0
0
0
0
0
0
0
0
0
0
0
0
0
0
0
0
0
0
0
0
0
0
0
0
0
0
0
0
0
0
0
0
0
0
0
0
0
0
0
0
0
0
0
0
0
0
0
0
0
0
0
0
0
0
0
0
0
0
0
0
0
0
0
0
0
0
0
0
0
0
0
0
0
0
0
0
0
0
0
0
0
0
0
0
0
0
0
0
0
0
0
0
0
0
0
0
0
0
0
0
0
0
0
0
0
0
0
0
0
0
0
0
0
0
0
0
0
0
0
0
0
0
0
0
0
0
0
0
0
0
0
0
0
0
0
0
0
0
0
0
0
0
0
0
0
0
0
0
0
0
0
0
0
0
0
0
0
0
0
0
0
0
0
0
0
0
0
0
0
0
0
0
0
0
0
0
0
0
0
0
0
0
0
0
0
0
0
0
0
0
0
0
0
0
0
0
0
0
0
0
0
0
0
0
0
0
0
0
0
0
0
0
0
0
0
0
0
0
0
0
0
0
0
0
0
0
0
0
0
0
0
0
0
0
0
0
0
0
0
0
0
0
0
0
0
0
0
0
0
0
0
0
0
0
0
0
0
0
0
0
0
0
0
0
0
0
0
0
0
0
0
0
0
0
0
0
0
0
0
0
0
0
0
0
0
0
0
0
0
0
0
0
0
0
0
0
0
0
0
0
0
0
0
0
0
0
0
0
0
0
0
0
0
0
0
0
0
0
0
0
0
0
0
0
0
0
0
0
0
0
0
0
0
0
0
0
0
0
0
0
0
0
0
0
0
0
0
0
0
0
0
0
0
0
0
0
0
0
0
0
0
0
0
0
0
0
0
0
0
0
0
0
0
0
0
0
0
0
0
0
0
0
0
0
0
0
0
0
0
0
0
0
0
0
0
0
0
0
0
0
0
0
0
0
0
0
0
0
0
0
0
0
0
0
0
0
0
0
0
0
0
0
0
0
0
0
0
0
0
0
0
0
0
0
0
0
0
0
0
0
0
0
0
0
0
0
0
0
0
0
0
0
0
0
0
0
0
0
0
0
0
0
0
0
0
0
0
0
0
0
0
0
0
0
0
0
0
0
0
0
0
0
0
0
0
0
0
0
0
0
0
0
0
0
0
0
0
0
0
0
0
0
0
0
0
0
0
0
0
0
0
0
0
0
0
0
0
0
0
0
0
0
0
0
0
0
0
0
0
0
0
0
0
0
0
0
0
0
0
0
0
0
0
0
0
0
0
0
0
0
0
0
0
0
0
0
0
0
0
0
0
0
0
0
0
0
0
0
0
0
0
0
0
0
0
0
0
0
0
0
0
0
0
0
0
0
0
0
0
0
0
0
0
0
0
0
0
0
0
0
0
0
0
0
0
0
0
0
0
0
0
0
0
0
0
0
0
0
0
0
0
0
0
0
0
0
0
0
0
0
0
0
0
0
0
0
0
0
0
0
0
0
0
0
0
0
0
0
0
0
0
0
0
0
0
0
0
0
0
0
0
0
0
0
0
0
0
0
0
0
0
0
0
0
0
0
0
0
0
0
0
0
0
0
0
0
0
0
0
0
0
0
0
0
0
0
0
0
0
0
0
0
0
0
0
0
0
0
0
0
0
0
0
0
0
0
0
0
0
0
0
0
0
0
0
0
0
0
0
0
0
0
0
0
0
0
0
0
0
0
0
0
0
0
0
0
0
0
0
0
0
0
0
0
0
0
0
0
0
0
0
0
0
0
0
0
0
0
0
0
0
0
0
0
0
0
0
0
0
0
0
0
0
0
0
0
0
0
0
0
0
0
0
0
0
0
0
0
0
0
0
0
0
0
0
0
0
0
0
0
0
0
0
0
0
0
0
0
0
0
0
0
0
0
0
0
0
0
0
0
0
0
0
0
0
0
0
0
0
0
0
0
0
0
0
0
0
0
0
0
0
0
0
0
0
0
0
0
0
0
0
0
0
0
0
0
0
0
0
0
0
0
0
0
0
0
0
0
0
0
0
0
0
0
0
0
0
0
0
0
0
0
0
0
0
0
0
0
0
0
0
0
0
0
0
0
0
0
0
0
0
0
0
0
0
0
0
0
0
0
0
0
0
0
0
0
0
0
0
0
0
0
0
0
0
0
0
0
0
0
0
0
0
0
0
0
0
0
0
0
0
0
0
0
0
0
0
0
0
0
0
0
0
0
0
0
0
0
0
0
0
0
0
0
0
0
0
0
0
0
0
0
0
0
0
0
0
0
0
0
0
0
0
0
0
0
0
0
0
0
0
0
0
0
0
0
0
0
0
0
0
0
0
0
0
0
0
0
0
0
0
0
0
0
0
0
0
0
0
0
0
0
0
0
0
0
0
0
0
0
0
0
0
0
0
0
0
0
0
0
0
0
0
0
0
0
0
0
0
0
0
0
0
0
0
0
0
0
0
0
0
0
0
0
0
0
0
0
0
0
0
0
0
0
0
0
0
0
0
0
0
0
0
0
0
0
0
0
0
0
0
0
0
0
0
0
0
0
0
0
0
0
0
0
0
0
0
0
0
0
0
0
0
0
0
0
0
0
0
0
0
0
0
0
0
0
0
0
0
0
0
0
0
0
0
0
0
0
0
0
0
0
0
0
0
0
0
0
0
0
0
0
0
0
0
0
0
0
0
0
0
0
0
0
0
0
0
0
0
0
0
0
0
0
0
0
0
0
0
0
0
0
0
0
0
0
0
0
0
0
0
0
0
0
0
0
0
0
0
0
0
0
0
0
0
0
0
0
0
0
0
0
0
0
0
0
0
0
0
0
0
0
0
0
0
0
0
0
0
0
0
0
0
0
0
0
0
0
0
0
0
0
0
0
0
0
0
0
0
0
0
0
0
0
0
0
0
0
0
0
0
0
0
0
0
0
0
0
0
0
0
0
0
0
0
0
0
0
0
0
0
0
0
0
0
0
0
0
0
0
0
0
0
0
0
0
0
0
0
0
0
0
0
0
0
0
0
0
0
0
0
0
0
0
0
0
0
0
0
0
0
0
0
0
0
0
0
0
0
0
0
0
0
0
0
0
0
0
0
0
0
0
0
0
0
0
0
0
0
0
0
0
0
0
0
0
0
0
0
0
0
0
0
0
0
0
0
0
0
0
0
0
0
0
0
0
0
0
0
0
0
0
0
0
0
0
0
0
0
0
0
0
0
0
0
0
0
0
0
0
0
0
0
0
0
0
0
0
0
0
0
0
0
0
0
0
0
0
0
0
0
0
0
0
0
0
0
0
0
0
0
0
0
0
0
0
0
0
0
0
0
0
0
0
0
0
0
0
0
0
0
0
0
0
0
0
0
0
0
0
0
0
0
0
0
0
0
0
0
0
0
0
0
0
0
0
0
0
0
0
0
0
0
0
0
0
0
0
0
0
0
0
0
0
0
0
0
0
0
0
0
0
0
0
0
0
0
0
0
0
0
0
0
0
0
0
0
0
0
0
0
0
0
0
0
0
0
0
0
0
0
0
0
0
0
0
0
0
0
0
0
0
0
0
0
0
0
0
0
0
0
0
0
0
0
0
0
0
0
0
0
0
0
0
0
0
0
0
0
0
0
0
0
0
0
0
0
0
0
0
0
0
0
0
0
0
0
0
0
0
0
0
0
0
0
0
0
0
0
0
0
0
0
0
0
0
0
0
0
0
0
0
0
0
0
0
0
0
0
0
0
0
0
0
0
0
0
0
0
0
0
0
0
0
0
0
0
0
0
0
0
0
0
0
0
0
0
0
0
0
0
0
0
0
0
0
0
0
0
0
0
0
0
0
0
0
0
0
0
0
0
0
0
0
0
0
0
0
0
0
0
0
0
0
0
0
0
0
0
0
0
0
0
0
0
0
0
0
0
0
0
0
0
0
0
0
0
0
0
0
0
0
0
0
0
0
0
0
0
0
0
0
0
0
0
0
0
0
0
0
0
0
0
0
0
0
0
0
0
0
0
0
0
0
0
0
0
0
0
0
0
0
0
0
0
0
0
0
0
0
0
0
0
0
0
0
0
0
0
0
0
0
0
0
0
0
0
0
0
0
0
0
0
0
0
0
0
0
0
0
0
0
0
0
0
0
0
0
0
0
0
0
0
0
0
0
0
0
0
0
0
0
0
0
0
0
0
0
0
0
0
0
0
0
0
0
0
0
0
0
0
0
0
0
0
0
0
0
0
0
0
0
0
0
0
0
0
0
0
0
0
0
0
0
0
0
0
0
0
0
0
0
0
0
0
0
0
0
0
0
0
0
0
0
0
0
0
0
0
0
0
0
0
0
0
0
0
0
0
0
0
0
0
0
0
0
0
0
0
0
0
0
0
0
0
0
0
0
0
0
0
0
0
0
0
0
0
0
0
0
0
0
0
0
0
0
0
0
0
0
0
0
0
0
0
0
0
0
0
0
0
0
0
0
0
0
0
0
0
0
0
0
0
0
0
0
0
0
0
0
0
0
0
0
0
0
0
0
0
0
0
0
0
0
0
0
0
0
0
0
0
0
0
0
0
0
0
0
0
0
0
0
0
0
0
0
0
0
0
0
0
0
0
0
0
0
0
0
0
0
0
0
0
0
0
0
0
0
0
0
0
0
0
0
0
0
0
0
0
0
0
0
0
0
0
0
0
0
0
0
0
0
0
0
0
0
0
0
0
0
0
0
0
0
0
0
0
0
0
0
0
0
0
0
0
0
0
0
0
0
0
0
0
0
0
0
0
0
0
0
0
0
0
0
0
0
0
0
0
0
0
0
0
0
0
0
0
0
0
0
0
0
0
0
0
0
0
0
0
0
0
0
0
0
0
0
0
0
0
0
0
0
0
0
0
0
0
0
0
0
0
0
0
0
0
0
0
0
0
0
0
0
0
0
0
0
0
0
0
0
0
0
0
0
0
0
0
0
0
0
0
0
0
0
0
0
0
0
0
0
0
0
0
0
0
0
0
0
0
0
0
0
0
0
0
0
0
0
0
0
0
0
0
0
0
0
0
0
0
0
0
0
0
0
0
0
0
0
0
0
0
0
0
0
0
0
0
0
0
0
0
0
0
0
0
0
0
0
0
0
0
0
0
0
0
0
0
0
0
0
0
0
0
0
0
0
0
0
0
0
0
0
0
0
0
0
0
0
0
0
0
0
0
0
0
0
0
0
0
0
0
0
0
0
0
0
0
0
0
0
0
0
0
0
0
0
0
0
0
0
0
0
0
0
0
0
0
0
0
0
0
SCALARS Weight double 1
LOOKUP_TABLE default
0
0.00166667
0.00333333
0.005
0.00666667
0.00833333
0.01
0.0116667
0.0133333
0.015
0.0166667
0.0183333
0.02
0.0216667
0.0233333
0.025
0.0266667
0.0283333
0.03
0.0316667
0.0333333
0.035
0.0366667
0.0383333
0.04
0.0416667
0.0433333
0.045
0.0466667
0.0483333
0.05
0.0516667
0.0533333
0.055
0.0566667
0.0583333
0.06
0.0616667
0.0633333
0.065
0.0666667
0.0683333
0.07
0.0716667
0.0733333
0.075
0.0766667
0.0783333
0.08
0.0816667
0.0833333
0.085
0.0866667
0.0883333
0.09
0.0916667
0.0933333
0.095
0.0966667
0.0983333
0.1
0.101667
0.103333
0.105
0.106667
0.108333
0.11
0.111667
0.113333
0.115
0.116667
0.118333
0.12
0.121667
0.123333
0.125
0.126667
0.128333
0.13
0.131667
0.133333
0.135
0.136667
0.138333
0.14
0.141667
0.143333
0.145
0.146667
0.148333
0.15
0.151667
0.153333
0.155
0.156667
0.158333
0.16
0.161667
0.163333
0.165
0.166667
0.168333
0.17
0.171667
0.173333
0.175
0.176667
0.178333
0.18
0.181667
0.183333
0.185
0.186667
0.188333
0.19
0.191667
0.193333
0.195
0.196667
0.198333
0.2
0.201667
0.203333
0.205
0.206667
0.208333
0.21
0.211667
0.213333
0.215
0.216667
0.218333
0.22
0.221667
0.223333
0.225
0.226667
0.228333
0.23
0.231667
0.233333
0.235
0.236667
0.238333
0.24
0.241667
0.243333
0.245
0.246667
0.248333
0.25
0.251667
0.253333
0.255
0.256667
0.258333
0.26
0.261667
0.263333
0.265
0.266667
0.268333
0.27
0.271667
0.273333
0.275
0.276667
0.278333
0.28
0.281667
0.283333
0.285
0.286667
0.288333
0.29
0.291667
0.293333
0.295
0.296667
0.298333
0.3
0.301667
0.303333
0.305
0.306667
0.308333
0.31
0.311667
0.313333
0.315
0.316667
0.318333
0.32
0.321667
0.323333
0.325
0.326667
0.328333
0.33
0.331667
0.333333
0.335
0.336667
0.338333
0.34
0.341667
0.343333
0.345
0.346667
0.348333
0.35
0.351667
0.353333
0.355
0.356667
0.358333
0.36
0.361667
0.363333
0.365
0.366667
0.368333
0.37
0.371667
0.373333
0.375
0.376667
0.378333
0.38
0.381667
0.383333
0.385
0.386667
0.388333
0.39
0.391667
0.393333
0.395
0.396667
0.398333
0.4
0.401667
0.403333
0.405
0.406667
0.408333
0.41
0.411667
0.413333
0.415
0.416667
0.418333
0.42
0.421667
0.423333
0.425
0.426667
0.428333
0.43
0.431667
0.433333
0.435
0.436667
0.438333
0.44
0.441667
0.443333
0.445
0.446667
0.448333
0.45
0.451667
0.453333
0.455
0.456667
0.458333
0.46
0.461667
0.463333
0.465
0.466667
0.468333
0.47
0.471667
0.473333
0.475
0.476667
0.478333
0.48
0.481667
0.483333
0.485
0.486667
0.488333
0.49
0.491667
0.493333
0.495
0.496667
0.498333
0.5
0.501667
0.503333
0.505
0.506667
0.508333
0.51
0.511667
0.513333
0.515
0.516667
0.518333
0.52
0.521667
0.523333
0.525
0.526667
0.528333
0.53
0.531667
0.533333
0.535
0.536667
0.538333
0.54
0.541667
0.543333
0.545
0.546667
0.548333
0.55
0.551667
0.553333
0.555
0.556667
0.558333
0.56
0.561667
0.563333
0.565
0.566667
0.568333
0.57
0.571667
0.573333
0.575
0.576667
0.578333
0.58
0.581667
0.583333
0.585
0.586667
0.588333
0.59
0.591667
0.593333
0.595
0.596667
0.598333
0.6
0.601667
0.603333
0.605
0.606667
0.608333
0.61
0.611667
0.613333
0.615
0.616667
0.618333
0.62
0.621667
0.623333
0.625
0.626667
0.628333
0.63
0.631667
0.633333
0.635
0.636667
0.638333
0.64
0.641667
0.643333
0.645
0.646667
0.648333
0.65
0.651667
0.653333
0.655
0.656667
0.658333
0.66
0.661667
0.663333
0.665
0.666667
0.668333
0.67
0.671667
0.673333
0.675
0.676667
0.678333
0.68
0.681667
0.683333
0.685
0.686667
0.688333
0.69
0.691667
0.693333
0.695
0.696667
0.698333
0.7
0.701667
0.703333
0.705
0.706667
0.708333
0.71
0.711667
0.713333
0.715
0.716667
0.718333
0.72
0.721667
0.723333
0.725
0.726667
0.728333
0.73
0.731667
0.733333
0.735
0.736667
0.738333
0.74
0.741667
0.743333
0.745
0.746667
0.748333
0.75
0.751667
0.753333
0.755
0.756667
0.758333
0.76
0.761667
0.763333
0.765
0.766667
0.768333
0.77
0.771667
0.773333
0.775
0.776667
0.778333
0.78
0.781667
0.783333
0.785
0.786667
0.788333
0.79
0.791667
0.793333
0.795
0.796667
0.798333
0.8
0.801667
0.803333
0.805
0.806667
0.808333
0.81
0.811667
0.813333
0.815
0.816667
0.818333
0.82
0.821667
0.823333
0.825
0.826667
0.828333
0.83
0.831667
0.833333
0.835
0.836667
0.838333
0.84
0.841667
0.843333
0.845
0.846667
0.848333
0.85
0.851667
0.853333
0.855
0.856667
0.858333
0.86
0.861667
0.863333
0.865
0.866667
0.868333
0.87
0.871667
0.873333
0.875
0.876667
0.878333
0.88
0.881667
0.883333
0.885
0.886667
0.888333
0.89
0.891667
0.893333
0.895
0.896667
0.898333
0.9
0.901667
0.903333
0.905
0.906667
0.908333
0.91
0.911667
0.913333
0.915
0.916667
0.918333
0.92
0.921667
0.923333
0.925
0.926667
0.928333
0.93
0.931667
0.933333
0.935
0.936667
0.938333
0.94
0.941667
0.943333
0.945
0.946667
0.948333
0.95
0.951667
0.953333
0.955
0.956667
0.958333
0.96
0.961667
0.963333
0.965
0.966667
0.968333
0.97
0.971667
0.973333
0.975
0.976667
0.978333
0.98
0.981667
0.983333
0.985
0.986667
0.988333
0.99
0.991667
0.993333
0.995
0.996667
0.998333
1
1.00167
1.00333
1.005
1.00667
1.00833
1.01
1.01167
1.01333
1.015
1.01667
1.01833
1.02
1.02167
1.02333
1.025
1.02667
1.02833
1.03
1.03167
1.03333
1.035
1.03667
1.03833
1.04
1.04167
1.04333
1.045
1.04667
1.04833
1.05
1.05167
1.05333
1.055
1.05667
1.05833
1.06
1.06167
1.06333
1.065
1.06667
1.06833
1.07
1.07167
1.07333
1.075
1.07667
1.07833
1.08
1.08167
1.08333
1.085
1.08667
1.08833
1.09
1.09167
1.09333
1.095
1.09667
1.09833
1.1
1.10167
1.10333
1.105
1.10667
1.10833
1.11
1.11167
1.11333
1.115
1.11667
1.11833
1.12
1.12167
1.12333
1.125
1.12667
1.12833
1.13
1.13167
1.13333
1.135
1.13667
1.13833
1.14
1.14167
1.14333
1.145
1.14667
1.14833
1.15
1.15167
1.15333
1.155
1.15667
1.15833
1.16
1.16167
1.16333
1.165
1.16667
1.16833
1.17
1.17167
1.17333
1.175
1.17667
1.17833
1.18
1.18167
1.18333
1.185
1.18667
1.18833
1.19
1.19167
1.19333
1.195
1.19667
1.19833
1.2
1.20167
1.20333
1.205
1.20667
1.20833
1.21
1.21167
1.21333
1.215
1.21667
1.21833
1.22
1.22167
1.22333
1.225
1.22667
1.22833
1.23
1.23167
1.23333
1.235
1.23667
1.23833
1.24
1.24167
1.24333
1.245
1.24667
1.24833
1.25
1.25167
1.25333
1.255
1.25667
1.25833
1.26
1.26167
1.26333
1.265
1.26667
1.26833
1.27
1.27167
1.27333
1.275
1.27667
1.27833
1.28
1.28167
1.28333
1.285
1.28667
1.28833
1.29
1.29167
1.29333
1.295
1.29667
1.29833
1.3
1.30167
1.30333
1.305
1.30667
1.30833
1.31
1.31167
1.31333
1.315
1.31667
1.31833
1.32
1.32167
1.32333
1.325
1.32667
1.32833
1.33
1.33167
1.33333
1.335
1.33667
1.33833
1.34
1.34167
1.34333
1.345
1.34667
1.34833
1.35
1.35167
1.35333
1.355
1.35667
1.35833
1.36
1.36167
1.36333
1.365
1.36667
1.36833
1.37
1.37167
1.37333
1.375
1.37667
1.37833
1.38
1.38167
1.38333
1.385
1.38667
1.38833
1.39
1.39167
1.39333
1.395
1.39667
1.39833
1.4
1.40167
1.40333
1.405
1.40667
1.40833
1.41
1.41167
1.41333
1.415
1.41667
1.41833
1.42
1.42167
1.42333
1.425
1.42667
1.42833
1.43
1.43167
1.43333
1.435
1.43667
1.43833
1.44
1.44167
1.44333
1.445
1.44667
1.44833
1.45
1.45167
1.45333
1.455
1.45667
1.45833
1.46
1.46167
1.46333
1.465
1.46667
1.46833
1.47
1.47167
1.47333
1.475
1.47667
1.47833
1.48
1.48167
1.48333
1.485
1.48667
1.48833
1.49
1.49167
1.49333
1.495
1.49667
1.49833
1.5
1.50167
1.50333
1.505
1.50667
1.50833
1.51
1.51167
1.51333
1.515
1.51667
1.51833
1.52
1.52167
1.52333
1.525
1.52667
1.52833
1.53
1.53167
1.53333
1.535
1.53667
1.53833
1.54
1.54167
1.54333
1.545
1.54667
1.54833
1.55
1.55167
1.55333
1.555
1.55667
1.55833
1.56
1.56167
1.56333
1.565
1.56667
1.56833
1.57
1.57167
1.57333
1.575
1.57667
1.57833
1.58
1.58167
1.58333
1.585
1.58667
1.58833
1.59
1.59167
1.59333
1.595
1.59667
1.59833
1.6
1.60167
1.60333
1.605
1.60667
1.60833
1.61
1.61167
1.61333
1.615
1.61667
1.61833
1.62
1.62167
1.62333
1.625
1.62667
1.62833
1.63
1.63167
1.63333
1.635
1.63667
1.63833
1.64
1.64167
1.64333
1.645
1.64667
1.64833
1.65
1.65167
1.65333
1.655
1.65667
1.65833
1.66
1.66167
1.66333
1.665
1.66667
1.66833
1.67
1.67167
1.67333
1.675
1.67667
1.67833
1.68
1.68167
1.68333
1.685
1.68667
1.68833
1.69
1.69167
1.69333
1.695
1.69667
1.69833
1.7
1.70167
1.70333
1.705
1.70667
1.70833
1.71
1.71167
1.71333
1.715
1.71667
1.71833
1.72
1.72167
1.72333
1.725
1.72667
1.72833
1.73
1.73167
1.73333
1.735
1.73667
1.73833
1.74
1.74167
1.74333
1.745
1.74667
1.74833
1.75
1.75167
1.75333
1.755
1.75667
1.75833
1.76
1.76167
1.76333
1.765
1.76667
1.76833
1.77
1.77167
1.77333
1.775
1.77667
1.77833
1.78
1.78167
1.78333
1.785
1.78667
1.78833
1.79
1.79167
1.79333
1.795
1.79667
1.79833
1.8
1.80167
1.80333
1.805
1.80667
1.80833
1.81
1.81167
1.81333
1.815
1.81667
1.81833
1.82
1.82167
1.82333
1.825
1.82667
1.82833
1.83
1.83167
1.83333
1.835
1.83667
1.83833
1.84
1.84167
1.84333
1.845
1.84667
1.84833
1.85
1.85167
1.85333
1.855
1.85667
1.85833
1.86
1.86167
1.86333
1.865
1.86667
1.86833
1.87
1.87167
1.87333
1.875
1.87667
1.87833
1.88
1.88167
1.88333
1.885
1.88667
1.88833
1.89
1.89167
1.89333
1.895
1.89667
1.89833
1.9
1.90167
1.90333
1.905
1.90667
1.90833
1.91
1.91167
1.91333
1.915
1.91667
1.91833
1.92
1.92167
1.92333
1.925
1.92667
1.92833
1.93
1.93167
1.93333
1.935
1.93667
1.93833
1.94
1.94167
1.94333
1.945
1.94667
1.94833
1.95
1.95167
1.95333
1.955
1.95667
1.95833
1.96
1.96167
1.96333
1.965
1.96667
1.96833
1.97
1.97167
1.97333
1.975
1.97667
1.97833
1.98
1.98167
1.98333
1.985
1.98667
1.98833
1.99
1.99167
1.99333
1.995
1.99667
1.99833
2
2.00167
2.00333
2.005
2.00667
2.00833
2.01
2.01167
2.01333
2.015
2.01667
2.01833
2.02
2.02167
2.02333
2.025
2.02667
2.02833
2.03
2.03167
2.03333
2.035
2.03667
2.03833
2.04
2.04167
2.04333
2.045
2.04667
2.04833
2.05
2.05167
2.05333
2.055
2.05667
2.05833
2.06
2.06167
2.06333
2.065
2.06667
2.06833
2.07
2.07167
2.07333
2.075
2.07667
2.07833
2.08
2.08167
2.08333
2.085
2.08667
2.08833
2.09
2.09167
2.09333
2.095
2.09667
2.09833
2.1
2.10167
2.10333
2.105
2.10667
2.10833
2.11
2.11167
2.11333
2.115
2.11667
2.11833
2.12
2.12167
2.12333
2.125
2.12667
2.12833
2.13
2.13167
2.13333
2.135
2.13667
2.13833
2.14
2.14167
2.14333
2.145
2.14667
2.14833
2.15
2.15167
2.15333
2.155
2.15667
2.15833
2.16
2.16167
2.16333
2.165
2.16667
2.16833
2.17
2.17167
2.17333
2.175
2.17667
2.17833
2.18
2.18167
2.18333
2.185
2.18667
2.18833
2.19
2.19167
2.19333
2.195
2.19667
2.19833
2.2
2.20167
2.20333
2.205
2.20667
2.20833
2.21
2.21167
2.21333
2.215
2.21667
2.21833
2.22
2.22167
2.22333
2.225
2.22667
2.22833
2.23
2.23167
2.23333
2.235
2.23667
2.23833
2.24
2.24167
2.24333
2.245
2.24667
2.24833
2.25
2.25167
2.25333
2.255
2.25667
2.25833
2.26
2.26167
2.26333
2.265
2.26667
2.26833
2.27
2.27167
2.27333
2.275
2.27667
2.27833
2.28
2.28167
2.28333
2.285
2.28667
2.28833
2.29
2.29167
2.29333
2.295
2.29667
2.29833
2.3
2.30167
2.30333
2.305
2.30667
2.30833
2.31
2.31167
2.31333
2.315
2.31667
2.31833
2.32
2.32167
2.32333
2.325
2.32667
2.32833
2.33
2.33167
2.33333
2.335
2.33667
2.33833
2.34
2.34167
2.34333
2.345
2.34667
2.34833
2.35
2.35167
2.35333
2.355
2.35667
2.35833
2.36
2.36167
2.36333
2.365
2.36667
2.36833
2.37
2.37167
2.37333
2.375
2.37667
2.37833
2.38
2.38167
2.38333
2.385
2.38667
2.38833
2.39
2.39167
2.39333
2.395
2.39667
2.39833
2.4
2.40167
2.40333
2.405
2.40667
2.40833
2.41
2.41167
2.41333
2.415
2.41667
2.41833
2.42
2.42167
2.42333
2.425
2.42667
2.42833
2.43
2.43167
2.43333
2.435
2.43667
2.43833
2.44
2.44167
2.44333
2.445
2.44667
2.44833
2.45
2.45167
2.45333
2.455
2.45667
2.45833
2.46
2.46167
2.46333
2.465
2.46667
2.46833
2.47
2.47167
2.47333
2.475
2.47667
2.47833
2.48
2.48167
2.48333
2.485
2.48667
2.48833
2.49
2.49167
2.49333
2.495
2.49667
2.49833
2.5
2.50167
2.50333
2.505
2.50667
2.50833
2.51
2.51167
2.51333
2.515
2.51667
2.51833
2.52
2.52167
2.52333
2.525
2.52667
2.52833
2.53
2.53167
2.53333
2.535
2.53667
2.53833
2.54
2.54167
2.54333
2.545
2.54667
2.54833
2.55
2.55167
2.55333
2.555
2.55667
2.55833
2.56
2.56167
2.56333
2.565
2.56667
2.56833
2.57
2.57167
2.57333
2.575
2.57667
2.57833
2.58
2.58167
2.58333
2.585
2.58667
2.58833
2.59
2.59167
2.59333
2.595
2.59667
2.59833
2.6
2.60167
2.60333
2.605
2.60667
2.60833
2.61
2.61167
2.61333
2.615
2.61667
2.61833
2.62
2.62167
2.62333
2.625
2.62667
2.62833
2.63
2.63167
2.63333
2.635
2.63667
2.63833
2.64
2.64167
2.64333
2.645
2.64667
2.64833
2.65
2.65167
2.65333
2.655
2.65667
2.65833
2.66
2.66167
2.66333
2.665
2.66667
2.66833
2.67
2.67167
2.67333
2.675
2.67667
2.67833
2.68
2.68167
2.68333
2.685
2.68667
2.68833
2.69
2.69167
2.69333
2.695
2.69667
2.69833
2.7
2.70167
2.70333
2.705
2.70667
2.70833
2.71
2.71167
2.71333
2.715
2.71667
2.71833
2.72
2.72167
2.72333
2.725
2.72667
2.72833
2.73
2.73167
2.73333
2.735
2.73667
2.73833
2.74
2.74167
2.74333
2.745
2.74667
2.74833
2.75
2.75167
2.75333
2.755
2.75667
2.75833
2.76
2.76167
2.76333
2.765
2.76667
2.76833
2.77
2.77167
2.77333
2.775
2.77667
2.77833
2.78
2.78167
2.78333
2.785
2.78667
2.78833
2.79
2.79167
2.79333
2.795
2.79667
2.79833
2.8
2.80167
2.80333
2.805
2.80667
2.80833
2.81
2.81167
2.81333
2.815
2.81667
2.81833
2.82
2.82167
2.82333
2.825
2.82667
2.82833
2.83
2.83167
2.83333
2.835
2.83667
2.83833
2.84
2.84167
2.84333
2.845
2.84667
2.84833
2.85
2.85167
2.85333
2.855
2.85667
2.85833
2.86
2.86167
2.86333
2.865
2.86667
2.86833
2.87
2.87167
2.87333
2.875
2.87667
2.87833
2.88
2.88167
2.88333
2.885
2.88667
2.88833
2.89
2.89167
2.89333
2.895
2.89667
2.89833
2.9
2.90167
2.90333
2.905
2.90667
2.90833
2.91
2.91167
2.91333
2.915
2.91667
2.91833
2.92
2.92167
2.92333
2.925
2.92667
2.92833
2.93
2.93167
2.93333
2.935
2.93667
2.93833
2.94
2.94167
2.94333
2.945
2.94667
2.94833
2.95
2.95167
2.95333
2.955
2.95667
2.95833
2.96
2.96167
2.96333
2.965
2.96667
2.96833
2.97
2.97167
2.97333
2.975
2.97667
2.97833
2.98
2.98167
2.98333
2.985
2.98667
2.98833
2.99
2.99167
2.99333
2.995
2.99667
2.99833
3
3.00167
3.00333
3.005
3.00667
3.00833
3.01
3.01167
3.01333
3.015
3.01667
3.01833
3.02
3.02167
3.02333
3.025
3.02667
3.02833
3.03
3.03167
3.03333
3.035
3.03667
3.03833
3.04
3.04167
3.04333
3.045
3.04667
3.04833
3.05
3.05167
3.05333
3.055
3.05667
3.05833
3.06
3.06167
3.06333
3.065
3.06667
3.06833
3.07
3.07167
3.07333
3.075
3.07667
3.07833
3.08
3.08167
3.08333
3.085
3.08667
3.08833
3.09
3.09167
3.09333
3.095
3.09667
3.09833
3.1
3.10167
3.10333
3.105
3.10667
3.10833
3.11
3.11167
3.11333
3.115
3.11667
3.11833
3.12
3.12167
3.12333
3.125
3.12667
3.12833
3.13
3.13167
3.13333
3.135
3.13667
3.13833
3.14
3.14167
3.14333
3.145
3.14667
3.14833
3.15
3.15167
3.15333
3.155
3.15667
3.15833
3.16
3.16167
3.16333
3.165
3.16667
3.16833
3.17
3.17167
3.17333
3.175
3.17667
3.17833
3.18
3.18167
3.18333
3.185
3.18667
3.18833
3.19
3.19167
3.19333
3.195
3.19667
3.19833
3.2
3.20167
3.20333
3.205
3.20667
3.20833
3.21
3.21167
3.21333
3.215
3.21667
3.21833
3.22
3.22167
3.22333
3.225
3.22667
3.22833
3.23
3.23167
3.23333
3.235
3.23667
3.23833
3.24
3.24167
3.24333
3.245
3.24667
3.24833
3.25
3.25167
3.25333
3.255
3.25667
3.25833
3.26
3.26167
3.26333
3.265
3.26667
3.26833
3.27
3.27167
3.27333
3.275
3.27667
3.27833
3.28
3.28167
3.28333
3.285
3.28667
3.28833
3.29
3.29167
3.29333
3.295
3.29667
3.29833
3.3
3.30167
3.30333
3.305
3.30667
3.30833
3.31
3.31167
3.31333
3.315
3.31667
3.31833
3.32
3.32167
3.32333
3.325
3.32667
3.32833
3.33
3.33167
3.33333
3.335
3.33667
3.33833
3.34
3.34167
3.34333
3.345
3.34667
3.34833
3.35
3.35167
3.35333
3.355
3.35667
3.35833
3.36
3.36167
3.36333
3.365
3.36667
3.36833
3.37
3.37167
3.37333
3.375
3.37667
3.37833
3.38
3.38167
3.38333
3.385
3.38667
3.38833
3.39
3.39167
3.39333
3.395
3.39667
3.39833
3.4
3.40167
3.40333
3.405
3.40667
3.40833
3.41
3.41167
3.41333
3.415
3.41667
3.41833
3.42
3.42167
3.42333
3.425
3.42667
3.42833
3.43
3.43167
3.43333
3.435
3.43667
3.43833
3.44
3.44167
3.44333
3.445
3.44667
3.44833
3.45
3.45167
3.45333
3.455
3.45667
3.45833
3.46
3.46167
3.46333
3.465
3.46667
3.46833
3.47
3.47167
3.47333
3.475
3.47667
3.47833
3.48
3.48167
3.48333
3.485
3.48667
3.48833
3.49
3.49167
3.49333
3.495
3.49667
3.49833
3.5
3.50167
3.50333
3.505
3.50667
3.50833
3.51
3.51167
3.51333
3.515
3.51667
3.51833
3.52
3.52167
3.52333
3.525
3.52667
3.52833
3.53
3.53167
3.53333
3.535
3.53667
3.53833
3.54
3.54167
3.54333
3.545
3.54667
3.54833
3.55
3.55167
3.55333
3.555
3.55667
3.55833
3.56
3.56167
3.56333
3.565
3.56667
3.56833
3.57
3.57167
3.57333
3.575
3.57667
3.57833
3.58
3.58167
3.58333
3.585
3.58667
3.58833
3.59
3.59167
3.59333
3.595
3.59667
3.59833
3.6
3.60167
3.60333
3.605
3.60667
3.60833
3.61
3.61167
3.61333
3.615
3.61667
3.61833
3.62
3.62167
3.62333
3.625
3.62667
3.62833
3.63
3.63167
3.63333
3.635
3.63667
3.63833
3.64
3.64167
3.64333
3.645
3.64667
3.64833
3.65
3.65167
3.65333
3.655
3.65667
3.65833
3.66
3.66167
3.66333
3.665
3.66667
3.66833
3.67
3.67167
3.67333
3.675
3.67667
3.67833
3.68
3.68167
3.68333
3.685
3.68667
3.68833
3.69
3.69167
3.69333
3.695
3.69667
3.69833
3.7
3.70167
3.70333
3.705
3.70667
3.70833
3.71
3.71167
3.71333
3.715
3.71667
3.71833
3.72
3.72167
3.72333
3.725
3.72667
3.72833
3.73
3.73167
3.73333
3.735
3.73667
3.73833
3.74
3.74167
3.74333
3.745
3.74667
3.74833
3.75
3.75167
3.75333
3.755
3.75667
3.75833
3.76
3.76167
3.76333
3.765
3.76667
3.76833
3.77
3.77167
3.77333
3.775
3.77667
3.77833
3.78
3.78167
3.78333
3.785
3.78667
3.78833
3.79
3.79167
3.79333
3.795
3.79667
3.79833
3.8
3.80167
3.80333
3.805
3.80667
3.80833
3.81
3.81167
3.81333
3.815
3.81667
3.81833
3.82
3.82167
3.82333
3.825
3.82667
3.82833
3.83
3.83167
3.83333
3.835
3.83667
3.83833
3.84
3.84167
3.84333
3.845
3.84667
3.84833
3.85
3.85167
3.85333
3.855
3.85667
3.85833
3.86
3.86167
3.86333
3.865
3.86667
3.86833
3.87
3.87167
3.87333
3.875
3.87667
3.87833
3.88
3.88167
3.88333
3.885
3.88667
3.88833
3.89
3.89167
3.89333
3.895
3.89667
3.89833
3.9
3.90167
3.90333
3.905
3.90667
3.90833
3.91
3.91167
3.91333
3.915
3.91667
3.91833
3.92
3.92167
3.92333
3.925
3.92667
3.92833
3.93
3.93167
3.93333
3.935
3.93667
3.93833
3.94
3.94167
3.94333
3.945
3.94667
3.94833
3.95
3.95167
3.95333
3.955
3.95667
3.95833
3.96
3.96167
3.96333
3.965
3.96667
3.96833
3.97
3.97167
3.97333
3.975
3.97667
3.97833
3.98
3.98167
3.98333
3.985
3.98667
3.98833
3.99
3.99167
3.99333
3.995
3.99667
3.99833
4
4.00167
4.00333
4.005
4.00667
4.00833
4.01
4.01167
4.01333
4.015
4.01667
4.01833
4.02
4.02167
4.02333
4.025
4.02667
4.02833
4.03
4.03167
4.03333
4.035
4.03667
4.03833
4.04
4.04167
4.04333
4.045
4.04667
4.04833
4.05
4.05167
4.05333
4.055
4.05667
4.05833
4.06
4.06167
4.06333
4.065
4.06667
4.06833
4.07
4.07167
4.07333
4.075
4.07667
4.07833
4.08
4.08167
4.08333
4.085
4.08667
4.08833
4.09
4.09167
4.09333
4.095
4.09667
4.09833
4.1
4.10167
4.10333
4.105
4.10667
4.10833
4.11
4.11167
4.11333
4.115
4.11667
4.11833
4.12
4.12167
4.12333
4.125
4.12667
4.12833
4.13
4.13167
4.13333
4.135
4.13667
4.13833
4.14
4.14167
4.14333
4.145
4.14667
4.14833
4.15
4.15167
4.15333
4.155
4.15667
4.15833
4.16
4.16167
4.16333
4.165
4.16667
4.16833
4.17
4.17167
4.17333
4.175
4.17667
4.17833
4.18
4.18167
4.18333
4.185
4.18667
4.18833
4.19
4.19167
4.19333
4.195
4.19667
4.19833
4.2
4.20167
4.20333
4.205
4.20667
4.20833
4.21
4.21167
4.21333
4.215
4.21667
4.21833
4.22
4.22167
4.22333
4.225
4.22667
4.22833
4.23
4.23167
4.23333
4.235
4.23667
4.23833
4.24
4.24167
4.24333
4.245
4.24667
4.24833
4.25
4.25167
4.25333
4.255
4.25667
4.25833
4.26
4.26167
4.26333
4.265
4.26667
4.26833
4.27
4.27167
4.27333
4.275
4.27667
4.27833
4.28
4.28167
4.28333
4.285
4.28667
4.28833
4.29
4.29167
4.29333
4.295
4.29667
4.29833
4.3
4.30167
4.30333
4.305
4.30667
4.30833
4.31
4.31167
4.31333
4.315
4.31667
4.31833
4.32
4.32167
4.32333
4.325
4.32667
4.32833
4.33
4.33167
4.33333
4.335
4.33667
4.33833
4.34
4.34167
4.34333
4.345
4.34667
4.34833
4.35
4.35167
4.35333
4.355
4.35667
4.35833
4.36
4.36167
4.36333
4.365
4.36667
4.36833
4.37
4.37167
4.37333
4.375
4.37667
4.37833
4.38
4.38167
4.38333
4.385
4.38667
4.38833
4.39
4.39167
4.39333
4.395
4.39667
4.39833
4.4
4.40167
4.40333
4.405
4.40667
4.40833
4.41
4.41167
4.41333
4.415
4.41667
4.41833
4.42
4.42167
4.42333
4.425
4.42667
4.42833
4.43
4.43167
4.43333
4.435
4.43667
4.43833
4.44
4.44167
4.44333
4.445
4.44667
4.44833
4.45
4.45167
4.45333
4.455
4.45667
4.45833
4.46
4.46167
4.46333
4.465
4.46667
4.46833
4.47
4.47167
4.47333
4.475
4.47667
4.47833
4.48
4.48167
4.48333
4.485
4.48667
4.48833
4.49
4.49167
4.49333
4.495
4.49667
4.49833
4.5
4.50167
4.50333
4.505
4.50667
4.50833
4.51
4.51167
4.51333
4.515
4.51667
4.51833
4.52
4.52167
4.52333
4.525
4.52667
4.52833
4.53
4.53167
4.53333
4.535
4.53667
4.53833
4.54
4.54167
4.54333
4.545
4.54667
4.54833
4.55
4.55167
4.55333
4.555
4.55667
4.55833
4.56
4.56167
4.56333
4.565
4.56667
4.56833
4.57
4.57167
4.57333
4.575
4.57667
4.57833
4.58
4.58167
4.58333
4.585
4.58667
4.58833
4.59
4.59167
4.59333
4.595
4.59667
4.59833
4.6
4.60167
4.60333
4.605
4.60667
4.60833
4.61
4.61167
4.61333
4.615
4.61667
4.61833
4.62
4.62167
4.62333
4.625
4.62667
4.62833
4.63
4.63167
4.63333
4.635
4.63667
4.63833
4.64
4.64167
4.64333
4.645
4.64667
4.64833
4.65
4.65167
4.65333
4.655
4.65667
4.65833
4.66
4.66167
4.66333
4.665
4.66667
4.66833
4.67
4.67167
4.67333
4.675
4.67667
4.67833
4.68
4.68167
4.68333
4.685
4.68667
4.68833
4.69
4.69167
4.69333
4.695
4.69667
4.69833
4.7
4.70167
4.70333
4.705
4.70667
4.70833
4.71
4.71167
4.71333
4.715
4.71667
4.71833
4.72
4.72167
4.72333
4.725
4.72667
4.72833
4.73
4.73167
4.73333
4.735
4.73667
4.73833
4.74
4.74167
4.74333
4.745
4.74667
4.74833
4.75
4.75167
4.75333
4.755
4.75667
4.75833
4.76
4.76167
4.76333
4.765
4.76667
4.76833
4.77
4.77167
4.77333
4.775
4.77667
4.77833
4.78
4.78167
4.78333
4.785
4.78667
4.78833
4.79
4.79167
4.79333
4.795
4.79667
4.79833
4.8
4.80167
4.80333
4.805
4.80667
4.80833
4.81
4.81167
4.81333
4.815
4.81667
4.81833
4.82
4.82167
4.82333
4.825
4.82667
4.82833
4.83
4.83167
4.83333
4.835
4.83667
4.83833
4.84
4.84167
4.84333
4.845
4.84667
4.84833
4.85
4.85167
4.85333
4.855
4.85667
4.85833
4.86
4.86167
4.86333
4.865
4.86667
4.86833
4.87
4.87167
4.87333
4.875
4.87667
4.87833
4.88
4.88167
4.88333
4.885
4.88667
4.88833
4.89
4.89167
4.89333
4.895
4.89667
4.89833
4.9
4.90167
4.90333
4.905
4.90667
4.90833
4.91
4.91167
4.91333
4.915
4.91667
4.91833
4.92
4.92167
4.92333
4.925
4.92667
4.92833
4.93
4.93167
4.93333
4.935
4.93667
4.93833
4.94
4.94167
4.94333
4.945
4.94667
4.94833
4.95
4.95167
4.95333
4.955
4.95667
4.95833
4.96
4.96167
4.96333
4.965
4.96667
4.96833
4.97
4.97167
4.97333
4.975
4.97667
4.97833
4.98
4.98167
4.98333
4.985
4.98667
4.98833
4.99
4.99167
4.99333
4.995
4.99667
4.99833
5
5.00167
5.00333
5.005
5.00667
5.00833
5.01
5.01167
5.01333
5.015
5.01667
5.01833
5.02
5.02167
5.02333
5.025
5.02667
5.02833
5.03
5.03167
5.03333
5.035
5.03667
5.03833
5.04
5.04167
5.04333
5.045
5.04667
5.04833
5.05
5.05167
5.05333
5.055
5.05667
5.05833
5.06
5.06167
5.06333
5.065
5.06667
5.06833
5.07
5.07167
5.07333
5.075
5.07667
5.07833
5.08
5.08167
5.08333
5.085
5.08667
5.08833
5.09
5.09167
5.09333
5.095
5.09667
5.09833
5.1
5.10167
5.10333
5.105
5.10667
5.10833
5.11
5.11167
5.11333
5.115
5.11667
5.11833
5.12
5.12167
5.12333
5.125
5.12667
5.12833
5.13
5.13167
5.13333
5.135
5.13667
5.13833
5.14
5.14167
5.14333
5.145
5.14667
5.14833
5.15
5.15167
5.15333
5.155
5.15667
5.15833
5.16
5.16167
5.16333
5.165
5.16667
5.16833
5.17
5.17167
5.17333
5.175
5.17667
5.17833
5.18
5.18167
5.18333
5.185
5.18667
5.18833
5.19
5.19167
5.19333
5.195
5.19667
5.19833
5.2
5.20167
5.20333
5.205
5.20667
5.20833
5.21
5.21167
5.21333
5.215
5.21667
5.21833
5.22
5.22167
5.22333
5.225
5.22667
5.22833
5.23
5.23167
5.23333
5.235
5.23667
5.23833
5.24
5.24167
5.24333
5.245
5.24667
5.24833
5.25
5.25167
5.25333
5.255
5.25667
5.25833
5.26
5.26167
5.26333
5.265
5.26667
5.26833
5.27
5.27167
5.27333
5.275
5.27667
5.27833
5.28
5.28167
5.28333
5.285
5.28667
5.28833
5.29
5.29167
5.29333
5.295
5.29667
5.29833
5.3
5.30167
5.30333
5.305
5.30667
5.30833
5.31
5.31167
5.31333
5.315
5.31667
5.31833
5.32
5.32167
5.32333
5.325
5.32667
5.32833
5.33
5.33167
5.33333
5.335
5.33667
5.33833
5.34
5.34167
5.34333
5.345
5.34667
5.34833
5.35
5.35167
5.35333
5.355
5.35667
5.35833
5.36
5.36167
5.36333
5.365
5.36667
5.36833
5.37
5.37167
5.37333
5.375
5.37667
5.37833
5.38
5.38167
5.38333
5.385
5.38667
5.38833
5.39
5.39167
5.39333
5.395
5.39667
5.39833
5.4
5.40167
5.40333
5.405
5.40667
5.40833
5.41
5.41167
5.41333
5.415
5.41667
5.41833
5.42
5.42167
5.42333
5.425
5.42667
5.42833
5.43
5.43167
5.43333
5.435
5.43667
5.43833
5.44
5.44167
5.44333
5.445
5.44667
5.44833
5.45
5.45167
5.45333
5.455
5.45667
5.45833
5.46
5.46167
5.46333
5.465
5.46667
5.46833
5.47
5.47167
5.47333
5.475
5.47667
5.47833
5.48
5.48167
5.48333
5.485
5.48667
5.48833
5.49
5.49167
5.49333
5.495
5.49667
5.49833
5.5
5.50167
5.50333
5.505
5.50667
5.50833
5.51
5.51167
5.51333
5.515
5.51667
5.51833
5.52
5.52167
5.52333
5.525
5.52667
5.52833
5.53
5.53167
5.53333
5.535
5.53667
5.53833
5.54
5.54167
5.54333
5.545
5.54667
5.54833
5.55
5.55167
5.55333
5.555
5.55667
5.55833
5.56
5.56167
5.56333
5.565
5.56667
5.56833
5.57
5.57167
5.57333
5.575
5.57667
5.57833
5.58
5.58167
5.58333
5.585
5.58667
5.58833
5.59
5.59167
5.59333
5.595
5.59667
5.59833
5.6
5.60167
5.60333
5.605
5.60667
5.60833
5.61
5.61167
5.61333
5.615
5.61667
5.61833
5.62
5.62167
5.62333
5.625
5.62667
5.62833
5.63
5.63167
5.63333
5.635
5.63667
5.63833
5.64
5.64167
5.64333
5.645
5.64667
5.64833
5.65
5.65167
5.65333
5.655
5.65667
5.65833
5.66
5.66167
5.66333
5.665
5.66667
5.66833
5.67
5.67167
5.67333
5.675
5.67667
5.67833
5.68
5.68167
5.68333
5.685
5.68667
5.68833
5.69
5.69167
5.69333
5.695
5.69667
5.69833
5.7
5.70167
5.70333
5.705
5.70667
5.70833
5.71
5.71167
5.71333
5.715
5.71667
5.71833
5.72
5.72167
5.72333
5.725
5.72667
5.72833
5.73
5.73167
5.73333
5.735
5.73667
5.73833
5.74
5.74167
5.74333
5.745
5.74667
5.74833
5.75
5.75167
5.75333
5.755
5.75667
5.75833
5.76
5.76167
5.76333
5.765
5.76667
5.76833
5.77
5.77167
5.77333
5.775
5.77667
5.77833
5.78
5.78167
5.78333
5.785
5.78667
5.78833
5.79
5.79167
5.79333
5.795
5.79667
5.79833
5.8
5.80167
5.80333
5.805
5.80667
5.80833
5.81
5.81167
5.81333
5.815
5.81667
5.81833
5.82
5.82167
5.82333
5.825
5.82667
5.82833
5.83
5.83167
5.83333
5.835
5.83667
5.83833
5.84
5.84167
5.84333
5.845
5.84667
5.84833
5.85
5.85167
5.85333
5.855
5.85667
5.85833
5.86
5.86167
5.86333
5.865
5.86667
5.86833
5.87
5.87167
5.87333
5.875
5.87667
5.87833
5.88
5.88167
5.88333
5.885
5.88667
5.88833
5.89
5.89167
5.89333
5.895
5.89667
5.89833
5.9
5.90167
5.90333
5.905
5.90667
5.90833
5.91
5.91167
5.91333
5.915
5.91667
5.91833
5.92
5.92167
5.92333
5.925
5.92667
5.92833
5.93
5.93167
5.93333
5.935
5.93667
5.93833
5.94
5.94167
5.94333
5.945
5.94667
5.94833
5.95
5.95167
5.95333
5.955
5.95667
5.95833
5.96
5.96167
5.96333
5.965
5.96667
5.96833
5.97
5.97167
5.97333
5.975
5.97667
5.97833
5.98
5.98167
5.98333
5.985
5.98667
5.98833
5.99
5.99167
5.99333
5.995
5.99667
5.99833
6
6.00167
6.00333
6.005
6.00667
6.00833
6.01
6.01167
6.01333
6.015
6.01667
6.01833
6.02
6.02167
6.02333
6.025
6.02667
6.02833
6.03
6.03167
6.03333
6.035
6.03667
6.03833
6.04
6.04167
6.04333
6.045
6.04667
6.04833
6.05
6.05167
6.05333
6.055
6.05667
6.05833
6.06
6.06167
6.06333
6.065
6.06667
6.06833
6.07
6.07167
6.07333
6.075
6.07667
6.07833
6.08
6.08167
6.08333
6.085
6.08667
6.08833
6.09
6.09167
6.09333
6.095
6.09667
6.09833
6.1
6.10167
6.10333
6.105
6.10667
6.10833
6.11
6.11167
6.11333
6.115
6.11667
6.11833
6.12
6.12167
6.12333
6.125
6.12667
6.12833
6.13
6.13167
6.13333
6.135
6.13667
6.13833
6.14
6.14167
6.14333
6.145
6.14667
6.14833
6.15
6.15167
6.15333
6.155
6.15667
6.15833
6.16
6.16167
6.16333
6.165
6.16667
6.16833
6.17
6.17167
6.17333
6.175
6.17667
6.17833
6.18
6.18167
6.18333
6.185
6.18667
6.18833
6.19
6.19167
6.19333
6.195
6.19667
6.19833
6.2
6.20167
6.20333
6.205
6.20667
6.20833
6.21
6.21167
6.21333
6.215
6.21667
6.21833
6.22
6.22167
6.22333
6.225
6.22667
6.22833
6.23
6.23167
6.23333
6.235
6.23667
6.23833
6.24
6.24167
6.24333
6.245
6.24667
6.24833
6.25
6.25167
6.25333
6.255
6.25667
6.25833
6.26
6.26167
6.26333
6.265
6.26667
6.26833
6.27
6.27167
6.27333
6.275
6.27667
6.27833
6.28
6.28167
6.28333
6.285
6.28667
6.28833
6.29
6.29167
6.29333
6.295
6.29667
6.29833
6.3
6.30167
6.30333
6.305
6.30667
6.30833
6.31
6.31167
6.31333
6.315
6.31667
6.31833
6.32
6.32167
6.32333
6.325
6.32667
6.32833
6.33
6.33167
6.33333
6.335
6.33667
6.33833
6.34
6.34167
6.34333
6.345
6.34667
6.34833
6.35
6.35167
6.35333
6.355
6.35667
6.35833
6.36
6.36167
6.36333
6.365
6.36667
6.36833
6.37
6.37167
6.37333
6.375
6.37667
6.37833
6.38
6.38167
6.38333
6.385
6.38667
6.38833
6.39
6.39167
6.39333
6.395
6.39667
6.39833
6.4
6.40167
6.40333
6.405
6.40667
6.40833
6.41
6.41167
6.41333
6.415
6.41667
6.41833
6.42
6.42167
6.42333
6.425
6.42667
6.42833
6.43
6.43167
6.43333
6.435
6.43667
6.43833
6.44
6.44167
6.44333
6.445
6.44667
6.44833
6.45
6.45167
6.45333
6.455
6.45667
6.45833
6.46
6.46167
6.46333
6.465
6.46667
6.46833
6.47
6.47167
6.47333
6.475
6.47667
6.47833
6.48
6.48167
6.48333
6.485
6.48667
6.48833
6.49
6.49167
6.49333
6.495
6.49667
6.49833
6.5
6.50167
6.50333
6.505
6.50667
6.50833
6.51
6.51167
6.51333
6.515
6.51667
6.51833
6.52
6.52167
6.52333
6.525
6.52667
6.52833
6.53
6.53167
6.53333
6.535
6.53667
6.53833
6.54
6.54167
6.54333
6.545
6.54667
6.54833
6.55
6.55167
6.55333
6.555
6.55667
6.55833
6.56
6.56167
6.56333
6.565
6.56667
6.56833
6.57
6.57167
6.57333
6.575
6.57667
6.57833
6.58
6.58167
6.58333
6.585
6.58667
6.58833
6.59
6.59167
6.59333
6.595
6.59667
6.59833
6.6
6.60167
6.60333
6.605
6.60667
6.60833
6.61
6.61167
6.61333
6.615
6.61667
6.61833
6.62
6.62167
6.62333
6.625
6.62667
6.62833
6.63
6.63167
6.63333
6.635
6.63667
6.63833
6.64
6.64167
6.64333
6.645
6.64667
6.64833
6.65
6.65167
6.65333
6.655
6.65667
6.65833
6.66
6.66167
6.66333
6.665
6.66667
6.66833
6.67
6.67167
6.67333
6.675
6.67667
6.67833
6.68
6.68167
6.68333
6.685
6.68667
6.68833
6.69
6.69167
6.69333
6.695
6.69667
6.69833
6.7
6.70167
6.70333
6.705
6.70667
6.70833
6.71
6.71167
6.71333
6.715
6.71667
6.71833
6.72
6.72167
6.72333
6.725
6.72667
6.72833
6.73
6.73167
6.73333
6.735
6.73667
6.73833
6.74
6.74167
6.74333
6.745
6.74667
6.74833
6.75
6.75167
6.75333
6.755
6.75667
6.75833
6.76
6.76167
6.76333
6.765
6.76667
6.76833
6.77
6.77167
6.77333
6.775
6.77667
6.77833
6.78
6.78167
6.78333
6.785
6.78667
6.78833
6.79
6.79167
6.79333
6.795
6.79667
6.79833
6.8
6.80167
6.80333
6.805
6.80667
6.80833
6.81
6.81167
6.81333
6.815
6.81667
6.81833
6.82
6.82167
6.82333
6.825
6.82667
6.82833
6.83
6.83167
6.83333
6.835
6.83667
6.83833
6.84
6.84167
6.84333
6.845
6.84667
6.84833
6.85
6.85167
6.85333
6.855
6.85667
6.85833
6.86
6.86167
6.86333
6.865
6.86667
6.86833
6.87
6.87167
6.87333
6.875
6.87667
6.87833
6.88
6.88167
6.88333
6.885
6.88667
6.88833
6.89
6.89167
6.89333
6.895
6.89667
6.89833
6.9
6.90167
6.90333
6.905
6.90667
6.90833
6.91
6.91167
6.91333
6.915
6.91667
6.91833
6.92
6.92167
6.92333
6.925
6.92667
6.92833
6.93
6.93167
6.93333
6.935
6.93667
6.93833
6.94
6.94167
6.94333
6.945
6.94667
6.94833
6.95
6.95167
6.95333
6.955
6.95667
6.95833
6.96
6.96167
6.96333
6.965
6.96667
6.96833
6.97
6.97167
6.97333
6.975
6.97667
6.97833
6.98
6.98167
6.98333
6.985
6.98667
6.98833
6.99
6.99167
6.99333
6.995
6.99667
6.99833
7
7.00167
7.00333
7.005
7.00667
7.00833
7.01
7.01167
7.01333
7.015
7.01667
7.01833
7.02
7.02167
7.02333
7.025
7.02667
7.02833
7.03
7.03167
7.03333
7.035
7.03667
7.03833
7.04
7.04167
7.04333
7.045
7.04667
7.04833
7.05
7.05167
7.05333
7.055
7.05667
7.05833
7.06
7.06167
7.06333
7.065
7.06667
7.06833
7.07
7.07167
7.07333
7.075
7.07667
7.07833
7.08
7.08167
7.08333
7.085
7.08667
7.08833
7.09
7.09167
7.09333
7.095
7.09667
7.09833
7.1
7.10167
7.10333
7.105
7.10667
7.10833
7.11
7.11167
7.11333
7.115
7.11667
7.11833
7.12
7.12167
7.12333
7.125
7.12667
7.12833
7.13
7.13167
7.13333
7.135
7.13667
7.13833
7.14
7.14167
7.14333
7.145
7.14667
7.14833
7.15
7.15167
7.15333
7.155
7.15667
7.15833
7.16
7.16167
7.16333
7.165
7.16667
7.16833
7.17
7.17167
7.17333
7.175
7.17667
7.17833
7.18
7.18167
7.18333
7.185
7.18667
7.18833
7.19
7.19167
7.19333
7.195
7.19667
7.19833
7.2
7.20167
7.20333
7.205
7.20667
7.20833
7.21
7.21167
7.21333
7.215
7.21667
7.21833
7.22
7.22167
7.22333
7.225
7.22667
7.22833
7.23
7.23167
7.23333
7.235
7.23667
7.23833
7.24
7.24167
7.24333
7.245
7.24667
7.24833
7.25
7.25167
7.25333
7.255
7.25667
7.25833
7.26
7.26167
7.26333
7.265
7.26667
7.26833
7.27
7.27167
7.27333
7.275
7.27667
7.27833
7.28
7.28167
7.28333
7.285
7.28667
7.28833
7.29
7.29167
7.29333
7.295
7.29667
7.29833
7.3
7.30167
7.30333
7.305
7.30667
7.30833
7.31
7.31167
7.31333
7.315
7.31667
7.31833
7.32
7.32167
7.32333
7.325
7.32667
7.32833
7.33
7.33167
7.33333
7.335
7.33667
7.33833
7.34
7.34167
7.34333
7.345
7.34667
7.34833
7.35
7.35167
7.35333
7.355
7.35667
7.35833
7.36
7.36167
7.36333
7.365
7.36667
7.36833
7.37
7.37167
7.37333
7.375
7.37667
7.37833
7.38
7.38167
7.38333
7.385
7.38667
7.38833
7.39
7.39167
7.39333
7.395
7.39667
7.39833
7.4
7.40167
7.40333
7.405
7.40667
7.40833
7.41
7.41167
7.41333
7.415
7.41667
7.41833
7.42
7.42167
7.42333
7.425
7.42667
7.42833
7.43
7.43167
7.43333
7.435
7.43667
7.43833
7.44
7.44167
7.44333
7.445
7.44667
7.44833
7.45
7.45167
7.45333
7.455
7.45667
7.45833
7.46
7.46167
7.46333
7.465
7.46667
7.46833
7.47
7.47167
7.47333
7.475
7.47667
7.47833
7.48
7.48167
7.48333
7.485
7.48667
7.48833
7.49
7.49167
7.49333
7.495
7.49667
7.49833
7.5
7.50167
7.50333
7.505
7.50667
7.50833
7.51
7.51167
7.51333
7.515
7.51667
7.51833
7.52
7.52167
7.52333
7.525
7.52667
7.52833
7.53
7.53167
7.53333
7.535
7.53667
7.53833
7.54
7.54167
7.54333
7.545
7.54667
7.54833
7.55
7.55167
7.55333
7.555
7.55667
7.55833
7.56
7.56167
7.56333
7.565
7.56667
7.56833
7.57
7.57167
7.57333
7.575
7.57667
7.57833
7.58
7.58167
7.58333
7.585
7.58667
7.58833
7.59
7.59167
7.59333
7.595
7.59667
7.59833
7.6
7.60167
7.60333
7.605
7.60667
7.60833
7.61
7.61167
7.61333
7.615
7.61667
7.61833
7.62
7.62167
7.62333
7.625
7.62667
7.62833
7.63
7.63167
7.63333
7.635
7.63667
7.63833
7.64
7.64167
7.64333
7.645
7.64667
7.64833
7.65
7.65167
7.65333
7.655
7.65667
7.65833
7.66
7.66167
7.66333
7.665
7.66667
7.66833
7.67
7.67167
7.67333
7.675
7.67667
7.67833
7.68
7.68167
7.68333
7.685
7.68667
7.68833
7.69
7.69167
7.69333
7.695
7.69667
7.69833
7.7
7.70167
7.70333
7.705
7.70667
7.70833
7.71
7.71167
7.71333
7.715
7.71667
7.71833
7.72
7.72167
7.72333
7.725
7.72667
7.72833
7.73
7.73167
7.73333
7.735
7.73667
7.73833
7.74
7.74167
7.74333
7.745
7.74667
7.74833
7.75
7.75167
7.75333
7.755
7.75667
7.75833
7.76
7.76167
7.76333
7.765
7.76667
7.76833
7.77
7.77167
7.77333
7.775
7.77667
7.77833
7.78
7.78167
7.78333
7.785
7.78667
7.78833
7.79
7.79167
7.79333
7.795
7.79667
7.79833
7.8
7.80167
7.80333
7.805
7.80667
7.80833
7.81
7.81167
7.81333
7.815
7.81667
7.81833
7.82
7.82167
7.82333
7.825
7.82667
7.82833
7.83
7.83167
7.83333
7.835
7.83667
7.83833
7.84
7.84167
7.84333
7.845
7.84667
7.84833
7.85
7.85167
7.85333
7.855
7.85667
7.85833
7.86
7.86167
7.86333
7.865
7.86667
7.86833
7.87
7.87167
7.87333
7.875
7.87667
7.87833
7.88
7.88167
7.88333
7.885
7.88667
7.88833
7.89
7.89167
7.89333
7.895
7.89667
7.89833
7.9
7.90167
7.90333
7.905
7.90667
7.90833
7.91
7.91167
7.91333
7.915
7.91667
7.91833
7.92
7.92167
7.92333
7.925
7.92667
7.92833
7.93
7.93167
7.93333
7.935
7.93667
7.93833
7.94
7.94167
7.94333
7.945
7.94667
7.94833
7.95
7.95167
7.95333
7.955
7.95667
7.95833
7.96
7.96167
7.96333
7.965
7.96667
7.96833
7.97
7.97167
7.97333
7.975
7.97667
7.97833
7.98
7.98167
7.98333
7.985
7.98667
7.98833
7.99
7.99167
7.99333
7.995
7.99667
7.99833
8
8.00167
8.00333
8.005
8.00667
8.00833
8.01
8.01167
8.01333
8.015
8.01667
8.01833
8.02
8.02167
8.02333
8.025
8.02667
8.02833
8.03
8.03167
8.03333
8.035
8.03667
8.03833
8.04
8.04167
8.04333
8.045
8.04667
8.04833
8.05
8.05167
8.05333
8.055
8.05667
8.05833
8.06
8.06167
8.06333
8.065
8.06667
8.06833
8.07
8.07167
8.07333
8.075
8.07667
8.07833
8.08
8.08167
8.08333
8.085
8.08667
8.08833
8.09
8.09167
8.09333
8.095
8.09667
8.09833
8.1
8.10167
8.10333
8.105
8.10667
8.10833
8.11
8.11167
8.11333
8.115
8.11667
8.11833
8.12
8.12167
8.12333
8.125
8.12667
8.12833
8.13
8.13167
8.13333
8.135
8.13667
8.13833
8.14
8.14167
8.14333
8.145
8.14667
8.14833
8.15
8.15167
8.15333
8.155
8.15667
8.15833
8.16
8.16167
8.16333
8.165
8.16667
8.16833
8.17
8.17167
8.17333
8.175
8.17667
8.17833
8.18
8.18167
8.18333
8.185
8.18667
8.18833
8.19
8.19167
8.19333
8.195
8.19667
8.19833
8.2
8.20167
8.20333
8.205
8.20667
8.20833
8.21
8.21167
8.21333
8.215
8.21667
8.21833
8.22
8.22167
8.22333
8.225
8.22667
8.22833
8.23
8.23167
8.23333
8.235
8.23667
8.23833
8.24
8.24167
8.24333
8.245
8.24667
8.24833
8.25
8.25167
8.25333
8.255
8.25667
8.25833
8.26
8.26167
8.26333
8.265
8.26667
8.26833
8.27
8.27167
8.27333
8.275
8.27667
8.27833
8.28
8.28167
8.28333
8.285
8.28667
8.28833
8.29
8.29167
8.29333
8.295
8.29667
8.29833
8.3
8.30167
8.30333
8.305
8.30667
8.30833
8.31
8.31167
8.31333
8.315
8.31667
8.31833
8.32
8.32167
8.32333
8.325
8.32667
8.32833
8.33
8.33167
8.33333
8.335
8.33667
8.33833
8.34
8.34167
8.34333
8.345
8.34667
8.34833
8.35
8.35167
8.35333
8.355
8.35667
8.35833
8.36
8.36167
8.36333
8.365
8.36667
8.36833
8.37
8.37167
8.37333
8.375
8.37667
8.37833
8.38
8.38167
8.38333
8.385
8.38667
8.38833
8.39
8.39167
8.39333
8.395
8.39667
8.39833
8.4
8.40167
8.40333
8.405
8.40667
8.40833
8.41
8.41167
8.41333
8.415
8.41667
8.41833
8.42
8.42167
8.42333
8.425
8.42667
8.42833
8.43
8.43167
8.43333
8.435
8.43667
8.43833
8.44
8.44167
8.44333
8.445
8.44667
8.44833
8.45
8.45167
8.45333
8.455
8.45667
8.45833
8.46
8.46167
8.46333
8.465
8.46667
8.46833
8.47
8.47167
8.47333
8.475
8.47667
8.47833
8.48
8.48167
8.48333
8.485
8.48667
8.48833
8.49
8.49167
8.49333
8.495
8.49667
8.49833
8.5
8.50167
8.50333
8.505
8.50667
8.50833
8.51
8.51167
8.51333
8.515
8.51667
8.51833
8.52
8.52167
8.52333
8.525
8.52667
8.52833
8.53
8.53167
8.53333
8.535
8.53667
8.53833
8.54
8.54167
8.54333
8.545
8.54667
8.54833
8.55
8.55167
8.55333
8.555
8.55667
8.55833
8.56
8.56167
8.56333
8.565
8.56667
8.56833
8.57
8.57167
8.57333
8.575
8.57667
8.57833
8.58
8.58167
8.58333
8.585
8.58667
8.58833
8.59
8.59167
8.59333
8.595
8.59667
8.59833
8.6
8.60167
8.60333
8.605
8.60667
8.60833
8.61
8.61167
8.61333
8.615
8.61667
8.61833
8.62
8.62167
8.62333
8.625
8.62667
8.62833
8.63
8.63167
8.63333
8.635
8.63667
8.63833
8.64
8.64167
8.64333
8.645
8.64667
8.64833
8.65
8.65167
8.65333
8.655
8.65667
8.65833
8.66
8.66167
8.66333
8.665
8.66667
8.66833
8.67
8.67167
8.67333
8.675
8.67667
8.67833
8.68
8.68167
8.68333
8.685
8.68667
8.68833
8.69
8.69167
8.69333
8.695
8.69667
8.69833
8.7
8.70167
8.70333
8.705
8.70667
8.70833
8.71
8.71167
8.71333
8.715
8.71667
8.71833
8.72
8.72167
8.72333
8.725
8.72667
8.72833
8.73
8.73167
8.73333
8.735
8.73667
8.73833
8.74
8.74167
8.74333
8.745
8.74667
8.74833
8.75
8.75167
8.75333
8.755
8.75667
8.75833
8.76
8.76167
8.76333
8.765
8.76667
8.76833
8.77
8.77167
8.77333
8.775
8.77667
8.77833
8.78
8.78167
8.78333
8.785
8.78667
8.78833
8.79
8.79167
8.79333
8.795
8.79667
8.79833
8.8
8.80167
8.80333
8.805
8.80667
8.80833
8.81
8.81167
8.81333
8.815
8.81667
8.81833
8.82
8.82167
8.82333
8.825
8.82667
8.82833
8.83
8.83167
8.83333
8.835
8.83667
8.83833
8.84
8.84167
8.84333
8.845
8.84667
8.84833
8.85
8.85167
8.85333
8.855
8.85667
8.85833
8.86
8.86167
8.86333
8.865
8.86667
8.86833
8.87
8.87167
8.87333
8.875
8.87667
8.87833
8.88
8.88167
8.88333
8.885
8.88667
8.88833
8.89
8.89167
8.89333
8.895
8.89667
8.89833
8.9
8.90167
8.90333
8.905
8.90667
8.90833
8.91
8.91167
8.91333
8.915
8.91667
8.91833
8.92
8.92167
8.92333
8.925
8.92667
8.92833
8.93
8.93167
8.93333
8.935
8.93667
8.93833
8.94
8.94167
8.94333
8.945
8.94667
8.94833
8.95
8.95167
8.95333
8.955
8.95667
8.95833
8.96
8.96167
8.96333
8.965
8.96667
8.96833
8.97
8.97167
8.97333
8.975
8.97667
8.97833
8.98
8.98167
8.98333
8.985
8.98667
8.98833
8.99
8.99167
8.99333
8.995
8.99667
8.99833
9
9.00167
9.00333
9.005
9.00667
9.00833
9.01
9.01167
9.01333
9.015
9.01667
9.01833
9.02
9.02167
9.02333
9.025
9.02667
9.02833
9.03
9.03167
9.03333
9.035
9.03667
9.03833
9.04
9.04167
9.04333
9.045
9.04667
9.04833
9.05
9.05167
9.05333
9.055
9.05667
9.05833
9.06
9.06167
9.06333
9.065
9.06667
9.06833
9.07
9.07167
9.07333
9.075
9.07667
9.07707
9.07873
9.0804
9.08207
9.08373
9.0854
9.08572
9.09072
9.09239
9.09405
9.09572
9.09739
9.09905
9.10072
9.10239
9.10405
9.10572
9.10739
9.10905
9.11072
9.11239
9.11405
9.11572
9.11739
9.11905
9.12072
9.12239
9.12405
9.12572
9.12739
9.12905
9.13072
9.13239
9.13405
9.13572
9.13739
9.13905
9.14072
9.14239
9.14405
9.14572
9.14739
9.14905
9.15072
9.15239
9.15405
9.15572
9.15739
9.15905
9.16072
9.16239
9.16405
9.16572
9.16739
9.16905
9.17072
9.17239
9.17405
9.17572
9.17739
9.17905
9.18072
9.18239
9.18405
9.18572
9.18739
9.18905
9.19072
9.19239
9.19405
9.19572
9.19739
9.19905
9.20072
9.20239
9.20405
9.20572
9.20739
9.20905
9.21072
9.21239
9.21405
9.21572
9.21739
9.21905
9.22072
9.22239
9.22405
9.22572
9.22739
9.22905
9.23072
9.23239
9.23405
9.23572
9.23739
9.23905
9.24072
9.24239
9.24405
9.24572
9.24739
9.24905
9.25072
9.25239
9.25405
9.25572
9.25739
9.25905
9.26072
9.26239
9.26405
9.26572
9.26739
9.26905
9.27072
9.27239
9.27405
9.27572
9.27739
9.27905
9.28072
9.28239
9.28405
9.28572
9.28739
9.28905
9.29072
9.29239
9.29405
9.29572
9.29739
9.29905
9.30072
9.30239
9.30405
9.30572
9.30739
9.30905
9.31072
9.31239
9.31405
9.31572
9.31739
9.31905
9.32072
9.32239
9.32405
9.32572
9.32739
9.32905
9.33072
9.33239
9.33405
9.33572
9.33739
9.33905
9.34072
9.34239
9.34405
9.34572
9.34739
9.34905
9.35072
9.35239
9.35405
9.35572
9.35739
9.35905
9.36072
9.36239
9.36405
9.36572
9.36739
9.36905
9.37072
9.37239
9.37405
9.37572
9.37739
9.37905
9.38072
9.38239
9.38405
9.38572
9.38739
9.38905
9.39072
9.39239
9.39405
9.39572
9.39739
9.39905
9.40072
9.40239
9.40405
9.40572
9.40739
9.40905
9.41072
9.41239
9.41405
9.41572
9.41739
9.41905
9.42072
9.42239
9.42405
9.42572
9.42739
9.42905
9.43072
9.43239
9.43405
9.43572
9.43739
9.43905
9.44072
9.44239
9.44405
9.44572
9.44739
9.44905
9.45072
9.45239
9.45405
9.45572
9.45739
9.45905
9.46072
9.46239
9.46405
9.46572
9.46739
9.46905
9.47072
9.47239
9.47405
9.47572
9.47739
9.47905
9.48072
9.48239
9.48405
9.48572
9.48739
9.48905
9.49072
9.49239
9.49405
9.49572
9.49739
9.49905
9.50072
9.50239
9.50405
9.50572
9.50739
9.50905
9.51072
9.51239
9.51405
9.51572
9.51739
9.51905
9.52072
9.52239
9.52405
9.52572
9.52739
9.52905
9.53072
9.53239
9.53405
9.53572
9.53739
9.53905
9.54072
9.54239
9.54405
9.54572
9.54739
9.54905
9.55072
9.55239
9.55405
9.55572
9.55739
9.55905
9.56072
9.56239
9.56405
9.56572
9.56739
9.56905
9.57072
9.57239
9.57405
9.57572
9.57739
9.57905
9.58072
9.58239
9.58405
9.58572
9.58739
9.58905
9.59072
9.59239
9.59405
9.59572
9.59739
9.59905
9.60072
9.60239
9.60405
9.60572
9.60739
9.60905
9.61072
9.61239
9.61405
9.61572
9.61739
9.61905
9.62072
9.62239
9.62405
9.62572
9.62739
9.62905
9.63072
9.63239
9.63405
9.63572
9.63739
9.63905
9.64072
9.64239
9.64405
9.64572
9.64739
9.64905
9.65072
9.65239
9.65405
9.65572
9.65739
9.65905
9.66072
9.66239
9.66405
9.66572
9.66739
9.66905
9.67072
9.67239
9.67405
9.67572
9.67739
9.67905
9.68072
9.68239
9.68405
9.68572
9.68739
9.68905
9.69072
9.69239
9.69405
9.69572
9.69739
9.69905
9.70072
9.70239
9.70405
9.70572
9.70739
9.70905
9.71072
9.71239
9.71405
9.71572
9.71739
9.71905
9.72072
9.72239
9.72405
9.72572
9.72739
9.72905
9.73072
9.73239
9.73405
9.73572
9.73739
9.73905
9.74072
9.74239
9.74405
9.74572
9.74739
9.74905
9.75072
9.75239
9.75405
9.75572
9.75739
9.75905
9.76072
9.76239
9.76405
9.76572
9.76739
9.76905
9.77072
9.77239
9.77405
9.77572
9.77739
9.77905
9.78072
9.78239
9.78405
9.78572
9.78739
9.78905
9.79072
9.79239
9.79405
9.79572
9.79739
9.79905
9.80072
9.80239
9.80405
9.80572
9.80739
9.80905
9.81072
9.81053
9.8108
9.8158
9.81746
9.81913
9.8208
9.82246
9.82413
9.8258
9.82746
9.82913
9.8308
9.83246
9.83413
9.8358
9.83746
9.83913
9.8408
9.84246
9.84413
9.8458
9.84746
9.84913
9.8508
9.85246
9.85413
9.8558
9.85746
9.85913
9.8608
9.86246
9.86413
9.8658
9.86746
9.86913
9.8708
9.87246
9.87413
9.8758
9.87746
9.87913
9.8808
9.88246
9.88413
9.8858
9.88746
9.88913
9.8908
9.89246
9.89413
9.8958
9.89746
9.89913
9.9008
9.90246
9.90413
9.9058
9.90746
9.90913
9.9108
9.91246
9.91413
9.9158
9.91746
9.91913
9.9208
9.92246
9.92413
9.9258
9.92746
9.92913
9.9308
9.93246
9.93413
9.9358
9.93746
9.93913
9.9408
9.94246
9.94413
9.9458
9.94746
9.94913
9.9508
9.95246
9.95413
9.9558
9.95746
9.95913
9.9608
9.96246
9.96413
9.9658
9.96746
9.96913
9.9708
9.97246
9.97413
9.9758
9.97746
9.97913
9.9808
9.98246
9.98413
9.9858
9.98746
9.98913
9.9908
9.99246
9.99413
9.9958
9.99746
9.99913
10.0008
10.0025
10.0041
10.0058
10.0075
10.0091
10.0108
10.0125
10.0141
10.0158
10.0175
10.0191
10.0208
10.0225
10.0241
10.0258
10.0275
10.0291
10.0308
10.0325
10.0341
10.0358
10.0375
10.0391
10.0408
10.0425
10.0441
10.0458
10.0475
10.0491
10.0508
10.0525
10.0541
10.0558
10.0575
10.0591
10.0608
10.0625
10.0641
10.0658
10.0675
10.0691
10.0708
10.0725
10.0741
10.0758
10.0775
10.0791
10.0808
10.0825
10.0841
10.0858
10.0875
10.0891
10.0908
10.0925
10.0941
10.0958
10.0975
10.0991
10.1008
10.1025
10.1041
10.1058
10.1075
10.1091
10.1108
10.1125
10.1141
10.1158
10.1175
10.1191
10.1208
10.1225
10.1241
10.1258
10.1275
10.1291
10.1308
10.1325
10.1341
10.1358
10.1375
10.1391
10.1408
10.1425
10.1441
10.1458
10.1475
10.1491
10.1508
10.1525
10.1541
10.1558
10.1575
10.1591
10.1608
10.1625
10.1641
10.1658
10.1675
10.1691
10.1708
10.1725
10.1741
10.1758
10.1775
10.1791
10.1808
10.1825
10.1841
10.1858
10.1875
10.1873
10.1923
10.194
10.1939
10.1955
10.1972
10.1989
10.2005
10.2022
10.2039
10.2055
10.2072
10.2089
10.2105
10.2122
10.2139
10.2155
10.2172
10.2189
10.2205
10.2222
10.2239
10.2255
10.2272
10.2289
10.2305
10.2322
10.2339
10.2355
10.2372
10.2389
10.2405
10.2422
10.2439
10.2437
10.2487
10.2504
10.2521
10.2537
10.2554
10.2571
10.2587
10.2604
10.2621
10.2637
10.2654
10.2671
10.2687
10.2704
10.2721
10.2737
10.2754
10.2771
10.2787
10.2804
10.2821
10.2837
10.2854
10.2871
10.2887
10.2904
10.2921
10.2937
10.2954
10.2971
10.2987
10.3004
10.3021
10.3037
10.3054
10.3071
10.3087
10.3104
10.3121
10.3137
10.3154
10.3171
10.3187
10.3204
10.3221
10.3237
10.3254
10.3271
10.3287
10.3304
10.3321
10.3337
10.3354
10.3371
10.3387
10.3404
10.3421
10.3437
10.3454
10.3471
10.3487
10.3504
10.3521
10.3537
10.3554
10.3571
10.3587
10.3604
10.3621
10.3637
10.3654
10.3671
10.3687
10.3704
10.3721
10.3737
10.3754
10.3771
10.3787
10.3804
10.3821
10.3837
10.3854
10.3868
10.3918
10.3935
10.3952
10.3958
10.4008
10.4024
10.4028
10.4078
10.4095
10.4098
10.4114
10.4131
10.4148
10.4164
10.4181
10.4198
10.4214
10.4231
10.4248
10.4264
10.4281
10.4298
10.4314
10.4331
10.4348
10.4364
10.4381
10.4398
10.4414
10.4431
10.4448
10.4464
10.4481
10.4498
10.4514
10.4531
10.4548
10.4564
10.4581
10.4598
10.4614
10.4631
10.4648
10.4664
10.4681
10.4698
10.4714
10.4731
10.4748
10.4764
10.4781
10.4798
10.4814
10.4831
10.4848
10.4864
10.4881
10.4898
10.4914
10.4931
10.4948
10.4964
10.4981
10.4998
10.5014
10.5031
10.5048
10.5064
10.5081
10.5098
10.5114
10.5131
10.5148
10.5164
10.5181
10.5198
10.5214
10.5231
10.5248
10.5264
10.5281
10.5298
10.5314
10.5331
10.5348
10.5364
10.5381
10.5398
10.5414
10.5431
10.5448
10.5464
10.5481
10.5498
10.5514
10.5531
10.5548
10.5564
10.5581
10.5598
10.5614
10.5631
10.5648
10.5664
10.5681
10.5698
10.5714
10.5731
10.5748
10.5764
10.5781
10.5798
10.5814
10.5831
10.5848
10.5864
10.5881
10.5898
10.5914
10.5931
10.5948
10.5964
10.5981
10.5998
10.6014
10.6031
10.6048
10.6064
10.6081
10.6098
10.6114
10.6131
10.6148
10.6164
10.6181
10.6198
10.6214
10.6231
10.6248
10.6264
10.6281
10.6298
10.6314
10.6331
10.6348
10.6364
10.6381
10.6398
10.6414
10.6431
10.6448
10.6464
10.6481
10.6498
10.6514
10.6531
10.6548
10.6564
10.6581
10.6598
10.6614
10.6631
10.6648
10.6664
10.6681
10.6698
10.6714
10.6731
10.6748
10.6764
10.6781
10.6798
10.6814
10.6831
10.6848
10.6864
10.6881
10.6898
10.6914
10.6931
10.6948
10.6964
10.6981
10.6998
10.7014
10.7031
10.7048
10.7064
10.7081
10.7098
10.7114
10.7131
10.7148
10.7164
10.7181
10.7198
10.7214
10.7231
10.7248
10.7264
10.7281
10.7298
10.7314
10.7331
10.7348
10.7364
10.7381
10.7398
10.7414
10.7431
10.7448
10.7464
10.7481
10.7498
10.7514
10.7531
10.7548
10.7564
10.7581
10.7598
10.7614
10.7631
10.7648
10.7664
10.7681
10.7698
10.7714
10.7731
10.7748
10.7764
10.7781
10.7798
10.7814
10.7831
10.7848
10.7864
10.7881
10.7898
10.7914
10.7931
10.7948
10.7964
10.7981
10.7998
10.8014
10.8031
10.8048
10.8064
10.8081
10.8098
10.8114
10.8131
10.8148
10.8164
10.8181
10.8198
10.8214
10.8231
10.8248
10.8264
10.8281
10.8298
10.8314
10.8331
10.8348
10.8364
10.8381
10.8398
10.8414
10.8431
10.8448
10.8464
10.8481
10.8498
10.8514
10.8531
10.8548
10.8564
10.8581
10.8598
10.8614
10.8631
10.8641
10.8657
10.8674
10.8691
10.8707
10.8724
10.8741
10.8757
10.8774
10.8791
10.8807
10.8824
10.8841
10.8857
10.8874
10.8891
10.8907
10.8924
10.8941
10.8957
10.8974
10.8991
10.9007
10.9024
10.9041
10.9057
10.9074
10.9091
10.9107
10.9124
10.9141
10.9157
10.9174
10.9191
10.9207
10.9224
10.9241
10.9257
10.9274
10.9291
10.9307
10.9324
10.9341
10.9357
10.9374
10.9391
10.9407
10.9424
10.9441
10.9457
10.9474
10.9491
10.9507
10.9524
10.9541
10.9539
10.9589
10.9593
10.9609
10.9626
10.9626
10.9676
10.9676
10.969
10.9706
10.9723
10.9739
10.9756
10.9773
10.9771
10.9821
10.9837
10.9854
10.9853
10.9869
10.9886
10.9903
10.9919
10.9936
10.9953
10.9969
10.9986
10.9985
11.0035
11.0049
11.0099
11.0115
11.0114
11.0164
11.0163
11.0213
11.0229
11.0246
11.0263
11.0279
11.0296
11.0313
11.0311
11.0361
11.0378
11.0376
11.0393
11.0391
11.0389
11.0439
11.0456
11.0473
11.0489
11.0506
11.0523
11.0539
11.0556
11.0573
11.0579
11.0603
11.0634
11.0684
11.0701
11.0717
11.0734
11.0734
11.0784
11.08
11.0798
11.0801
11.0851
11.0868
11.0866
11.0916
11.0932
11.0936
11.0953
11.0969
11.0986
11.0985
11.1001
11.1001
11.1051
11.1068
11.1085
11.1101
11.1118
11.1135
11.1135
11.1185
11.1201
11.1218
11.1235
11.1251
11.1268
11.1268
11.1318
11.1334
11.1333
11.135
11.1366
11.1383
11.14
11.1416
11.1433
11.145
11.1466
11.1483
11.15
11.1516
11.1533
11.155
11.1566
11.1583
11.16
11.1616
11.1633
11.165
11.1648
11.1646
11.1663
11.1679
11.1696
11.1697
11.1714
11.173
11.1729
11.1779
11.1796
11.1812
11.181
11.186
11.1877
11.1894
11.191
11.1927
11.1944
11.196
11.1977
11.1994
11.201
11.2027
11.2044
11.206
11.2077
11.2094
11.211
11.2127
11.2144
11.2145
11.2161
11.2178
11.2195
11.2211
11.2228
11.2245
11.2245
11.2295
11.2311
11.2311
11.2361
11.2377
11.2394
11.2411
11.2411
11.2461
11.2477
11.2494
11.2511
11.2527
11.2544
11.2561
11.2577
11.2575
11.2592
11.2609
11.2625
11.2642
11.2659
11.2675
11.2692
11.2709
11.2725
11.2742
11.2759
11.2775
11.2792
11.2809
11.2825
11.2842
11.2859
11.2875
11.2892
11.2909
11.2925
11.2942
11.2959
11.2975
11.2992
11.3009
11.3025
11.3042
11.3059
11.3075
11.3092
11.3109
11.3125
11.3142
11.3159
11.3175
11.3192
11.3193
11.321
11.3226
11.3233
11.3283
11.33
11.3299
11.3349
11.3365
11.3382
11.3399
11.3397
11.3447
11.3463
11.348
11.3497
11.3513
11.353
11.3547
11.3563
11.358
11.3597
11.3613
11.363
11.3647
11.3663
11.368
11.3697
11.3713
11.373
11.3747
11.3763
11.378
11.3797
11.3813
11.383
11.3847
11.3863
11.388
11.3897
11.3913
11.393
11.3947
11.3963
11.398
11.3997
11.4013
11.403
11.4047
11.4063
11.408
11.4097
11.4113
11.413
11.4147
11.4163
11.418
11.4197
11.4213
11.423
11.4247
11.4263
11.428
11.4297
11.4313
11.433
11.4347
11.4363
11.438
11.4397
11.4413
11.443
11.4447
11.4463
11.448
11.4497
11.4513
11.453
11.4547
11.4563
11.458
11.4597
11.4613
11.463
11.4647
11.4663
11.468
11.4697
11.4713
11.473
11.4747
11.4763
11.478
11.4797
11.4813
11.483
11.4847
11.4863
11.488
11.4897
11.4913
11.493
11.4947
11.4963
11.498
11.4997
11.5013
11.503
11.5047
11.5063
11.508
11.5097
11.5113
11.513
11.5147
11.5163
11.518
11.5197
11.5213
11.523
11.5247
11.5263
11.528
11.5297
11.5313
11.533
11.5347
11.5363
11.538
11.5397
11.5413
11.543
11.5447
11.5463
11.548
11.5497
11.5513
11.553
11.5547
11.5563
11.558
11.5597
11.5613
11.563
11.5647
11.5663
11.568
11.5697
11.5713
11.573
11.5747
11.5763
11.578
11.5797
11.5813
11.583
11.5847
11.5863
11.588
11.5897
11.5913
11.593
11.5947
11.5963
11.598
11.5997
11.6013
11.6012
11.6062
11.6079
11.6095
11.6112
11.6111
11.6161
11.6177
11.6176
11.6226
11.6242
11.6259
11.6276
11.6292
11.6309
11.6326
11.6342
11.6359
11.6376
11.6392
11.6409
11.6426
11.6442
11.6459
11.6476
11.6492
11.6509
11.6526
11.6542
11.6559
11.6576
11.6592
11.6609
11.6626
11.6642
11.664
11.6643
11.666
11.6677
11.6693
11.671
11.6727
11.6743
11.676
11.6777
11.6793
11.681
11.6827
11.6843
11.686
11.6877
11.6893
11.691
11.6927
11.6943
11.696
11.6977
11.6993
11.701
11.7008
11.7058
11.7075
11.7092
11.7108
11.7125
11.7142
11.7158
11.7175
11.7192
11.7208
11.7225
11.7242
11.7258
11.7275
11.7292
11.7308
11.7325
11.7342
11.7358
11.7375
11.7392
11.7408
11.7425
11.7442
11.7458
11.7475
11.7492
11.7508
11.7525
11.7542
11.7558
11.7575
11.7592
11.7608
11.7625
11.7642
11.7658
11.7675
11.7692
11.7708
11.7725
11.7742
11.7758
11.7775
11.7792
11.7808
11.7825
11.7842
11.7858
11.7875
11.7892
11.7908
11.7925
11.7942
11.7958
11.7975
11.7992
11.8008
11.8025
11.8042
11.8058
11.8075
11.8092
11.8108
11.8125
11.8142
11.8158
11.8175
11.8192
11.8208
11.8225
11.8242
11.8258
11.8275
11.8292
11.8308
11.8325
11.8342
11.8358
11.8375
11.8392
11.8408
11.8425
11.8442
11.8458
11.8475
11.8492
11.8508
11.8525
11.8542
11.8558
11.8575
11.8592
11.8608
11.8625
11.8642
11.8658
11.8675
11.8692
11.8708
11.8725
11.8742
11.8758
11.8775
11.8792
11.8808
11.8825
11.8842
11.8858
11.8875
11.8892
11.8908
11.8925
11.8942
11.894
11.8939
11.8956
11.8954
11.8952
11.9002
11.9019
11.9036
11.9052
11.9059
11.9109
11.9125
11.9142
11.9159
11.9175
11.9175
11.9174
11.9224
11.924
11.9257
11.9274
11.929
11.9307
11.9324
11.934
11.9355
11.9405
11.9421
11.9438
11.9455
11.9454
11.9501
11.9543
11.956
11.9577
11.9582
11.9632
11.9649
11.9666
11.9682
11.9683
11.9733
11.975
11.9749
11.9765
11.9763
11.978
11.9779
11.9829
11.9845
11.9862
11.9879
11.9895
11.9912
11.9929
11.9932
11.9949
11.9949
11.9999
12.0015
12.0013
12.0063
12.008
12.0097
12.0113
12.013
12.0147
12.0163
12.018
12.0197
12.0213
12.023
12.0247
12.0263
12.028
12.0297
12.0313
12.033
12.0347
12.0363
12.038
12.0397
12.0413
12.043
12.0447
12.0463
12.048
12.0497
12.0513
12.053
12.0547
12.0563
12.058
12.0597
12.0613
12.063
12.0647
12.0663
12.068
12.0697
12.0713
12.073
12.0747
12.0763
12.078
12.0797
12.0813
12.083
12.0847
12.0863
12.088
12.0897
12.0913
12.093
12.0947
12.0963
12.098
12.0997
12.1013
12.103
12.1047
12.1063
12.108
12.1097
12.1113
12.113
12.1147
12.1163
12.118
12.1197
12.1213
12.123
12.1247
12.1263
12.128
12.1297
12.1313
12.133
12.1347
12.1363
12.138
12.1397
12.1413
12.143
12.1447
12.1463
12.148
12.1497
12.1513
12.153
12.1547
12.1563
12.158
12.1597
12.1613
12.163
12.1647
12.1663
12.168
12.1697
12.1713
12.173
12.1747
12.1763
12.178
12.1797
12.1813
12.183
12.1847
12.1863
12.188
12.1897
12.1913
12.193
12.1947
12.1963
12.198
12.1997
12.2013
12.203
12.2047
12.2063
12.208
12.2097
12.2113
12.213
12.2147
12.2163
12.218
12.2197
12.2213
12.223
12.2247
12.2263
12.228
12.2297
12.2313
12.233
12.2347
12.2363
12.238
12.2397
12.2413
12.243
12.2447
12.2463
12.248
12.2497
12.2513
12.253
12.2547
12.2563
12.258
12.2597
12.2613
12.263
12.2647
12.2663
12.268
12.2697
12.2713
12.273
12.2747
12.2763
12.278
12.2797
12.2813
12.283
12.2847
12.2863
12.288
12.2897
12.2913
12.293
12.2947
12.2963
12.298
12.2997
12.3013
12.303
12.3047
12.3063
12.308
12.3097
12.3113
12.313
12.3147
12.3163
12.318
12.3197
12.3195
12.3193
12.321
12.3226
12.3243
12.326
12.3276
12.3293
12.331
12.3326
12.3343
12.336
12.3358
12.3408
12.3425
12.3442
12.3458
12.3475
12.3473
12.349
12.3507
12.3505
12.3521
12.352
12.3536
12.3553
12.357
12.3586
12.3603
12.362
12.3636
12.3653
12.367
12.3686
12.3703
12.372
12.3736
12.3753
12.377
12.3786
12.3803
12.382
12.3836
12.3853
12.387
12.3886
12.3903
12.392
12.3936
12.3953
12.397
12.3986
12.4003
12.402
12.4036
12.4053
12.407
12.4086
12.4103
12.412
12.4136
12.4153
12.417
12.4186
12.4203
12.422
12.4236
12.4253
12.427
12.4286
12.4303
12.432
12.4336
12.4353
12.437
12.4386
12.4403
12.442
12.4436
12.4453
12.447
12.4486
12.4503
12.452
12.4536
12.4553
12.457
12.4586
12.4603
12.462
12.4636
12.4653
12.467
12.4686
12.4703
12.472
12.4736
12.4753
12.477
12.4786
12.4803
12.482
12.4836
12.4853
12.487
12.4886
12.4903
12.492
12.4936
12.4953
12.497
12.4986
12.5003
12.502
12.5036
12.5053
12.507
12.5086
12.5103
12.512
12.5136
12.5153
12.517
12.5186
12.5203
12.522
12.5236
12.5253
12.527
12.5286
12.5303
12.532
12.5336
12.5353
12.537
12.5386
12.5403
12.542
12.5436
12.5453
12.547
12.5486
12.5503
12.552
12.5536
12.5553
12.557
12.5586
12.5603
12.562
12.5636
12.5653
12.567
12.5686
12.5703
12.572
12.5736
12.5753
12.577
12.5786
12.5803
12.582
12.5836
12.5853
12.587
12.5886
12.5903
12.592
12.5936
12.5953
12.597
12.5986
12.5985
12.6002
12.6002
12.6052
12.6068
12.6067
12.6065
12.6115
12.6132
12.6149
12.6147
12.6197
12.6213
12.623
12.6245
12.6295
12.6312
12.6328
12.6345
12.6349
12.6399
12.6415
12.6432
12.6449
12.6465
12.6482
12.6499
12.6515
12.6532
12.6549
12.6565
12.6582
12.6599
12.6615
12.6632
12.6649
12.6665
12.6682
12.6699
12.6715
12.6732
12.6749
12.6765
12.6782
12.6799
12.6815
12.6832
12.6849
12.6865
12.6882
12.6899
12.6915
12.6932
12.6949
12.6965
12.6982
12.6999
12.7015
12.7032
12.7049
12.7065
12.7082
12.7099
12.7115
12.7132
12.7149
12.7165
12.7182
12.7199
12.7215
12.7232
12.7249
12.7265
12.7282
12.7299
12.7315
12.7332
12.7349
12.7365
12.7382
12.7399
12.7415
12.7432
12.7449
12.7465
12.7482
12.7499
12.7515
12.7532
12.7549
12.7565
12.7582
12.7599
12.7615
12.7632
12.7649
12.7665
12.7682
12.7699
12.7715
12.7732
12.7749
12.7765
12.7782
12.7799
12.7815
12.7832
12.7849
12.7865
12.7882
12.7899
12.7915
12.7932
12.7949
12.7965
12.7982
12.7999
12.8015
12.8032
12.8049
12.8065
12.8082
12.8099
12.8115
12.8132
12.8149
12.8165
12.8182
12.8199
12.8215
12.8232
12.8249
12.8265
12.8282
12.8299
12.8315
12.8332
12.8349
12.8365
12.8382
12.8399
12.8415
12.8432
12.8449
12.8465
12.8482
12.8499
12.8515
12.8532
12.8549
12.8565
12.8582
12.8599
12.8615
12.8632
12.8649
12.8665
12.8682
12.8699
12.8715
12.8732
12.8749
12.8765
12.8782
12.8799
12.8815
12.8832
12.8849
12.8865
12.8882
12.8899
12.8915
12.8932
12.8949
12.8965
12.8982
12.8999
12.9015
12.9032
12.9049
12.9065
12.9082
12.9099
12.9115
12.9132
12.9149
12.9165
12.9182
12.9199
12.9215
12.9232
12.9249
12.9265
12.9282
12.9299
12.9315
12.9332
12.933
12.9347
12.9364
12.938
12.9379
12.9429
12.9446
12.9462
12.946
12.9477
12.9494
12.951
12.9527
12.9544
12.956
12.9577
12.9581
12.9598
12.9615
12.9631
12.9629
12.9679
12.9696
12.9696
12.9746
12.9762
12.9779
12.9796
12.9812
12.9829
12.9846
12.9862
12.9879
12.9881
12.9931
312.994
SCALARS Branch_id int 1
LOOKUP_TABLE default
0
0
0
0
0
0
0
0
0
0
0
0
0
0
0
0
0
0
0
0
0
0
0
0
0
0
0
0
0
0
0
0
0
0
0
0
0
0
0
0
0
0
0
0
0
0
0
0
0
0
0
0
0
0
0
0
0
0
0
0
0
0
0
0
0
0
0
0
0
0
0
0
0
0
0
0
0
0
0
0
0
0
0
0
0
0
0
0
0
0
0
0
0
0
0
0
0
0
0
0
0
0
0
0
0
0
0
0
0
0
0
0
0
0
0
0
0
0
0
0
0
0
0
0
0
0
0
0
0
0
0
0
0
0
0
0
0
0
0
0
0
0
0
0
0
0
0
0
0
0
0
0
0
0
0
0
0
0
0
0
0
0
0
0
0
0
0
0
0
0
0
0
0
0
0
0
0
0
0
0
0
0
0
0
0
0
0
0
0
0
0
0
0
0
0
0
0
0
0
0
0
0
0
0
0
0
0
0
0
0
0
0
0
0
0
0
0
0
0
0
0
0
0
0
0
0
0
0
0
0
0
0
0
0
0
0
0
0
0
0
0
0
0
0
0
0
0
0
0
0
0
0
0
0
0
0
0
0
0
0
0
0
0
0
0
0
0
0
0
0
0
0
0
0
0
0
0
0
0
0
0
0
0
0
0
0
0
0
0
0
0
0
0
0
0
0
0
0
0
0
0
0
0
0
0
0
0
0
0
0
0
0
0
0
0
0
0
0
0
0
0
0
0
0
0
0
0
0
0
0
0
0
0
0
0
0
0
0
0
0
0
0
0
0
0
0
0
0
0
0
0
0
0
0
0
0
0
0
0
0
0
0
0
0
0
0
0
0
0
0
0
0
0
0
0
0
0
0
0
0
0
0
0
0
0
0
0
0
0
0
0
0
0
0
0
0
0
0
0
0
0
0
0
0
0
0
0
0
0
0
0
0
0
0
0
0
0
0
0
0
0
0
0
0
0
0
0
0
0
0
0
0
0
0
0
0
0
0
0
0
0
0
0
0
0
0
0
0
0
0
0
0
0
0
0
0
0
0
0
0
0
0
0
0
0
0
0
0
0
0
0
0
0
0
0
0
0
0
0
0
0
0
0
0
0
0
0
0
0
0
0
0
0
0
0
0
0
0
0
0
0
0
0
0
0
0
0
0
0
0
0
0
0
0
0
0
0
0
0
0
0
0
0
0
0
0
0
0
0
0
0
0
0
0
0
0
0
0
0
0
0
0
0
0
0
0
0
0
0
0
0
0
0
0
0
0
0
0
0
0
0
0
0
0
0
0
0
0
0
0
0
0
0
0
0
0
0
0
0
0
0
0
0
0
0
0
0
0
0
0
0
0
0
0
0
0
0
0
0
0
0
0
0
0
0
0
0
0
0
0
0
0
0
0
0
0
0
0
0
0
0
0
0
0
0
0
0
0
0
0
0
0
0
0
0
0
0
0
0
0
0
0
0
0
0
0
0
0
0
0
0
0
0
0
0
0
0
0
0
0
0
0
0
0
0
0
0
0
0
0
0
0
0
0
0
0
0
0
0
0
0
0
0
0
0
0
0
0
0
0
0
0
0
0
0
0
0
0
0
0
0
0
0
0
0
0
0
0
0
0
0
0
0
0
0
0
0
0
0
0
0
0
0
0
0
0
0
0
0
0
0
0
0
0
0
0
0
0
0
0
0
0
0
0
0
0
0
0
0
0
0
0
0
0
0
0
0
0
0
0
0
0
0
0
0
0
0
0
0
0
0
0
0
0
0
0
0
0
0
0
0
0
0
0
0
0
0
0
0
0
0
0
0
0
0
0
0
0
0
0
0
0
0
0
0
0
0
0
0
0
0
0
0
0
0
0
0
0
0
0
0
0
0
0
0
0
0
0
0
0
0
0
0
0
0
0
0
0
0
0
0
0
0
0
0
0
0
0
0
0
0
0
0
0
0
0
0
0
0
0
0
0
0
0
0
0
0
0
0
0
0
0
0
0
0
0
0
0
0
0
0
0
0
0
0
0
0
0
0
0
0
0
0
0
0
0
0
0
0
0
0
0
0
0
0
0
0
0
0
0
0
0
0
0
0
0
0
0
0
0
0
0
0
0
0
0
0
0
0
0
0
0
0
0
0
0
0
0
0
0
0
0
0
0
0
0
0
0
0
0
0
0
0
0
0
0
0
0
0
0
0
0
0
0
0
0
0
0
0
0
0
0
0
0
0
0
0
0
0
0
0
0
0
0
0
0
0
0
0
0
0
0
0
0
0
0
0
0
0
0
0
0
0
0
0
0
0
0
0
0
0
0
0
0
0
0
0
0
0
0
0
0
0
0
0
0
0
0
0
0
0
0
0
0
0
0
0
0
0
0
0
0
0
0
0
0
0
0
0
0
0
0
0
0
0
0
0
0
0
0
0
0
0
0
0
0
0
0
0
0
0
0
0
0
0
0
0
0
0
0
0
0
0
0
0
0
0
0
0
0
0
0
0
0
0
0
0
0
0
0
0
0
0
0
0
0
0
0
0
0
0
0
0
0
0
0
0
0
0
0
0
0
0
0
0
0
0
0
0
0
0
0
0
0
0
0
0
0
0
0
0
0
0
0
0
0
0
0
0
0
0
0
0
0
0
0
0
0
0
0
0
0
0
0
0
0
0
0
0
0
0
0
0
0
0
0
0
0
0
0
0
0
0
0
0
0
0
0
0
0
0
0
0
0
0
0
0
0
0
0
0
0
0
0
0
0
0
0
0
0
0
0
0
0
0
0
0
0
0
0
0
0
0
0
0
0
0
0
0
0
0
0
0
0
0
0
0
0
0
0
0
0
0
0
0
0
0
0
0
0
0
0
0
0
0
0
0
0
0
0
0
0
0
0
0
0
0
0
0
0
0
0
0
0
0
0
0
0
0
0
0
0
0
0
0
0
0
0
0
0
0
0
0
0
0
0
0
0
0
0
0
0
0
0
0
0
0
0
0
0
0
0
0
0
0
0
0
0
0
0
0
0
0
0
0
0
0
0
0
0
0
0
0
0
0
0
0
0
0
0
0
0
0
0
0
0
0
0
0
0
0
0
0
0
0
0
0
0
0
0
0
0
0
0
0
0
0
0
0
0
0
0
0
0
0
0
0
0
0
0
0
0
0
0
0
0
0
0
0
0
0
0
0
0
0
0
0
0
0
0
0
0
0
0
0
0
0
0
0
0
0
0
0
0
0
0
0
0
0
0
0
0
0
0
0
0
0
0
0
0
0
0
0
0
0
0
0
0
0
0
0
0
0
0
0
0
0
0
0
0
0
0
0
0
0
0
0
0
0
0
0
0
0
0
0
0
0
0
0
0
0
0
0
0
0
0
0
0
0
0
0
0
0
0
0
0
0
0
0
0
0
0
0
0
0
0
0
0
0
0
0
0
0
0
0
0
0
0
0
0
0
0
0
0
0
0
0
0
0
0
0
0
0
0
0
0
0
0
0
0
0
0
0
0
0
0
0
0
0
0
0
0
0
0
0
0
0
0
0
0
0
0
0
0
0
0
0
0
0
0
0
0
0
0
0
0
0
0
0
0
0
0
0
0
0
0
0
0
0
0
0
0
0
0
0
0
0
0
0
0
0
0
0
0
0
0
0
0
0
0
0
0
0
0
0
0
0
0
0
0
0
0
0
0
0
0
0
0
0
0
0
0
0
0
0
0
0
0
0
0
0
0
0
0
0
0
0
0
0
0
0
0
0
0
0
0
0
0
0
0
0
0
0
0
0
0
0
0
0
0
0
0
0
0
0
0
0
0
0
0
0
0
0
0
0
0
0
0
0
0
0
0
0
0
0
0
0
0
0
0
0
0
0
0
0
0
0
0
0
0
0
0
0
0
0
0
0
0
0
0
0
0
0
0
0
0
0
0
0
0
0
0
0
0
0
0
0
0
0
0
0
0
0
0
0
0
0
0
0
0
0
0
0
0
0
0
0
0
0
0
0
0
0
0
0
0
0
0
0
0
0
0
0
0
0
0
0
0
0
0
0
0
0
0
0
0
0
0
0
0
0
0
0
0
0
0
0
0
0
0
0
0
0
0
0
0
0
0
0
0
0
0
0
0
0
0
0
0
0
0
0
0
0
0
0
0
0
0
0
0
0
0
0
0
0
0
0
0
0
0
0
0
0
0
0
0
0
0
0
0
0
0
0
0
0
0
0
0
0
0
0
0
0
0
0
0
0
0
0
0
0
0
0
0
0
0
0
0
0
0
0
0
0
0
0
0
0
0
0
0
0
0
0
0
0
0
0
0
0
0
0
0
0
0
0
0
0
0
0
0
0
0
0
0
0
0
0
0
0
0
0
0
0
0
0
0
0
0
0
0
0
0
0
0
0
0
0
0
0
0
0
0
0
0
0
0
0
0
0
0
0
0
0
0
0
0
0
0
0
0
0
0
0
0
0
0
0
0
0
0
0
0
0
0
0
0
0
0
0
0
0
0
0
0
0
0
0
0
0
0
0
0
0
0
0
0
0
0
0
0
0
0
0
0
0
0
0
0
0
0
0
0
0
0
0
0
0
0
0
0
0
0
0
0
0
0
0
0
0
0
0
0
0
0
0
0
0
0
0
0
0
0
0
0
0
0
0
0
0
0
0
0
0
0
0
0
0
0
0
0
0
0
0
0
0
0
0
0
0
0
0
0
0
0
0
0
0
0
0
0
0
0
0
0
0
0
0
0
0
0
0
0
0
0
0
0
0
0
0
0
0
0
0
0
0
0
0
0
0
0
0
0
0
0
0
0
0
0
0
0
0
0
0
0
0
0
0
0
0
0
0
0
0
0
0
0
0
0
0
0
0
0
0
0
0
0
0
0
0
0
0
0
0
0
0
0
0
0
0
0
0
0
0
0
0
0
0
0
0
0
0
0
0
0
0
0
0
0
0
0
0
0
0
0
0
0
0
0
0
0
0
0
0
0
0
0
0
0
0
0
0
0
0
0
0
0
0
0
0
0
0
0
0
0
0
0
0
0
0
0
0
0
0
0
0
0
0
0
0
0
0
0
0
0
0
0
0
0
0
0
0
0
0
0
0
0
0
0
0
0
0
0
0
0
0
0
0
0
0
0
0
0
0
0
0
0
0
0
0
0
0
0
0
0
0
0
0
0
0
0
0
0
0
0
0
0
0
0
0
0
0
0
0
0
0
0
0
0
0
0
0
0
0
0
0
0
0
0
0
0
0
0
0
0
0
0
0
0
0
0
0
0
0
0
0
0
0
0
0
0
0
0
0
0
0
0
0
0
0
0
0
0
0
0
0
0
0
0
0
0
0
0
0
0
0
0
0
0
0
0
0
0
0
0
0
0
0
0
0
0
0
0
0
0
0
0
0
0
0
0
0
0
0
0
0
0
0
0
0
0
0
0
0
0
0
0
0
0
0
0
0
0
0
0
0
0
0
0
0
0
0
0
0
0
0
0
0
0
0
0
0
0
0
0
0
0
0
0
0
0
0
0
0
0
0
0
0
0
0
0
0
0
0
0
0
0
0
0
0
0
0
0
0
0
0
0
0
0
0
0
0
0
0
0
0
0
0
0
0
0
0
0
0
0
0
0
0
0
0
0
0
0
0
0
0
0
0
0
0
0
0
0
0
0
0
0
0
0
0
0
0
0
0
0
0
0
0
0
0
0
0
0
0
0
0
0
0
0
0
0
0
0
0
0
0
0
0
0
0
0
0
0
0
0
0
0
0
0
0
0
0
0
0
0
0
0
0
0
0
0
0
0
0
0
0
0
0
0
0
0
0
0
0
0
0
0
0
0
0
0
0
0
0
0
0
0
0
0
0
0
0
0
0
0
0
0
0
0
0
0
0
0
0
0
0
0
0
0
0
0
0
0
0
0
0
0
0
0
0
0
0
0
0
0
0
0
0
0
0
0
0
0
0
0
0
0
0
0
0
0
0
0
0
0
0
0
0
0
0
0
0
0
0
0
0
0
0
0
0
0
0
0
0
0
0
0
0
0
0
0
0
0
0
0
0
0
0
0
0
0
0
0
0
0
0
0
0
0
0
0
0
0
0
0
0
0
0
0
0
0
0
0
0
0
0
0
0
0
0
0
0
0
0
0
0
0
0
0
0
0
0
0
0
0
0
0
0
0
0
0
0
0
0
0
0
0
0
0
0
0
0
0
0
0
0
0
0
0
0
0
0
0
0
0
0
0
0
0
0
0
0
0
0
0
0
0
0
0
0
0
0
0
0
0
0
0
0
0
0
0
0
0
0
0
0
0
0
0
0
0
0
0
0
0
0
0
0
0
0
0
0
0
0
0
0
0
0
0
0
0
0
0
0
0
0
0
0
0
0
0
0
0
0
0
0
0
0
0
0
0
0
0
0
0
0
0
0
0
0
0
0
0
0
0
0
0
0
0
0
0
0
0
0
0
0
0
0
0
0
0
0
0
0
0
0
0
0
0
0
0
0
0
0
0
0
0
0
0
0
0
0
0
0
0
0
0
0
0
0
0
0
0
0
0
0
0
0
0
0
0
0
0
0
0
0
0
0
0
0
0
0
0
0
0
0
0
0
0
0
0
0
0
0
0
0
0
0
0
0
0
0
0
0
0
0
0
0
0
0
0
0
0
0
0
0
0
0
0
0
0
0
0
0
0
0
0
0
0
0
0
0
0
0
0
0
0
0
0
0
0
0
0
0
0
0
0
0
0
0
0
0
0
0
0
0
0
0
0
0
0
0
0
0
0
0
0
0
0
0
0
0
0
0
0
0
0
0
0
0
0
0
0
0
0
0
0
0
0
0
0
0
0
0
0
0
0
0
0
0
0
0
0
0
0
0
0
0
0
0
0
0
0
0
0
0
0
0
0
0
0
0
0
0
0
0
0
0
0
0
0
0
0
0
0
0
0
0
0
0
0
0
0
0
0
0
0
0
0
0
0
0
0
0
0
0
0
0
0
0
0
0
0
0
0
0
0
0
0
0
0
0
0
0
0
0
0
0
0
0
0
0
0
0
0
0
0
0
0
0
0
0
0
0
0
0
0
0
0
0
0
0
0
0
0
0
0
0
0
0
0
0
0
0
0
0
0
0
0
0
0
0
0
0
0
0
0
0
0
0
0
0
0
0
0
0
0
0
0
0
0
0
0
0
0
0
0
0
0
0
0
0
0
0
0
0
0
0
0
0
0
0
0
0
0
0
0
0
0
0
0
0
0
0
0
0
0
0
0
0
0
0
0
0
0
0
0
0
0
0
0
0
0
0
0
0
0
0
0
0
0
0
0
0
0
0
0
0
0
0
0
0
0
0
0
0
0
0
0
0
0
0
0
0
0
0
0
0
0
0
0
0
0
0
0
0
0
0
0
0
0
0
0
0
0
0
0
0
0
0
0
0
0
0
0
0
0
0
0
0
0
0
0
0
0
0
0
0
0
0
0
0
0
0
0
0
0
0
0
0
0
0
0
0
0
0
0
0
0
0
0
0
0
0
0
0
0
0
0
0
0
0
0
0
0
0
0
0
0
0
0
0
0
0
0
0
0
0
0
0
0
0
0
0
0
0
0
0
0
0
0
0
0
0
0
0
0
0
0
0
0
0
0
0
0
0
0
0
0
0
0
0
0
0
0
0
0
0
0
0
0
0
0
0
0
0
0
0
0
0
0
0
0
0
0
0
0
0
0
0
0
0
0
0
0
0
0
0
0
0
0
0
0
0
0
0
0
0
0
0
0
0
0
0
0
0
0
0
0
0
0
0
0
0
0
0
0
0
0
0
0
0
0
0
0
0
0
0
0
0
0
0
0
0
0
0
0
0
0
0
0
0
0
0
0
0
0
0
0
0
0
0
0
0
0
0
0
0
0
0
0
0
0
0
0
0
0
0
0
0
0
0
0
0
0
0
0
0
0
0
0
0
0
0
0
0
0
0
0
0
0
0
0
0
0
0
0
0
0
0
0
0
0
0
0
0
0
0
0
0
0
0
0
0
0
0
0
0
0
0
0
0
0
0
0
0
0
0
0
0
0
0
0
0
0
0
0
0
0
0
0
0
0
0
0
0
0
0
0
0
0
0
0
0
0
0
0
0
0
0
0
0
0
0
0
0
0
0
0
0
0
0
0
0
0
0
0
0
0
0
0
0
0
0
0
0
0
0
0
0
0
0
0
0
0
0
0
0
0
0
0
0
0
0
0
0
0
0
0
0
0
0
0
0
0
0
0
0
0
0
0
0
0
0
0
0
0
0
0
0
0
0
0
0
0
0
0
0
0
0
0
0
0
0
0
0
0
0
0
0
0
0
0
0
0
0
0
0
0
0
0
0
0
0
0
0
0
0
0
0
0
0
0
0
0
0
0
0
0
0
0
0
0
0
0
0
0
0
0
0
0
0
0
0
0
0
0
0
0
0
0
0
0
0
0
0
0
0
0
0
0
0
0
0
0
0
0
0
0
0
0
0
0
0
0
0
0
0
0
0
0
0
0
0
0
0
0
0
0
0
0
0
0
0
0
0
0
0
0
0
0
0
0
0
0
0
0
0
0
0
0
0
0
0
0
0
0
0
0
0
0
0
0
0
0
0
0
0
0
0
0
0
0
0
0
0
0
0
0
0
0
0
0
0
0
0
0
0
0
0
0
0
0
0
0
0
0
0
0
0
0
0
0
0
0
0
0
0
0
0
0
0
0
0
0
0
0
0
0
0
0
0
0
0
0
0
0
0
0
0
0
0
0
0
0
0
0
0
0
0
0
0
0
0
0
0
0
0
0
0
0
0
0
0
0
0
0
0
0
0
0
0
0
0
0
0
0
0
0
0
0
0
0
0
0
0
0
0
0
0
0
0
0
0
0
0
0
0
0
0
0
0
0
0
0
0
0
0
0
0
0
0
0
0
0
0
0
0
0
0
0
0
0
0
0
0
0
0
0
0
0
0
0
0
0
0
0
0
0
0
0
0
0
0
0
0
0
0
0
0
0
0
0
0
0
0
0
0
0
0
0
0
0
0
0
0
0
0
0
0
0
0
0
0
0
0
0
0
0
0
0
0
0
0
0
0
0
0
0
0
0
0
0
0
0
0
0
0
0
0
0
0
0
0
0
0
0
0
0
0
0
0
0
0
0
0
0
0
0
0
0
0
0
0
0
0
0
0
0
0
0
0
0
0
0
0
0
0
0
0
0
0
0
0
0
0
0
0
0
0
0
0
0
0
0
0
0
0
0
0
0
0
0
0
0
0
0
0
0
0
0
0
0
0
0
0
0
0
0
0
0
0
0
0
0
0
0
0
0
0
0
0
0
0
0
0
0
0
0
0
0
0
0
0
0
0
0
0
0
0
0
0
0
0
0
0
0
0
0
0
0
0
0
0
0
0
0
0
0
0
0
0
0
0
0
0
0
0
0
0
0
0
0
0
0
0
0
0
0
0
0
0
0
0
0
0
0
0
0
0
0
0
0
0
0
0
0
0
0
0
0
0
0
0
0
0
0
0
0
0
0
0
0
0
0
0
0
0
0
0
0
0
0
0
0
0
0
0
0
0
0
0
0
0
0
0
0
0
0
0
0
0
0
0
0
0
0
0
0
0
0
0
0
0
0
0
0
0
0
0
0
0
0
0
0
0
0
0
0
0
0
0
0
0
0
0
0
0
0
0
0
0
0
0
0
0
0
0
0
0
0
0
0
0
0
0
0
0
0
0
0
0
0
0
0
0
0
0
0
0
0
0
0
0
0
0
0
0
0
0
0
0
0
0
0
0
0
0
0
0
0
0
0
0
0
0
0
0
0
0
0
0
0
0
0
0
0
0
0
0
0
0
0
0
0
0
0
0
0
0
0
0
0
0
0
0
0
0
0
0
0
0
0
0
0
0
0
0
0
0
0
0
0
0
0
0
0
0
0
0
0
0
0
0
0
0
0
0
0
0
0
0
0
0
0
0
0
0
0
0
0
0
0
0
0
0
0
0
0
0
0
0
0
0
0
0
0
0
0
0
0
0
0
0
0
0
0
0
0
0
0
0
0
0
0
0
0
0
0
0
0
0
0
0
0
0
0
0
0
0
0
0
0
0
0
0
0
0
0
0
0
0
0
0
0
0
0
0
0
0
0
0
0
0
0
0
0
0
0
0
0
0
0
0
0
0
0
0
0
0
0
0
0
0
0
0
0
0
0
0
0
0
0
0
0
0
0
0
0
0
0
0
0
0
0
0
0
0
0
0
0
0
0
0
0
0
0
0
0
0
0
0
0
0
0
0
0
0
0
0
0
0
0
0
0
0
0
0
0
0
0
0
0
0
0
0
0
0
0
0
0
0
0
0
0
0
0
0
0
0
0
0
0
0
0
0
0
0
0
0
0
0
0
0
0
0
0
0
0
0
0
0
0
0
0
0
0
0
0
0
0
0
0
0
0
0
0
0
0
0
0
0
0
0
0
0
0
0
0
0
0
0
0
0
0
0
0
0
0
0
0
0
0
0
0
0
0
0
0
0
0
0
0
0
0
0
0
0
0
0
0
0
0
0
0
0
0
0
0
0
0
0
0
0
0
0
0
0
0
0
0
0
0
0
0
0
0
0
0
0
0
0
0
0
0
0
0
0
0
0
0
0
0
0
0
0
0
0
0
0
0
0
0
0
0
0
0
0
0
0
0
0
0
0
0
0
0
0
0
0
0
0
0
0
0
0
0
0
0
0
0
0
0
0
0
0
0
0
0
0
0
0
0
0
0
0
0
0
0
0
0
0
0
0
0
0
0
0
0
0
0
0
0
0
0
0
0
0
0
0
0
0
0
0
0
0
0
0
0
0
0
0
0
0
0
0
0
0
0
0
0
0
0
0
0
0
0
0
0
0
0
0
0
0
0
0
0
0
0
0
0
0
0
0
0
0
0
0
0
0
0
0
0
0
0
0
0
0
0
0
0
0
0
0
0
0
0
0
0
0
0
0
0
0
0
0
0
0
0
0
0
0
0
0
0
0
0
0
0
0
0
0
0
0
0
0
0
0
0
0
0
0
0
0
0
0
0
0
0
0
0
0
0
0
0
0
0
0
0
0
0
0
0
0
0
0
0
0
0
0
0
0
0
0
0
0
0
0
0
0
0
0
0
0
0
0
0
0
0
0
0
0
0
0
0
0
0
0
0
0
0
0
0
0
0
0
0
0
0
0
0
0
0
0
0
0
0
0
0
0
0
0
0
0
0
0
0
0
0
0
0
0
0
0
0
0
0
0
0
0
0
0
0
0
0
0
0
0
0
0
0
0
0
0
0
0
0
0
0
0
0
0
0
0
0
0
0
0
0
0
0
0
0
0
0
0
0
0
0
0
0
0
0
0
0
0
0
0
0
0
0
0
0
0
0
0
0
0
0
0
0
0
0
0
0
0
0
0
0
0
0
0
0
0
0
0
0
0
0
0
0
0
0
0
0
0
0
0
0
0
0
0
0
0
0
0
0
0
0
0
0
0
0
0
0
0
0
0
0
0
0
0
0
0
0
0
0
0
0
0
0
0
0
0
0
0
0
0
0
0
0
0
0
0
0
0
0
0
0
0
0
0
0
0
0
0
0
0
0
0
0
0
0
0
0
0
0
0
0
0
0
0
0
0
0
0
0
0
0
0
0
0
0
0
0
0
0
0
0
0
0
0
0
0
0
0
0
0
0
0
0
0
0
0
0
0
0
0
0
0
0
0
0
0
0
0
0
0
0
0
0
0
0
0
0
0
0
0
0
0
0
0
0
0
0
0
0
0
0
0
0
0
0
0
0
0
0
0
0
0
0
0
0
0
0
0
0
0
0
0
0
0
0
0
0
0
0
0
0
0
0
0
0
0
0
0
0
0
0
0
0
0
0
0
0
0
0
0
0
0
0
0
0
0
0
0
0
0
0
0
0
0
0
0
0
0
0
0
0
0
0
0
0
0
0
0
0
0
0
0
0
0
0
0
0
0
0
0
0
0
0
0
0
0
0
0
0
0
0
0
0
0
0
0
0
0
0
0
0
0
0
0
0
0
0
0
0
0
0
0
0
0
0
0
0
0
0
0
0
0
0
0
0
0
0
0
0
0
0
0
0
0
0
0
0
0
0
0
0
0
0
0
0
0
0
0
0
0
0
0
0
0
0
0
0
0
0
0
0
0
0
0
0
0
0
0
0
0
0
0
0
0
0
0
0
0
0
0
0
0
0
0
0
0
0
0
0
0
0
0
0
0
0
0
0
0
0
0
0
0
0
0
0
0
0
0
0
0
0
0
0
0
0
0
0
0
0
0
0
0
0
0
0
0
0
0
0
0
0
0
0
0
0
0
0
0
0
0
0
0
0
0
0
0
0
0
0
0
0
0
0
0
0
0
0
0
0
0
0
0
0
0
0
0
0
0
0
0
0
0
0
0
0
0
0
0
0
0
0
0
0
0
0
0
0
0
0
0
0
0
0
0
0
0
0
0
0
0
0
0
0
0
0
0
0
0
0
0
0
0
0
0
0
0
0
0
0
0
0
0
0
0
0
0
0
0
0
0
0
0
0
0
0
0
0
0
0
0
0
0
0
0
0
0
0
0
0
0
0
0
0
0
0
0
0
0
0
0
0
0
0
0
0
0
0
0
0
0
0
0
0
0
0
0
0
0
0
0
0
0
0
0
0
0
0
0
0
0
0
0
0
0
0
0
0
0
0
0
0
0
0
0
0
0
0
0
0
0
0
0
0
0
0
0
0
0
0
0
0
0
0
0
0
0
0
0
0
0
0
0
0
0
0
0
0
0
0
0
0
0
0
0
0
0
0
0
0
0
0
0
0
0
0
0
0
0
0
0
0
0
0
0
0
0
0
0
0
0
0
0
0
0
0
0
0
0
0
0
0
0
0
0
0
0
0
0
0
0
0
0
0
0
0
0
0
0
0
0
0
0
0
0
0
0
0
0
0
0
0
0
0
0
0
0
0
0
0
0
0
0
0
0
0
0
0
0
0
0
0
0
0
0
0
0
0
0
0
0
0
0
0
0
0
0
0
0
0
0
0
0
0
0
0
0
0
0
0
0
0
0
0
0
0
0
0
0
0
0
0
0
0
0
0
0
0
0
0
0
0
0
0
0
0
0
0
0
0
0
0
0
0
0
0
0
0
0
0
0
0
0
0
0
0
0
0
0
0
0
0
0
0
0
0
0
0
0
0
0
0
0
0
0
0
0
0
0
0
0
0
0
0
0
0
0
0
0
0
0
0
0
0
0
0
0
0
0
0
0
0
0
0
0
0
0
0
0
0
0
0
0
0
0
0
0
0
0
0
0
0
0
0
0
0
0
0
0
0
0
0
0
0
0
0
0
0
0
0
0
0
0
0
0
0
0
0
0
0
0
0
0
0
0
0
0
0
0
0
0
0
0
0
0
0
0
0
0
0
0
0
0
0
0
0
0
0
0
0
0
0
0
0
0
0
0
0
0
0
0
0
0
0
0
0
0
0
0
0
0
0
0
0
0
0
0
0
0
0
0
0
0
0
0
0
0
0
0
0
0
0
0
0
0
0
0
0
0
0
0
0
0
0
0
0
0
0
0
0
0
0
0
0
0
0
0
0
0
0
0
0
0
0
0
0
0
0
0
0
0
0
0
0
0
0
0
0
0
0
0
0
0
0
0
0
0
0
0
0
0
0
0
0
0
0
0
0
0
0
0
0
0
0
0
0
0
0
0
0
0
0
0
0
0
0
0
0
0
0
0
0
0
0
0
0
0
0
0
0
0
0
0
0
0
0
0
0
0
0
0
0
0
0
0
0
0
0
0
0
0
0
0
0
0
0
0
0
0
0
0
0
0
0
0
0
0
0
0
0
0
0
0
0
0
0
0
0
0
0
0
0
0
0
0
0
0
0
0
0
0
0
0
0
0
0
0
0
0
0
0
0
0
0
0
0
0
0
0
0
0
0
0
0
0
0
0
0
0
0
0
0
0
0
0
0
0
0
0
0
0
0
0
0
0
0
0
0
0
0
0
0
0
0
0
0
0
0
0
0
0
0
0
0
0
0
0
0
0
0
0
0
0
0
0
0
0
0
0
0
0
0
0
0
0
0
0
0
0
0
0
0
0
0
0
0
0
0
0
0
0
0
0
0
0
0
0
0
0
0
0
0
0
0
0
0
0
0
0
0
0
0
0
0
0
0
0
0
0
0
0
0
0
0
0
0
0
0
0
0
0
0
0
0
0
0
0
0
0
0
0
0
0
0
0
0
0
0
0
0
0
0
0
0
0
0
0
0
0
0
0
0
0
0
0
0
0
0
0
0
0
0
0
0
0
0
0
0
0
0
0
0
0
0
0
0
0
0
0
0
0
0
0
0
0
0
0
0
0
0
0
0
0
0
0
0
0
0
0
0
0
0
0
0
0
0
0
0
0
0
0
0
0
0
0
0
0
0
0
0
0
0
0
0
0
0
0
0
0
0
0
0
0
0
0
0
0
0
0
0
0
0
0
0
0
0
0
0
0
0
0
0
0
0
0
0
0
0
0
0
0
0
0
0
0
0
0
0
0
0
0
0
0
0
0
0
0
0
0
0
0
0
0
0
0
0
0
0
0
0
0
0
0
0
0
0
0
0
0
0
0
0
0
0
0
0
0
0
0
0
0
0
0
0
0
0
0
0
0
0
0
0
0
0
0
0
0
0
0
0
0
0
0
0
0
0
0
0
0
0
0
0
0
0
0
0
0
0
0
0
0
0
0
0
0
0
0
0
0
0
0
0
0
0
0
0
0
0
0
0
0
0
0
0
0
0
0
0
0
0
0
0
0
0
0
0
0
0
0
0
0
0
0
0
0
0
0
0
0
0
0
0
0
0
0
0
0
0
0
0
0
0
0
0
0
0
0
0
0
0
0
0
0
0
0
0
0
0
0
0
0
0
0
0
0
0
0
0
0
0
0
0
0
0
0
0
0
0
0
0
0
0
0
0
0
0
0
0
0
0
0
0
0
0
0
0
0
0
0
0
0
0
0
0
0
0
0
0
0
0
0
0
0
0
0
0
0
0
0
0
0
0
0
0
0
0
0
0
0
0
0
0
0
0
0
0
0
0
0
0
0
0
0
0
0
0
0
0
0
0
0
0
0
0
0
0
0
0
0
0
0
0
0
0
0
0
0
0
0
0
0
0
0
0
0
0
0
0
0
0
0
0
0
0
0
0
0
0
0
0
0
0
0
0
0
0
0
0
0
0
0
0
0
0
0
0
0
0
0
0
0
0
0
0
0
0
0
0
0
0
0
0
0
0
0
0
0
0
0
0
0
0
0
0
0
0
0
0
0
0
0
0
0
0
0
0
0
0
0
0
0
0
0
0
0
0
0
0
0
0
0
0
0
0
0
0
0
0
0
0
0
0
0
0
0
0
0
0
0
0
0
0
0
0
0
0
0
0
0
0
0
0
0
0
0
0
0
0
0
0
0
0
0
0
0
0
0
0
0
0
0
0
0
0
0
0
0
0
0
0
0
0
0
0
0
0
0
0
0
0
0
0
0
0
0
0
0
0
0
0
0
0
0
0
0
0
0
0
0
0
0
0
0
0
0
0
0
0
0
0
0
0
0
0
0
0
0
0
0
0
0
0
0
0
0
0
0
0
0
0
0
0
0
0
0
0
0
0
0
0
0
0
0
0
0
0
0
0
0
0
0
0
0
0
0
0
0
0
0
0
0
0
0
0
0
0
0
0
0
0
0
0
0
0
0
0
0
0
0
0
0
0
0
0
0
0
0
0
0
0
0
0
0
0
0
0
0
0
0
0
0
0
0
0
0
0
0
0
0
0
0
0
0
0
0
0
0
0
0
0
0
0
0
0
0
0
0
0
0
0
0
0
0
0
0
0
0
0
0
0
0
0
0
0
0
0
0
0
0
0
0
0
0
0
0
0
0
0
0
0
0
0
0
0
0
0
0
0
0
0
0
0
0
0
0
0
0
0
0
0
0
0
0
0
0
0
0
0
0
0
0
0
0
0
0
0
0
0
0
0
0
0
0
0
0
0
0
0
0
0
0
0
0
0
0
0
0
0
0
0
0
0
0
0
0
0
0
0
0
0
0
0
0
0
0
0
0
0
0
0
0
0
0
0
0
0
0
0
0
0
0
0
0
0
0
0
0
0
0
0
0
0
0
0
0
0
0
0
0
0
0
0
0
0
0
0
0
0
0
0
0
0
0
0
0
0
0
0
0
0
0
0
0
0
0
0
0
0
0
0
0
0
0
0
0
0
0
0
0
0
0
0
0
0
0
0
0
0
0
0
0
0
0
0
0
0
0
0
0
0
0
0
0
0
0
0
0
0
0
0
0
0
0
0
0
0
0
0
0
0
0
0
0
0
0
0
0
0
0
0
0
0
0
0
0
0
0
0
0
0
0
0
0
0
0
0
0
0
0
0
0
0
0
0
0
0
0
0
0
0
0
0
0
0
0
0
0
0
0
0
0
0
0
0
0
0
0
0
0
0
0
0
0
0
0
0
0
0
0
0
0
0
0
0
0
0
0
0
0
0
0
0
0
0
0
0
0
0
0
0
0
0
0
0
0
0
0
0
0
0
0
0
0
0
0
0
0
0
0
0
0
0
0
0
0
0
0
0
0
0
0
0
0
0
0
0
0
0
0
0
0
0
0
0
0
0
0
0
0
0
0
0
0
0
0
0
0
0
0
0
0
0
0
0
0
0
0
0
0
0
0
0
0
0
0
0
0
0
0
0
0
0
0
0
0
0
0
0
0
0
0
0
0
0
0
0
0
0
0
0
0
0
0
0
0
0
0
0
0
0
0
0
0
0
0
0
0
0
0
0
0
0
0
0
0
0
0
0
0
0
0
0
0
0
0
0
0
0
0
0
0
0
0
0
0
0
0
0
0
0
0
0
0
0
0
0
0
0
0
0
0
0
0
0
0
0
0
0
0
0
0
0
0
0
0
0
0
0
0
0
0
0
0
0
0
0
0
0
0
0
0
0
0
0
0
0
0
0
0
0
0
0
0
0
0
0
0
0
0
0
0
0
0
0
0
0
0
0
0
0
0
0
0
0
0
0
0
0
0
0
0
0
0
0
0
0
0
0
0
0
0
0
0
0
0
0
0
0
0
0
0
0
0
0
0
0
0
0
0
0
0
0
0
0
0
0
0
0
0
0
0
0
0
0
0
0
0
0
0
0
0
0
0
0
0
0
0
0
0
0
0
0
0
0
0
0
0
0
0
0
0
0
0
0
0
0
0
0
0
0
0
0
0
0
0
0
0
0
0
0
0
0
0
0
0
0
0
0
0
0
0
0
0
0
0
0
0
0
0
0
0
0
0
0
0
0
0
0
0
0
0
0
0
0
0
0
0
0
0
0
0
0
0
0
0
0
0
0
0
0
0
0
0
0
0
0
0
0
0
0
0
0
0
0
0
0
0
0
0
0
0
0
0
0
0
0
0
0
0
0
0
0
0
0
0
0
0
0
0
0
0
0
0
0
0
0
0
0
0
0
0
0
0
0
0
0
0
0
0
0
0
0
0
0
0
0
0
0
0
0
0
0
0
0
0
0
0
0
0
0
0
0
0
0
0
0
0
0
0
0
0
0
0
0
0
0
0
0
0
0
